{
"type": "FeatureCollection",
"name": "LIMITE_MACROREGION_AMAZONIA",
"crs": { "type": "name", "properties": { "name": "urn:ogc:def:crs:OGC:1.3:CRS84" } },
"features": [
{ "type": "Feature", "properties": { "id": "layer_macroregiones_actualizado_1w8p8.84", "macroregio": "AMAZONICA", "region": "Amazonica-Tahuamano", "sup_ha": 250331, "dep": "BENI", "prov": "General José Ballivían", "mun": "Puerto Menor de Rurrenabaque" }, "geometry": { "type": "MultiLineString", "coordinates": [ [ [ -67.28874462, -15.02857125 ], [ -67.2891721, -15.02784727 ], [ -67.29026228, -15.02711077 ], [ -67.29162235, -15.02697767 ], [ -67.29361403, -15.02711897 ], [ -67.29553924, -15.02761946 ], [ -67.29787805, -15.02854162 ], [ -67.29986666, -15.03036526 ], [ -67.30115721, -15.03227369 ], [ -67.30186014, -15.03426484 ], [ -67.30260926, -15.03672044 ], [ -67.30286251, -15.03832638 ], [ -67.30252965, -15.03957833 ], [ -67.30166211, -15.04039658 ], [ -67.30091123, -15.04115534 ], [ -67.30015805, -15.04179961 ], [ -67.30011294, -15.04248772 ], [ -67.30083941, -15.04344754 ], [ -67.30190784, -15.04382817 ], [ -67.30285731, -15.04415378 ], [ -67.30379873, -15.04407864 ], [ -67.30437517, -15.04343772 ], [ -67.30488695, -15.04251167 ], [ -67.30569787, -15.04180902 ], [ -67.3069177, -15.0409268 ], [ -67.30784527, -15.04016466 ], [ -67.3087763, -15.03957427 ], [ -67.30989211, -15.03938125 ], [ -67.31094785, -15.03913211 ], [ -67.31217455, -15.03859335 ], [ -67.31309864, -15.03765946 ], [ -67.3145032, -15.03717458 ], [ -67.3153256, -15.0370444 ], [ -67.31650721, -15.03719372 ], [ -67.31740236, -15.03774938 ], [ -67.31807689, -15.03905374 ], [ -67.31809651, -15.04002696 ], [ -67.31830787, -15.04174103 ], [ -67.31809879, -15.04306221 ], [ -67.3181265, -15.04443616 ], [ -67.31838407, -15.04551938 ], [ -67.31898703, -15.04619513 ], [ -67.31999427, -15.04646228 ], [ -67.32162525, -15.04551488 ], [ -67.32332204, -15.04393625 ], [ -67.3238909, -15.04292319 ], [ -67.32500263, -15.04204294 ], [ -67.32654267, -15.04048638 ], [ -67.32778622, -15.03884003 ], [ -67.32858182, -15.03787036 ], [ -67.32941247, -15.0376636 ], [ -67.33010743, -15.03803213 ], [ -67.33086305, -15.03897218 ], [ -67.33157249, -15.04005629 ], [ -67.33227711, -15.04090186 ], [ -67.333026, -15.04150796 ], [ -67.3334303, -15.04207292 ], [ -67.33359688, -15.04302422 ], [ -67.33381352, -15.04402228 ], [ -67.33421976, -15.04468265 ], [ -67.33495901, -15.04481169 ], [ -67.33558269, -15.0440839 ], [ -67.33580398, -15.04288657 ], [ -67.33587125, -15.04135812 ], [ -67.33618976, -15.04011121 ], [ -67.33661031, -15.03905325 ], [ -67.33772582, -15.03836378 ], [ -67.33933704, -15.03790344 ], [ -67.34046123, -15.03764331 ], [ -67.34149015, -15.03752817 ], [ -67.34241702, -15.03722409 ], [ -67.34319275, -15.036732 ], [ -67.34356998, -15.0359612 ], [ -67.34374601, -15.03495564 ], [ -67.34347446, -15.0336723 ], [ -67.34261098, -15.03225713 ], [ -67.3419025, -15.03122078 ], [ -67.3418822, -15.03021897 ], [ -67.34245867, -15.02958753 ], [ -67.34334125, -15.02952292 ], [ -67.34428259, -15.02993441 ], [ -67.34514026, -15.03106334 ], [ -67.34654274, -15.03242045 ], [ -67.34749668, -15.03345208 ], [ -67.34805309, -15.03425272 ], [ -67.34851617, -15.03529375 ], [ -67.34878195, -15.03629084 ], [ -67.34895052, -15.03733751 ], [ -67.34935968, -15.03814096 ], [ -67.35077838, -15.03787513 ], [ -67.35208338, -15.03684791 ], [ -67.35185021, -15.03503891 ], [ -67.35182404, -15.03375089 ], [ -67.352819, -15.03196606 ], [ -67.35410555, -15.03003245 ], [ -67.3545402, -15.02870696 ], [ -67.35473716, -15.02631704 ], [ -67.35455018, -15.02436399 ], [ -67.35446912, -15.0227907 ], [ -67.35478849, -15.0215915 ], [ -67.35595389, -15.02094874 ], [ -67.35718097, -15.0209252 ], [ -67.3583254, -15.02166679 ], [ -67.35898482, -15.02270403 ], [ -67.35901003, -15.02394433 ], [ -67.35903622, -15.02523233 ], [ -67.3595552, -15.02660632 ], [ -67.36002801, -15.02812436 ], [ -67.36009941, -15.0292206 ], [ -67.36017373, -15.03045996 ], [ -67.36039143, -15.03150567 ], [ -67.36070341, -15.03235868 ], [ -67.36145329, -15.03301238 ], [ -67.36233975, -15.0331385 ], [ -67.36277375, -15.03274838 ], [ -67.3629526, -15.03188593 ], [ -67.36434693, -15.03042745 ], [ -67.36574706, -15.02925518 ], [ -67.36759186, -15.02821751 ], [ -67.36969858, -15.02798606 ], [ -67.3715735, -15.02842717 ], [ -67.37225678, -15.02822312 ], [ -67.37344754, -15.02714075 ], [ -67.37410648, -15.02574412 ], [ -67.37471633, -15.02434843 ], [ -67.37548121, -15.02333153 ], [ -67.37615668, -15.02274585 ], [ -67.37667809, -15.02182909 ], [ -67.37704348, -15.02048584 ], [ -67.37720086, -15.01857394 ], [ -67.37711674, -15.01685758 ], [ -67.37714148, -15.01566407 ], [ -67.37815562, -15.01483325 ], [ -67.37967906, -15.01489932 ], [ -67.38057517, -15.01550241 ], [ -67.38118849, -15.01668361 ], [ -67.38117449, -15.01840185 ], [ -67.38154339, -15.01963549 ], [ -67.38263391, -15.02013938 ], [ -67.38401793, -15.02058986 ], [ -67.38504864, -15.02056996 ], [ -67.38606471, -15.01983451 ], [ -67.3864879, -15.01891964 ], [ -67.3868542, -15.01762409 ], [ -67.38639589, -15.01682169 ], [ -67.38592589, -15.01544685 ], [ -67.38566391, -15.01464065 ], [ -67.38583975, -15.01363512 ], [ -67.38636207, -15.01276605 ], [ -67.38753217, -15.01236168 ], [ -67.38860703, -15.01210231 ], [ -67.38962501, -15.01146226 ], [ -67.39034948, -15.01087561 ], [ -67.392297, -15.01007443 ], [ -67.39494039, -15.00968926 ], [ -67.39611142, -15.00933255 ], [ -67.39668668, -15.00865333 ], [ -67.39695866, -15.0075505 ], [ -67.39800956, -15.00468602 ], [ -67.39965882, -15.00131367 ], [ -67.40078679, -14.99885809 ], [ -67.40113247, -14.99656083 ], [ -67.40100305, -14.99503628 ], [ -67.40013849, -14.99357368 ], [ -67.39869972, -14.99283799 ], [ -67.39717452, -14.99267661 ], [ -67.39554922, -14.99242171 ], [ -67.39416929, -14.99216206 ], [ -67.39316439, -14.99103617 ], [ -67.39303602, -14.98955931 ], [ -67.39379681, -14.9883516 ], [ -67.39491477, -14.98780507 ], [ -67.39672852, -14.98767458 ], [ -67.39815456, -14.98779017 ], [ -67.39973271, -14.98814141 ], [ -67.40112921, -14.98921196 ], [ -67.40194076, -14.9904847 ], [ -67.40265515, -14.99180704 ], [ -67.40282779, -14.99304443 ], [ -67.40328998, -14.9940376 ], [ -67.40457666, -14.9945376 ], [ -67.40566118, -14.99475519 ], [ -67.40658381, -14.99426011 ], [ -67.40715899, -14.99358088 ], [ -67.40802666, -14.99280054 ], [ -67.40904936, -14.99239896 ], [ -67.4105245, -14.99251351 ], [ -67.41181117, -14.99301347 ], [ -67.41265032, -14.99323578 ], [ -67.41362492, -14.99288283 ], [ -67.41472714, -14.99157301 ], [ -67.41558496, -14.99031565 ], [ -67.41639664, -14.98920234 ], [ -67.41652327, -14.98819777 ], [ -67.41660377, -14.98733726 ], [ -67.41579314, -14.98611229 ], [ -67.41474795, -14.98541678 ], [ -67.41334555, -14.98406012 ], [ -67.41268942, -14.98318526 ], [ -67.41159028, -14.98225218 ], [ -67.41097893, -14.98116648 ], [ -67.41071303, -14.98016952 ], [ -67.41053842, -14.97883675 ], [ -67.41071122, -14.97768813 ], [ -67.41044338, -14.97659576 ], [ -67.41002442, -14.97531544 ], [ -67.4091658, -14.97413908 ], [ -67.40812264, -14.97353892 ], [ -67.40722572, -14.97288821 ], [ -67.40661442, -14.97180248 ], [ -67.40702184, -14.97012439 ], [ -67.40793167, -14.96900922 ], [ -67.40904753, -14.96836726 ], [ -67.41041947, -14.96824526 ], [ -67.41160198, -14.96846095 ], [ -67.41293854, -14.96900769 ], [ -67.41422995, -14.96974617 ], [ -67.41646639, -14.97108667 ], [ -67.41740357, -14.97130709 ], [ -67.41838493, -14.97128805 ], [ -67.41920929, -14.97079486 ], [ -67.41947528, -14.96940584 ], [ -67.41984235, -14.96815801 ], [ -67.42031049, -14.96705138 ], [ -67.42071878, -14.965421 ], [ -67.42069331, -14.96418079 ], [ -67.41997897, -14.96285852 ], [ -67.41878377, -14.96202275 ], [ -67.41739525, -14.96133389 ], [ -67.41669169, -14.9605363 ], [ -67.41676126, -14.95914154 ], [ -67.41742371, -14.95793571 ], [ -67.41823041, -14.95658393 ], [ -67.41815787, -14.95544007 ], [ -67.41779388, -14.95444502 ], [ -67.41689312, -14.95360353 ], [ -67.41604828, -14.95309498 ], [ -67.41545756, -14.95301099 ], [ -67.41472649, -14.95326375 ], [ -67.41413381, -14.95308435 ], [ -67.41328409, -14.95233728 ], [ -67.41277391, -14.95139277 ], [ -67.41265722, -14.95048835 ], [ -67.41317934, -14.94961929 ], [ -67.41395556, -14.94917479 ], [ -67.41517822, -14.94896023 ], [ -67.41625174, -14.94865312 ], [ -67.41712412, -14.94811131 ], [ -67.41804262, -14.94742544 ], [ -67.41886885, -14.94702768 ], [ -67.41969802, -14.94677301 ], [ -67.42062531, -14.94651644 ], [ -67.42150157, -14.94616542 ], [ -67.42242396, -14.94567034 ], [ -67.42294309, -14.94465817 ], [ -67.42261741, -14.94313747 ], [ -67.42156462, -14.94206034 ], [ -67.42071103, -14.9411225 ], [ -67.42049366, -14.94009597 ], [ -67.42056343, -14.93871076 ], [ -67.4213083, -14.93673984 ], [ -67.42222088, -14.93576777 ], [ -67.42254473, -14.93480711 ], [ -67.42242608, -14.9338073 ], [ -67.42166771, -14.93272446 ], [ -67.42057473, -14.93207756 ], [ -67.41909808, -14.93186756 ], [ -67.41805808, -14.9314105 ], [ -67.41755968, -14.93103839 ], [ -67.41756062, -14.93013057 ], [ -67.41742055, -14.92903687 ], [ -67.41798972, -14.92807146 ], [ -67.41895819, -14.92743236 ], [ -67.41974409, -14.92746487 ], [ -67.4207184, -14.92711197 ], [ -67.42154066, -14.92652341 ], [ -67.42170659, -14.9250409 ], [ -67.42192355, -14.92365284 ], [ -67.42205118, -14.92269599 ], [ -67.42262911, -14.92215988 ], [ -67.42350919, -14.92199968 ], [ -67.42425774, -14.92260553 ], [ -67.42456967, -14.92345843 ], [ -67.42424289, -14.92427599 ], [ -67.42421884, -14.92555878 ], [ -67.4243379, -14.92651694 ], [ -67.42498249, -14.92683848 ], [ -67.42625798, -14.92681376 ], [ -67.42698405, -14.92632249 ], [ -67.4277111, -14.92587892 ], [ -67.42837539, -14.9247685 ], [ -67.4286482, -14.9237134 ], [ -67.42858242, -14.92256239 ], [ -67.42851019, -14.92220345 ], [ -67.4277089, -14.92096811 ], [ -67.42629775, -14.91942313 ], [ -67.42587189, -14.91846364 ], [ -67.42534919, -14.91729305 ], [ -67.42516276, -14.91587606 ], [ -67.42513035, -14.91492311 ], [ -67.42500099, -14.91377435 ], [ -67.42487079, -14.91274037 ], [ -67.4243657, -14.91185686 ], [ -67.42360444, -14.91102898 ], [ -67.42262581, -14.91033352 ], [ -67.42113429, -14.90982583 ], [ -67.41971757, -14.90985432 ], [ -67.41834103, -14.90976829 ], [ -67.41706397, -14.90952989 ], [ -67.41626117, -14.9090078 ], [ -67.41567603, -14.90831503 ], [ -67.4155449, -14.90741496 ], [ -67.4157083, -14.90659346 ], [ -67.41604847, -14.90581144 ], [ -67.4166833, -14.90508885 ], [ -67.41741481, -14.90459649 ], [ -67.41809646, -14.90446729 ], [ -67.41880438, -14.90451044 ], [ -67.41945217, -14.90470622 ], [ -67.4200203, -14.90503537 ], [ -67.42070576, -14.90546098 ], [ -67.42145276, -14.90554266 ], [ -67.42206372, -14.90539382 ], [ -67.42249805, -14.90518637 ], [ -67.42295511, -14.90455819 ], [ -67.42333334, -14.9039486 ], [ -67.42377254, -14.90307159 ], [ -67.42408746, -14.9020378 ], [ -67.42423254, -14.90102485 ], [ -67.42416178, -14.89993389 ], [ -67.4239716, -14.89903342 ], [ -67.42419286, -14.89836535 ], [ -67.42456983, -14.89792792 ], [ -67.42539869, -14.89757013 ], [ -67.42626633, -14.89728912 ], [ -67.42701399, -14.89727513 ], [ -67.42779892, -14.89754835 ], [ -67.42820898, -14.89797205 ], [ -67.42877696, -14.89832031 ], [ -67.42938638, -14.89838188 ], [ -67.43001754, -14.89815663 ], [ -67.43057223, -14.89762476 ], [ -67.43093021, -14.89709154 ], [ -67.43122985, -14.89646226 ], [ -67.43135926, -14.8958157 ], [ -67.43149064, -14.89465079 ], [ -67.43149519, -14.89402307 ], [ -67.43113262, -14.89315371 ], [ -67.43079993, -14.89240412 ], [ -67.43046767, -14.89159475 ], [ -67.43029061, -14.89057719 ], [ -67.43023606, -14.88962025 ], [ -67.43008269, -14.8887284 ], [ -67.42987143, -14.88818889 ], [ -67.42950758, -14.88749887 ], [ -67.42938853, -14.88695999 ], [ -67.42945455, -14.8863327 ], [ -67.42955325, -14.8854366 ], [ -67.4294381, -14.88435968 ], [ -67.42929027, -14.88355157 ], [ -67.42892556, -14.88298111 ], [ -67.42825264, -14.88252812 ], [ -67.42757768, -14.88235609 ], [ -67.42668724, -14.88223041 ], [ -67.42561064, -14.88234259 ], [ -67.42441328, -14.88215502 ], [ -67.42331182, -14.88145992 ], [ -67.42248611, -14.88088628 ], [ -67.42175435, -14.88007415 ], [ -67.42129985, -14.87917425 ], [ -67.42106094, -14.87821605 ], [ -67.42066748, -14.87737635 ], [ -67.4201208, -14.87647582 ], [ -67.41948017, -14.87581377 ], [ -67.41874756, -14.8751212 ], [ -67.41807512, -14.87460839 ], [ -67.41724814, -14.87421409 ], [ -67.41645147, -14.87387977 ], [ -67.415718, -14.87330675 ], [ -67.4151077, -14.87270469 ], [ -67.4146247, -14.87150566 ], [ -67.41437326, -14.87058324 ], [ -67.41422811, -14.86941643 ], [ -67.41401909, -14.868578 ], [ -67.41347049, -14.86794647 ], [ -67.41276975, -14.86710464 ], [ -67.41194391, -14.86656087 ], [ -67.41087133, -14.86613495 ], [ -67.40933755, -14.86573573 ], [ -67.40807796, -14.86566721 ], [ -67.40638615, -14.86586472 ], [ -67.40496982, -14.86621359 ], [ -67.40395082, -14.86686414 ], [ -67.4028721, -14.86727512 ], [ -67.40195057, -14.86720892 ], [ -67.40124592, -14.8669051 ], [ -67.40085014, -14.86639417 ], [ -67.40033267, -14.865715 ], [ -67.40012305, -14.86496624 ], [ -67.4003125, -14.86428004 ], [ -67.40059371, -14.86365426 ], [ -67.40108961, -14.86308976 ], [ -67.40192355, -14.86252761 ], [ -67.40272565, -14.8621147 ], [ -67.40398895, -14.86167511 ], [ -67.40540437, -14.8614458 ], [ -67.40672386, -14.86172399 ], [ -67.40841258, -14.86194495 ], [ -67.40958214, -14.86171392 ], [ -67.40995574, -14.86105887 ], [ -67.4097755, -14.86048967 ], [ -67.40928642, -14.86012757 ], [ -67.40845965, -14.85971531 ], [ -67.40748193, -14.85893133 ], [ -67.40665767, -14.85817831 ], [ -67.4058964, -14.85721647 ], [ -67.40556472, -14.85634729 ], [ -67.40492617, -14.8554162 ], [ -67.40416668, -14.85421523 ], [ -67.40368223, -14.85322542 ], [ -67.40347853, -14.8516696 ], [ -67.40345615, -14.85053354 ], [ -67.40367749, -14.84968614 ], [ -67.40393123, -14.84861178 ], [ -67.40433664, -14.8478075 ], [ -67.40514176, -14.84697611 ], [ -67.40588409, -14.84632363 ], [ -67.40683956, -14.84594165 ], [ -67.40788633, -14.84567988 ], [ -67.40905602, -14.84541894 ], [ -67.40979441, -14.84530448 ], [ -67.4105341, -14.84501068 ], [ -67.41094035, -14.84408682 ], [ -67.41094538, -14.84339933 ], [ -67.41076668, -14.84262089 ], [ -67.41034215, -14.84184076 ], [ -67.40988668, -14.8410903 ], [ -67.40933574, -14.84078756 ], [ -67.40856752, -14.84078225 ], [ -67.40770471, -14.84110509 ], [ -67.40705568, -14.84160876 ], [ -67.40655832, -14.84238251 ], [ -67.4062438, -14.84336678 ], [ -67.40590096, -14.84402204 ], [ -67.40522207, -14.84440593 ], [ -67.40442333, -14.84437049 ], [ -67.40378042, -14.84403721 ], [ -67.40310855, -14.84346459 ], [ -67.40271565, -14.84256509 ], [ -67.40269327, -14.84142903 ], [ -67.40288444, -14.8405037 ], [ -67.40313444, -14.83993748 ], [ -67.40369085, -14.83949296 ], [ -67.40455585, -14.83887123 ], [ -67.40544983, -14.83848883 ], [ -67.40683655, -14.83796038 ], [ -67.40831545, -14.83743256 ], [ -67.40936284, -14.83708109 ], [ -67.40985777, -14.83663613 ], [ -67.40992469, -14.83588928 ], [ -67.40976391, -14.83518271 ], [ -67.40936882, -14.83458213 ], [ -67.40891161, -14.8340708 ], [ -67.40841996, -14.8340674 ], [ -67.4074358, -14.83418015 ], [ -67.40675847, -14.83435482 ], [ -67.40561934, -14.83464585 ], [ -67.40488034, -14.83484997 ], [ -67.40398594, -14.83529215 ], [ -67.40278228, -14.83600121 ], [ -67.4016111, -14.83647135 ], [ -67.40038132, -14.83655247 ], [ -67.39955474, -14.83612823 ], [ -67.39891296, -14.83564549 ], [ -67.39848673, -14.83510446 ], [ -67.39827824, -14.83420624 ], [ -67.39834673, -14.83325016 ], [ -67.39859827, -14.83247472 ], [ -67.39903325, -14.83182609 ], [ -67.39986992, -14.83087536 ], [ -67.40082466, -14.83058308 ], [ -67.40214726, -14.83041291 ], [ -67.40349641, -14.83081088 ], [ -67.40518663, -14.83079271 ], [ -67.40635428, -14.83080081 ], [ -67.40749425, -14.83039021 ], [ -67.40839125, -14.82958932 ], [ -67.4084294, -14.82857324 ], [ -67.40822, -14.82779459 ], [ -67.4076715, -14.82716306 ], [ -67.40678392, -14.82667863 ], [ -67.40552499, -14.82655034 ], [ -67.40408149, -14.82645066 ], [ -67.40316232, -14.82608557 ], [ -67.40193457, -14.8258977 ], [ -67.40092103, -14.82583087 ], [ -67.39953657, -14.82606039 ], [ -67.39861323, -14.82626321 ], [ -67.39756676, -14.82649506 ], [ -67.39655234, -14.82654778 ], [ -67.39577422, -14.8262255 ], [ -67.39510528, -14.82526428 ], [ -67.39452853, -14.82430371 ], [ -67.39425927, -14.82331539 ], [ -67.3940835, -14.82214836 ], [ -67.39378572, -14.82086092 ], [ -67.39305337, -14.82016829 ], [ -67.39219658, -14.81968403 ], [ -67.39106128, -14.81946685 ], [ -67.38995383, -14.81963846 ], [ -67.38905925, -14.82011048 ], [ -67.38798186, -14.82037197 ], [ -67.38718455, -14.82015714 ], [ -67.38669692, -14.81961566 ], [ -67.38642659, -14.81877679 ], [ -67.38655591, -14.81791082 ], [ -67.38705393, -14.81704744 ], [ -67.38779487, -14.81657435 ], [ -67.38874956, -14.81628211 ], [ -67.38985412, -14.81649908 ], [ -67.39151262, -14.81660035 ], [ -67.39323191, -14.81679171 ], [ -67.39519591, -14.81713422 ], [ -67.39678879, -14.81780295 ], [ -67.39795657, -14.81778119 ], [ -67.39900519, -14.81725042 ], [ -67.39950295, -14.8164169 ], [ -67.39972702, -14.81519287 ], [ -67.39952556, -14.81333815 ], [ -67.39909313, -14.81197205 ], [ -67.39870227, -14.81080353 ], [ -67.39830966, -14.80987414 ], [ -67.39770286, -14.80882369 ], [ -67.39740375, -14.80771559 ], [ -67.39747355, -14.80658017 ], [ -67.39720538, -14.8054424 ], [ -67.39675441, -14.80409411 ], [ -67.39605502, -14.8031028 ], [ -67.39553603, -14.8026508 ], [ -67.39458844, -14.80198657 ], [ -67.39419366, -14.80135608 ], [ -67.39398586, -14.80036819 ], [ -67.39408617, -14.79926287 ], [ -67.3940293, -14.79864071 ], [ -67.39372714, -14.79795109 ], [ -67.39321102, -14.79711051 ], [ -67.39257487, -14.79588049 ], [ -67.39258126, -14.79501366 ], [ -67.39298769, -14.79405994 ], [ -67.39357559, -14.79349608 ], [ -67.39440794, -14.79311328 ], [ -67.39560873, -14.79276293 ], [ -67.39659183, -14.79276977 ], [ -67.39732653, -14.79313358 ], [ -67.3982427, -14.79388726 ], [ -67.39949507, -14.7948824 ], [ -67.40016746, -14.79536535 ], [ -67.4013946, -14.795613 ], [ -67.40290153, -14.7954142 ], [ -67.40413414, -14.79491456 ], [ -67.40459978, -14.79426015 ], [ -67.4051308, -14.79306813 ], [ -67.40529424, -14.7917241 ], [ -67.40563442, -14.79057858 ], [ -67.40561155, -14.78950229 ], [ -67.40543596, -14.78830538 ], [ -67.40519652, -14.78743684 ], [ -67.40501482, -14.78662597 ], [ -67.40527346, -14.78531501 ], [ -67.40546411, -14.78444945 ], [ -67.40590053, -14.78358558 ], [ -67.40609227, -14.78257056 ], [ -67.40610047, -14.78144666 ], [ -67.40650703, -14.78046302 ], [ -67.40743366, -14.77978189 ], [ -67.4085117, -14.77940072 ], [ -67.40940237, -14.77943676 ], [ -67.41029042, -14.77983148 ], [ -67.4112358, -14.78079455 ], [ -67.41172298, -14.78139576 ], [ -67.41258011, -14.78182015 ], [ -67.41340914, -14.78188564 ], [ -67.41402615, -14.78153117 ], [ -67.41439866, -14.78100164 ], [ -67.41489583, -14.78022785 ], [ -67.41530148, -14.77936375 ], [ -67.41601585, -14.77829252 ], [ -67.41636136, -14.77724865 ], [ -67.41640312, -14.77572441 ], [ -67.416224, -14.77500576 ], [ -67.41573704, -14.77437467 ], [ -67.41491238, -14.77371138 ], [ -67.41365635, -14.77322447 ], [ -67.41255371, -14.7727685 ], [ -67.41194453, -14.77204689 ], [ -67.41158263, -14.77111773 ], [ -67.41152977, -14.76992496 ], [ -67.41181326, -14.76897303 ], [ -67.412464, -14.76820029 ], [ -67.41320732, -14.76736841 ], [ -67.41349354, -14.76602521 ], [ -67.413873, -14.76453318 ], [ -67.41397578, -14.76306915 ], [ -67.4143496, -14.7623543 ], [ -67.41499792, -14.76191035 ], [ -67.41595169, -14.76170765 ], [ -67.4168092, -14.76207224 ], [ -67.41717478, -14.76249324 ], [ -67.41750641, -14.7633624 ], [ -67.41774437, -14.76444017 ], [ -67.41792262, -14.76527838 ], [ -67.41859454, -14.76582105 ], [ -67.41923811, -14.76603471 ], [ -67.41994572, -14.76589008 ], [ -67.42074807, -14.76538739 ], [ -67.4218299, -14.76446812 ], [ -67.42272461, -14.76393616 ], [ -67.42355853, -14.7633141 ], [ -67.42424165, -14.76230241 ], [ -67.42455658, -14.76122842 ], [ -67.42435189, -14.75979217 ], [ -67.42383593, -14.75892176 ], [ -67.42332063, -14.75796168 ], [ -67.42253408, -14.75627634 ], [ -67.42135099, -14.75420566 ], [ -67.42016986, -14.75186596 ], [ -67.41901019, -14.75081178 ], [ -67.41769867, -14.74951742 ], [ -67.41638653, -14.74831273 ], [ -67.41574949, -14.74720234 ], [ -67.41569628, -14.74606605 ], [ -67.41638132, -14.74478536 ], [ -67.41755499, -14.74389661 ], [ -67.41875483, -14.74363579 ], [ -67.41970463, -14.7439711 ], [ -67.42101721, -14.74511599 ], [ -67.42162247, -14.74637561 ], [ -67.4222271, -14.74772491 ], [ -67.42292818, -14.74847702 ], [ -67.42387866, -14.74872264 ], [ -67.42467771, -14.7486683 ], [ -67.42569177, -14.74861542 ], [ -67.42678179, -14.74825217 ], [ -67.42764506, -14.74780965 ], [ -67.42817217, -14.7471257 ], [ -67.42854633, -14.74635103 ], [ -67.42867692, -14.74527577 ], [ -67.42840563, -14.7445565 ], [ -67.42761453, -14.74350487 ], [ -67.42636228, -14.74250989 ], [ -67.4257512, -14.74205734 ], [ -67.42523592, -14.74109727 ], [ -67.42487808, -14.73960019 ], [ -67.42497689, -14.73867418 ], [ -67.42554006, -14.73724316 ], [ -67.42619086, -14.73644048 ], [ -67.42702552, -14.73569884 ], [ -67.42834838, -14.7354089 ], [ -67.42945367, -14.73547619 ], [ -67.43117132, -14.73581666 ], [ -67.43254898, -14.73645375 ], [ -67.43389529, -14.7371803 ], [ -67.43489117, -14.7370854 ], [ -67.43593867, -14.73664409 ], [ -67.43701838, -14.73599374 ], [ -67.43773099, -14.73513165 ], [ -67.43814008, -14.73375934 ], [ -67.43888424, -14.73277789 ], [ -67.43956272, -14.73239385 ], [ -67.44070106, -14.73213249 ], [ -67.44153246, -14.73183916 ], [ -67.44199636, -14.73139389 ], [ -67.44193939, -14.73076575 ], [ -67.44166615, -14.73031551 ], [ -67.44124232, -14.72944576 ], [ -67.44115911, -14.72818969 ], [ -67.44147325, -14.72720534 ], [ -67.44200218, -14.72625232 ], [ -67.44289923, -14.72536156 ], [ -67.44398182, -14.72429269 ], [ -67.44543423, -14.72304693 ], [ -67.44685401, -14.72206999 ], [ -67.44817825, -14.72157068 ], [ -67.4492856, -14.72133895 ], [ -67.45023896, -14.72116597 ], [ -67.45128846, -14.72060024 ], [ -67.45264488, -14.71989187 ], [ -67.45412624, -14.71888539 ], [ -67.45579186, -14.71788013 ], [ -67.45684239, -14.71699033 ], [ -67.46055008, -14.71384631 ], [ -67.46147813, -14.71289589 ], [ -67.46253196, -14.71152779 ], [ -67.46414402, -14.70938615 ], [ -67.46488903, -14.70825514 ], [ -67.4665221, -14.70576373 ], [ -67.46698374, -14.70501167 ], [ -67.46725751, -14.70460989 ], [ -67.46750295, -14.70418188 ], [ -67.46767681, -14.70379245 ], [ -67.46838476, -14.70248218 ], [ -67.46897772, -14.70130136 ], [ -67.4693525, -14.70073098 ], [ -67.46961128, -14.70043325 ], [ -67.46985543, -14.70018749 ], [ -67.47019283, -14.69994882 ], [ -67.47066471, -14.69976966 ], [ -67.47107882, -14.69969428 ], [ -67.4715209, -14.69969719 ], [ -67.47209098, -14.69975303 ], [ -67.47333203, -14.69970912 ], [ -67.47480127, -14.69966671 ], [ -67.47628612, -14.6994291 ], [ -67.47727309, -14.69900595 ], [ -67.47826133, -14.69840052 ], [ -67.47903447, -14.69796294 ], [ -67.47946455, -14.69764028 ], [ -67.47963758, -14.69736801 ], [ -67.47978333, -14.69691328 ], [ -67.4798298, -14.6963798 ], [ -67.47964973, -14.69561048 ], [ -67.47935494, -14.69493155 ], [ -67.4764917, -14.69031356 ], [ -67.47503589, -14.68830302 ], [ -67.47496729, -14.68791199 ], [ -67.47496855, -14.68772972 ], [ -67.47498453, -14.68748247 ], [ -67.47510042, -14.68722284 ], [ -67.47528742, -14.68698973 ], [ -67.4754599, -14.68679557 ], [ -67.47573228, -14.68658905 ], [ -67.47600422, -14.68644762 ], [ -67.4763043, -14.68635845 ], [ -67.47668996, -14.68626985 ], [ -67.47708932, -14.68625945 ], [ -67.47748879, -14.68623603 ], [ -67.47868582, -14.68636105 ], [ -67.48013863, -14.68661794 ], [ -67.4815189, -14.68705661 ], [ -67.48268553, -14.68745481 ], [ -67.48432367, -14.68812921 ], [ -67.48503417, -14.68849838 ], [ -67.48554601, -14.68872305 ], [ -67.4861019, -14.68876574 ], [ -67.48657258, -14.68875578 ], [ -67.48710101, -14.68864206 ], [ -67.48757258, -14.68850192 ], [ -67.48803025, -14.68830961 ], [ -67.48924586, -14.68780977 ], [ -67.49097536, -14.68723515 ], [ -67.49251877, -14.68676345 ], [ -67.49282987, -14.68673072 ], [ -67.49321805, -14.68668988 ], [ -67.49401342, -14.68659151 ], [ -67.49471226, -14.68658302 ], [ -67.49503988, -14.68663722 ], [ -67.49541021, -14.68670472 ], [ -67.49572375, -14.68673279 ], [ -67.49609478, -14.68669614 ], [ -67.49645182, -14.68662033 ], [ -67.49720974, -14.68631277 ], [ -67.49748282, -14.68600208 ], [ -67.49780002, -14.68549638 ], [ -67.49795945, -14.68511985 ], [ -67.49810543, -14.68462605 ], [ -67.49813679, -14.68420964 ], [ -67.49799694, -14.68380513 ], [ -67.49785568, -14.68360892 ], [ -67.49745812, -14.68333992 ], [ -67.49661874, -14.68304806 ], [ -67.49506779, -14.68254329 ], [ -67.49292186, -14.68146177 ], [ -67.4910458, -14.68053824 ], [ -67.49027926, -14.6800255 ], [ -67.4896694, -14.67953983 ], [ -67.4895154, -14.67912221 ], [ -67.48960337, -14.67858286 ], [ -67.48986343, -14.67808981 ], [ -67.49028017, -14.67762383 ], [ -67.49127033, -14.6767189 ], [ -67.4922169, -14.67593087 ], [ -67.49286205, -14.6754273 ], [ -67.49327717, -14.67519564 ], [ -67.49354917, -14.67504117 ], [ -67.49389282, -14.67483509 ], [ -67.49430777, -14.67462947 ], [ -67.4946655, -14.67444952 ], [ -67.49523802, -14.67414076 ], [ -67.4965258, -14.67349813 ], [ -67.49802721, -14.67289593 ], [ -67.49894149, -14.67265447 ], [ -67.49955633, -14.67241107 ], [ -67.50114984, -14.67170082 ], [ -67.50153538, -14.67162519 ], [ -67.50183535, -14.671549 ], [ -67.50212071, -14.6715248 ], [ -67.50236329, -14.67150033 ], [ -67.50263493, -14.67139793 ], [ -67.50286396, -14.67126921 ], [ -67.50317926, -14.67103688 ], [ -67.50333752, -14.6708296 ], [ -67.50352449, -14.67059645 ], [ -67.50379939, -14.67001235 ], [ -67.50404427, -14.66964938 ], [ -67.50453314, -14.66905363 ], [ -67.50540869, -14.668213 ], [ -67.50698814, -14.66660873 ], [ -67.50916977, -14.66423234 ], [ -67.51070645, -14.66261475 ], [ -67.51237953, -14.66033078 ], [ -67.51309231, -14.65930029 ], [ -67.51395654, -14.65779301 ], [ -67.51422201, -14.65648624 ], [ -67.51406105, -14.65498146 ], [ -67.51347313, -14.65335679 ], [ -67.51266884, -14.65210177 ], [ -67.51152409, -14.6505907 ], [ -67.51052701, -14.64950171 ], [ -67.50974097, -14.64871551 ], [ -67.50933832, -14.64816612 ], [ -67.50921647, -14.6472084 ], [ -67.50927114, -14.64685088 ], [ -67.50935073, -14.64633045 ], [ -67.50984855, -14.64545482 ], [ -67.5103873, -14.64485286 ], [ -67.51137502, -14.6442733 ], [ -67.5121906, -14.64384887 ], [ -67.51276961, -14.64361823 ], [ -67.51332696, -14.64342649 ], [ -67.51371258, -14.64333131 ], [ -67.51409766, -14.64331424 ], [ -67.51461119, -14.64327846 ], [ -67.51538044, -14.64338101 ], [ -67.51663935, -14.64381868 ], [ -67.51808771, -14.64470673 ], [ -67.51934308, -14.64567165 ], [ -67.52013908, -14.64673158 ], [ -67.52083724, -14.64786872 ], [ -67.52140657, -14.64908316 ], [ -67.5218708, -14.65002352 ], [ -67.52201436, -14.65094231 ], [ -67.52209493, -14.65168494 ], [ -67.52219951, -14.65203713 ], [ -67.52240698, -14.65299538 ], [ -67.52263896, -14.65348509 ], [ -67.52291517, -14.65376025 ], [ -67.52336182, -14.65413415 ], [ -67.5236598, -14.65435086 ], [ -67.52400148, -14.65443114 ], [ -67.52438632, -14.65445312 ], [ -67.52487836, -14.65443671 ], [ -67.5253708, -14.65436171 ], [ -67.52575616, -14.65430557 ], [ -67.52620595, -14.65421077 ], [ -67.5265488, -14.6541153 ], [ -67.52702063, -14.65392299 ], [ -67.52747133, -14.65369149 ], [ -67.52779344, -14.65349824 ], [ -67.52831208, -14.65270081 ], [ -67.52878951, -14.65166877 ], [ -67.52918515, -14.65006987 ], [ -67.52936497, -14.64876253 ], [ -67.52931162, -14.64714126 ], [ -67.52901989, -14.64598718 ], [ -67.52840554, -14.64510448 ], [ -67.52766131, -14.6444553 ], [ -67.52680911, -14.64396168 ], [ -67.52572009, -14.64370089 ], [ -67.52488707, -14.64353938 ], [ -67.52355942, -14.64378485 ], [ -67.52265949, -14.64403302 ], [ -67.52156898, -14.64415018 ], [ -67.52067245, -14.6438906 ], [ -67.52026886, -14.64347791 ], [ -67.51999503, -14.64285123 ], [ -67.51980805, -14.64202981 ], [ -67.51998477, -14.64119118 ], [ -67.5202452, -14.64062648 ], [ -67.52056927, -14.64014031 ], [ -67.520828, -14.63982948 ], [ -67.52130084, -14.63948096 ], [ -67.52158043, -14.63924838 ], [ -67.5221379, -14.63903709 ], [ -67.52290936, -14.63880764 ], [ -67.5235731, -14.63869467 ], [ -67.52430114, -14.63856258 ], [ -67.52507181, -14.63845029 ], [ -67.52678243, -14.63850017 ], [ -67.52783164, -14.63831152 ], [ -67.52877509, -14.63794642 ], [ -67.52905441, -14.63775289 ], [ -67.52927034, -14.63744179 ], [ -67.52940048, -14.63716919 ], [ -67.52959686, -14.63658456 ], [ -67.52975241, -14.63570672 ], [ -67.52956831, -14.63353603 ], [ -67.52942486, -14.63259771 ], [ -67.52855782, -14.63112753 ], [ -67.52747602, -14.6297927 ], [ -67.52632917, -14.62859415 ], [ -67.52594725, -14.62814256 ], [ -67.52571462, -14.6277505 ], [ -67.52565281, -14.62739858 ], [ -67.52565529, -14.62702754 ], [ -67.52565802, -14.62661744 ], [ -67.52566141, -14.6261097 ], [ -67.52579272, -14.62566135 ], [ -67.52596666, -14.6252328 ], [ -67.52616316, -14.62462864 ], [ -67.52625248, -14.62406284 ], [ -67.52627724, -14.62355524 ], [ -67.52628805, -14.62193437 ], [ -67.52601678, -14.61753454 ], [ -67.52605483, -14.61503501 ], [ -67.5270782, -14.61228783 ], [ -67.52804981, -14.61088785 ], [ -67.52895634, -14.60962415 ], [ -67.53142142, -14.60765942 ], [ -67.53344306, -14.60591449 ], [ -67.53484096, -14.60471243 ], [ -67.53574563, -14.60372211 ], [ -67.53675261, -14.60221245 ], [ -67.5371949, -14.6008091 ], [ -67.53741024, -14.5994636 ], [ -67.53842672, -14.59622727 ], [ -67.53762744, -14.59309377 ], [ -67.54140547, -14.59365928 ], [ -67.54327434, -14.5930503 ], [ -67.54449319, -14.59228221 ], [ -67.54608534, -14.59095817 ], [ -67.54820494, -14.58980508 ], [ -67.55029467, -14.58850468 ], [ -67.55240677, -14.58829168 ], [ -67.55344446, -14.58894909 ], [ -67.55358878, -14.58904053 ], [ -67.55526298, -14.58995351 ], [ -67.55674642, -14.59175665 ], [ -67.55830507, -14.59321478 ], [ -67.56028458, -14.59512269 ], [ -67.56235211, -14.5955975 ], [ -67.56610383, -14.59506597 ], [ -67.56890812, -14.59420944 ], [ -67.57153727, -14.59341358 ], [ -67.57499978, -14.59311661 ], [ -67.5772424, -14.59353059 ], [ -67.58040868, -14.59312485 ], [ -67.58363726, -14.5928896 ], [ -67.58935234, -14.59065878 ], [ -67.5912126, -14.58964885 ], [ -67.59231649, -14.58986756 ], [ -67.59526899, -14.59049638 ], [ -67.59783515, -14.59233507 ], [ -67.59910494, -14.59402756 ], [ -67.60276744, -14.59487125 ], [ -67.60541066, -14.59476176 ], [ -67.60727323, -14.59386617 ], [ -67.60929895, -14.59233759 ], [ -67.61055951, -14.59076688 ], [ -67.61093862, -14.58921361 ], [ -67.61084405, -14.58749796 ], [ -67.61045328, -14.58567367 ], [ -67.61047863, -14.58407015 ], [ -67.61186384, -14.58284049 ], [ -67.61337969, -14.58223799 ], [ -67.61508375, -14.58220427 ], [ -67.61644599, -14.58269255 ], [ -67.61839585, -14.58316919 ], [ -67.62009392, -14.58284929 ], [ -67.62125358, -14.58208206 ], [ -67.62214929, -14.58134296 ], [ -67.62335812, -14.58011675 ], [ -67.6244255, -14.57774834 ], [ -67.62562952, -14.57629322 ], [ -67.62726517, -14.57580279 ], [ -67.62915021, -14.57599438 ], [ -67.63080261, -14.57630508 ], [ -67.63311093, -14.57706072 ], [ -67.63535572, -14.57758861 ], [ -67.63705609, -14.57738306 ], [ -67.63941118, -14.57756522 ], [ -67.6419917, -14.57728487 ], [ -67.64393068, -14.57724627 ], [ -67.64782906, -14.57814183 ], [ -67.64918047, -14.5781149 ], [ -67.65116134, -14.57727393 ], [ -67.65255705, -14.57655912 ], [ -67.65418416, -14.57566794 ], [ -67.65587973, -14.57356174 ], [ -67.65756074, -14.57244048 ], [ -67.65979943, -14.57268201 ], [ -67.6612252, -14.57339774 ], [ -67.66253709, -14.57428748 ], [ -67.66419548, -14.57488404 ], [ -67.66601446, -14.57473317 ], [ -67.66764509, -14.57401358 ], [ -67.66861373, -14.57256303 ], [ -67.66933768, -14.57065941 ], [ -67.67024996, -14.56932448 ], [ -67.67210467, -14.56808518 ], [ -67.67355173, -14.56702577 ], [ -67.67463055, -14.56522953 ], [ -67.67561361, -14.56446564 ], [ -67.67743488, -14.56442915 ], [ -67.67889518, -14.56399916 ], [ -67.67987338, -14.56300637 ], [ -67.68108899, -14.56212331 ], [ -67.68300958, -14.5612261 ], [ -67.68521663, -14.55997967 ], [ -67.68761946, -14.55771032 ], [ -67.68940916, -14.55618601 ], [ -67.69203219, -14.55516016 ], [ -67.695021, -14.55475662 ], [ -67.69701959, -14.55477368 ], [ -67.69937794, -14.55512694 ], [ -67.70138382, -14.55548728 ], [ -67.70297847, -14.55585588 ], [ -67.70503215, -14.55570003 ], [ -67.70679453, -14.55566451 ], [ -67.70950291, -14.55589612 ], [ -67.71057129, -14.55638977 ], [ -67.71182442, -14.55728038 ], [ -67.71349487, -14.55844878 ], [ -67.71492182, -14.55922137 ], [ -67.71695585, -14.55979851 ], [ -67.7189459, -14.55941484 ], [ -67.72008789, -14.55784619 ], [ -67.72075625, -14.5561154 ], [ -67.7210073, -14.55410682 ], [ -67.7211299, -14.55158566 ], [ -67.72144335, -14.54974755 ], [ -67.72247756, -14.54863904 ], [ -67.72469758, -14.54802173 ], [ -67.72716842, -14.54814347 ], [ -67.73070759, -14.54875874 ], [ -67.7354779, -14.54923451 ], [ -67.73817145, -14.54877921 ], [ -67.74062634, -14.54815699 ], [ -67.74319013, -14.54713185 ], [ -67.74552382, -14.54634033 ], [ -67.74991791, -14.54215261 ], [ -67.75348121, -14.53841677 ], [ -67.75722198, -14.53748207 ], [ -67.75841495, -14.53556887 ], [ -67.76298302, -14.53074785 ], [ -67.76376477, -14.52884301 ], [ -67.76551082, -14.52806333 ], [ -67.76658154, -14.52867115 ], [ -67.76798991, -14.52858521 ], [ -67.76891613, -14.52793669 ], [ -67.76976147, -14.52625952 ], [ -67.77144996, -14.52553821 ], [ -67.77313352, -14.52458804 ], [ -67.77475464, -14.52346743 ], [ -67.77590712, -14.52241361 ], [ -67.77852229, -14.51997909 ], [ -67.77967227, -14.51881083 ], [ -67.7805824, -14.51741852 ], [ -67.78143255, -14.51597019 ], [ -67.78221781, -14.514237 ], [ -67.78360266, -14.51306394 ], [ -67.78534356, -14.51205531 ], [ -67.78715671, -14.51167482 ], [ -67.78967829, -14.51145154 ], [ -67.79124295, -14.51044649 ], [ -67.79225809, -14.50847964 ], [ -67.79292086, -14.50651999 ], [ -67.794313, -14.50569018 ], [ -67.79583861, -14.50560171 ], [ -67.79766896, -14.50602212 ], [ -67.79958913, -14.50652082 ], [ -67.80144485, -14.50539528 ], [ -67.80217738, -14.50394934 ], [ -67.80307865, -14.50215652 ], [ -67.80392984, -14.50076538 ], [ -67.80555307, -14.49975907 ], [ -67.80735863, -14.4990352 ], [ -67.80888912, -14.4991755 ], [ -67.81065697, -14.4994254 ], [ -67.81217632, -14.49905079 ], [ -67.81432549, -14.49791915 ], [ -67.81535523, -14.49663881 ], [ -67.81668104, -14.49546684 ], [ -67.81855266, -14.49508496 ], [ -67.82068022, -14.4956708 ], [ -67.82251667, -14.49637708 ], [ -67.8246368, -14.49661963 ], [ -67.82703315, -14.49605517 ], [ -67.82831505, -14.49557088 ], [ -67.82987936, -14.49456566 ], [ -67.83121996, -14.49408015 ], [ -67.83285664, -14.493703 ], [ -67.83391606, -14.49379563 ], [ -67.83524533, -14.49387123 ], [ -67.83688074, -14.49343685 ], [ -67.83809392, -14.49249607 ], [ -67.83870872, -14.49105252 ], [ -67.83884134, -14.48904658 ], [ -67.83879906, -14.48710149 ], [ -67.83941385, -14.48565795 ], [ -67.84086433, -14.48482674 ], [ -67.84244717, -14.48467959 ], [ -67.84415489, -14.48487326 ], [ -67.84546406, -14.48564749 ], [ -67.847594, -14.48634751 ], [ -67.84946791, -14.48607983 ], [ -67.8509308, -14.48582065 ], [ -67.85293289, -14.48496651 ], [ -67.8545507, -14.48373114 ], [ -67.85639961, -14.48231927 ], [ -67.85795742, -14.48102789 ], [ -67.85822353, -14.47976326 ], [ -67.8578463, -14.47862641 ], [ -67.85706308, -14.4777269 ], [ -67.8562229, -14.47690869 ], [ -67.85648154, -14.47530081 ], [ -67.85733478, -14.47402403 ], [ -67.85865146, -14.47245149 ], [ -67.86107613, -14.47051261 ], [ -67.8630548, -14.46967037 ], [ -67.86572796, -14.46835587 ], [ -67.86832864, -14.46641329 ], [ -67.87051457, -14.46430761 ], [ -67.87316886, -14.46213497 ], [ -67.87632873, -14.46052413 ], [ -67.87795248, -14.45957472 ], [ -67.87910282, -14.45846343 ], [ -67.88001708, -14.45729982 ], [ -67.88093257, -14.45619341 ], [ -67.88165693, -14.45440419 ], [ -67.8819104, -14.45256753 ], [ -67.88152565, -14.45108751 ], [ -67.88109221, -14.45006636 ], [ -67.88105643, -14.44843029 ], [ -67.88179329, -14.44721313 ], [ -67.88276245, -14.44587669 ], [ -67.88449847, -14.44469601 ], [ -67.88539764, -14.44284594 ], [ -67.88517274, -14.44061861 ], [ -67.88530755, -14.43872719 ], [ -67.88650271, -14.43698544 ], [ -67.88806881, -14.43609444 ], [ -67.88976481, -14.43577305 ], [ -67.89256729, -14.43502801 ], [ -67.89442433, -14.43401647 ], [ -67.89605908, -14.43358185 ], [ -67.89735669, -14.433841 ], [ -67.89860313, -14.43444457 ], [ -67.90072501, -14.43480099 ], [ -67.90241844, -14.4343651 ], [ -67.90316016, -14.43337675 ], [ -67.9034298, -14.43228377 ], [ -67.90338037, -14.43136912 ], [ -67.90346639, -14.42993659 ], [ -67.90336503, -14.4279929 ], [ -67.90350598, -14.42638754 ], [ -67.90382177, -14.42472131 ], [ -67.9050142, -14.42286512 ], [ -67.90604433, -14.42164184 ], [ -67.90660617, -14.42048555 ], [ -67.90669595, -14.41922464 ], [ -67.90637864, -14.41814389 ], [ -67.90560059, -14.41747335 ], [ -67.90458025, -14.41646447 ], [ -67.90377964, -14.41476425 ], [ -67.90363468, -14.41350822 ], [ -67.90390056, -14.41224364 ], [ -67.90458229, -14.41119931 ], [ -67.9055971, -14.40927817 ], [ -67.90597158, -14.40761073 ], [ -67.90580406, -14.40532504 ], [ -67.90553547, -14.40378544 ], [ -67.90615097, -14.40239912 ], [ -67.90706993, -14.40146433 ], [ -67.90818751, -14.40155552 ], [ -67.90842477, -14.40166504 ], [ -67.91042266, -14.40173789 ], [ -67.91300491, -14.40168409 ], [ -67.91492277, -14.40078569 ], [ -67.91641222, -14.39909501 ], [ -67.91764682, -14.39649398 ], [ -67.91868777, -14.3930958 ], [ -67.91909648, -14.39031742 ], [ -67.91930235, -14.38899687 ], [ -67.91885893, -14.38751818 ], [ -67.91789867, -14.38656531 ], [ -67.91674857, -14.38498688 ], [ -67.9161966, -14.38391104 ], [ -67.91575072, -14.38231792 ], [ -67.91551826, -14.37974747 ], [ -67.91618609, -14.37807394 ], [ -67.91679272, -14.37628722 ], [ -67.91735195, -14.37501655 ], [ -67.91822086, -14.37448339 ], [ -67.91927459, -14.37434699 ], [ -67.92080403, -14.37448681 ], [ -67.92235493, -14.37453461 ], [ -67.92376198, -14.37444805 ], [ -67.9249842, -14.37396474 ], [ -67.92561335, -14.37320766 ], [ -67.9270825, -14.37060176 ], [ -67.92763538, -14.36904508 ], [ -67.92847285, -14.36708187 ], [ -67.92867115, -14.36541813 ], [ -67.92841008, -14.36422179 ], [ -67.92740129, -14.36372778 ], [ -67.92535712, -14.36238234 ], [ -67.92487291, -14.36086186 ], [ -67.92477787, -14.35920423 ], [ -67.92551557, -14.3580443 ], [ -67.92702481, -14.35726889 ], [ -67.92924566, -14.356822 ], [ -67.93432041, -14.35794007 ], [ -67.93821061, -14.35875232 ], [ -67.93996831, -14.35860114 ], [ -67.94118537, -14.35788898 ], [ -67.94331476, -14.35595599 ], [ -67.94545796, -14.35465219 ], [ -67.94684091, -14.35347873 ], [ -67.94841372, -14.35293079 ], [ -67.94995177, -14.35347086 ], [ -67.95173712, -14.354578 ], [ -67.95237873, -14.35439288 ], [ -67.95300521, -14.35352137 ], [ -67.95314685, -14.35218194 ], [ -67.95252015, -14.35015521 ], [ -67.95223759, -14.34798654 ], [ -67.95283131, -14.34562785 ], [ -67.95354865, -14.3435527 ], [ -67.95461926, -14.34152738 ], [ -67.95605571, -14.34012389 ], [ -67.95803654, -14.33945292 ], [ -67.95939093, -14.33965345 ], [ -67.96065793, -14.34034936 ], [ -67.96210687, -14.34117736 ], [ -67.96348012, -14.34189965 ], [ -67.96485258, -14.34258617 ], [ -67.96640839, -14.34326883 ], [ -67.96760305, -14.34420942 ], [ -67.96806991, -14.34541564 ], [ -67.96894407, -14.34679213 ], [ -67.97005437, -14.34723376 ], [ -67.97133773, -14.34720679 ], [ -67.9726546, -14.34703605 ], [ -67.97401288, -14.34707902 ], [ -67.9752651, -14.34730305 ], [ -67.97677717, -14.34766466 ], [ -67.97787323, -14.34746277 ], [ -67.97860261, -14.34726859 ], [ -67.97928706, -14.34659135 ], [ -67.98000457, -14.34586094 ], [ -67.98089089, -14.3444713 ], [ -67.9821333, -14.3425973 ], [ -67.98362542, -14.34095646 ], [ -67.98530876, -14.33966925 ], [ -67.98680743, -14.33832631 ], [ -67.98786248, -14.33627742 ], [ -67.98837548, -14.3345976 ], [ -67.98936676, -14.33243085 ], [ -67.99017735, -14.33038712 ], [ -67.99161748, -14.32916462 ], [ -67.99330333, -14.32799655 ], [ -67.99431965, -14.3269618 ], [ -67.99447945, -14.32589743 ], [ -67.99446227, -14.3251229 ], [ -67.99395098, -14.32412036 ], [ -67.99314077, -14.32342215 ], [ -67.99215122, -14.32290654 ], [ -67.99111641, -14.32310716 ], [ -67.98983718, -14.32331293 ], [ -67.98860453, -14.32286203 ], [ -67.98779435, -14.3221638 ], [ -67.98667732, -14.32141241 ], [ -67.98579945, -14.32041756 ], [ -67.98492685, -14.31966101 ], [ -67.98435187, -14.31854056 ], [ -67.98487545, -14.31733739 ], [ -67.98571244, -14.31648528 ], [ -67.98705406, -14.31633784 ], [ -67.98858558, -14.31648443 ], [ -67.98975841, -14.31699621 ], [ -67.99076112, -14.31810764 ], [ -67.99205484, -14.31855725 ], [ -67.99290368, -14.31824133 ], [ -67.99370925, -14.31762829 ], [ -67.99416506, -14.31612851 ], [ -67.99449998, -14.31469088 ], [ -67.99513909, -14.31318724 ], [ -67.99603316, -14.31215508 ], [ -67.99743715, -14.31206589 ], [ -67.99879193, -14.31251418 ], [ -67.99959946, -14.31309322 ], [ -68.00083997, -14.31390154 ], [ -68.00201014, -14.3142941 ], [ -68.00342207, -14.31456233 ], [ -68.00416983, -14.31520222 ], [ -68.00499061, -14.31637701 ], [ -68.00671467, -14.31693666 ], [ -68.00768964, -14.31679685 ], [ -68.00871352, -14.31610763 ], [ -68.00936312, -14.3150806 ], [ -68.00964213, -14.31388259 ], [ -68.00985475, -14.31244756 ], [ -68.01025861, -14.31136612 ], [ -68.01097194, -14.31045696 ], [ -68.01156306, -14.30955038 ], [ -68.0115379, -14.30841841 ], [ -68.01084596, -14.30753894 ], [ -68.01002256, -14.30624501 ], [ -68.00828007, -14.30485127 ], [ -68.00703431, -14.30380467 ], [ -68.00549497, -14.3033007 ], [ -68.00456529, -14.30272426 ], [ -68.00466501, -14.30170885 ], [ -68.0050808, -14.30116362 ], [ -68.00616203, -14.30030632 ], [ -68.00730303, -14.29938815 ], [ -68.0085038, -14.29840912 ], [ -68.0088545, -14.29768644 ], [ -68.00858764, -14.29667878 ], [ -68.00772305, -14.29627978 ], [ -68.00642947, -14.29583023 ], [ -68.00476932, -14.29538839 ], [ -68.00377859, -14.29481322 ], [ -68.00338692, -14.29368896 ], [ -68.0037961, -14.29284584 ], [ -68.00475776, -14.29211029 ], [ -68.00639278, -14.29142015 ], [ -68.00777944, -14.29055642 ], [ -68.00946892, -14.28956708 ], [ -68.01096716, -14.28822414 ], [ -68.0117217, -14.28642005 ], [ -68.01151199, -14.28523236 ], [ -68.01100739, -14.28452774 ], [ -68.01001274, -14.28377385 ], [ -68.00901281, -14.28278164 ], [ -68.00746439, -14.2818606 ], [ -68.00719493, -14.28073376 ], [ -68.00790954, -14.27988422 ], [ -68.00868788, -14.27915253 ], [ -68.01031883, -14.27828366 ], [ -68.01175989, -14.27712076 ], [ -68.01265113, -14.27596946 ], [ -68.01304968, -14.27464973 ], [ -68.0124761, -14.27358893 ], [ -68.01117606, -14.27284147 ], [ -68.00968881, -14.27191913 ], [ -68.00893067, -14.27080259 ], [ -68.00902117, -14.26937015 ], [ -68.01046484, -14.26832643 ], [ -68.01217661, -14.26834995 ], [ -68.01337623, -14.26898032 ], [ -68.01456728, -14.27032612 ], [ -68.01572502, -14.27292433 ], [ -68.0176571, -14.2746121 ], [ -68.01974999, -14.27528316 ], [ -68.0220182, -14.27559286 ], [ -68.02409786, -14.27566811 ], [ -68.02668609, -14.27662665 ], [ -68.02817474, -14.27760843 ], [ -68.0293088, -14.27913414 ], [ -68.03145354, -14.27938674 ], [ -68.03283336, -14.27822504 ], [ -68.03323311, -14.27696489 ], [ -68.03295692, -14.27554025 ], [ -68.03218143, -14.27364934 ], [ -68.03139932, -14.27146055 ], [ -68.03092983, -14.269587 ], [ -68.03053018, -14.26810536 ], [ -68.02981318, -14.26609398 ], [ -68.02947331, -14.26455146 ], [ -68.0295531, -14.26264244 ], [ -68.03000203, -14.26084482 ], [ -68.03150131, -14.25956143 ], [ -68.0333179, -14.25880775 ], [ -68.03502689, -14.25871198 ], [ -68.03707103, -14.25884751 ], [ -68.03891544, -14.25934488 ], [ -68.0411808, -14.2595353 ], [ -68.0431341, -14.25943429 ], [ -68.04464654, -14.25874659 ], [ -68.04645906, -14.2578141 ], [ -68.04797812, -14.25742425 ], [ -68.04994468, -14.25791894 ], [ -68.05110522, -14.2578943 ], [ -68.05175051, -14.25668855 ], [ -68.05148093, -14.25556183 ], [ -68.05059656, -14.25426935 ], [ -68.04965245, -14.25303773 ], [ -68.04907483, -14.25179833 ], [ -68.04922698, -14.2504004 ], [ -68.04944473, -14.24920373 ], [ -68.05033035, -14.24781408 ], [ -68.05128236, -14.24666144 ], [ -68.05329393, -14.24643994 ], [ -68.05470271, -14.24658884 ], [ -68.05619384, -14.24768961 ], [ -68.0579253, -14.24860646 ], [ -68.0593394, -14.24899362 ], [ -68.06013341, -14.24897674 ], [ -68.06060207, -14.24807275 ], [ -68.06039487, -14.24700433 ], [ -68.06006819, -14.24605764 ], [ -68.05926621, -14.24571708 ], [ -68.05779238, -14.24539078 ], [ -68.05691735, -14.24451534 ], [ -68.05689341, -14.24344301 ], [ -68.0571722, -14.24224505 ], [ -68.05751206, -14.24104579 ], [ -68.05766869, -14.23985043 ], [ -68.05727299, -14.23854759 ], [ -68.05669673, -14.23736778 ], [ -68.05593858, -14.23625143 ], [ -68.05500519, -14.23549641 ], [ -68.05352479, -14.23487219 ], [ -68.05223558, -14.23460153 ], [ -68.05118404, -14.2340278 ], [ -68.0502852, -14.23207997 ], [ -68.05000641, -14.23053621 ], [ -68.05089863, -14.22944445 ], [ -68.05215595, -14.22828536 ], [ -68.05360311, -14.22742025 ], [ -68.05535297, -14.22642951 ], [ -68.05693951, -14.22633625 ], [ -68.05939833, -14.2269993 ], [ -68.0613075, -14.22767399 ], [ -68.06267369, -14.2286582 ], [ -68.064721, -14.23004514 ], [ -68.06671257, -14.23167164 ], [ -68.0679129, -14.23343415 ], [ -68.06933489, -14.23417871 ], [ -68.07092545, -14.23426406 ], [ -68.07195302, -14.23376538 ], [ -68.07338809, -14.23236401 ], [ -68.07397615, -14.23133828 ], [ -68.07382601, -14.23008986 ], [ -68.07338252, -14.2293841 ], [ -68.07262301, -14.22820825 ], [ -68.07228968, -14.22696373 ], [ -68.07245024, -14.2259471 ], [ -68.07297392, -14.22452617 ], [ -68.07369927, -14.22294455 ], [ -68.07392746, -14.22233452 ], [ -68.07431895, -14.22128154 ], [ -68.07466903, -14.21884287 ], [ -68.07545062, -14.21658541 ], [ -68.07667211, -14.21468845 ], [ -68.07745141, -14.21359159 ], [ -68.07826257, -14.21189158 ], [ -68.07858449, -14.21048328 ], [ -68.07819975, -14.20802578 ], [ -68.07785403, -14.20620649 ], [ -68.07784661, -14.20409656 ], [ -68.07809386, -14.20207993 ], [ -68.07920616, -14.19987156 ], [ -68.0808076, -14.19796407 ], [ -68.08268364, -14.19635663 ], [ -68.08428154, -14.19531622 ], [ -68.08566501, -14.19424508 ], [ -68.087382, -14.19407223 ], [ -68.08855951, -14.19400794 ], [ -68.08986387, -14.19423117 ], [ -68.09200862, -14.19438882 ], [ -68.0954723, -14.19428232 ], [ -68.09950829, -14.19470252 ], [ -68.10153716, -14.19517228 ], [ -68.10217794, -14.1958923 ], [ -68.10211563, -14.19698024 ], [ -68.10167838, -14.1982227 ], [ -68.10099834, -14.19968528 ], [ -68.10129702, -14.20054431 ], [ -68.10237422, -14.20052767 ], [ -68.10467629, -14.19966917 ], [ -68.10730656, -14.1979567 ], [ -68.10937286, -14.1962421 ], [ -68.11082902, -14.19379803 ], [ -68.11113116, -14.19176589 ], [ -68.11030082, -14.19092558 ], [ -68.10856041, -14.19082343 ], [ -68.10703128, -14.19094452 ], [ -68.10618432, -14.1902644 ], [ -68.10579682, -14.189043 ], [ -68.10615048, -14.18638912 ], [ -68.10588502, -14.18530691 ], [ -68.10495571, -14.18470542 ], [ -68.10375361, -14.18489229 ], [ -68.10220507, -14.18589117 ], [ -68.10031562, -14.18629073 ], [ -68.09810991, -14.18606715 ], [ -68.09563953, -14.18457476 ], [ -68.09361627, -14.18162966 ], [ -68.09301248, -14.17933099 ], [ -68.09390163, -14.17768383 ], [ -68.0956477, -14.17616419 ], [ -68.09717718, -14.17394064 ], [ -68.09907007, -14.17264169 ], [ -68.10189035, -14.17241306 ], [ -68.10421355, -14.17390484 ], [ -68.10602174, -14.17544251 ], [ -68.10775445, -14.17748223 ], [ -68.10892574, -14.17889791 ], [ -68.10987946, -14.17952339 ], [ -68.11125207, -14.1796146 ], [ -68.11328715, -14.17957429 ], [ -68.11453732, -14.17962676 ], [ -68.11623037, -14.17927419 ], [ -68.11819236, -14.17911397 ], [ -68.12110014, -14.18116032 ], [ -68.12259297, -14.18235943 ], [ -68.12403535, -14.18344114 ], [ -68.12513688, -14.18389967 ], [ -68.12611785, -14.18383148 ], [ -68.12697642, -14.18371501 ], [ -68.12778659, -14.18343091 ], [ -68.1283535, -14.18264358 ], [ -68.12924298, -14.18042318 ], [ -68.13017866, -14.17760961 ], [ -68.13124324, -14.17617821 ], [ -68.13318888, -14.17515187 ], [ -68.13477667, -14.17538725 ], [ -68.13594781, -14.17688414 ], [ -68.13723637, -14.17751114 ], [ -68.13906287, -14.17781391 ], [ -68.14076989, -14.1776478 ], [ -68.14247884, -14.17696499 ], [ -68.14360111, -14.1758208 ], [ -68.14360499, -14.17478743 ], [ -68.14284439, -14.17363651 ], [ -68.14190857, -14.17214049 ], [ -68.14138355, -14.170933 ], [ -68.14091781, -14.16961089 ], [ -68.14027427, -14.16863261 ], [ -68.13863092, -14.16753592 ], [ -68.13675246, -14.16638097 ], [ -68.13517124, -14.16442332 ], [ -68.1344131, -14.16264088 ], [ -68.13501147, -14.16000216 ], [ -68.13628245, -14.15646883 ], [ -68.13745343, -14.15473877 ], [ -68.13911107, -14.15396729 ], [ -68.14094784, -14.15445229 ], [ -68.14204694, -14.15553266 ], [ -68.14289845, -14.15726997 ], [ -68.14423779, -14.15966685 ], [ -68.14551633, -14.1619439 ], [ -68.14629621, -14.16317861 ], [ -68.14751715, -14.16447468 ], [ -68.14947553, -14.1652471 ], [ -68.15202248, -14.16597375 ], [ -68.15334331, -14.16679173 ], [ -68.15417454, -14.16741661 ], [ -68.15461352, -14.1680401 ], [ -68.15461087, -14.16875772 ], [ -68.1541671, -14.16942595 ], [ -68.15386989, -14.17023821 ], [ -68.15425967, -14.17090938 ], [ -68.15533803, -14.17100886 ], [ -68.15626946, -14.17105998 ], [ -68.15665925, -14.17173114 ], [ -68.15694956, -14.17278469 ], [ -68.15719048, -14.17393374 ], [ -68.15733422, -14.17484325 ], [ -68.15772331, -14.17570577 ], [ -68.15831083, -14.17594705 ], [ -68.15924388, -14.17556758 ], [ -68.16062121, -14.17437636 ], [ -68.16283226, -14.17314019 ], [ -68.16445402, -14.17214116 ], [ -68.165635, -14.17099706 ], [ -68.16681475, -14.17018785 ], [ -68.16774967, -14.16928209 ], [ -68.1692236, -14.16847388 ], [ -68.1703056, -14.16756862 ], [ -68.17187791, -14.16666505 ], [ -68.17438319, -14.16538195 ], [ -68.17596773, -14.16447839 ], [ -68.17670488, -14.16401446 ], [ -68.17792292, -14.16276278 ], [ -68.17869993, -14.16143781 ], [ -68.17881579, -14.15989529 ], [ -68.17882147, -14.15831651 ], [ -68.17934027, -14.15720595 ], [ -68.18055826, -14.15595425 ], [ -68.18298825, -14.15511333 ], [ -68.18537989, -14.15448019 ], [ -68.18728405, -14.15351323 ], [ -68.18870106, -14.15142491 ], [ -68.189938, -14.14825952 ], [ -68.19080339, -14.14616933 ], [ -68.19215925, -14.14402098 ], [ -68.19418941, -14.14181508 ], [ -68.19529545, -14.14098154 ], [ -68.19750726, -14.1393862 ], [ -68.19892136, -14.13807525 ], [ -68.19941664, -14.13664162 ], [ -68.20027772, -14.13574744 ], [ -68.20175015, -14.1352739 ], [ -68.20291366, -14.13551698 ], [ -68.20315546, -14.13647463 ], [ -68.20431794, -14.13701672 ], [ -68.20591314, -14.13648376 ], [ -68.20714437, -14.13487313 ], [ -68.20892732, -14.13320451 ], [ -68.20991401, -14.13141365 ], [ -68.21077915, -14.12932337 ], [ -68.21176622, -14.12741289 ], [ -68.2132433, -14.12556382 ], [ -68.21459656, -14.12407315 ], [ -68.21692883, -14.12300429 ], [ -68.21883152, -14.12211342 ], [ -68.22061226, -14.12104273 ], [ -68.22226981, -14.12015104 ], [ -68.22392552, -14.11979756 ], [ -68.22754865, -14.11751275 ], [ -68.23037342, -14.11572769 ], [ -68.23277002, -14.11370201 ], [ -68.23443126, -14.11167397 ], [ -68.23517255, -14.10988221 ], [ -68.23652479, -14.10863062 ], [ -68.23787483, -14.10803685 ], [ -68.23977494, -14.10786345 ], [ -68.24148925, -14.10828748 ], [ -68.24356924, -14.10931069 ], [ -68.24491454, -14.11015217 ], [ -68.24625788, -14.11159167 ], [ -68.24778703, -14.11243371 ], [ -68.24974924, -14.11202121 ], [ -68.25061218, -14.11046899 ], [ -68.25006716, -14.10849376 ], [ -68.24946027, -14.10669774 ], [ -68.24885203, -14.10532035 ], [ -68.2487334, -14.1041239 ], [ -68.24965583, -14.10311011 ], [ -68.25081964, -14.10323334 ], [ -68.25234681, -14.10467338 ], [ -68.25381369, -14.10581421 ], [ -68.25528117, -14.10677562 ], [ -68.25632284, -14.10677884 ], [ -68.25761232, -14.10594556 ], [ -68.25853492, -14.10487192 ], [ -68.2601926, -14.10386035 ], [ -68.26148131, -14.1032543 ], [ -68.26240177, -14.10283849 ], [ -68.26326018, -14.1026617 ], [ -68.26436483, -14.10212684 ], [ -68.26516311, -14.10159104 ], [ -68.26614386, -14.10147442 ], [ -68.26681558, -14.10219411 ], [ -68.26754819, -14.1030336 ], [ -68.26840545, -14.10321562 ], [ -68.26993692, -14.10333987 ], [ -68.27079761, -14.10244542 ], [ -68.27135382, -14.10095199 ], [ -68.27246148, -14.09946023 ], [ -68.27393297, -14.09916564 ], [ -68.27589314, -14.09935096 ], [ -68.27742384, -14.09971438 ], [ -68.27870926, -14.10013686 ], [ -68.27913178, -14.10217148 ], [ -68.27900473, -14.1036064 ], [ -68.27991901, -14.10458716 ], [ -68.28083677, -14.10558543 ], [ -68.28212391, -14.10546966 ], [ -68.28341273, -14.10481565 ], [ -68.28451791, -14.10410128 ], [ -68.2847686, -14.10230788 ], [ -68.28544671, -14.1009942 ], [ -68.28624773, -14.09956126 ], [ -68.28631235, -14.09848497 ], [ -68.28711243, -14.09735105 ], [ -68.28864406, -14.09741538 ], [ -68.29017384, -14.09807774 ], [ -68.29127583, -14.09838001 ], [ -68.29280728, -14.09850412 ], [ -68.29397294, -14.0980291 ], [ -68.29470877, -14.09785184 ], [ -68.29562566, -14.09857218 ], [ -68.29654274, -14.09923271 ], [ -68.29721011, -14.09979921 ], [ -68.29809122, -14.10020367 ], [ -68.29867682, -14.10106656 ], [ -68.2984469, -14.10248186 ], [ -68.29896251, -14.10382319 ], [ -68.29990246, -14.10422781 ], [ -68.30125785, -14.10342797 ], [ -68.30232209, -14.10165127 ], [ -68.30291624, -14.09970096 ], [ -68.30415744, -14.09775252 ], [ -68.30527835, -14.09666492 ], [ -68.30651743, -14.09540541 ], [ -68.30810768, -14.09472103 ], [ -68.30940175, -14.09472474 ], [ -68.31051901, -14.09484276 ], [ -68.31169286, -14.09570731 ], [ -68.31250983, -14.09789132 ], [ -68.31327108, -14.09904174 ], [ -68.31403131, -14.10053664 ], [ -68.31437996, -14.10197295 ], [ -68.31478641, -14.1037539 ], [ -68.31484112, -14.10513196 ], [ -68.3155799, -14.10643302 ], [ -68.31601851, -14.10729545 ], [ -68.31675232, -14.1077999 ], [ -68.31778016, -14.10834105 ], [ -68.31884572, -14.10855937 ], [ -68.31987611, -14.10823933 ], [ -68.32087006, -14.10781154 ], [ -68.32175222, -14.1078858 ], [ -68.32255905, -14.10856984 ], [ -68.32321892, -14.10921759 ], [ -68.32384235, -14.10975759 ], [ -68.32476044, -14.11011899 ], [ -68.32545741, -14.11065919 ], [ -68.32604335, -14.11145026 ], [ -68.32670335, -14.11206211 ], [ -68.32790238, -14.11274724 ], [ -68.32927387, -14.11313382 ], [ -68.33025347, -14.11342361 ], [ -68.33109908, -14.11343194 ], [ -68.33238687, -14.11310659 ], [ -68.33339951, -14.11257115 ], [ -68.33462722, -14.11182698 ], [ -68.33554898, -14.11093245 ], [ -68.33604231, -14.10985732 ], [ -68.3364432, -14.10896135 ], [ -68.33693411, -14.10872348 ], [ -68.33782218, -14.10887544 ], [ -68.33821875, -14.10947458 ], [ -68.33833932, -14.11016267 ], [ -68.33812252, -14.11096944 ], [ -68.3379361, -14.111866 ], [ -68.33787267, -14.11261339 ], [ -68.33808524, -14.11327183 ], [ -68.33829816, -14.11381066 ], [ -68.33875593, -14.11443987 ], [ -68.33927532, -14.11494964 ], [ -68.33967217, -14.11545908 ], [ -68.34043703, -14.11584991 ], [ -68.34129398, -14.11618118 ], [ -68.34205927, -14.11642249 ], [ -68.34273256, -14.11669346 ], [ -68.34334397, -14.11717357 ], [ -68.34371028, -14.11765301 ], [ -68.34456767, -14.11783476 ], [ -68.34563996, -14.11786758 ], [ -68.34640688, -14.11754074 ], [ -68.34760386, -14.11682632 ], [ -68.34851157, -14.11655168 ], [ -68.34983329, -14.11722507 ], [ -68.35051839, -14.11765752 ], [ -68.35139999, -14.11794696 ], [ -68.35219631, -14.11805875 ], [ -68.35289933, -14.11865869 ], [ -68.35323468, -14.11925765 ], [ -68.35390749, -14.11970799 ], [ -68.35473375, -14.12006904 ], [ -68.3554367, -14.12069888 ], [ -68.35586439, -14.12114856 ], [ -68.35638317, -14.12189752 ], [ -68.35714766, -14.12243781 ], [ -68.35772882, -14.12279819 ], [ -68.35888139, -14.12335267 ], [ -68.35995699, -14.12440811 ], [ -68.36054301, -14.12522301 ], [ -68.36122749, -14.12589465 ], [ -68.36171627, -14.12642224 ], [ -68.36240076, -14.12709387 ], [ -68.3631837, -14.12762223 ], [ -68.36391815, -14.12795908 ], [ -68.36475039, -14.12839188 ], [ -68.36504295, -14.12896678 ], [ -68.36479543, -14.12982733 ], [ -68.36440057, -14.13078317 ], [ -68.36459309, -14.13207547 ], [ -68.36498345, -14.13274632 ], [ -68.36596185, -14.13351441 ], [ -68.36654898, -14.13394655 ], [ -68.36674231, -14.13495179 ], [ -68.36718223, -14.13543139 ], [ -68.36762215, -14.13591099 ], [ -68.36776738, -14.13658119 ], [ -68.36742168, -14.13748932 ], [ -68.36746717, -14.13877167 ], [ -68.36785635, -14.13987311 ], [ -68.36809911, -14.14073494 ], [ -68.36883123, -14.14193297 ], [ -68.36981009, -14.14255751 ], [ -68.3704468, -14.1427984 ], [ -68.37088635, -14.14342153 ], [ -68.37132616, -14.14394897 ], [ -68.37245396, -14.14390407 ], [ -68.3738269, -14.14385981 ], [ -68.37515133, -14.14362404 ], [ -68.37623062, -14.14338762 ], [ -68.3772614, -14.14295969 ], [ -68.37794871, -14.14262656 ], [ -68.37863537, -14.14253265 ], [ -68.37976316, -14.14248772 ], [ -68.38074283, -14.14282516 ], [ -68.38172224, -14.14325828 ], [ -68.38245574, -14.14397783 ], [ -68.38279649, -14.14488775 ], [ -68.38338316, -14.14551123 ], [ -68.38480437, -14.14575409 ], [ -68.38558768, -14.1461867 ], [ -68.38632133, -14.14685839 ], [ -68.38685809, -14.14781665 ], [ -68.38739486, -14.14877491 ], [ -68.38812788, -14.14968582 ], [ -68.38940088, -14.15035888 ], [ -68.3907736, -14.15041021 ], [ -68.39214607, -14.15055722 ], [ -68.39297921, -14.15070286 ], [ -68.39420269, -14.15156715 ], [ -68.39498453, -14.15257385 ], [ -68.39566742, -14.15391521 ], [ -68.39576042, -14.15582922 ], [ -68.39609973, -14.15731325 ], [ -68.39663718, -14.15803226 ], [ -68.39737241, -14.1581298 ], [ -68.39884527, -14.15741583 ], [ -68.40012274, -14.15641429 ], [ -68.40135016, -14.15579538 ], [ -68.40247989, -14.15503268 ], [ -68.40331218, -14.1555132 ], [ -68.40316171, -14.15680462 ], [ -68.40296096, -14.15857436 ], [ -68.4022201, -14.16062983 ], [ -68.40216944, -14.16125168 ], [ -68.40216693, -14.16220856 ], [ -68.40324429, -14.16273753 ], [ -68.40486201, -14.16288508 ], [ -68.40603843, -14.16303153 ], [ -68.40721374, -14.16360857 ], [ -68.40770098, -14.16480588 ], [ -68.4076481, -14.16628893 ], [ -68.40764438, -14.16772425 ], [ -68.40749342, -14.16920706 ], [ -68.4078712, -14.17007118 ], [ -68.40859326, -14.17053944 ], [ -68.4096225, -14.17073336 ], [ -68.41001256, -14.17159552 ], [ -68.40996055, -14.17274365 ], [ -68.41025279, -14.17350988 ], [ -68.41113395, -14.17408618 ], [ -68.41191753, -14.17447086 ], [ -68.41279858, -14.175095 ], [ -68.41367938, -14.17581482 ], [ -68.41426585, -14.17658176 ], [ -68.41475437, -14.17730062 ], [ -68.41489854, -14.17844924 ], [ -68.41470018, -14.17930995 ], [ -68.41448784, -14.18054031 ], [ -68.41580094, -14.18180885 ], [ -68.4175255, -14.18227091 ], [ -68.41859626, -14.18291336 ], [ -68.4197384, -14.18305613 ], [ -68.42052362, -14.18369858 ], [ -68.89987199, -13.97523996 ], [ -68.96371558, -13.95086685 ], [ -68.96401568, -13.95075666 ], [ -68.96372924, -13.9506015 ], [ -68.96372924, -13.95050632 ], [ -68.96372924, -13.95041115 ], [ -68.96372924, -13.95022079 ], [ -68.96372924, -13.95012561 ], [ -68.96363407, -13.95012561 ], [ -68.96353889, -13.95003043 ], [ -68.96353889, -13.94993525 ], [ -68.96353889, -13.94984007 ], [ -68.96334853, -13.94964972 ], [ -68.96325335, -13.94955454 ], [ -68.96325335, -13.94945936 ], [ -68.96315817, -13.949269 ], [ -68.96315817, -13.94917383 ], [ -68.96315817, -13.94898347 ], [ -68.963063, -13.94888829 ], [ -68.96306299, -13.94879311 ], [ -68.963063, -13.94869793 ], [ -68.96306299, -13.94860276 ], [ -68.963063, -13.94850758 ], [ -68.96315817, -13.94850758 ], [ -68.96315817, -13.94831722 ], [ -68.96315817, -13.94822204 ], [ -68.96315817, -13.94812686 ], [ -68.96325335, -13.94812686 ], [ -68.96344371, -13.94793651 ], [ -68.96353889, -13.94784133 ], [ -68.96372924, -13.94755579 ], [ -68.9639196, -13.94746061 ], [ -68.96410996, -13.94746061 ], [ -68.96420514, -13.94746061 ], [ -68.96430031, -13.94746061 ], [ -68.96449067, -13.94746061 ], [ -68.96458585, -13.94746061 ], [ -68.96515692, -13.94746061 ], [ -68.96563281, -13.94755579 ], [ -68.96582317, -13.94755579 ], [ -68.96601353, -13.94755579 ], [ -68.96610871, -13.94755579 ], [ -68.96620388, -13.94755579 ], [ -68.96629906, -13.94755579 ], [ -68.96648942, -13.94755579 ], [ -68.9665846, -13.94755579 ], [ -68.96687013, -13.94755579 ], [ -68.96715567, -13.94755579 ], [ -68.96725085, -13.94755579 ], [ -68.96734603, -13.94755579 ], [ -68.9674412, -13.94755579 ], [ -68.96753638, -13.94765097 ], [ -68.96763156, -13.94774615 ], [ -68.96772674, -13.94774615 ], [ -68.96782192, -13.94784133 ], [ -68.9679171, -13.94793651 ], [ -68.96801227, -13.94803169 ], [ -68.96820263, -13.94803168 ], [ -68.96829781, -13.94803168 ], [ -68.96848817, -13.94803169 ], [ -68.96858334, -13.94803169 ], [ -68.9687737, -13.94803168 ], [ -68.96905924, -13.94803169 ], [ -68.96905924, -13.94793651 ], [ -68.96924959, -13.94784133 ], [ -68.96943995, -13.94774615 ], [ -68.96972549, -13.94755579 ], [ -68.96991584, -13.94755579 ], [ -68.97001102, -13.94746061 ], [ -68.9701062, -13.94736544 ], [ -68.97020138, -13.94727026 ], [ -68.97029656, -13.94727026 ], [ -68.97039173, -13.94727026 ], [ -68.97039174, -13.94717508 ], [ -68.97048691, -13.94717508 ], [ -68.97048691, -13.9470799 ], [ -68.97058209, -13.9470799 ], [ -68.97077245, -13.94688954 ], [ -68.97086763, -13.94669919 ], [ -68.97086763, -13.94660401 ], [ -68.97096281, -13.94650883 ], [ -68.97105798, -13.94641365 ], [ -68.9714387, -13.94612812 ], [ -68.97153388, -13.94603294 ], [ -68.97172423, -13.94584258 ], [ -68.97181941, -13.94584258 ], [ -68.97181941, -13.9457474 ], [ -68.97200977, -13.9457474 ], [ -68.97200977, -13.94565222 ], [ -68.97210495, -13.94565222 ], [ -68.97220012, -13.94565222 ], [ -68.97220013, -13.94555705 ], [ -68.9722953, -13.94555705 ], [ -68.97239048, -13.94555705 ], [ -68.97248566, -13.94555705 ], [ -68.97258084, -13.94546187 ], [ -68.97267602, -13.94546187 ], [ -68.9727712, -13.94536669 ], [ -68.97286637, -13.94536669 ], [ -68.97296155, -13.94536669 ], [ -68.97305673, -13.94527151 ], [ -68.97305673, -13.94508115 ], [ -68.97305673, -13.94498598 ], [ -68.97315191, -13.94498598 ], [ -68.97343744, -13.94470044 ], [ -68.97372298, -13.94451008 ], [ -68.97391334, -13.94412937 ], [ -68.97391334, -13.94403419 ], [ -68.97400852, -13.94384383 ], [ -68.97400852, -13.94374866 ], [ -68.97410369, -13.94365348 ], [ -68.97419887, -13.94346312 ], [ -68.97429405, -13.94346312 ], [ -68.97448441, -13.94308241 ], [ -68.97448441, -13.94289205 ], [ -68.97448441, -13.94279687 ], [ -68.97448441, -13.94270169 ], [ -68.97467476, -13.94251134 ], [ -68.97476994, -13.94241616 ], [ -68.97505548, -13.94194026 ], [ -68.97534101, -13.94155955 ], [ -68.97543619, -13.94136919 ], [ -68.97543619, -13.94127402 ], [ -68.97553137, -13.94117884 ], [ -68.97572173, -13.9408933 ], [ -68.97581691, -13.94051259 ], [ -68.97591208, -13.94022705 ], [ -68.97600726, -13.93994152 ], [ -68.97600726, -13.93984634 ], [ -68.97600726, -13.93975116 ], [ -68.97610244, -13.9395608 ], [ -68.97619762, -13.93927527 ], [ -68.97638798, -13.93908491 ], [ -68.97648316, -13.93879938 ], [ -68.97657833, -13.93860902 ], [ -68.97657833, -13.93851384 ], [ -68.97667351, -13.93822831 ], [ -68.97705423, -13.93794277 ], [ -68.97724458, -13.93756206 ], [ -68.97733976, -13.93727652 ], [ -68.97733976, -13.93718134 ], [ -68.97733976, -13.93708616 ], [ -68.97743494, -13.93689581 ], [ -68.97753012, -13.93680063 ], [ -68.9776253, -13.93651509 ], [ -68.97772047, -13.93632474 ], [ -68.97772047, -13.9360392 ], [ -68.97772047, -13.93594402 ], [ -68.97772048, -13.93584884 ], [ -68.97772048, -13.93575367 ], [ -68.97781565, -13.93565849 ], [ -68.97810119, -13.93556331 ], [ -68.97819637, -13.93537295 ], [ -68.97829155, -13.93527777 ], [ -68.97867226, -13.93489706 ], [ -68.97895779, -13.93451635 ], [ -68.97895779, -13.93442117 ], [ -68.97905297, -13.93432599 ], [ -68.97914815, -13.93413563 ], [ -68.97924333, -13.93394528 ], [ -68.97933851, -13.9338501 ], [ -68.97943369, -13.9338501 ], [ -68.97943369, -13.93375492 ], [ -68.97952887, -13.93375492 ], [ -68.97952886, -13.93365974 ], [ -68.9798144, -13.93346938 ], [ -68.98000476, -13.93337421 ], [ -68.98038547, -13.93299349 ], [ -68.98048065, -13.93289831 ], [ -68.98067101, -13.93270796 ], [ -68.98076618, -13.93270796 ], [ -68.98086136, -13.93270796 ], [ -68.98105172, -13.9325176 ], [ -68.98124208, -13.93242242 ], [ -68.98133726, -13.93242242 ], [ -68.98152761, -13.93232724 ], [ -68.98171797, -13.93213689 ], [ -68.98181315, -13.93204171 ], [ -68.98190833, -13.93194653 ], [ -68.98209868, -13.93185135 ], [ -68.98228904, -13.93166099 ], [ -68.98238422, -13.93156582 ], [ -68.9824794, -13.93147064 ], [ -68.98266975, -13.93137546 ], [ -68.98266975, -13.93128028 ], [ -68.98266975, -13.9311851 ], [ -68.98276493, -13.93108992 ], [ -68.98305047, -13.93080439 ], [ -68.98314565, -13.93051885 ], [ -68.983336, -13.93013814 ], [ -68.983336, -13.93004296 ], [ -68.983336, -13.9298526 ], [ -68.983336, -13.92975743 ], [ -68.983336, -13.92937671 ], [ -68.983336, -13.92909118 ], [ -68.983336, -13.92871046 ], [ -68.983336, -13.9285201 ], [ -68.983336, -13.92832975 ], [ -68.983336, -13.92823457 ], [ -68.983336, -13.92813939 ], [ -68.983336, -13.92794903 ], [ -68.98324082, -13.92775868 ], [ -68.98324082, -13.9276635 ], [ -68.98324082, -13.92756832 ], [ -68.98324082, -13.92737796 ], [ -68.98314565, -13.92728279 ], [ -68.98314565, -13.92709243 ], [ -68.98314565, -13.92699725 ], [ -68.98314565, -13.92680689 ], [ -68.98314565, -13.92671171 ], [ -68.98305047, -13.92661654 ], [ -68.98305047, -13.92652136 ], [ -68.98295529, -13.926331 ], [ -68.98295529, -13.92623582 ], [ -68.98295529, -13.92614064 ], [ -68.98286011, -13.92604547 ], [ -68.98286011, -13.92585511 ], [ -68.98276493, -13.92575993 ], [ -68.98266975, -13.92566475 ], [ -68.98266975, -13.92556957 ], [ -68.98266975, -13.92547439 ], [ -68.98257457, -13.92547439 ], [ -68.98257458, -13.92528404 ], [ -68.9824794, -13.92518886 ], [ -68.9824794, -13.92509368 ], [ -68.98238422, -13.9249985 ], [ -68.98228904, -13.92480815 ], [ -68.98219386, -13.92480815 ], [ -68.9820035, -13.92471297 ], [ -68.9820035, -13.92452261 ], [ -68.98190833, -13.92452261 ], [ -68.98181315, -13.92442743 ], [ -68.98181315, -13.92433225 ], [ -68.98171797, -13.92433225 ], [ -68.98162279, -13.92423707 ], [ -68.98152761, -13.9241419 ], [ -68.98152761, -13.92404672 ], [ -68.98143243, -13.92395154 ], [ -68.98143243, -13.92385636 ], [ -68.98143243, -13.92376118 ], [ -68.98133726, -13.92357083 ], [ -68.98124208, -13.92319011 ], [ -68.9811469, -13.92309493 ], [ -68.9811469, -13.92299976 ], [ -68.98105172, -13.92290458 ], [ -68.98105172, -13.9228094 ], [ -68.98105172, -13.92261904 ], [ -68.98095654, -13.92252386 ], [ -68.98095654, -13.92233351 ], [ -68.98095654, -13.92223833 ], [ -68.98095654, -13.92214315 ], [ -68.98086136, -13.92195279 ], [ -68.98086136, -13.92176244 ], [ -68.98076619, -13.92166726 ], [ -68.98076618, -13.92157208 ], [ -68.98076618, -13.9214769 ], [ -68.98095654, -13.91871673 ], [ -68.98095654, -13.91862155 ], [ -68.98095654, -13.91852637 ], [ -68.98095654, -13.91843119 ], [ -68.98095654, -13.91833601 ], [ -68.98095654, -13.91824083 ], [ -68.98105172, -13.91814565 ], [ -68.98105172, -13.91805048 ], [ -68.98124208, -13.91776494 ], [ -68.98124208, -13.91766976 ], [ -68.98124208, -13.91757458 ], [ -68.98124208, -13.91738423 ], [ -68.98133726, -13.91728905 ], [ -68.98143243, -13.91709869 ], [ -68.98152761, -13.91700351 ], [ -68.98152761, -13.91690834 ], [ -68.98152761, -13.91681316 ], [ -68.98162279, -13.91671798 ], [ -68.98171797, -13.91652762 ], [ -68.98171797, -13.91643244 ], [ -68.98181315, -13.91643244 ], [ -68.98181315, -13.91624209 ], [ -68.98190833, -13.91605173 ], [ -68.9820035, -13.91595655 ], [ -68.98219386, -13.91576619 ], [ -68.98228904, -13.91548066 ], [ -68.98228904, -13.91519512 ], [ -68.98238422, -13.91509994 ], [ -68.9824794, -13.91500477 ], [ -68.9824794, -13.91490959 ], [ -68.9824794, -13.91481441 ], [ -68.98257458, -13.91471923 ], [ -68.98276493, -13.9144337 ], [ -68.98286011, -13.91424334 ], [ -68.98286011, -13.91414816 ], [ -68.98286011, -13.91405298 ], [ -68.98286011, -13.9139578 ], [ -68.98295529, -13.91386263 ], [ -68.98295529, -13.91376745 ], [ -68.98305047, -13.91357709 ], [ -68.98305047, -13.91348191 ], [ -68.98305047, -13.91338673 ], [ -68.98305047, -13.91329155 ], [ -68.98314565, -13.91329155 ], [ -68.98324082, -13.91291084 ], [ -68.98362154, -13.91253013 ], [ -68.98371672, -13.91233977 ], [ -68.98390707, -13.91205424 ], [ -68.98409743, -13.91157834 ], [ -68.98428779, -13.91148316 ], [ -68.98438297, -13.91138799 ], [ -68.98438297, -13.91119763 ], [ -68.98447814, -13.91110245 ], [ -68.98457332, -13.91100727 ], [ -68.98457332, -13.91091209 ], [ -68.98457332, -13.91081692 ], [ -68.98457332, -13.91072174 ], [ -68.9846685, -13.91062656 ], [ -68.9846685, -13.91053138 ], [ -68.9846685, -13.91034102 ], [ -68.9846685, -13.91015067 ], [ -68.98476368, -13.90996031 ], [ -68.98476368, -13.90986513 ], [ -68.98485886, -13.90967477 ], [ -68.98495404, -13.9095796 ], [ -68.98504921, -13.90948442 ], [ -68.98504922, -13.90938924 ], [ -68.98504922, -13.90929406 ], [ -68.98514439, -13.90929406 ], [ -68.98514439, -13.90919888 ], [ -68.98514439, -13.9091037 ], [ -68.98514439, -13.90900852 ], [ -68.98514439, -13.90881817 ], [ -68.98514439, -13.90872299 ], [ -68.98514439, -13.90862781 ], [ -68.98514439, -13.90853263 ], [ -68.98514439, -13.90843745 ], [ -68.98514439, -13.90834228 ], [ -68.98514439, -13.9082471 ], [ -68.98504921, -13.90805674 ], [ -68.98504921, -13.90796156 ], [ -68.98495404, -13.90767603 ], [ -68.98495404, -13.90748567 ], [ -68.98495404, -13.90720013 ], [ -68.98495404, -13.90710496 ], [ -68.98495404, -13.90700978 ], [ -68.98495404, -13.9069146 ], [ -68.98495404, -13.90681942 ], [ -68.98495404, -13.90662906 ], [ -68.98495404, -13.90653388 ], [ -68.98495404, -13.90643871 ], [ -68.98485886, -13.90624835 ], [ -68.98485886, -13.90615317 ], [ -68.98485886, -13.90605799 ], [ -68.98485886, -13.90596281 ], [ -68.98485886, -13.90586764 ], [ -68.98485886, -13.90577246 ], [ -68.98485886, -13.90567728 ], [ -68.98476368, -13.9055821 ], [ -68.9846685, -13.90548692 ], [ -68.9846685, -13.90539174 ], [ -68.9846685, -13.90529657 ], [ -68.9846685, -13.90520139 ], [ -68.9846685, -13.90510621 ], [ -68.9846685, -13.90501103 ], [ -68.9846685, -13.90491585 ], [ -68.98457332, -13.90491585 ], [ -68.98457332, -13.90482067 ], [ -68.98457332, -13.9047255 ], [ -68.98457332, -13.90453514 ], [ -68.98457332, -13.90443996 ], [ -68.98457332, -13.90434478 ], [ -68.98457332, -13.9042496 ], [ -68.98447814, -13.90415442 ], [ -68.98447814, -13.90405925 ], [ -68.98438297, -13.90396407 ], [ -68.98438297, -13.90377371 ], [ -68.98438297, -13.90367853 ], [ -68.98438297, -13.903393 ], [ -68.98438297, -13.90329782 ], [ -68.98438297, -13.90320264 ], [ -68.98438297, -13.90310746 ], [ -68.98438297, -13.90301228 ], [ -68.98438297, -13.90282193 ], [ -68.98438297, -13.90272675 ], [ -68.98438297, -13.90263157 ], [ -68.98428779, -13.90253639 ], [ -68.98428779, -13.90244121 ], [ -68.98428779, -13.90234603 ], [ -68.98419261, -13.90215568 ], [ -68.98419261, -13.9020605 ], [ -68.98419261, -13.90187014 ], [ -68.98409743, -13.90158461 ], [ -68.98400225, -13.90139425 ], [ -68.98390707, -13.90129907 ], [ -68.98381189, -13.90120389 ], [ -68.98381189, -13.90101354 ], [ -68.98371672, -13.90091836 ], [ -68.98362154, -13.90082318 ], [ -68.98352636, -13.900728 ], [ -68.98352636, -13.90063282 ], [ -68.98343118, -13.90053764 ], [ -68.98324082, -13.90034729 ], [ -68.98314565, -13.90025211 ], [ -68.98305047, -13.90006175 ], [ -68.98295529, -13.89996657 ], [ -68.98276493, -13.89987139 ], [ -68.98266975, -13.89977622 ], [ -68.98266975, -13.89968104 ], [ -68.98257458, -13.89958586 ], [ -68.9824794, -13.8993955 ], [ -68.9824794, -13.89930032 ], [ -68.9824794, -13.89920515 ], [ -68.9824794, -13.89910997 ], [ -68.9824794, -13.89901479 ], [ -68.9824794, -13.89882443 ], [ -68.9824794, -13.89863408 ], [ -68.9824794, -13.89844372 ], [ -68.9824794, -13.89815818 ], [ -68.9824794, -13.89787265 ], [ -68.9824794, -13.89777747 ], [ -68.9824794, -13.89768229 ], [ -68.9824794, -13.89749193 ], [ -68.9824794, -13.89730158 ], [ -68.9824794, -13.8972064 ], [ -68.98257458, -13.89711122 ], [ -68.98257457, -13.89701604 ], [ -68.98276493, -13.89682568 ], [ -68.98276493, -13.89663533 ], [ -68.98295529, -13.89644497 ], [ -68.98314565, -13.89606426 ], [ -68.98314565, -13.89596908 ], [ -68.983336, -13.8958739 ], [ -68.983336, -13.89577872 ], [ -68.98343118, -13.89568354 ], [ -68.98343118, -13.89558836 ], [ -68.98343118, -13.89549319 ], [ -68.98343118, -13.89539801 ], [ -68.98343118, -13.89530283 ], [ -68.983336, -13.89511247 ], [ -68.983336, -13.89492212 ], [ -68.98324082, -13.89482694 ], [ -68.98324082, -13.89473176 ], [ -68.98324082, -13.89463658 ], [ -68.98314565, -13.89444622 ], [ -68.98305047, -13.89444622 ], [ -68.98295529, -13.89435104 ], [ -68.98286011, -13.89425587 ], [ -68.98276493, -13.89416069 ], [ -68.98266975, -13.89416069 ], [ -68.98257457, -13.89406551 ], [ -68.98228904, -13.89387515 ], [ -68.98219386, -13.89377997 ], [ -68.98209868, -13.89377997 ], [ -68.98190833, -13.89358962 ], [ -68.98181315, -13.89349444 ], [ -68.98171797, -13.89349444 ], [ -68.98162279, -13.89349444 ], [ -68.98162279, -13.89339926 ], [ -68.98152761, -13.89330408 ], [ -68.98143243, -13.89330408 ], [ -68.98143243, -13.8932089 ], [ -68.98133726, -13.89311372 ], [ -68.98124208, -13.89301855 ], [ -68.9811469, -13.89292337 ], [ -68.98095654, -13.89273301 ], [ -68.98076618, -13.89263783 ], [ -68.98067101, -13.89254265 ], [ -68.98067101, -13.89244748 ], [ -68.98057583, -13.89244748 ], [ -68.98048065, -13.8923523 ], [ -68.98038547, -13.89216194 ], [ -68.98029029, -13.89216194 ], [ -68.98019511, -13.89206676 ], [ -68.98009994, -13.89197158 ], [ -68.98000476, -13.89187641 ], [ -68.9798144, -13.89168605 ], [ -68.97971922, -13.89168605 ], [ -68.97971922, -13.89159087 ], [ -68.97962404, -13.89149569 ], [ -68.97952887, -13.89149569 ], [ -68.97943369, -13.89140051 ], [ -68.97933851, -13.89130533 ], [ -68.97924333, -13.89121016 ], [ -68.97914815, -13.89111498 ], [ -68.97905297, -13.8910198 ], [ -68.97895779, -13.8910198 ], [ -68.97886262, -13.89082944 ], [ -68.97867226, -13.89063909 ], [ -68.97857708, -13.89054391 ], [ -68.97857708, -13.89044873 ], [ -68.9784819, -13.89035355 ], [ -68.9784819, -13.89025837 ], [ -68.9784819, -13.89016319 ], [ -68.9784819, -13.89006801 ], [ -68.97838672, -13.89006801 ], [ -68.97838672, -13.88987766 ], [ -68.97838672, -13.88978248 ], [ -68.97829155, -13.8896873 ], [ -68.97829155, -13.88959212 ], [ -68.97829155, -13.88949694 ], [ -68.97819637, -13.88930659 ], [ -68.97810119, -13.88902105 ], [ -68.97810119, -13.8888307 ], [ -68.97810119, -13.88873552 ], [ -68.97800601, -13.88864034 ], [ -68.97800601, -13.88854516 ], [ -68.97800601, -13.88844998 ], [ -68.97800601, -13.8883548 ], [ -68.97800601, -13.88825962 ], [ -68.97800601, -13.88806927 ], [ -68.97791083, -13.88797409 ], [ -68.97791083, -13.88787891 ], [ -68.97791083, -13.88768855 ], [ -68.97791083, -13.88759338 ], [ -68.97791083, -13.8874982 ], [ -68.97791083, -13.88740302 ], [ -68.97791083, -13.88730784 ], [ -68.97781565, -13.88721266 ], [ -68.97781565, -13.8870223 ], [ -68.97781565, -13.88692713 ], [ -68.97781565, -13.88673677 ], [ -68.97781565, -13.88664159 ], [ -68.97781565, -13.88645124 ], [ -68.97781565, -13.88635606 ], [ -68.97781565, -13.88626088 ], [ -68.97829155, -13.8835007 ], [ -68.97829155, -13.88340552 ], [ -68.97838672, -13.88331035 ], [ -68.97838672, -13.88321517 ], [ -68.9784819, -13.88311999 ], [ -68.9784819, -13.88302481 ], [ -68.9784819, -13.88273928 ], [ -68.9784819, -13.8826441 ], [ -68.9784819, -13.88245374 ], [ -68.97857708, -13.88226338 ], [ -68.97867226, -13.8821682 ], [ -68.97867226, -13.88197785 ], [ -68.97867226, -13.88178749 ], [ -68.97867226, -13.88169231 ], [ -68.97867226, -13.88150196 ], [ -68.97867226, -13.88112124 ], [ -68.97876744, -13.88083571 ], [ -68.97876744, -13.88074053 ], [ -68.97876744, -13.88055017 ], [ -68.97876744, -13.88045499 ], [ -68.97886262, -13.88026464 ], [ -68.97895779, -13.88007428 ], [ -68.97892204, -13.87958747 ], [ -68.9790886, -13.87884984 ], [ -68.97923137, -13.87801702 ], [ -68.97968346, -13.87666073 ], [ -68.98004038, -13.87575654 ], [ -68.98070663, -13.87466198 ], [ -68.98189636, -13.8736864 ], [ -68.98228904, -13.87322143 ], [ -68.98154413, -13.87188334 ], [ -68.98154413, -13.87173258 ], [ -68.98154413, -13.87143106 ], [ -68.98154413, -13.87128029 ], [ -68.98154413, -13.87112953 ], [ -68.98139337, -13.87097877 ], [ -68.98124261, -13.87097877 ], [ -68.98124261, -13.87082801 ], [ -68.98124261, -13.87067724 ], [ -68.98109185, -13.87052648 ], [ -68.98109185, -13.87037572 ], [ -68.98109185, -13.87022496 ], [ -68.98094108, -13.87022496 ], [ -68.98094108, -13.86992343 ], [ -68.98094108, -13.86977267 ], [ -68.98094108, -13.8696219 ], [ -68.98094108, -13.86947114 ], [ -68.98094108, -13.86932038 ], [ -68.98094108, -13.86916962 ], [ -68.98094108, -13.86901885 ], [ -68.98094108, -13.86871733 ], [ -68.98079032, -13.8684158 ], [ -68.98079032, -13.86826504 ], [ -68.98079032, -13.86811428 ], [ -68.98079032, -13.86781275 ], [ -68.98063956, -13.86781275 ], [ -68.98063956, -13.86751123 ], [ -68.98063956, -13.86736046 ], [ -68.98063956, -13.8672097 ], [ -68.98063956, -13.86690818 ], [ -68.98063956, -13.86675741 ], [ -68.9804888, -13.86675742 ], [ -68.9804888, -13.86645589 ], [ -68.9804888, -13.86615436 ], [ -68.9804888, -13.86585284 ], [ -68.9804888, -13.86555131 ], [ -68.98048879, -13.86540055 ], [ -68.9804888, -13.86509902 ], [ -68.9804888, -13.8647975 ], [ -68.98048879, -13.86464674 ], [ -68.9804888, -13.86449597 ], [ -68.9804888, -13.86419445 ], [ -68.98048879, -13.86404369 ], [ -68.9804888, -13.86374216 ], [ -68.98048879, -13.86344064 ], [ -68.9804888, -13.86328987 ], [ -68.9804888, -13.86298835 ], [ -68.98048879, -13.86283759 ], [ -68.9804888, -13.86268682 ], [ -68.9804888, -13.86253606 ], [ -68.9804888, -13.8623853 ], [ -68.98063956, -13.86208377 ], [ -68.98063956, -13.86193301 ], [ -68.98063956, -13.86178225 ], [ -68.98063956, -13.86163148 ], [ -68.98063956, -13.86148072 ], [ -68.98063956, -13.8611792 ], [ -68.98063956, -13.86102843 ], [ -68.98063956, -13.86087767 ], [ -68.98063956, -13.86057615 ], [ -68.98063956, -13.8599731 ], [ -68.98063956, -13.85982233 ], [ -68.98063956, -13.85952081 ], [ -68.98063956, -13.85921928 ], [ -68.98063956, -13.85906852 ], [ -68.98063956, -13.85876699 ], [ -68.98063956, -13.85861623 ], [ -68.98063956, -13.85846547 ], [ -68.98063956, -13.85831471 ], [ -68.98063956, -13.85816394 ], [ -68.98063956, -13.85801318 ], [ -68.98063956, -13.85771166 ], [ -68.98063956, -13.85756089 ], [ -68.98063956, -13.85725937 ], [ -68.98063956, -13.8571086 ], [ -68.98063956, -13.85695784 ], [ -68.98063956, -13.85680708 ], [ -68.9804888, -13.85650555 ], [ -68.9804888, -13.85635479 ], [ -68.98048879, -13.85605327 ], [ -68.9804888, -13.8559025 ], [ -68.9804888, -13.85560098 ], [ -68.9804888, -13.85545022 ], [ -68.98033803, -13.85529945 ], [ -68.98033803, -13.85514869 ], [ -68.98033803, -13.85499793 ], [ -68.98033803, -13.85484717 ], [ -68.98033803, -13.8546964 ], [ -68.98033803, -13.85454564 ], [ -68.98033803, -13.85439488 ], [ -68.98033803, -13.85424411 ], [ -68.98033803, -13.85409335 ], [ -68.98048879, -13.85394259 ], [ -68.9804888, -13.85364106 ], [ -68.98063956, -13.85333954 ], [ -68.98079032, -13.85318878 ], [ -68.98079032, -13.85303801 ], [ -68.98079032, -13.85288725 ], [ -68.98079032, -13.85273649 ], [ -68.98079032, -13.85258573 ], [ -68.98079032, -13.85243496 ], [ -68.98063956, -13.85243496 ], [ -68.98048879, -13.85243496 ], [ -68.98003651, -13.85243496 ], [ -68.97988575, -13.85243496 ], [ -68.97973498, -13.85243496 ], [ -68.97958422, -13.85243496 ], [ -68.97943346, -13.85243496 ], [ -68.97928269, -13.85243496 ], [ -68.97913193, -13.85243496 ], [ -68.97898117, -13.85243496 ], [ -68.97883041, -13.8522842 ], [ -68.97883041, -13.85213344 ], [ -68.97867964, -13.85198267 ], [ -68.97852888, -13.85168115 ], [ -68.97837812, -13.85168115 ], [ -68.97822736, -13.85153039 ], [ -68.97807659, -13.85137962 ], [ -68.97792583, -13.85137962 ], [ -68.97792583, -13.85122886 ], [ -68.97792583, -13.8510781 ], [ -68.97777507, -13.8510781 ], [ -68.97777507, -13.85092734 ], [ -68.97777507, -13.85077657 ], [ -68.9776243, -13.85062581 ], [ -68.97747354, -13.85047505 ], [ -68.97747354, -13.85032429 ], [ -68.97747354, -13.85017352 ], [ -68.97747354, -13.85002276 ], [ -68.97747354, -13.849872 ], [ -68.97747354, -13.84972124 ], [ -68.97747354, -13.84957047 ], [ -68.97747354, -13.84941971 ], [ -68.97747354, -13.84926895 ], [ -68.97747354, -13.84911818 ], [ -68.97747354, -13.84896742 ], [ -68.97747354, -13.84881666 ], [ -68.97732278, -13.84881666 ], [ -68.97732278, -13.8486659 ], [ -68.97702125, -13.84851513 ], [ -68.97671973, -13.84836437 ], [ -68.97656897, -13.84836437 ], [ -68.9764182, -13.84821361 ], [ -68.97611668, -13.84806285 ], [ -68.97611668, -13.84791208 ], [ -68.97596592, -13.84791208 ], [ -68.97596592, -13.84776132 ], [ -68.97596592, -13.8474598 ], [ -68.97596592, -13.84730903 ], [ -68.97596592, -13.84715827 ], [ -68.97596592, -13.84700751 ], [ -68.97596592, -13.84685674 ], [ -68.97596592, -13.84655522 ], [ -68.97596592, -13.84640446 ], [ -68.97581515, -13.84610293 ], [ -68.97581515, -13.84580141 ], [ -68.97581515, -13.84565064 ], [ -68.97566439, -13.84549988 ], [ -68.97566439, -13.84519835 ], [ -68.97566439, -13.84504759 ], [ -68.97566439, -13.84474607 ], [ -68.97566439, -13.8445953 ], [ -68.97566439, -13.84444454 ], [ -68.97566439, -13.84429378 ], [ -68.97566439, -13.84414302 ], [ -68.97551363, -13.84399225 ], [ -68.97551363, -13.84384149 ], [ -68.97536287, -13.84369073 ], [ -68.97536286, -13.84353997 ], [ -68.97506134, -13.84353997 ], [ -68.97506134, -13.8433892 ], [ -68.97491058, -13.84323844 ], [ -68.97491058, -13.84308768 ], [ -68.97491058, -13.84293692 ], [ -68.97475981, -13.84293692 ], [ -68.97460905, -13.84278615 ], [ -68.97445829, -13.84263539 ], [ -68.97445829, -13.84248463 ], [ -68.97430753, -13.84248463 ], [ -68.97430753, -13.84233386 ], [ -68.97415676, -13.84233387 ], [ -68.97415676, -13.8421831 ], [ -68.974006, -13.84203234 ], [ -68.97385524, -13.84188158 ], [ -68.97385524, -13.84173082 ], [ -68.97370448, -13.84173081 ], [ -68.97355371, -13.84158005 ], [ -68.97355371, -13.84142929 ], [ -68.97340295, -13.84142929 ], [ -68.97340295, -13.84127853 ], [ -68.97325219, -13.84112776 ], [ -68.97310143, -13.840977 ], [ -68.97295066, -13.84082624 ], [ -68.97295066, -13.84067548 ], [ -68.9727999, -13.84067548 ], [ -68.9727999, -13.84052471 ], [ -68.9727999, -13.84037395 ], [ -68.97249837, -13.84007243 ], [ -68.97249837, -13.83992166 ], [ -68.97234761, -13.83992166 ], [ -68.97234761, -13.8397709 ], [ -68.97234761, -13.83962014 ], [ -68.97234761, -13.83946937 ], [ -68.97219685, -13.83931861 ], [ -68.97219685, -13.83901709 ], [ -68.97204609, -13.83886632 ], [ -68.97204609, -13.83871556 ], [ -68.97189532, -13.8385648 ], [ -68.97189532, -13.83841404 ], [ -68.97189532, -13.83826327 ], [ -68.97189532, -13.83811251 ], [ -68.97144304, -13.83645412 ], [ -68.97129227, -13.83630336 ], [ -68.97129227, -13.8361526 ], [ -68.97114151, -13.83600183 ], [ -68.97114151, -13.83585107 ], [ -68.97099075, -13.83554955 ], [ -68.97099075, -13.83539878 ], [ -68.97083999, -13.83524802 ], [ -68.97083999, -13.8349465 ], [ -68.97068922, -13.83479573 ], [ -68.97053846, -13.83464497 ], [ -68.9703877, -13.83449421 ], [ -68.9703877, -13.83434344 ], [ -68.9703877, -13.83419268 ], [ -68.97023693, -13.83389116 ], [ -68.97008617, -13.83389116 ], [ -68.96993541, -13.83374039 ], [ -68.96963388, -13.83328811 ], [ -68.96948312, -13.83328811 ], [ -68.96933236, -13.83313734 ], [ -68.9691816, -13.83283582 ], [ -68.96903083, -13.83283582 ], [ -68.96903083, -13.83268506 ], [ -68.96888007, -13.83268506 ], [ -68.96888007, -13.83253429 ], [ -68.96872931, -13.83238353 ], [ -68.96857855, -13.83223277 ], [ -68.96842778, -13.83223277 ], [ -68.96842778, -13.83208201 ], [ -68.96842778, -13.83193124 ], [ -68.96827702, -13.83178048 ], [ -68.96827702, -13.83162972 ], [ -68.96812626, -13.83132819 ], [ -68.9679755, -13.83102667 ], [ -68.96782473, -13.83072514 ], [ -68.96767397, -13.83057438 ], [ -68.96767397, -13.83027285 ], [ -68.96737244, -13.83012209 ], [ -68.96737244, -13.82997133 ], [ -68.96737244, -13.82982057 ], [ -68.96722168, -13.8296698 ], [ -68.96722168, -13.82951904 ], [ -68.96707092, -13.82951904 ], [ -68.96707092, -13.82936828 ], [ -68.96707092, -13.82921752 ], [ -68.96692016, -13.82906675 ], [ -68.96676939, -13.82876523 ], [ -68.96676939, -13.82861446 ], [ -68.96661863, -13.8284637 ], [ -68.96646787, -13.82816218 ], [ -68.96631711, -13.82801141 ], [ -68.96631711, -13.82786065 ], [ -68.96631711, -13.82770989 ], [ -68.96616634, -13.82770989 ], [ -68.96616634, -13.82755913 ], [ -68.96616634, -13.82740836 ], [ -68.96601558, -13.82740836 ], [ -68.96601558, -13.82710684 ], [ -68.96601558, -13.82695607 ], [ -68.96601558, -13.82665455 ], [ -68.96586482, -13.82635302 ], [ -68.96571406, -13.82620226 ], [ -68.96571406, -13.8260515 ], [ -68.96571406, -13.82590074 ], [ -68.96571406, -13.82574997 ], [ -68.96571406, -13.82559921 ], [ -68.96586482, -13.82499616 ], [ -68.96586482, -13.8248454 ], [ -68.96601558, -13.8248454 ], [ -68.96601558, -13.82469464 ], [ -68.96601558, -13.82454387 ], [ -68.96616634, -13.82454387 ], [ -68.96631711, -13.82424235 ], [ -68.96646787, -13.82409158 ], [ -68.96646787, -13.82394082 ], [ -68.96646787, -13.82379006 ], [ -68.96661863, -13.8236393 ], [ -68.96661863, -13.82348853 ], [ -68.96661863, -13.82333777 ], [ -68.96661863, -13.82318701 ], [ -68.96676939, -13.82318701 ], [ -68.96676939, -13.82288548 ], [ -68.96692016, -13.82273472 ], [ -68.96692016, -13.82258396 ], [ -68.96692016, -13.8224332 ], [ -68.96903083, -13.82137786 ], [ -68.9691816, -13.82137786 ], [ -68.96933236, -13.82137786 ], [ -68.96948312, -13.82137786 ], [ -68.96948312, -13.82122709 ], [ -68.96963388, -13.82107633 ], [ -68.96978465, -13.82107633 ], [ -68.96993541, -13.82107633 ], [ -68.97008617, -13.82107633 ], [ -68.97023694, -13.82092557 ], [ -68.9703877, -13.82077481 ], [ -68.97053846, -13.82062404 ], [ -68.97068922, -13.82062404 ], [ -68.97083999, -13.82047328 ], [ -68.97099075, -13.82047328 ], [ -68.97114151, -13.82047328 ], [ -68.97144304, -13.82032252 ], [ -68.97174456, -13.82002099 ], [ -68.97189532, -13.81987023 ], [ -68.97204609, -13.81987023 ], [ -68.97234761, -13.81971947 ], [ -68.97234761, -13.81956871 ], [ -68.97249837, -13.8195687 ], [ -68.9727999, -13.81941794 ], [ -68.97295066, -13.81911642 ], [ -68.97310143, -13.81896565 ], [ -68.97310143, -13.81881489 ], [ -68.97340295, -13.81851337 ], [ -68.97355371, -13.8183626 ], [ -68.97355371, -13.81806108 ], [ -68.97370448, -13.81806108 ], [ -68.97385524, -13.81806108 ], [ -68.97385524, -13.81791032 ], [ -68.974006, -13.81791032 ], [ -68.974006, -13.81775955 ], [ -68.97415676, -13.81775955 ], [ -68.97415676, -13.81760879 ], [ -68.97415676, -13.81745803 ], [ -68.97430753, -13.81745803 ], [ -68.97445829, -13.81745803 ], [ -68.97445829, -13.81730726 ], [ -68.97460905, -13.81730727 ], [ -68.97460905, -13.8171565 ], [ -68.97475981, -13.8171565 ], [ -68.97475982, -13.81700574 ], [ -68.97475981, -13.81685498 ], [ -68.97491058, -13.81685498 ], [ -68.97506134, -13.81670421 ], [ -68.97506134, -13.81655345 ], [ -68.97506134, -13.81640269 ], [ -68.9752121, -13.81640269 ], [ -68.9752121, -13.81625193 ], [ -68.9752121, -13.81610116 ], [ -68.9752121, -13.8159504 ], [ -68.97536286, -13.8159504 ], [ -68.97536286, -13.81579964 ], [ -68.97551363, -13.81579964 ], [ -68.97551363, -13.81564888 ], [ -68.97611668, -13.8135382 ], [ -68.97611668, -13.81338744 ], [ -68.97596592, -13.81338744 ], [ -68.97581515, -13.81308591 ], [ -68.97581515, -13.81293515 ], [ -68.97581515, -13.81278439 ], [ -68.97581515, -13.81263362 ], [ -68.97566439, -13.8123321 ], [ -68.97551363, -13.81218134 ], [ -68.97551363, -13.81203057 ], [ -68.97536287, -13.81187981 ], [ -68.97536287, -13.81172905 ], [ -68.97536286, -13.81157828 ], [ -68.9752121, -13.81157828 ], [ -68.9752121, -13.81127676 ], [ -68.97506134, -13.81097523 ], [ -68.97506134, -13.81082447 ], [ -68.97506134, -13.81052295 ], [ -68.97506134, -13.81022142 ], [ -68.97506134, -13.81007066 ], [ -68.97506134, -13.80961837 ], [ -68.97491058, -13.80916608 ], [ -68.97491058, -13.80901532 ], [ -68.97491058, -13.80886456 ], [ -68.97491058, -13.80871379 ], [ -68.97491058, -13.80856303 ], [ -68.97491058, -13.80841227 ], [ -68.97491058, -13.80795998 ], [ -68.97491058, -13.80780922 ], [ -68.97491058, -13.80765846 ], [ -68.97491058, -13.80750769 ], [ -68.97491058, -13.80735693 ], [ -68.97491058, -13.80720617 ], [ -68.97491058, -13.80705541 ], [ -68.97491058, -13.80690464 ], [ -68.97491058, -13.80660312 ], [ -68.97491058, -13.80645235 ], [ -68.97491058, -13.80630159 ], [ -68.97491058, -13.80615083 ], [ -68.97491058, -13.80600007 ], [ -68.97475981, -13.8058493 ], [ -68.97475981, -13.80524625 ], [ -68.97475981, -13.8046432 ], [ -68.97475981, -13.80434168 ], [ -68.97460905, -13.80404015 ], [ -68.97445829, -13.8034371 ], [ -68.97445829, -13.80328634 ], [ -68.97445829, -13.80298481 ], [ -68.97445829, -13.80283405 ], [ -68.97445829, -13.80268329 ], [ -68.97445829, -13.80253253 ], [ -68.97445829, -13.80238176 ], [ -68.97445829, -13.802231 ], [ -68.97445829, -13.80192948 ], [ -68.97445829, -13.80132642 ], [ -68.97445829, -13.80072338 ], [ -68.97445829, -13.80042185 ], [ -68.97445829, -13.80027109 ], [ -68.97445829, -13.79996956 ], [ -68.97445829, -13.7998188 ], [ -68.97445829, -13.79951727 ], [ -68.97445829, -13.79921575 ], [ -68.97445829, -13.79906498 ], [ -68.97445829, -13.79891422 ], [ -68.97445829, -13.79876346 ], [ -68.97445829, -13.79846194 ], [ -68.97430753, -13.79816041 ], [ -68.97430753, -13.79770812 ], [ -68.97430753, -13.79755736 ], [ -68.97415676, -13.79695431 ], [ -68.97415676, -13.79665278 ], [ -68.97415676, -13.79650202 ], [ -68.97415676, -13.79589897 ], [ -68.97415676, -13.79559744 ], [ -68.97415676, -13.79544668 ], [ -68.97415676, -13.79484363 ], [ -68.97415676, -13.79469287 ], [ -68.97415676, -13.79454211 ], [ -68.97415676, -13.79439134 ], [ -68.97415676, -13.79424058 ], [ -68.97415676, -13.79393905 ], [ -68.97415676, -13.79378829 ], [ -68.97430753, -13.79318524 ], [ -68.97430753, -13.79288372 ], [ -68.97445829, -13.79273295 ], [ -68.97445829, -13.79258219 ], [ -68.97445829, -13.79243143 ], [ -68.97460905, -13.7921299 ], [ -68.97475981, -13.7921299 ], [ -68.97475981, -13.79182838 ], [ -68.97491058, -13.79182838 ], [ -68.97506134, -13.79137609 ], [ -68.9752121, -13.79137609 ], [ -68.97551363, -13.7909238 ], [ -68.97581515, -13.79062228 ], [ -68.97581515, -13.79047151 ], [ -68.97611668, -13.7897177 ], [ -68.9764182, -13.78896389 ], [ -68.97671973, -13.78836084 ], [ -68.97687049, -13.78805931 ], [ -68.97702125, -13.78775779 ], [ -68.97717202, -13.78715474 ], [ -68.97732278, -13.78655168 ], [ -68.97747354, -13.78625016 ], [ -68.97747354, -13.78594863 ], [ -68.9776243, -13.78564711 ], [ -68.97792583, -13.78519482 ], [ -68.97792583, -13.78504406 ], [ -68.97807659, -13.7848933 ], [ -68.97807659, -13.78459177 ], [ -68.97807659, -13.78444101 ], [ -68.97822736, -13.78444101 ], [ -68.97822736, -13.78429025 ], [ -68.97822736, -13.78413948 ], [ -68.97837812, -13.78383796 ], [ -68.97852888, -13.78353643 ], [ -68.97852888, -13.78338567 ], [ -68.97852888, -13.78323491 ], [ -68.97867964, -13.78308414 ], [ -68.97867964, -13.78278262 ], [ -68.97883041, -13.78248109 ], [ -68.97898117, -13.78202881 ], [ -68.97898117, -13.78187804 ], [ -68.97898117, -13.78172728 ], [ -68.97898117, -13.78142575 ], [ -68.97928269, -13.78097347 ], [ -68.97928269, -13.78067194 ], [ -68.97943346, -13.78037042 ], [ -68.97958422, -13.78006889 ], [ -68.97958422, -13.77991813 ], [ -68.97958422, -13.77976737 ], [ -68.97973498, -13.77946584 ], [ -68.97973498, -13.77931508 ], [ -68.97973498, -13.77916431 ], [ -68.97973498, -13.77886279 ], [ -68.97973498, -13.77871203 ], [ -68.97973498, -13.77856126 ], [ -68.97973498, -13.77825974 ], [ -68.97973498, -13.77795821 ], [ -68.97958422, -13.77765669 ], [ -68.97958422, -13.77750593 ], [ -68.97958422, -13.77735516 ], [ -68.97958422, -13.7772044 ], [ -68.97958422, -13.77705364 ], [ -68.97958422, -13.77690287 ], [ -68.97958422, -13.77675211 ], [ -68.97958422, -13.77660135 ], [ -68.97958422, -13.77629982 ], [ -68.97958422, -13.77614906 ], [ -68.97958422, -13.7759983 ], [ -68.97958422, -13.77554601 ], [ -68.97958422, -13.77524449 ], [ -68.97958422, -13.77509372 ], [ -68.97958422, -13.77494296 ], [ -68.97958422, -13.77449067 ], [ -68.97958422, -13.77418915 ], [ -68.97958422, -13.77403838 ], [ -68.97958422, -13.7735861 ], [ -68.97958422, -13.77343533 ], [ -68.97958422, -13.77313381 ], [ -68.97958422, -13.77298305 ], [ -68.97958422, -13.77283228 ], [ -68.97958422, -13.77268152 ], [ -68.97958422, -13.77238 ], [ -68.97958422, -13.77222923 ], [ -68.97958422, -13.77207847 ], [ -68.97958422, -13.77177695 ], [ -68.97958422, -13.77162618 ], [ -68.97958422, -13.77132466 ], [ -68.97958422, -13.77117389 ], [ -68.97958422, -13.77102313 ], [ -68.97958422, -13.77087237 ], [ -68.97958422, -13.77072161 ], [ -68.97958422, -13.77057084 ], [ -68.97958422, -13.77042008 ], [ -68.97958422, -13.77026932 ], [ -68.97958422, -13.76996779 ], [ -68.97958422, -13.76981703 ], [ -68.97958422, -13.76951551 ], [ -68.97958422, -13.76936474 ], [ -68.97958422, -13.76921398 ], [ -68.97958422, -13.76906322 ], [ -68.97958422, -13.76891245 ], [ -68.97943346, -13.76876169 ], [ -68.97943346, -13.76861093 ], [ -68.97943346, -13.76846017 ], [ -68.97943346, -13.7683094 ], [ -68.97928269, -13.76815864 ], [ -68.97928269, -13.76800788 ], [ -68.97928269, -13.76785712 ], [ -68.97928269, -13.76770635 ], [ -68.97913193, -13.76770635 ], [ -68.97913193, -13.76755559 ], [ -68.97913193, -13.76725407 ], [ -68.97898117, -13.76695254 ], [ -68.97898117, -13.76680178 ], [ -68.97883041, -13.76665102 ], [ -68.97883041, -13.76634949 ], [ -68.97883041, -13.76604796 ], [ -68.97867964, -13.763485 ], [ -68.97852888, -13.76303271 ], [ -68.97837812, -13.76288195 ], [ -68.97837812, -13.76273119 ], [ -68.97837812, -13.76242966 ], [ -68.97822736, -13.7622789 ], [ -68.97822736, -13.76212814 ], [ -68.97822736, -13.76197737 ], [ -68.97807659, -13.76182661 ], [ -68.97807659, -13.76167585 ], [ -68.97792583, -13.76152509 ], [ -68.97792583, -13.76122356 ], [ -68.97792583, -13.7610728 ], [ -68.97792583, -13.76092203 ], [ -68.97792583, -13.76077127 ], [ -68.97792583, -13.76001746 ], [ -68.97807659, -13.75971593 ], [ -68.97807659, -13.75956517 ], [ -68.97807659, -13.75941441 ], [ -68.97822736, -13.75926365 ], [ -68.97837812, -13.75911288 ], [ -68.97837812, -13.75896212 ], [ -68.97852888, -13.75896212 ], [ -68.97852888, -13.75881136 ], [ -68.97852888, -13.75866059 ], [ -68.97867964, -13.75850983 ], [ -68.97883041, -13.75850983 ], [ -68.97883041, -13.75835907 ], [ -68.97898117, -13.75820831 ], [ -68.97913193, -13.75805754 ], [ -68.97943346, -13.75760526 ], [ -68.97958422, -13.75745449 ], [ -68.97973498, -13.75730373 ], [ -68.97988574, -13.75715297 ], [ -68.98003651, -13.75715297 ], [ -68.98003651, -13.75700221 ], [ -68.98018727, -13.75700221 ], [ -68.98033803, -13.75700221 ], [ -68.9804888, -13.75700221 ], [ -68.9804888, -13.75685144 ], [ -68.98063956, -13.75685144 ], [ -68.98094108, -13.75670068 ], [ -68.98109185, -13.75654992 ], [ -68.98124261, -13.75654992 ], [ -68.98139337, -13.75639915 ], [ -68.98154413, -13.75624839 ], [ -68.98184566, -13.75609763 ], [ -68.98199642, -13.75594687 ], [ -68.98214718, -13.7557961 ], [ -68.98229795, -13.75564534 ], [ -68.98244871, -13.75564534 ], [ -68.98259947, -13.75549458 ], [ -68.98275024, -13.75549458 ], [ -68.982901, -13.75549458 ], [ -68.982901, -13.75534382 ], [ -68.98305176, -13.75534382 ], [ -68.98320252, -13.75534382 ], [ -68.98320252, -13.75519305 ], [ -68.98335329, -13.75504229 ], [ -68.98350405, -13.75489153 ], [ -68.98365481, -13.75489153 ], [ -68.98380557, -13.75474077 ], [ -68.98395634, -13.75474077 ], [ -68.9841071, -13.75474077 ], [ -68.9841071, -13.75459 ], [ -68.98425786, -13.75459 ], [ -68.98440862, -13.75459 ], [ -68.98455939, -13.75459 ], [ -68.98455939, -13.75474077 ], [ -68.98471015, -13.75474077 ], [ -68.98471015, -13.75489153 ], [ -68.98471015, -13.75504229 ], [ -68.98486091, -13.75504229 ], [ -68.98501167, -13.75504229 ], [ -68.98516244, -13.75504229 ], [ -68.9853132, -13.75504229 ], [ -68.98546396, -13.75504229 ], [ -68.98561473, -13.75504229 ], [ -68.98576549, -13.75504229 ], [ -68.98606701, -13.75474077 ], [ -68.98621778, -13.75443924 ], [ -68.98636854, -13.75413771 ], [ -68.98667006, -13.75383619 ], [ -68.98682083, -13.75353466 ], [ -68.98682083, -13.7533839 ], [ -68.98712235, -13.75323314 ], [ -68.98727311, -13.75323314 ], [ -68.98727311, -13.75308238 ], [ -68.98742388, -13.75308238 ], [ -68.98742388, -13.75293161 ], [ -68.98757464, -13.75293161 ], [ -68.9877254, -13.75293161 ], [ -68.9877254, -13.75278085 ], [ -68.9877254, -13.75263009 ], [ -68.98787617, -13.75263009 ], [ -68.98787616, -13.75247933 ], [ -68.98817769, -13.7521778 ], [ -68.98817769, -13.75202704 ], [ -68.98832845, -13.75172551 ], [ -68.98832845, -13.75157475 ], [ -68.98832845, -13.75142399 ], [ -68.98832845, -13.75127322 ], [ -68.98847922, -13.75112246 ], [ -68.98847922, -13.7509717 ], [ -68.98878074, -13.7509717 ], [ -68.98878074, -13.75082094 ], [ -68.9889315, -13.75051941 ], [ -68.98908227, -13.75051941 ], [ -68.98923303, -13.75051941 ], [ -68.98938379, -13.75051941 ], [ -68.98953455, -13.75051941 ], [ -68.98968532, -13.75051941 ], [ -68.98983608, -13.75051941 ], [ -68.98998684, -13.75051941 ], [ -68.9901376, -13.75036865 ], [ -68.99043913, -13.75036865 ], [ -68.99058989, -13.75036865 ], [ -68.99058989, -13.75021789 ], [ -68.99074066, -13.75021789 ], [ -68.99089142, -13.75021789 ], [ -68.99089142, -13.75006712 ], [ -68.99104218, -13.75006712 ], [ -68.99104218, -13.74991636 ], [ -68.99134371, -13.74991636 ], [ -68.99134371, -13.7497656 ], [ -68.99149447, -13.7497656 ], [ -68.99149447, -13.74961484 ], [ -68.99164523, -13.74961484 ], [ -68.99164523, -13.74946407 ], [ -68.99179599, -13.74946407 ], [ -68.99179599, -13.74931331 ], [ -68.99194676, -13.74931331 ], [ -68.99209752, -13.74931331 ], [ -68.99209752, -13.74916255 ], [ -68.99209752, -13.74901179 ], [ -68.99209752, -13.74886102 ], [ -68.99224828, -13.74871026 ], [ -68.99239904, -13.7485595 ], [ -68.99239904, -13.74840873 ], [ -68.99239904, -13.74825797 ], [ -68.99254981, -13.74810721 ], [ -68.99254981, -13.74780568 ], [ -68.99270057, -13.74780568 ], [ -68.99285133, -13.74765492 ], [ -68.9930021, -13.74765492 ], [ -68.99315286, -13.7473534 ], [ -68.99330362, -13.74720263 ], [ -68.99345438, -13.74720263 ], [ -68.99345438, -13.74705187 ], [ -68.99360515, -13.74705187 ], [ -68.99360515, -13.74690111 ], [ -68.99375591, -13.74690111 ], [ -68.99390667, -13.74675035 ], [ -68.99405743, -13.74675035 ], [ -68.99405743, -13.74659958 ], [ -68.9942082, -13.74659958 ], [ -68.9942082, -13.74644882 ], [ -68.99435896, -13.74629806 ], [ -68.99450972, -13.74614729 ], [ -68.99466048, -13.74599653 ], [ -68.99481125, -13.74584577 ], [ -68.99496201, -13.74569501 ], [ -68.99511277, -13.74554424 ], [ -68.99511277, -13.74539348 ], [ -68.99526353, -13.74524272 ], [ -68.99526353, -13.74509196 ], [ -68.9954143, -13.74509196 ], [ -68.99556506, -13.74509196 ], [ -68.99571582, -13.74509196 ], [ -68.99586659, -13.74509196 ], [ -68.99601735, -13.74509196 ], [ -68.99616811, -13.74509196 ], [ -68.99616811, -13.74524272 ], [ -68.99616811, -13.74539348 ], [ -68.99631887, -13.74539348 ], [ -68.99631887, -13.74554424 ], [ -68.99646964, -13.74554424 ], [ -68.9966204, -13.74554424 ], [ -68.99677116, -13.74554424 ], [ -68.99692192, -13.74554424 ], [ -68.99722345, -13.74554424 ], [ -68.99767574, -13.74539348 ], [ -68.99812803, -13.74524272 ], [ -68.99827879, -13.74509196 ], [ -68.99827879, -13.74494119 ], [ -68.99842955, -13.74494119 ], [ -68.99842955, -13.74479043 ], [ -68.99858031, -13.74463967 ], [ -68.99873108, -13.74448891 ], [ -68.99873108, -13.74433814 ], [ -68.99966599, -13.74303896 ], [ -68.99973737, -13.74303896 ], [ -68.99980875, -13.74303896 ], [ -68.99988014, -13.74303896 ], [ -68.99995152, -13.74296757 ], [ -69.00002291, -13.74296757 ], [ -69.00009429, -13.74296757 ], [ -69.00016567, -13.74296757 ], [ -69.00023706, -13.74296757 ], [ -69.00045121, -13.74303896 ], [ -69.00059398, -13.74311034 ], [ -69.00066536, -13.74318173 ], [ -69.00073674, -13.74318172 ], [ -69.00087951, -13.74325311 ], [ -69.0009509, -13.74332449 ], [ -69.00102228, -13.74332449 ], [ -69.00109366, -13.74332449 ], [ -69.00123643, -13.74339588 ], [ -69.0013792, -13.74339588 ], [ -69.00152197, -13.74353864 ], [ -69.00166473, -13.74353864 ], [ -69.00173612, -13.74353864 ], [ -69.0018075, -13.74353864 ], [ -69.00187889, -13.74353864 ], [ -69.00209304, -13.74353864 ], [ -69.00216442, -13.74353864 ], [ -69.0022358, -13.74361003 ], [ -69.00230719, -13.74361003 ], [ -69.00237857, -13.74361003 ], [ -69.00252134, -13.74368141 ], [ -69.00259272, -13.74368141 ], [ -69.00266411, -13.74368141 ], [ -69.00273549, -13.74361003 ], [ -69.00287826, -13.74332449 ], [ -69.00287826, -13.74325311 ], [ -69.00302103, -13.74296757 ], [ -69.00309241, -13.74282481 ], [ -69.00309241, -13.74275342 ], [ -69.00309241, -13.74268204 ], [ -69.00316379, -13.74261065 ], [ -69.00316379, -13.74253927 ], [ -69.00323518, -13.74253927 ], [ -69.00323518, -13.74246789 ], [ -69.00323518, -13.7423965 ], [ -69.00323518, -13.74232512 ], [ -69.00323518, -13.74225373 ], [ -69.00323518, -13.74218235 ], [ -69.00323518, -13.74211097 ], [ -69.00323518, -13.74203958 ], [ -69.00323518, -13.7419682 ], [ -69.00323518, -13.74189682 ], [ -69.00323518, -13.74182543 ], [ -69.00323518, -13.74175405 ], [ -69.00323518, -13.74168266 ], [ -69.00330656, -13.7415399 ], [ -69.00337795, -13.74146851 ], [ -69.00344933, -13.74146851 ], [ -69.00352071, -13.74146851 ], [ -69.0035921, -13.74146851 ], [ -69.00373486, -13.74139713 ], [ -69.00387763, -13.74139713 ], [ -69.0040204, -13.74139713 ], [ -69.00416317, -13.74139713 ], [ -69.00416317, -13.74132575 ], [ -69.00423455, -13.74132574 ], [ -69.0044487, -13.74132575 ], [ -69.00459147, -13.74125436 ], [ -69.00466285, -13.74118298 ], [ -69.00473424, -13.74111159 ], [ -69.00480562, -13.74111159 ], [ -69.00501977, -13.74104021 ], [ -69.00523393, -13.74104021 ], [ -69.00523393, -13.74096883 ], [ -69.00537669, -13.74089744 ], [ -69.00544808, -13.74089744 ], [ -69.00566223, -13.74082606 ], [ -69.00573361, -13.74082606 ], [ -69.00594776, -13.74075467 ], [ -69.00609053, -13.74068329 ], [ -69.00630468, -13.74061191 ], [ -69.00637607, -13.74061191 ], [ -69.00644745, -13.74054052 ], [ -69.00659022, -13.74046914 ], [ -69.0066616, -13.74039776 ], [ -69.00680437, -13.74032637 ], [ -69.00694714, -13.74025499 ], [ -69.00701852, -13.74025499 ], [ -69.00716129, -13.74011222 ], [ -69.00716129, -13.74004084 ], [ -69.00737544, -13.73996945 ], [ -69.00758959, -13.73968392 ], [ -69.00780374, -13.73954115 ], [ -69.00787513, -13.73939838 ], [ -69.00787513, -13.73925561 ], [ -69.00787513, -13.73918423 ], [ -69.00794651, -13.73911285 ], [ -69.0080179, -13.73897008 ], [ -69.0080179, -13.7388987 ], [ -69.00808928, -13.73868454 ], [ -69.00808928, -13.73861316 ], [ -69.00816066, -13.73847039 ], [ -69.00823205, -13.73839901 ], [ -69.00823205, -13.73832762 ], [ -69.00830343, -13.73825624 ], [ -69.00837481, -13.73825624 ], [ -69.0084462, -13.73825624 ], [ -69.00851758, -13.73825624 ], [ -69.00858897, -13.73825624 ], [ -69.00873173, -13.73825624 ], [ -69.00894589, -13.73825624 ], [ -69.00908865, -13.73825624 ], [ -69.00916004, -13.73825624 ], [ -69.00923142, -13.73825624 ], [ -69.00937419, -13.73825624 ], [ -69.00944557, -13.73825624 ], [ -69.00958834, -13.73825624 ], [ -69.00958834, -13.73832762 ], [ -69.00965972, -13.73832762 ], [ -69.00965972, -13.73839901 ], [ -69.00965972, -13.73847039 ], [ -69.00973111, -13.73847039 ], [ -69.00987387, -13.73861316 ], [ -69.01001664, -13.73861316 ], [ -69.01008803, -13.73861316 ], [ -69.01015941, -13.73861316 ], [ -69.01030218, -13.73868454 ], [ -69.01037356, -13.73868454 ], [ -69.01044494, -13.73868454 ], [ -69.0106591, -13.73868454 ], [ -69.01101602, -13.73854178 ], [ -69.01130155, -13.73847039 ], [ -69.01137294, -13.73839901 ], [ -69.01144432, -13.73839901 ], [ -69.0115157, -13.73839901 ], [ -69.01165847, -13.73839901 ], [ -69.01172985, -13.73839901 ], [ -69.01187262, -13.73847039 ], [ -69.01194401, -13.73854178 ], [ -69.01208677, -13.73861316 ], [ -69.01215816, -13.73868454 ], [ -69.01230093, -13.73882731 ], [ -69.01230092, -13.7388987 ], [ -69.01230093, -13.73897008 ], [ -69.01237231, -13.73911285 ], [ -69.01237231, -13.739327 ], [ -69.01251508, -13.73954115 ], [ -69.01251508, -13.73961253 ], [ -69.01258646, -13.73968392 ], [ -69.01258646, -13.73982668 ], [ -69.01258646, -13.73989807 ], [ -69.01265784, -13.74004084 ], [ -69.01272923, -13.74011222 ], [ -69.01280061, -13.74011222 ], [ -69.01294338, -13.7401836 ], [ -69.01322891, -13.74025499 ], [ -69.01337168, -13.74025499 ], [ -69.01351445, -13.74025499 ], [ -69.01358583, -13.74025499 ], [ -69.0137286, -13.74032637 ], [ -69.01379998, -13.74032637 ], [ -69.01387137, -13.74032637 ], [ -69.01394275, -13.74032637 ], [ -69.01401414, -13.74032637 ], [ -69.0141569, -13.74032637 ], [ -69.01437106, -13.7401836 ], [ -69.01487074, -13.74004084 ], [ -69.01515628, -13.73982669 ], [ -69.01522766, -13.73982668 ], [ -69.01529905, -13.73982668 ], [ -69.01544181, -13.7397553 ], [ -69.0155132, -13.7397553 ], [ -69.01565596, -13.73961253 ], [ -69.01572735, -13.73961253 ], [ -69.01579873, -13.73961253 ], [ -69.01587012, -13.73961253 ], [ -69.0159415, -13.73954115 ], [ -69.01601288, -13.73954115 ], [ -69.01608427, -13.73946977 ], [ -69.01615565, -13.739327 ], [ -69.01615565, -13.73918423 ], [ -69.01622704, -13.73897008 ], [ -69.01622704, -13.73882731 ], [ -69.01622704, -13.73875593 ], [ -69.01622704, -13.73868454 ], [ -69.01622704, -13.73861316 ], [ -69.01615565, -13.73854178 ], [ -69.01587012, -13.73854178 ], [ -69.01572735, -13.73839901 ], [ -69.01558458, -13.73825624 ], [ -69.0155132, -13.73825624 ], [ -69.01544181, -13.73811347 ], [ -69.01544181, -13.73797071 ], [ -69.01544181, -13.73789932 ], [ -69.01544181, -13.73775655 ], [ -69.01544181, -13.73768517 ], [ -69.0155132, -13.73768517 ], [ -69.01558458, -13.73768517 ], [ -69.01565596, -13.73768517 ], [ -69.01565597, -13.73761379 ], [ -69.01572735, -13.73761379 ], [ -69.01579873, -13.73761379 ], [ -69.01608427, -13.73761379 ], [ -69.01615565, -13.73761379 ], [ -69.0163698, -13.73768517 ], [ -69.01658395, -13.73768517 ], [ -69.01665534, -13.73775655 ], [ -69.01694087, -13.73804209 ], [ -69.01701226, -13.73804209 ], [ -69.01708364, -13.73811347 ], [ -69.01708364, -13.73818486 ], [ -69.01708364, -13.73832762 ], [ -69.01708364, -13.73839901 ], [ -69.01715503, -13.73847039 ], [ -69.01715503, -13.73854178 ], [ -69.01722641, -13.73861316 ], [ -69.01736918, -13.73875593 ], [ -69.01751194, -13.73882731 ], [ -69.01758333, -13.7388987 ], [ -69.01765471, -13.73897008 ], [ -69.01786886, -13.73897008 ], [ -69.01794025, -13.73904146 ], [ -69.01836855, -13.73911285 ], [ -69.01886824, -13.73925561 ], [ -69.01943931, -13.73868454 ], [ -69.01951069, -13.73861316 ], [ -69.01958208, -13.73854178 ], [ -69.01965346, -13.73854178 ], [ -69.01965346, -13.73847039 ], [ -69.01972484, -13.73839901 ], [ -69.01979623, -13.73832762 ], [ -69.019939, -13.73832762 ], [ -69.02015315, -13.73818486 ], [ -69.02029591, -13.73818486 ], [ -69.0203673, -13.73811347 ], [ -69.02051007, -13.73804209 ], [ -69.02058145, -13.73804209 ], [ -69.02058145, -13.73797071 ], [ -69.02072422, -13.73789932 ], [ -69.0207956, -13.73789932 ], [ -69.02093837, -13.73789932 ], [ -69.02100975, -13.73789932 ], [ -69.02115252, -13.73789932 ], [ -69.02129529, -13.73789932 ], [ -69.02136667, -13.73789932 ], [ -69.02143805, -13.73789932 ], [ -69.02165221, -13.73789932 ], [ -69.02186636, -13.73789932 ], [ -69.02193774, -13.73789932 ], [ -69.02200913, -13.73797071 ], [ -69.02208051, -13.73797071 ], [ -69.02215189, -13.7379707 ], [ -69.02222328, -13.73797071 ], [ -69.02229466, -13.73797071 ], [ -69.02236605, -13.7379707 ], [ -69.02250881, -13.73797071 ], [ -69.02265158, -13.73797071 ], [ -69.02272296, -13.73797071 ], [ -69.02279435, -13.73797071 ], [ -69.02286573, -13.73797071 ], [ -69.0230085, -13.73797071 ], [ -69.02315127, -13.73797071 ], [ -69.02322265, -13.73797071 ], [ -69.02329403, -13.7379707 ], [ -69.02336542, -13.73797071 ], [ -69.0234368, -13.73797071 ], [ -69.02350819, -13.73797071 ], [ -69.02357957, -13.73797071 ], [ -69.02372234, -13.73804209 ], [ -69.02379372, -13.73804209 ], [ -69.02379372, -13.73811347 ], [ -69.02386511, -13.73811347 ], [ -69.02400787, -13.73825624 ], [ -69.02407926, -13.73825624 ], [ -69.02415064, -13.73839901 ], [ -69.02422202, -13.73839901 ], [ -69.02443618, -13.73861316 ], [ -69.02450756, -13.73861316 ], [ -69.02472171, -13.73875593 ], [ -69.02507863, -13.7388987 ], [ -69.02515001, -13.73897008 ], [ -69.02529278, -13.73904146 ], [ -69.02536417, -13.73904146 ], [ -69.02543555, -13.73904146 ], [ -69.02550693, -13.73911285 ], [ -69.0256497, -13.73911285 ], [ -69.02586385, -13.73911285 ], [ -69.02600662, -13.73911285 ], [ -69.02614939, -13.73911285 ], [ -69.02636354, -13.73904146 ], [ -69.02643492, -13.73897008 ], [ -69.02650631, -13.7388987 ], [ -69.02650631, -13.73882731 ], [ -69.02650631, -13.73861316 ], [ -69.02650631, -13.73854178 ], [ -69.02650631, -13.73847039 ], [ -69.02650631, -13.73832762 ], [ -69.02650631, -13.73825624 ], [ -69.02650631, -13.73811347 ], [ -69.02643492, -13.73804209 ], [ -69.02643492, -13.73782794 ], [ -69.02643492, -13.73768517 ], [ -69.02643492, -13.73747102 ], [ -69.02643492, -13.73739964 ], [ -69.02643492, -13.73732825 ], [ -69.02643492, -13.73718548 ], [ -69.02643492, -13.73704272 ], [ -69.02643492, -13.73689995 ], [ -69.02643492, -13.73675718 ], [ -69.02657769, -13.73661441 ], [ -69.02664908, -13.73647165 ], [ -69.02664908, -13.73640026 ], [ -69.02672046, -13.73632888 ], [ -69.02672046, -13.73625749 ], [ -69.02679184, -13.73618611 ], [ -69.02686323, -13.73611473 ], [ -69.02700599, -13.73597196 ], [ -69.02707738, -13.73597196 ], [ -69.02714876, -13.73575781 ], [ -69.02722015, -13.73561504 ], [ -69.02729153, -13.73554366 ], [ -69.02736291, -13.73554366 ], [ -69.0274343, -13.73547227 ], [ -69.02750568, -13.73547227 ], [ -69.02750568, -13.73540089 ], [ -69.02900474, -13.73433013 ], [ -69.02900474, -13.73425875 ], [ -69.02914751, -13.73404459 ], [ -69.02914751, -13.73397321 ], [ -69.02921889, -13.73390183 ], [ -69.02929028, -13.73383044 ], [ -69.02936166, -13.73368768 ], [ -69.02936166, -13.73354491 ], [ -69.02943304, -13.73354491 ], [ -69.02943304, -13.73340214 ], [ -69.02943304, -13.73333076 ], [ -69.02943304, -13.73318799 ], [ -69.02950443, -13.73318799 ], [ -69.02957581, -13.7331166 ], [ -69.02957581, -13.73304522 ], [ -69.0296472, -13.73304522 ], [ -69.02971858, -13.73297384 ], [ -69.02986135, -13.73297384 ], [ -69.02986135, -13.73290245 ], [ -69.02993273, -13.73290245 ], [ -69.03000411, -13.73290245 ], [ -69.0300755, -13.73283107 ], [ -69.03021827, -13.73275969 ], [ -69.03021827, -13.7326883 ], [ -69.03036103, -13.73261692 ], [ -69.03043242, -13.73254553 ], [ -69.03043242, -13.73247415 ], [ -69.03057519, -13.73233138 ], [ -69.03057519, -13.73218862 ], [ -69.03057519, -13.73211723 ], [ -69.03064657, -13.7318317 ], [ -69.03064657, -13.73176031 ], [ -69.03071795, -13.73168893 ], [ -69.03071795, -13.73161754 ], [ -69.03078934, -13.73154616 ], [ -69.03078934, -13.73147478 ], [ -69.03078934, -13.73140339 ], [ -69.03078934, -13.73133201 ], [ -69.03078934, -13.73118924 ], [ -69.03078934, -13.73111786 ], [ -69.03078934, -13.73104647 ], [ -69.03078934, -13.73097509 ], [ -69.03078934, -13.73083232 ], [ -69.03078934, -13.73061817 ], [ -69.03086072, -13.73054679 ], [ -69.03086072, -13.7304754 ], [ -69.0309321, -13.73040402 ], [ -69.0309321, -13.73033264 ], [ -69.03107487, -13.73026125 ], [ -69.03121764, -13.73011848 ], [ -69.03128902, -13.73011848 ], [ -69.03143179, -13.72997572 ], [ -69.03157456, -13.72990433 ], [ -69.03171733, -13.72990433 ], [ -69.03178871, -13.72983295 ], [ -69.03193148, -13.72976156 ], [ -69.03200286, -13.72976156 ], [ -69.03207425, -13.72969018 ], [ -69.03214563, -13.72969018 ], [ -69.03221701, -13.72969018 ], [ -69.0322884, -13.72969018 ], [ -69.03235978, -13.72969018 ], [ -69.03243116, -13.7296188 ], [ -69.03257393, -13.7296188 ], [ -69.0327167, -13.72954741 ], [ -69.03300224, -13.72947603 ], [ -69.03307362, -13.72947603 ], [ -69.03321639, -13.72933326 ], [ -69.03343054, -13.72919049 ], [ -69.03357331, -13.72911911 ], [ -69.03371607, -13.72897634 ], [ -69.03385884, -13.72890496 ], [ -69.03400161, -13.72869081 ], [ -69.03421576, -13.72854804 ], [ -69.03428715, -13.72840527 ], [ -69.03435853, -13.72840527 ], [ -69.03442991, -13.72833389 ], [ -69.03442991, -13.7282625 ], [ -69.03442991, -13.72819112 ], [ -69.03428714, -13.72811974 ], [ -69.03421576, -13.72811974 ], [ -69.03400161, -13.72790559 ], [ -69.03385884, -13.7278342 ], [ -69.03371607, -13.72769143 ], [ -69.03364469, -13.72762005 ], [ -69.03364469, -13.72754867 ], [ -69.03350192, -13.72754867 ], [ -69.03343054, -13.72754867 ], [ -69.03335915, -13.72747728 ], [ -69.03328777, -13.7274059 ], [ -69.033145, -13.72733451 ], [ -69.03307362, -13.72726313 ], [ -69.03300224, -13.72719175 ], [ -69.03285947, -13.72704898 ], [ -69.0327167, -13.72704898 ], [ -69.03264532, -13.7269776 ], [ -69.03250255, -13.72690621 ], [ -69.03243116, -13.72683483 ], [ -69.03235978, -13.72683483 ], [ -69.03235978, -13.72676344 ], [ -69.03221701, -13.72662068 ], [ -69.03214563, -13.72640652 ], [ -69.03214563, -13.72633514 ], [ -69.03200286, -13.72619237 ], [ -69.03200286, -13.72604961 ], [ -69.03200286, -13.72590684 ], [ -69.03200286, -13.72583545 ], [ -69.03200286, -13.7256213 ], [ -69.03193148, -13.72554992 ], [ -69.03193148, -13.72540715 ], [ -69.03193148, -13.72526438 ], [ -69.03193148, -13.725193 ], [ -69.03193148, -13.72505023 ], [ -69.03193148, -13.72483608 ], [ -69.03193148, -13.7247647 ], [ -69.03193148, -13.72447916 ], [ -69.03193148, -13.72440778 ], [ -69.03193148, -13.72412224 ], [ -69.03193148, -13.72405086 ], [ -69.03193148, -13.72376532 ], [ -69.03200286, -13.72362256 ], [ -69.03200286, -13.72326564 ], [ -69.03200286, -13.72319425 ], [ -69.03207425, -13.7229801 ], [ -69.03214563, -13.72290872 ], [ -69.03214563, -13.72262318 ], [ -69.0322884, -13.72233765 ], [ -69.03235978, -13.72219488 ], [ -69.03235978, -13.72205211 ], [ -69.03243117, -13.72198073 ], [ -69.03250255, -13.72198073 ], [ -69.03250255, -13.72190934 ], [ -69.03257393, -13.72190934 ], [ -69.03264532, -13.72183796 ], [ -69.03278808, -13.72169519 ], [ -69.03293085, -13.72148104 ], [ -69.03307362, -13.72133827 ], [ -69.03321639, -13.72119551 ], [ -69.03335916, -13.72112412 ], [ -69.03343054, -13.72098135 ], [ -69.03350192, -13.72090997 ], [ -69.03357331, -13.72083859 ], [ -69.03364469, -13.72069582 ], [ -69.03371607, -13.72069582 ], [ -69.03378746, -13.72062443 ], [ -69.03385884, -13.72048167 ], [ -69.03393023, -13.72048167 ], [ -69.03393023, -13.7203389 ], [ -69.03407299, -13.72026752 ], [ -69.03414438, -13.72019613 ], [ -69.03421576, -13.72005336 ], [ -69.03435853, -13.71983921 ], [ -69.03442991, -13.71976783 ], [ -69.0345013, -13.71969644 ], [ -69.03464406, -13.71955368 ], [ -69.03464406, -13.71948229 ], [ -69.03471545, -13.71933953 ], [ -69.03471545, -13.71926814 ], [ -69.03471545, -13.71919676 ], [ -69.03471545, -13.71905399 ], [ -69.03478683, -13.71891122 ], [ -69.03478683, -13.71883984 ], [ -69.03485821, -13.71869707 ], [ -69.03485822, -13.71862569 ], [ -69.03485821, -13.71848292 ], [ -69.0349296, -13.71826877 ], [ -69.0349296, -13.71819739 ], [ -69.0349296, -13.71805462 ], [ -69.0349296, -13.71798323 ], [ -69.03500098, -13.71776908 ], [ -69.03500098, -13.7176977 ], [ -69.03507237, -13.71755493 ], [ -69.03514375, -13.71734078 ], [ -69.03514375, -13.71719801 ], [ -69.03521513, -13.71705524 ], [ -69.03528652, -13.71691248 ], [ -69.03528652, -13.71676971 ], [ -69.0353579, -13.71669832 ], [ -69.03542929, -13.71662694 ], [ -69.03542929, -13.71655556 ], [ -69.03550067, -13.71641279 ], [ -69.03557205, -13.71641279 ], [ -69.03564344, -13.71627002 ], [ -69.03564344, -13.71619864 ], [ -69.03578621, -13.71612725 ], [ -69.03585759, -13.71605587 ], [ -69.03585759, -13.71598449 ], [ -69.03592897, -13.7159131 ], [ -69.03607174, -13.71584172 ], [ -69.03614312, -13.71584172 ], [ -69.03621451, -13.71569895 ], [ -69.03628589, -13.71569895 ], [ -69.03628589, -13.71562757 ], [ -69.03635728, -13.71562757 ], [ -69.03635728, -13.71555618 ], [ -69.03635728, -13.7154848 ], [ -69.03642866, -13.71541341 ], [ -69.03650004, -13.71534203 ], [ -69.03657143, -13.71534203 ], [ -69.03664281, -13.71519926 ], [ -69.03671419, -13.71512788 ], [ -69.03685696, -13.71498511 ], [ -69.03692835, -13.71491373 ], [ -69.03692835, -13.71484234 ], [ -69.03707111, -13.71484234 ], [ -69.03728527, -13.71462819 ], [ -69.03735665, -13.71455681 ], [ -69.03749942, -13.71448543 ], [ -69.03749942, -13.71455681 ], [ -69.0375708, -13.71477096 ], [ -69.03764218, -13.71491373 ], [ -69.03778495, -13.71512788 ], [ -69.03785634, -13.71512788 ], [ -69.03792772, -13.71541341 ], [ -69.0379991, -13.71541342 ], [ -69.0379991, -13.71562757 ], [ -69.03807049, -13.71569895 ], [ -69.03807049, -13.71584172 ], [ -69.03807049, -13.71598449 ], [ -69.03807049, -13.71605587 ], [ -69.03807049, -13.71619864 ], [ -69.03807049, -13.71641279 ], [ -69.03807049, -13.71655556 ], [ -69.03807049, -13.71662694 ], [ -69.03807049, -13.71669832 ], [ -69.03807049, -13.71676971 ], [ -69.03814187, -13.71684109 ], [ -69.03821326, -13.71698386 ], [ -69.03828464, -13.71698386 ], [ -69.03835602, -13.71705524 ], [ -69.03849879, -13.71712663 ], [ -69.03849879, -13.71719801 ], [ -69.03864156, -13.71726939 ], [ -69.03885571, -13.71748355 ], [ -69.03892709, -13.71755493 ], [ -69.03892709, -13.71762631 ], [ -69.03899848, -13.71762631 ], [ -69.03899848, -13.7176977 ], [ -69.03906986, -13.7176977 ], [ -69.03914124, -13.7176977 ], [ -69.03921263, -13.7176977 ], [ -69.0393554, -13.7176977 ], [ -69.03949816, -13.71776908 ], [ -69.03956955, -13.71776908 ], [ -69.03964093, -13.71776908 ], [ -69.0397837, -13.71776908 ], [ -69.03992647, -13.71776908 ], [ -69.03999785, -13.71776908 ], [ -69.04006924, -13.71784046 ], [ -69.04014062, -13.71791185 ], [ -69.040212, -13.71791185 ], [ -69.04028339, -13.71791185 ], [ -69.04035477, -13.71791185 ], [ -69.04042615, -13.71791185 ], [ -69.04056892, -13.71791185 ], [ -69.04064031, -13.71791185 ], [ -69.04092584, -13.71791185 ], [ -69.04092584, -13.71784047 ], [ -69.04113999, -13.71776908 ], [ -69.04128276, -13.71762631 ], [ -69.04142553, -13.71741216 ], [ -69.04149691, -13.71741216 ], [ -69.04149691, -13.71726939 ], [ -69.0415683, -13.71719801 ], [ -69.0415683, -13.71712663 ], [ -69.0415683, -13.71705524 ], [ -69.0415683, -13.71698386 ], [ -69.0415683, -13.71691248 ], [ -69.0415683, -13.71684109 ], [ -69.0415683, -13.71669832 ], [ -69.04149691, -13.71662694 ], [ -69.04149691, -13.71648417 ], [ -69.04142553, -13.71634141 ], [ -69.04142553, -13.71619864 ], [ -69.04142553, -13.71612725 ], [ -69.04142553, -13.71598449 ], [ -69.04142553, -13.71584172 ], [ -69.04142553, -13.71569895 ], [ -69.04142553, -13.7154848 ], [ -69.04135414, -13.71541341 ], [ -69.04135414, -13.71527065 ], [ -69.04135414, -13.71519926 ], [ -69.04135414, -13.71512788 ], [ -69.04135414, -13.7150565 ], [ -69.04142553, -13.71498511 ], [ -69.0415683, -13.71484234 ], [ -69.04163968, -13.71477096 ], [ -69.04178245, -13.71469958 ], [ -69.04185383, -13.71455681 ], [ -69.04213937, -13.71434266 ], [ -69.04221075, -13.71434266 ], [ -69.0424249, -13.71427127 ], [ -69.0424249, -13.71419989 ], [ -69.04263905, -13.71412851 ], [ -69.0428532, -13.71405712 ], [ -69.04292459, -13.71405712 ], [ -69.04299597, -13.71398574 ], [ -69.04313874, -13.71391435 ], [ -69.04328151, -13.71384297 ], [ -69.04342427, -13.71377159 ], [ -69.04349566, -13.71377159 ], [ -69.04356704, -13.71362882 ], [ -69.04378119, -13.71355744 ], [ -69.04385258, -13.71355744 ], [ -69.04392396, -13.71348605 ], [ -69.04549441, -13.71262945 ], [ -69.04577994, -13.7124153 ], [ -69.04585133, -13.71241529 ], [ -69.04606548, -13.71227253 ], [ -69.04613686, -13.71220114 ], [ -69.04620824, -13.71220114 ], [ -69.04620824, -13.71212976 ], [ -69.04627963, -13.71212976 ], [ -69.04627963, -13.71205838 ], [ -69.04627963, -13.71198699 ], [ -69.04627963, -13.71191561 ], [ -69.04627963, -13.71184422 ], [ -69.04635101, -13.71170146 ], [ -69.04635101, -13.71155869 ], [ -69.04635101, -13.7114873 ], [ -69.04649378, -13.71134454 ], [ -69.04649378, -13.71127315 ], [ -69.04656516, -13.71113039 ], [ -69.04656516, -13.71098762 ], [ -69.04663655, -13.71091623 ], [ -69.04663655, -13.71084485 ], [ -69.04677932, -13.71077347 ], [ -69.0468507, -13.71070208 ], [ -69.04692208, -13.7106307 ], [ -69.04706485, -13.71055931 ], [ -69.04720762, -13.71055931 ], [ -69.04735039, -13.71048793 ], [ -69.04742177, -13.71048793 ], [ -69.04749315, -13.71041655 ], [ -69.04756454, -13.71041655 ], [ -69.04763592, -13.71041655 ], [ -69.0477073, -13.71041655 ], [ -69.04777869, -13.71041655 ], [ -69.04785007, -13.71041655 ], [ -69.04799284, -13.71041655 ], [ -69.04806422, -13.71041655 ], [ -69.04813561, -13.71041655 ], [ -69.04827838, -13.71041655 ], [ -69.04842114, -13.71041655 ], [ -69.04849253, -13.71041655 ], [ -69.04863529, -13.71041655 ], [ -69.04870668, -13.71041655 ], [ -69.04884945, -13.71041655 ], [ -69.04892083, -13.71041655 ], [ -69.04899221, -13.71041655 ], [ -69.0490636, -13.71027378 ], [ -69.04913498, -13.7102024 ], [ -69.04920637, -13.70998824 ], [ -69.04927775, -13.70991686 ], [ -69.04934913, -13.70991686 ], [ -69.04942052, -13.70984548 ], [ -69.0494919, -13.70977409 ], [ -69.04956328, -13.70970271 ], [ -69.04963467, -13.70963132 ], [ -69.04963467, -13.70955994 ], [ -69.04970605, -13.70955994 ], [ -69.04970605, -13.70948856 ], [ -69.04970605, -13.70941717 ], [ -69.04970605, -13.70934579 ], [ -69.04970605, -13.70920302 ], [ -69.04970605, -13.70906025 ], [ -69.04970605, -13.70898887 ], [ -69.04970605, -13.7088461 ], [ -69.04963467, -13.70870334 ], [ -69.04956328, -13.70856057 ], [ -69.0494919, -13.70848918 ], [ -69.0494919, -13.70834642 ], [ -69.0494919, -13.70820365 ], [ -69.0494919, -13.70806088 ], [ -69.0494919, -13.70791811 ], [ -69.04963467, -13.70770396 ], [ -69.04970605, -13.70748981 ], [ -69.04977744, -13.70741843 ], [ -69.04977744, -13.70727566 ], [ -69.04984882, -13.70727566 ], [ -69.04984882, -13.70713289 ], [ -69.0499202, -13.70691874 ], [ -69.05006297, -13.70677597 ], [ -69.05013436, -13.70670459 ], [ -69.05013435, -13.7066332 ], [ -69.05013436, -13.70649044 ], [ -69.05020574, -13.70634767 ], [ -69.05020574, -13.70613352 ], [ -69.05020574, -13.70591937 ], [ -69.05020574, -13.70570522 ], [ -69.05020574, -13.70549106 ], [ -69.05020574, -13.70541968 ], [ -69.05020574, -13.70527691 ], [ -69.05020574, -13.70520553 ], [ -69.05020574, -13.70513414 ], [ -69.05020574, -13.70506276 ], [ -69.05020574, -13.70491999 ], [ -69.05020574, -13.70477722 ], [ -69.05013436, -13.70463446 ], [ -69.05013435, -13.70449169 ], [ -69.05013435, -13.70434892 ], [ -69.05013436, -13.70420615 ], [ -69.05013435, -13.70413477 ], [ -69.05020574, -13.70406339 ], [ -69.05027712, -13.703992 ], [ -69.05041989, -13.703992 ], [ -69.05056266, -13.70406339 ], [ -69.05063404, -13.70406339 ], [ -69.05077681, -13.70406339 ], [ -69.05084819, -13.70406339 ], [ -69.05091958, -13.70406339 ], [ -69.05099096, -13.70406339 ], [ -69.0512765, -13.70413477 ], [ -69.05141926, -13.70413477 ], [ -69.05156203, -13.70413477 ], [ -69.05163342, -13.70413477 ], [ -69.0517048, -13.70413477 ], [ -69.05199033, -13.70413477 ], [ -69.05220449, -13.70413477 ], [ -69.05227587, -13.70406339 ], [ -69.05241864, -13.70392062 ], [ -69.05284694, -13.70363508 ], [ -69.05306109, -13.7035637 ], [ -69.05306109, -13.70349232 ], [ -69.05313248, -13.70349232 ], [ -69.05320386, -13.70342093 ], [ -69.05327524, -13.70342093 ], [ -69.05334663, -13.70342093 ], [ -69.05341801, -13.70342093 ], [ -69.05356078, -13.70334955 ], [ -69.05363216, -13.70334955 ], [ -69.05377493, -13.70334955 ], [ -69.05384631, -13.70334955 ], [ -69.05406047, -13.70334955 ], [ -69.05427462, -13.70334955 ], [ -69.05441738, -13.70334955 ], [ -69.05448877, -13.70334955 ], [ -69.05463154, -13.70334955 ], [ -69.05470292, -13.70327817 ], [ -69.0547743, -13.70327816 ], [ -69.05491707, -13.70320678 ], [ -69.05520261, -13.70320678 ], [ -69.05534537, -13.7031354 ], [ -69.05541676, -13.7031354 ], [ -69.05541676, -13.70306401 ], [ -69.05555953, -13.70306401 ], [ -69.05563091, -13.70306401 ], [ -69.05577368, -13.70299263 ], [ -69.05548814, -13.70213602 ], [ -69.05548814, -13.70206464 ], [ -69.05548814, -13.70199325 ], [ -69.05541676, -13.70192187 ], [ -69.05541676, -13.70185049 ], [ -69.05534537, -13.7017791 ], [ -69.05527399, -13.7017791 ], [ -69.05527399, -13.70170772 ], [ -69.05520261, -13.70170772 ], [ -69.05513122, -13.70156495 ], [ -69.05505984, -13.70156495 ], [ -69.05498845, -13.70149357 ], [ -69.05491707, -13.70142218 ], [ -69.05484569, -13.70142218 ], [ -69.05484569, -13.7013508 ], [ -69.0547743, -13.70127942 ], [ -69.05463154, -13.70120803 ], [ -69.05456015, -13.70120803 ], [ -69.05456015, -13.70113665 ], [ -69.05448877, -13.70106527 ], [ -69.05441738, -13.7009225 ], [ -69.054346, -13.70077973 ], [ -69.05427462, -13.70063696 ], [ -69.05420323, -13.70056558 ], [ -69.05420323, -13.70049419 ], [ -69.05406047, -13.70020866 ], [ -69.0539177, -13.70013728 ], [ -69.0539177, -13.69999451 ], [ -69.05384631, -13.69992312 ], [ -69.05384631, -13.69985174 ], [ -69.05384631, -13.69970897 ], [ -69.05377493, -13.69970897 ], [ -69.05377493, -13.69963759 ], [ -69.05377493, -13.6995662 ], [ -69.05377493, -13.69949482 ], [ -69.05370355, -13.69935205 ], [ -69.05363216, -13.6991379 ], [ -69.05363216, -13.69899514 ], [ -69.05363216, -13.69892375 ], [ -69.05356078, -13.6987096 ], [ -69.05356078, -13.69849545 ], [ -69.05356078, -13.69842406 ], [ -69.05356078, -13.69820991 ], [ -69.05356078, -13.69813853 ], [ -69.05356078, -13.69799576 ], [ -69.05356078, -13.69792438 ], [ -69.05356078, -13.69771023 ], [ -69.05356078, -13.69756746 ], [ -69.05356078, -13.69749607 ], [ -69.05356078, -13.69735331 ], [ -69.05356078, -13.69713915 ], [ -69.05356078, -13.69706777 ], [ -69.05356078, -13.69699639 ], [ -69.05356078, -13.69678224 ], [ -69.05363216, -13.69663947 ], [ -69.05363216, -13.6964967 ], [ -69.05370355, -13.6964967 ], [ -69.05370355, -13.69635393 ], [ -69.05370355, -13.69628255 ], [ -69.05377493, -13.69621116 ], [ -69.05384631, -13.69613978 ], [ -69.05384631, -13.6960684 ], [ -69.0539177, -13.69599701 ], [ -69.05398908, -13.69585425 ], [ -69.05406047, -13.69578286 ], [ -69.05413185, -13.69571148 ], [ -69.05427462, -13.69549733 ], [ -69.054346, -13.69528317 ], [ -69.05441738, -13.69521179 ], [ -69.05441738, -13.69514041 ], [ -69.05448877, -13.69499764 ], [ -69.05456015, -13.69492626 ], [ -69.05456015, -13.69485487 ], [ -69.05463154, -13.69478349 ], [ -69.05463154, -13.6947121 ], [ -69.05470292, -13.6947121 ], [ -69.05470292, -13.69464072 ], [ -69.0547743, -13.69464072 ], [ -69.0547743, -13.69456934 ], [ -69.05484569, -13.69449795 ], [ -69.05484569, -13.69442657 ], [ -69.05491707, -13.69435519 ], [ -69.05498846, -13.6942838 ], [ -69.05505984, -13.6942838 ], [ -69.05505984, -13.69421242 ], [ -69.05513122, -13.69414103 ], [ -69.05520261, -13.69406965 ], [ -69.05527399, -13.69392688 ], [ -69.05534537, -13.6938555 ], [ -69.05541676, -13.69378411 ], [ -69.05555953, -13.69349858 ], [ -69.05555953, -13.6934272 ], [ -69.05570229, -13.69321304 ], [ -69.05577368, -13.69321304 ], [ -69.05584506, -13.69321304 ], [ -69.05605921, -13.69321304 ], [ -69.05605921, -13.69335581 ], [ -69.05634475, -13.69349858 ], [ -69.0565589, -13.69349858 ], [ -69.05670167, -13.69364135 ], [ -69.05677305, -13.69364135 ], [ -69.05677305, -13.69371273 ], [ -69.05684443, -13.69371273 ], [ -69.05691582, -13.69378412 ], [ -69.0569872, -13.69378411 ], [ -69.05705859, -13.69378411 ], [ -69.05712997, -13.69378411 ], [ -69.05755827, -13.69371273 ], [ -69.05798658, -13.6934272 ], [ -69.05805796, -13.69328443 ], [ -69.05812934, -13.69321304 ], [ -69.05820073, -13.69307028 ], [ -69.05827211, -13.69292751 ], [ -69.05827211, -13.69285613 ], [ -69.05827211, -13.69264197 ], [ -69.0583435, -13.69249921 ], [ -69.05841488, -13.69242782 ], [ -69.05848626, -13.69235644 ], [ -69.05848626, -13.69228505 ], [ -69.05848626, -13.69221367 ], [ -69.05862903, -13.69214229 ], [ -69.05870041, -13.69199952 ], [ -69.0587718, -13.69192813 ], [ -69.05884318, -13.69192813 ], [ -69.05891457, -13.69185675 ], [ -69.05898595, -13.69185675 ], [ -69.05912872, -13.69178537 ], [ -69.05934287, -13.69171398 ], [ -69.05955702, -13.6916426 ], [ -69.0596284, -13.69157122 ], [ -69.05977117, -13.69149983 ], [ -69.05984256, -13.69149983 ], [ -69.05998532, -13.69142845 ], [ -69.06005671, -13.69142845 ], [ -69.06005671, -13.69135706 ], [ -69.06027086, -13.69128568 ], [ -69.06055639, -13.6912143 ], [ -69.06062778, -13.69114291 ], [ -69.06069916, -13.69107153 ], [ -69.06091331, -13.69100015 ], [ -69.06091331, -13.69092876 ], [ -69.06112746, -13.69092876 ], [ -69.06112747, -13.69085738 ], [ -69.061413, -13.69064323 ], [ -69.06148438, -13.69050046 ], [ -69.06155577, -13.69042907 ], [ -69.06162715, -13.69035769 ], [ -69.06169854, -13.69035769 ], [ -69.06176992, -13.69028631 ], [ -69.0618413, -13.69028631 ], [ -69.06191269, -13.69021492 ], [ -69.06198407, -13.69014354 ], [ -69.06219822, -13.69007216 ], [ -69.06234099, -13.68992939 ], [ -69.06241237, -13.689858 ], [ -69.06262653, -13.68978662 ], [ -69.06269791, -13.68964385 ], [ -69.06276929, -13.68957247 ], [ -69.06284068, -13.68957247 ], [ -69.06291206, -13.68950108 ], [ -69.06298344, -13.6894297 ], [ -69.06305483, -13.6894297 ], [ -69.06312621, -13.6894297 ], [ -69.0631976, -13.6894297 ], [ -69.06334036, -13.68935832 ], [ -69.06341175, -13.68935832 ], [ -69.06348313, -13.68935832 ], [ -69.06376867, -13.68921555 ], [ -69.06391143, -13.68921555 ], [ -69.0640542, -13.68914417 ], [ -69.06433974, -13.68907278 ], [ -69.0644825, -13.6890014 ], [ -69.06455389, -13.68893001 ], [ -69.06469666, -13.68893001 ], [ -69.06491081, -13.68878725 ], [ -69.06526773, -13.68864448 ], [ -69.06533911, -13.6885731 ], [ -69.06548188, -13.68850171 ], [ -69.0658388, -13.68835894 ], [ -69.06591018, -13.68828756 ], [ -69.06619572, -13.68814479 ], [ -69.06633848, -13.68807341 ], [ -69.06640987, -13.68807341 ], [ -69.06662402, -13.68793064 ], [ -69.0666954, -13.68793064 ], [ -69.06676679, -13.68785926 ], [ -69.06683817, -13.68778787 ], [ -69.06690955, -13.68771649 ], [ -69.06698094, -13.68764511 ], [ -69.06705232, -13.68764511 ], [ -69.06712371, -13.68757372 ], [ -69.06719509, -13.68750234 ], [ -69.06748063, -13.68714542 ], [ -69.06762339, -13.6867885 ], [ -69.06776616, -13.68664573 ], [ -69.06790893, -13.68643158 ], [ -69.06798031, -13.68614604 ], [ -69.0680517, -13.68607466 ], [ -69.0680517, -13.68600328 ], [ -69.06790893, -13.68593189 ], [ -69.06712371, -13.68564636 ], [ -69.06698094, -13.68557497 ], [ -69.06690955, -13.68557497 ], [ -69.06683817, -13.68550359 ], [ -69.06676679, -13.68550359 ], [ -69.0666954, -13.68543221 ], [ -69.06662402, -13.68543221 ], [ -69.06662402, -13.68528944 ], [ -69.06662402, -13.68521805 ], [ -69.06655264, -13.68521805 ], [ -69.06655264, -13.6850039 ], [ -69.06655264, -13.68493252 ], [ -69.06655264, -13.68478975 ], [ -69.06648125, -13.68471837 ], [ -69.06648125, -13.68450422 ], [ -69.06648125, -13.68443283 ], [ -69.06648125, -13.68429007 ], [ -69.06648125, -13.6841473 ], [ -69.06648125, -13.68407591 ], [ -69.06648125, -13.68400453 ], [ -69.06640987, -13.68400453 ], [ -69.06640987, -13.68386176 ], [ -69.06640987, -13.68371899 ], [ -69.06633848, -13.68364761 ], [ -69.06633848, -13.68357623 ], [ -69.06633848, -13.68343346 ], [ -69.06633848, -13.68329069 ], [ -69.06633848, -13.68321931 ], [ -69.06633848, -13.68314792 ], [ -69.06633848, -13.68307654 ], [ -69.06633848, -13.68293377 ], [ -69.06633848, -13.68286239 ], [ -69.06633848, -13.682791 ], [ -69.06633848, -13.68271962 ], [ -69.06633848, -13.68264824 ], [ -69.06633848, -13.68257685 ], [ -69.06619572, -13.68257685 ], [ -69.06619572, -13.68250547 ], [ -69.06619572, -13.68243409 ], [ -69.06619572, -13.6823627 ], [ -69.06612433, -13.6823627 ], [ -69.06612433, -13.68229132 ], [ -69.06612433, -13.68221993 ], [ -69.06605295, -13.68214855 ], [ -69.06605295, -13.68207717 ], [ -69.06598157, -13.68200578 ], [ -69.06591018, -13.6819344 ], [ -69.06591018, -13.68186301 ], [ -69.0658388, -13.68186301 ], [ -69.0658388, -13.68179163 ], [ -69.06569603, -13.68164886 ], [ -69.06562465, -13.68164886 ], [ -69.06562465, -13.68157748 ], [ -69.06555326, -13.6815061 ], [ -69.06548188, -13.68143471 ], [ -69.06541049, -13.68143471 ], [ -69.06541049, -13.68136333 ], [ -69.06533911, -13.68136333 ], [ -69.06533911, -13.68129194 ], [ -69.06533911, -13.68122056 ], [ -69.06533911, -13.68107779 ], [ -69.06533911, -13.68100641 ], [ -69.06533911, -13.68093502 ], [ -69.06533911, -13.68086364 ], [ -69.06533911, -13.68079226 ], [ -69.06526773, -13.68064949 ], [ -69.0649254, -13.67941313 ], [ -69.0651336, -13.67828289 ], [ -69.06578796, -13.67658752 ], [ -69.06656128, -13.67489215 ], [ -69.06697769, -13.67364294 ], [ -69.0669182, -13.67248295 ], [ -69.06638282, -13.67206655 ], [ -69.06541553, -13.67238756 ], [ -69.06498489, -13.67307782 ], [ -69.06456848, -13.67340499 ], [ -69.06385464, -13.67331576 ], [ -69.06349772, -13.67254244 ], [ -69.06370593, -13.67188809 ], [ -69.06352747, -13.67069836 ], [ -69.0629326, -13.66935991 ], [ -69.06192133, -13.66787275 ], [ -69.06165364, -13.66590969 ], [ -69.0620403, -13.66501739 ], [ -69.06349772, -13.66296511 ], [ -69.06379516, -13.66171589 ], [ -69.06370593, -13.66043693 ], [ -69.06311106, -13.65909848 ], [ -69.06177261, -13.65787901 ], [ -69.05918495, -13.65618364 ], [ -69.05751933, -13.65552929 ], [ -69.05531833, -13.65517237 ], [ -69.05284964, -13.65472622 ], [ -69.05219528, -13.65329855 ], [ -69.05183837, -13.65187087 ], [ -69.05121376, -13.65068114 ], [ -69.05032146, -13.6499673 ], [ -69.04797174, -13.64824219 ], [ -69.04621689, -13.64732015 ], [ -69.04538408, -13.64624939 ], [ -69.04526362, -13.64522474 ], [ -69.04508516, -13.6440826 ], [ -69.04429994, -13.64308322 ], [ -69.04255103, -13.64269061 ], [ -69.04080213, -13.64297615 ], [ -69.03912461, -13.64258354 ], [ -69.03755416, -13.6414057 ], [ -69.03659048, -13.64022787 ], [ -69.03537696, -13.63905004 ], [ -69.03394928, -13.63887158 ], [ -69.03262868, -13.6391928 ], [ -69.03212899, -13.64115586 ], [ -69.03212899, -13.64269061 ], [ -69.03294991, -13.64386845 ], [ -69.03480589, -13.64426106 ], [ -69.03601941, -13.64465367 ], [ -69.03684033, -13.64604565 ], [ -69.03630495, -13.64786594 ], [ -69.03516281, -13.64997176 ], [ -69.03444897, -13.65179205 ], [ -69.03330683, -13.65304127 ], [ -69.03234314, -13.65404064 ], [ -69.03095116, -13.65489725 ], [ -69.02952348, -13.65525417 ], [ -69.02873826, -13.65496863 ], [ -69.02873826, -13.65439756 ], [ -69.02827427, -13.6533268 ], [ -69.02706074, -13.65193482 ], [ -69.02595429, -13.65104252 ], [ -69.02456231, -13.65079268 ], [ -69.02309894, -13.65361234 ], [ -69.0219568, -13.65564678 ], [ -69.0206362, -13.65696738 ], [ -69.01935129, -13.65739568 ], [ -69.01828053, -13.65628923 ], [ -69.01717408, -13.65418341 ], [ -69.01603194, -13.65346957 ], [ -69.01478272, -13.65368372 ], [ -69.01296243, -13.65411202 ], [ -69.01164183, -13.65407633 ], [ -69.01049969, -13.65225605 ], [ -69.00953601, -13.65175636 ], [ -69.00800126, -13.65182774 ], [ -69.00578836, -13.65172067 ], [ -69.00457483, -13.65186343 ], [ -69.00353977, -13.65296988 ], [ -69.00257609, -13.65329111 ], [ -69.00114841, -13.6533268 ], [ -69.00018473, -13.65300558 ], [ -68.99922105, -13.65257727 ], [ -68.99804321, -13.65254158 ], [ -68.99615154, -13.65268435 ], [ -68.99483094, -13.65232743 ], [ -68.99351034, -13.65118529 ], [ -68.99290358, -13.64957915 ], [ -68.99293927, -13.64818717 ], [ -68.99418849, -13.64654534 ], [ -68.99468817, -13.64558166 ], [ -68.9950094, -13.64393983 ], [ -68.99511648, -13.64254784 ], [ -68.99622293, -13.64133432 ], [ -68.996794, -13.63983526 ], [ -68.99608016, -13.63908573 ], [ -68.99440264, -13.63783651 ], [ -68.9932605, -13.6370156 ], [ -68.99086914, -13.6361233 ], [ -68.99004822, -13.63530239 ], [ -68.99038135, -13.63449337 ], [ -68.99142831, -13.63320846 ], [ -68.99280249, -13.63204897 ], [ -68.9949975, -13.63230426 ], [ -68.99604447, -13.63268498 ], [ -68.99775768, -13.63278016 ], [ -69.00037509, -13.63059105 ], [ -69.00194553, -13.62811641 ], [ -69.00346838, -13.62626043 ], [ -69.00461053, -13.62511829 ], [ -69.00456294, -13.62430928 ], [ -69.00408704, -13.6233099 ], [ -69.00289731, -13.62235812 ], [ -69.00146964, -13.62231053 ], [ -68.99989919, -13.62321472 ], [ -68.99894741, -13.62354785 ], [ -68.99832875, -13.62278642 ], [ -68.99847152, -13.62135874 ], [ -68.99909018, -13.6202166 ], [ -68.99928053, -13.61916964 ], [ -68.99737697, -13.6180275 ], [ -68.99556857, -13.61778955 ], [ -68.99385536, -13.61840821 ], [ -68.99266563, -13.61912205 ], [ -68.99152349, -13.61869375 ], [ -68.99000064, -13.61783714 ], [ -68.98904885, -13.61550527 ], [ -68.9883826, -13.61393483 ], [ -68.98695493, -13.61269751 ], [ -68.98519412, -13.61155537 ], [ -68.9839568, -13.61169813 ], [ -68.9826719, -13.61198367 ], [ -68.9813394, -13.61188849 ], [ -68.98014967, -13.61088912 ], [ -68.97924547, -13.60984215 ], [ -68.97800815, -13.60936626 ], [ -68.97624735, -13.60955662 ], [ -68.97448655, -13.6105084 ], [ -68.97329682, -13.61146019 ], [ -68.97229745, -13.61146019 ], [ -68.97167879, -13.6105084 ], [ -68.9720595, -13.60908073 ], [ -68.97258298, -13.60751028 ], [ -68.97401066, -13.60541636 ], [ -68.97439137, -13.6043218 ], [ -68.97415343, -13.60322725 ], [ -68.97305887, -13.60198993 ], [ -68.97110772, -13.60132368 ], [ -68.96944209, -13.60160922 ], [ -68.96829995, -13.60237065 ], [ -68.9667771, -13.60465493 ], [ -68.96539701, -13.60546394 ], [ -68.96377897, -13.605226 ], [ -68.96116157, -13.60403627 ], [ -68.95940077, -13.60365555 ], [ -68.95759238, -13.60441698 ], [ -68.95454667, -13.60517841 ], [ -68.95367136, -13.6052233 ], [ -68.95309358, -13.60494059 ], [ -68.95255566, -13.60398351 ], [ -68.95221345, -13.60288293 ], [ -68.95221368, -13.6017824 ], [ -68.95275206, -13.60034704 ], [ -68.95377968, -13.59857682 ], [ -68.95456256, -13.59752429 ], [ -68.9569846, -13.59399587 ], [ -68.95790216, -13.59184282 ], [ -68.95844898, -13.58937879 ], [ -68.95815479, -13.58829047 ], [ -68.95783249, -13.58709815 ], [ -68.95634533, -13.58650328 ], [ -68.9546136, -13.58477155 ], [ -68.95456073, -13.58471869 ], [ -68.95322228, -13.58189308 ], [ -68.95381715, -13.5784726 ], [ -68.95394344, -13.5770203 ], [ -68.95397567, -13.57664963 ], [ -68.95411458, -13.57505213 ], [ -68.95262742, -13.57237523 ], [ -68.95242155, -13.57232034 ], [ -68.95042489, -13.57178789 ], [ -68.95039667, -13.57178037 ], [ -68.94969179, -13.57195648 ], [ -68.94843957, -13.57226935 ], [ -68.94758375, -13.57135648 ], [ -68.94758296, -13.57135563 ], [ -68.94729393, -13.570055 ], [ -68.94724032, -13.56981374 ], [ -68.94727026, -13.56976475 ], [ -68.9478685, -13.56878582 ], [ -68.94788496, -13.56850594 ], [ -68.94803982, -13.56587336 ], [ -68.94655503, -13.56438857 ], [ -68.94623167, -13.56329722 ], [ -68.94609818, -13.56284668 ], [ -68.94604578, -13.56264759 ], [ -68.94581264, -13.56176165 ], [ -68.94623557, -13.56112726 ], [ -68.94638371, -13.56090504 ], [ -68.94635677, -13.56055478 ], [ -68.9462695, -13.55942026 ], [ -68.94547, -13.55822101 ], [ -68.94518446, -13.55764994 ], [ -68.94541289, -13.5557083 ], [ -68.94570904, -13.55544417 ], [ -68.94620521, -13.55500164 ], [ -68.94752585, -13.55382376 ], [ -68.94912485, -13.55348112 ], [ -68.95078096, -13.55370955 ], [ -68.95220863, -13.55268162 ], [ -68.95283681, -13.55136816 ], [ -68.95243706, -13.54982627 ], [ -68.95106649, -13.54828438 ], [ -68.94981014, -13.54799884 ], [ -68.94849667, -13.54611431 ], [ -68.94775428, -13.54502928 ], [ -68.94666925, -13.5444011 ], [ -68.94535578, -13.54388714 ], [ -68.94461339, -13.54268789 ], [ -68.94535579, -13.54205971 ], [ -68.94655503, -13.54160285 ], [ -68.94724032, -13.54057493 ], [ -68.94741164, -13.53994675 ], [ -68.94883932, -13.53846197 ], [ -68.95015278, -13.53749114 ], [ -68.95095228, -13.53674875 ], [ -68.95215153, -13.53612057 ], [ -68.95226574, -13.53543529 ], [ -68.9511236, -13.53486422 ], [ -68.94969592, -13.53492133 ], [ -68.94838246, -13.53526397 ], [ -68.94741164, -13.53566372 ], [ -68.94655503, -13.53594925 ], [ -68.94575553, -13.53577793 ], [ -68.94518446, -13.53526397 ], [ -68.94472761, -13.53446447 ], [ -68.94512736, -13.53297969 ], [ -68.94569843, -13.53166622 ], [ -68.94586975, -13.53046698 ], [ -68.94535578, -13.52921062 ], [ -68.94409943, -13.52835401 ], [ -68.94349981, -13.52821125 ], [ -68.94255754, -13.52772584 ], [ -68.94198647, -13.52652659 ], [ -68.94101565, -13.5249847 ], [ -68.93958797, -13.52252909 ], [ -68.93918822, -13.52132985 ], [ -68.9382174, -13.5201877 ], [ -68.9366184, -13.52047324 ], [ -68.93564758, -13.52212934 ], [ -68.93587601, -13.52389966 ], [ -68.93701815, -13.52561287 ], [ -68.93764633, -13.52738319 ], [ -68.93770344, -13.52881087 ], [ -68.93703443, -13.52944643 ], [ -68.9365613, -13.5298959 ], [ -68.9362693, -13.53012951 ], [ -68.93570469, -13.53058119 ], [ -68.9349339, -13.53058119 ], [ -68.93443018, -13.53058119 ], [ -68.93387727, -13.53058119 ], [ -68.93290644, -13.52978169 ], [ -68.93274075, -13.52936745 ], [ -68.93233537, -13.52835401 ], [ -68.93233537, -13.52698344 ], [ -68.93324909, -13.52572709 ], [ -68.93393437, -13.52452784 ], [ -68.93381101, -13.52408066 ], [ -68.93347752, -13.52287174 ], [ -68.9325638, -13.52150117 ], [ -68.93125034, -13.52030192 ], [ -68.92936581, -13.51973085 ], [ -68.92795023, -13.51950241 ], [ -68.92419068, -13.51721813 ], [ -68.92285818, -13.51659947 ], [ -68.92095461, -13.51655188 ], [ -68.91989372, -13.51749911 ], [ -68.91962211, -13.51774161 ], [ -68.91786131, -13.5204542 ], [ -68.9165764, -13.52073973 ], [ -68.91621808, -13.520407 ], [ -68.91591015, -13.52012107 ], [ -68.91600533, -13.51916929 ], [ -68.91638605, -13.51755125 ], [ -68.91491078, -13.51483867 ], [ -68.91448248, -13.51350617 ], [ -68.91429212, -13.5125068 ], [ -68.9148156, -13.51103153 ], [ -68.91575975, -13.51041578 ], [ -68.91591015, -13.51031769 ], [ -68.91695712, -13.51012734 ], [ -68.91852756, -13.510746 ], [ -68.92052631, -13.51217367 ], [ -68.92147809, -13.51269715 ], [ -68.92209701, -13.51244396 ], [ -68.92252506, -13.51226885 ], [ -68.92309613, -13.51103153 ], [ -68.92295336, -13.50988939 ], [ -68.92204916, -13.50903278 ], [ -68.92009801, -13.50803341 ], [ -68.91838479, -13.50708163 ], [ -68.91629087, -13.50560636 ], [ -68.91433971, -13.50460699 ], [ -68.91257891, -13.50427386 ], [ -68.91148436, -13.50408351 ], [ -68.91053257, -13.50313172 ], [ -68.9103898, -13.50241788 ], [ -68.91081811, -13.50141851 ], [ -68.91093879, -13.501328 ], [ -68.91196025, -13.5005619 ], [ -68.91319757, -13.50008601 ], [ -68.91400659, -13.49984806 ], [ -68.91409168, -13.49979606 ], [ -68.91486319, -13.49932458 ], [ -68.91519632, -13.4983728 ], [ -68.91457766, -13.4974686 ], [ -68.91357828, -13.49684994 ], [ -68.91248373, -13.49684994 ], [ -68.91110364, -13.49727825 ], [ -68.91085947, -13.49728435 ], [ -68.90935937, -13.49732185 ], [ -68.90920007, -13.49732584 ], [ -68.90895026, -13.49719358 ], [ -68.90839106, -13.49689753 ], [ -68.90797238, -13.49652812 ], [ -68.90758204, -13.49618369 ], [ -68.90758204, -13.49513673 ], [ -68.90805793, -13.49432772 ], [ -68.90813661, -13.49428557 ], [ -68.90939043, -13.49361388 ], [ -68.91081811, -13.49337593 ], [ -68.91281685, -13.49304281 ], [ -68.91311534, -13.49290067 ], [ -68.91381623, -13.49256691 ], [ -68.91419694, -13.49156754 ], [ -68.91391141, -13.49047299 ], [ -68.91324516, -13.48966397 ], [ -68.91205543, -13.48956879 ], [ -68.91062775, -13.48994951 ], [ -68.91061222, -13.48995371 ], [ -68.91037656, -13.4900174 ], [ -68.90886695, -13.4904254 ], [ -68.90789473, -13.49010133 ], [ -68.9075755, -13.48999492 ], [ -68.90715374, -13.48985433 ], [ -68.90676719, -13.4892033 ], [ -68.90676205, -13.48919465 ], [ -68.90624954, -13.48833147 ], [ -68.90663026, -13.4869038 ], [ -68.90725924, -13.48631181 ], [ -68.90743927, -13.48614237 ], [ -68.9095332, -13.48566648 ], [ -68.91081811, -13.48542853 ], [ -68.91210302, -13.48580924 ], [ -68.91338793, -13.48666585 ], [ -68.91414935, -13.48795076 ], [ -68.91476801, -13.48885496 ], [ -68.91557413, -13.48900152 ], [ -68.91581498, -13.48904531 ], [ -68.91705229, -13.48804594 ], [ -68.91700471, -13.4859996 ], [ -68.9165764, -13.48480987 ], [ -68.91543426, -13.48338219 ], [ -68.91372105, -13.4820497 ], [ -68.91196025, -13.48162139 ], [ -68.91062775, -13.48076479 ], [ -68.90972356, -13.4793847 ], [ -68.90815311, -13.4771956 ], [ -68.90715374, -13.47648176 ], [ -68.90572606, -13.47576792 ], [ -68.90486946, -13.47500649 ], [ -68.90444115, -13.47414989 ], [ -68.90453633, -13.47281739 ], [ -68.90485377, -13.47245855 ], [ -68.90563088, -13.47158007 ], [ -68.90762963, -13.47110418 ], [ -68.90891454, -13.47053311 ], [ -68.90892496, -13.47048359 ], [ -68.90910489, -13.46962891 ], [ -68.90867659, -13.46872472 ], [ -68.9077724, -13.46858195 ], [ -68.90610677, -13.46858195 ], [ -68.90526964, -13.46896247 ], [ -68.90505981, -13.46905784 ], [ -68.90415562, -13.47067587 ], [ -68.90320383, -13.47181802 ], [ -68.9020141, -13.47167525 ], [ -68.90169593, -13.47146843 ], [ -68.90106232, -13.47105659 ], [ -68.90058642, -13.46977168 ], [ -68.90049125, -13.46805847 ], [ -68.90106232, -13.46682115 ], [ -68.90196651, -13.46591695 ], [ -68.9024424, -13.46453686 ], [ -68.90206169, -13.46296642 ], [ -68.90091955, -13.4613008 ], [ -68.89987259, -13.46058696 ], [ -68.89884632, -13.46106062 ], [ -68.89863527, -13.46115803 ], [ -68.89825455, -13.46225258 ], [ -68.8975883, -13.46472722 ], [ -68.89695289, -13.46482136 ], [ -68.89630339, -13.46491758 ], [ -68.89558956, -13.46358508 ], [ -68.89592268, -13.46053937 ], [ -68.89577991, -13.45944482 ], [ -68.89658893, -13.45849303 ], [ -68.89697201, -13.45832003 ], [ -68.8980642, -13.45782678 ], [ -68.89827307, -13.45757315 ], [ -68.89873044, -13.45701777 ], [ -68.89873045, -13.45520938 ], [ -68.89873045, -13.45373411 ], [ -68.89920634, -13.45230643 ], [ -68.9006816, -13.45064081 ], [ -68.90149062, -13.44968903 ], [ -68.90287071, -13.4484993 ], [ -68.90326639, -13.44830937 ], [ -68.90406044, -13.44792823 ], [ -68.90558329, -13.44735715 ], [ -68.90579172, -13.4471808 ], [ -68.90620195, -13.44683367 ], [ -68.90629713, -13.44521564 ], [ -68.9055357, -13.4436452 ], [ -68.90525017, -13.44245547 ], [ -68.9051074, -13.44093261 ], [ -68.90458392, -13.43998083 ], [ -68.90353696, -13.43912422 ], [ -68.90248999, -13.43907663 ], [ -68.90224285, -13.43943611 ], [ -68.90196651, -13.43983806 ], [ -68.9020141, -13.44078984 ], [ -68.90248999, -13.44197957 ], [ -68.90229964, -13.44326448 ], [ -68.90134785, -13.44421627 ], [ -68.90044366, -13.44564394 ], [ -68.89939669, -13.44692885 ], [ -68.89792143, -13.44726198 ], [ -68.89714224, -13.44653652 ], [ -68.89654134, -13.44597707 ], [ -68.89597027, -13.44393073 ], [ -68.89630339, -13.44236029 ], [ -68.89676084, -13.44186625 ], [ -68.89749313, -13.44107538 ], [ -68.89805934, -13.44052298 ], [ -68.89944428, -13.43917181 ], [ -68.90049125, -13.43750619 ], [ -68.90034848, -13.43550744 ], [ -68.89911116, -13.43427012 ], [ -68.89720759, -13.43355628 ], [ -68.89587509, -13.43265209 ], [ -68.89401911, -13.43222378 ], [ -68.89349415, -13.43202569 ], [ -68.89216541, -13.43152428 ], [ -68.89149688, -13.431272 ], [ -68.89154447, -13.43017745 ], [ -68.89169045, -13.42991677 ], [ -68.89221072, -13.42898772 ], [ -68.8927342, -13.42813111 ], [ -68.89273332, -13.42811914 ], [ -68.89263903, -13.4268462 ], [ -68.89059269, -13.42518058 ], [ -68.89030715, -13.42427638 ], [ -68.89079744, -13.42340896 ], [ -68.89092581, -13.42318183 ], [ -68.89206795, -13.42270594 ], [ -68.89335286, -13.42261076 ], [ -68.89463777, -13.42261076 ], [ -68.89563715, -13.42223005 ], [ -68.8956675, -13.42217542 ], [ -68.89635098, -13.42094514 ], [ -68.89616063, -13.41913675 ], [ -68.89478054, -13.41789943 ], [ -68.89439983, -13.41594827 ], [ -68.89492331, -13.41528202 ], [ -68.89507981, -13.41510673 ], [ -68.89575844, -13.41434668 ], [ -68.89611304, -13.41394952 ], [ -68.89687447, -13.41256944 ], [ -68.8967317, -13.41133212 ], [ -68.89544679, -13.41042792 ], [ -68.89428841, -13.41024502 ], [ -68.8936384, -13.41014238 ], [ -68.89305362, -13.40962027 ], [ -68.8923059, -13.40895265 ], [ -68.89223511, -13.40885153 ], [ -68.89064028, -13.40657319 ], [ -68.89002162, -13.40628766 ], [ -68.88921483, -13.40688213 ], [ -68.88911742, -13.40695391 ], [ -68.88811805, -13.40781051 ], [ -68.88730903, -13.40823882 ], [ -68.886731, -13.40799109 ], [ -68.88664278, -13.40795328 ], [ -68.88649029, -13.40755297 ], [ -68.88640184, -13.4073208 ], [ -68.88626207, -13.40695391 ], [ -68.88602412, -13.40562141 ], [ -68.88511993, -13.40447927 ], [ -68.88497716, -13.40333713 ], [ -68.88554823, -13.40190945 ], [ -68.88568345, -13.40192635 ], [ -68.88707109, -13.40209981 ], [ -68.88826082, -13.40324195 ], [ -68.89002162, -13.40405096 ], [ -68.89197278, -13.40490757 ], [ -68.8923071, -13.40471653 ], [ -68.89330527, -13.40414614 ], [ -68.89420947, -13.40238534 ], [ -68.894495, -13.4008149 ], [ -68.89401911, -13.39943481 ], [ -68.8932101, -13.39843544 ], [ -68.89149688, -13.39819749 ], [ -68.89016715, -13.39874503 ], [ -68.88987885, -13.39886374 ], [ -68.88910008, -13.3992397 ], [ -68.88864359, -13.39946007 ], [ -68.88849876, -13.39952999 ], [ -68.88822807, -13.39952179 ], [ -68.88728292, -13.39949315 ], [ -68.88692832, -13.3994824 ], [ -68.88564341, -13.39872097 ], [ -68.88492957, -13.3972933 ], [ -68.88483439, -13.39572285 ], [ -68.88426332, -13.39291509 ], [ -68.88378743, -13.39143982 ], [ -68.88454886, -13.38953625 ], [ -68.8852627, -13.38734715 ], [ -68.88535787, -13.38644295 ], [ -68.88527622, -13.38509567 ], [ -68.8852627, -13.38487251 ], [ -68.88573859, -13.38330207 ], [ -68.88749939, -13.38320689 ], [ -68.88802287, -13.3844918 ], [ -68.88873671, -13.38630019 ], [ -68.89016439, -13.38672849 ], [ -68.89106858, -13.38539599 ], [ -68.89111617, -13.38334965 ], [ -68.89092581, -13.38215992 ], [ -68.88997403, -13.38106537 ], [ -68.8887843, -13.38030394 ], [ -68.88692832, -13.38020877 ], [ -68.88535787, -13.38101778 ], [ -68.88431091, -13.38196957 ], [ -68.8841603, -13.38198115 ], [ -68.88326894, -13.38204972 ], [ -68.88307359, -13.38206475 ], [ -68.88291506, -13.38191342 ], [ -68.88286737, -13.3818679 ], [ -68.88202663, -13.38106537 ], [ -68.88226457, -13.37997082 ], [ -68.88312118, -13.37925698 ], [ -68.88315743, -13.37918207 ], [ -68.88383502, -13.37778172 ], [ -68.88483439, -13.37616368 ], [ -68.885691, -13.37502154 ], [ -68.88735662, -13.37397458 ], [ -68.88826082, -13.37283244 ], [ -68.88811805, -13.37188065 ], [ -68.8870235, -13.37083369 ], [ -68.88459645, -13.37026262 ], [ -68.88264529, -13.37059574 ], [ -68.88078931, -13.37173788 ], [ -68.88051309, -13.37180119 ], [ -68.8785128, -13.37225958 ], [ -68.87850503, -13.37226137 ], [ -68.87849582, -13.37225015 ], [ -68.87788833, -13.37151061 ], [ -68.87741047, -13.37092887 ], [ -68.87802913, -13.3690253 ], [ -68.87879056, -13.36774039 ], [ -68.8789877, -13.36754325 ], [ -68.87998029, -13.36655066 ], [ -68.88064654, -13.36564646 ], [ -68.88007547, -13.36431397 ], [ -68.87921887, -13.36331459 ], [ -68.87793396, -13.363267 ], [ -68.87753934, -13.36350019 ], [ -68.87688699, -13.36388566 ], [ -68.87541173, -13.36421879 ], [ -68.87521626, -13.36416204 ], [ -68.87444768, -13.3639389 ], [ -68.87393646, -13.36379048 ], [ -68.87368129, -13.36335305 ], [ -68.87330065, -13.36270053 ], [ -68.87327021, -13.36264834 ], [ -68.87325911, -13.36249659 ], [ -68.87323268, -13.36213544 ], [ -68.87312744, -13.36069718 ], [ -68.87250879, -13.35917433 ], [ -68.87108111, -13.35869844 ], [ -68.86927272, -13.3588888 ], [ -68.86794022, -13.35879362 ], [ -68.86751192, -13.35807978 ], [ -68.8677263, -13.35773677 ], [ -68.86845957, -13.35656354 ], [ -68.8684637, -13.35655692 ], [ -68.86847519, -13.35655335 ], [ -68.87060522, -13.35589067 ], [ -68.8719853, -13.35627139 ], [ -68.87379369, -13.35650933 ], [ -68.87457899, -13.35622887 ], [ -68.87489432, -13.35611625 ], [ -68.87512619, -13.35603344 ], [ -68.8755545, -13.35484371 ], [ -68.87512619, -13.35360639 ], [ -68.87388887, -13.35298773 ], [ -68.87376995, -13.35297724 ], [ -68.87227084, -13.35284496 ], [ -68.87055763, -13.35346362 ], [ -68.87024906, -13.35350423 ], [ -68.86874924, -13.35370157 ], [ -68.86746433, -13.3531305 ], [ -68.8671664, -13.35283257 ], [ -68.86694085, -13.35260702 ], [ -68.86679808, -13.35127452 ], [ -68.86708361, -13.35027515 ], [ -68.86713664, -13.35024863 ], [ -68.86870165, -13.34946613 ], [ -68.8711287, -13.34932336 ], [ -68.87310945, -13.34976892 ], [ -68.87397727, -13.34954647 ], [ -68.87464818, -13.34867428 ], [ -68.87492905, -13.34830915 ], [ -68.87536029, -13.34740747 ], [ -68.87597601, -13.34612005 ], [ -68.87630914, -13.34540621 ], [ -68.8777844, -13.34483514 ], [ -68.87978315, -13.34469237 ], [ -68.88049699, -13.34416889 ], [ -68.88067272, -13.34339569 ], [ -68.88073494, -13.34312193 ], [ -68.88025904, -13.34240809 ], [ -68.87830789, -13.34126595 ], [ -68.87507182, -13.33921961 ], [ -68.87431039, -13.33779193 ], [ -68.87428398, -13.3377127 ], [ -68.87388209, -13.33650703 ], [ -68.87375174, -13.33641502 ], [ -68.87307307, -13.33593595 ], [ -68.869837, -13.3352697 ], [ -68.86855209, -13.3348414 ], [ -68.86829694, -13.33411846 ], [ -68.86826656, -13.33403239 ], [ -68.8685521, -13.33274748 ], [ -68.86993218, -13.33203364 ], [ -68.87216888, -13.33146257 ], [ -68.87326343, -13.3308915 ], [ -68.87511941, -13.33117703 ], [ -68.87664226, -13.33260471 ], [ -68.87687718, -13.33272217 ], [ -68.87720693, -13.33288704 ], [ -68.87768923, -13.33312819 ], [ -68.87793194, -13.33307425 ], [ -68.87897413, -13.33284266 ], [ -68.87997351, -13.33165292 ], [ -68.87949762, -13.32979694 ], [ -68.87821271, -13.32817891 ], [ -68.87621396, -13.32736989 ], [ -68.87450075, -13.32713195 ], [ -68.87288271, -13.32641811 ], [ -68.8720457, -13.32549739 ], [ -68.87193093, -13.32537115 ], [ -68.87159781, -13.32180196 ], [ -68.87148607, -13.32137985 ], [ -68.8711695, -13.32018392 ], [ -68.86993218, -13.31918455 ], [ -68.86859968, -13.31885142 ], [ -68.8672196, -13.3194225 ], [ -68.86607746, -13.32037428 ], [ -68.8654588, -13.32099294 ], [ -68.86350764, -13.32099294 ], [ -68.86317597, -13.32057081 ], [ -68.86246068, -13.31966044 ], [ -68.86212755, -13.31823276 ], [ -68.86303175, -13.31547259 ], [ -68.86270309, -13.31497961 ], [ -68.86169925, -13.31347384 ], [ -68.85993845, -13.31228411 ], [ -68.85993845, -13.31171999 ], [ -68.85993845, -13.31085644 ], [ -68.86089023, -13.30938117 ], [ -68.86217514, -13.30752519 ], [ -68.86207082, -13.30686944 ], [ -68.86184202, -13.30543126 ], [ -68.86162207, -13.30455147 ], [ -68.8614613, -13.30390841 ], [ -68.86160407, -13.30290904 ], [ -68.86231791, -13.30229038 ], [ -68.86346005, -13.30195725 ], [ -68.86493531, -13.30248073 ], [ -68.86679129, -13.30290904 ], [ -68.86836174, -13.30257591 ], [ -68.86867653, -13.30224363 ], [ -68.86878683, -13.3021272 ], [ -68.86921834, -13.30167172 ], [ -68.86920927, -13.30146602 ], [ -68.86907558, -13.29843565 ], [ -68.86817138, -13.29672244 ], [ -68.86617263, -13.29586583 ], [ -68.86445942, -13.29638931 ], [ -68.86312692, -13.29762663 ], [ -68.86136612, -13.29838806 ], [ -68.85998604, -13.29800735 ], [ -68.85982679, -13.29789975 ], [ -68.85828087, -13.29685521 ], [ -68.85822523, -13.29681762 ], [ -68.85821822, -13.29680281 ], [ -68.85736863, -13.29500922 ], [ -68.85755899, -13.29367673 ], [ -68.85822523, -13.29215387 ], [ -68.85931979, -13.29124968 ], [ -68.86046193, -13.29015512 ], [ -68.86110288, -13.28871298 ], [ -68.86122336, -13.28844191 ], [ -68.86122336, -13.2863004 ], [ -68.85960532, -13.28477754 ], [ -68.85770175, -13.28463478 ], [ -68.85565542, -13.28520585 ], [ -68.85470363, -13.28472995 ], [ -68.85464336, -13.28452332 ], [ -68.85437051, -13.28358781 ], [ -68.8548464, -13.28263603 ], [ -68.85594095, -13.28225531 ], [ -68.85727345, -13.28182701 ], [ -68.85803488, -13.28125594 ], [ -68.85889148, -13.28035174 ], [ -68.86055711, -13.27754398 ], [ -68.86184202, -13.27540247 ], [ -68.8623655, -13.27378443 ], [ -68.8623655, -13.27309665 ], [ -68.8623655, -13.27221399 ], [ -68.86155648, -13.2708339 ], [ -68.85998604, -13.27002488 ], [ -68.85855836, -13.27059596 ], [ -68.8570355, -13.27226158 ], [ -68.85584577, -13.27378443 ], [ -68.8548464, -13.27459345 ], [ -68.85365667, -13.27506934 ], [ -68.85222899, -13.27468863 ], [ -68.8518363, -13.27424974 ], [ -68.85061096, -13.27288024 ], [ -68.85030325, -13.27243266 ], [ -68.849564, -13.27135738 ], [ -68.84959132, -13.27078353 ], [ -68.84961159, -13.27035801 ], [ -68.85080132, -13.26935864 ], [ -68.8521814, -13.26945381 ], [ -68.85365667, -13.26940622 ], [ -68.85570301, -13.26873998 ], [ -68.85760657, -13.26831167 ], [ -68.85912943, -13.26835926 ], [ -68.86022398, -13.26802614 ], [ -68.861033, -13.26693159 ], [ -68.8610142, -13.26677177 ], [ -68.86084264, -13.26531355 ], [ -68.85984327, -13.26417141 ], [ -68.85808247, -13.26374311 ], [ -68.8557506, -13.26369552 ], [ -68.85418015, -13.2633148 ], [ -68.85318078, -13.26255338 ], [ -68.85318078, -13.26214495 ], [ -68.85318078, -13.26126847 ], [ -68.85360908, -13.26017392 ], [ -68.85460845, -13.25969802 ], [ -68.85622649, -13.25998356 ], [ -68.85779693, -13.26045945 ], [ -68.8592722, -13.26045945 ], [ -68.86041434, -13.25974561 ], [ -68.86073019, -13.25874065 ], [ -68.86093597, -13.25808589 ], [ -68.86093782, -13.25807999 ], [ -68.86093597, -13.25806953 ], [ -68.86070368, -13.25675317 ], [ -68.86065228, -13.25646196 ], [ -68.86052496, -13.25619232 ], [ -68.85984327, -13.25474874 ], [ -68.85827282, -13.25355901 ], [ -68.85713068, -13.25203616 ], [ -68.8561789, -13.25056089 ], [ -68.85422774, -13.24956152 ], [ -68.85180069, -13.24960911 ], [ -68.84989712, -13.24998982 ], [ -68.8482315, -13.24937116 ], [ -68.84632793, -13.24860974 ], [ -68.84595996, -13.24804551 ], [ -68.84561409, -13.24751518 ], [ -68.84561409, -13.24603992 ], [ -68.84642311, -13.24518331 ], [ -68.8478032, -13.24418394 ], [ -68.84880257, -13.24289903 ], [ -68.849043, -13.24137631 ], [ -68.8490881, -13.24109064 ], [ -68.8496164, -13.23836112 ], [ -68.84965917, -13.23814011 ], [ -68.8504206, -13.23690279 ], [ -68.85256212, -13.23628413 ], [ -68.85498917, -13.2364269 ], [ -68.85689274, -13.23690279 ], [ -68.85822523, -13.23618895 ], [ -68.85835747, -13.23587158 ], [ -68.85893907, -13.23447574 ], [ -68.85855836, -13.23252458 ], [ -68.85722586, -13.23133485 ], [ -68.85522711, -13.23019271 ], [ -68.8550823, -13.22953072 ], [ -68.85489399, -13.22866985 ], [ -68.85489399, -13.22700423 ], [ -68.85494158, -13.22486271 ], [ -68.85482939, -13.22428577 ], [ -68.85460845, -13.2231495 ], [ -68.85488877, -13.22268781 ], [ -68.85541747, -13.221817 ], [ -68.85679756, -13.22167424 ], [ -68.85817764, -13.22276879 ], [ -68.8601288, -13.2249103 ], [ -68.86117577, -13.22657593 ], [ -68.86265103, -13.22676628 ], [ -68.86341246, -13.22533861 ], [ -68.86333969, -13.22419859 ], [ -68.86326969, -13.22310191 ], [ -68.86227032, -13.22072245 ], [ -68.86184202, -13.21958031 ], [ -68.86185684, -13.21903168 ], [ -68.8618896, -13.21781951 ], [ -68.86231791, -13.21591594 ], [ -68.86241309, -13.21425032 ], [ -68.86227996, -13.21371781 ], [ -68.86207996, -13.21291782 ], [ -68.86089023, -13.21225157 ], [ -68.85903425, -13.21225157 ], [ -68.85770175, -13.21320336 ], [ -68.85698791, -13.21486898 ], [ -68.8566072, -13.21715326 ], [ -68.85579818, -13.2178671 ], [ -68.85403738, -13.21796228 ], [ -68.85364193, -13.21743501 ], [ -68.85318078, -13.21682014 ], [ -68.85241935, -13.21401237 ], [ -68.85241935, -13.21201362 ], [ -68.85384703, -13.20939622 ], [ -68.85489399, -13.20773059 ], [ -68.85501939, -13.20631986 ], [ -68.85508435, -13.20558908 ], [ -68.85549193, -13.2040752 ], [ -68.8557506, -13.20311444 ], [ -68.85765416, -13.20102051 ], [ -68.85984327, -13.19964043 ], [ -68.86074746, -13.19811757 ], [ -68.86071985, -13.19796573 ], [ -68.86036675, -13.19602365 ], [ -68.8606047, -13.19392972 ], [ -68.86090655, -13.1929487 ], [ -68.86117577, -13.19207374 ], [ -68.86303175, -13.19121714 ], [ -68.86493531, -13.19140749 ], [ -68.86626781, -13.19159785 ], [ -68.8668299, -13.19118082 ], [ -68.86774308, -13.1905033 ], [ -68.86802861, -13.18802866 ], [ -68.86813706, -13.18683578 ], [ -68.86817138, -13.18645821 ], [ -68.86959906, -13.18455465 ], [ -68.87155022, -13.18369804 ], [ -68.87255489, -13.18269337 ], [ -68.87273995, -13.18250831 ], [ -68.87278754, -13.18069992 ], [ -68.87169298, -13.1794626 ], [ -68.87026531, -13.17931983 ], [ -68.86836174, -13.18012885 ], [ -68.86683888, -13.18155652 ], [ -68.86474496, -13.18336491 ], [ -68.86341246, -13.18512572 ], [ -68.86169925, -13.18569679 ], [ -68.86065229, -13.18503054 ], [ -68.86055396, -13.1848944 ], [ -68.8600511, -13.18419812 ], [ -68.86003363, -13.18417393 ], [ -68.86003799, -13.18414664 ], [ -68.86022398, -13.1829842 ], [ -68.86074746, -13.18169929 ], [ -68.86227032, -13.18065233 ], [ -68.86317451, -13.1794626 ], [ -68.86320358, -13.179201 ], [ -68.86336487, -13.17774939 ], [ -68.86288898, -13.17622653 ], [ -68.86069987, -13.1741802 ], [ -68.85813006, -13.17318082 ], [ -68.85651202, -13.17260975 ], [ -68.85594095, -13.17156279 ], [ -68.85614348, -13.17147073 ], [ -68.8575114, -13.17084895 ], [ -68.85955773, -13.17046824 ], [ -68.86065229, -13.17089654 ], [ -68.86317451, -13.17260975 ], [ -68.8649829, -13.17265734 ], [ -68.86566632, -13.17236445 ], [ -68.8670818, -13.17175781 ], [ -68.86731478, -13.17165797 ], [ -68.86736131, -13.17160964 ], [ -68.86840286, -13.17052803 ], [ -68.8685521, -13.17037306 ], [ -68.86964665, -13.16980199 ], [ -68.87102673, -13.16870743 ], [ -68.8710805, -13.16838487 ], [ -68.87121709, -13.16756529 ], [ -68.87055084, -13.1670894 ], [ -68.86907558, -13.16718458 ], [ -68.86760031, -13.16756529 ], [ -68.86692253, -13.16685805 ], [ -68.86650576, -13.16642315 ], [ -68.86617263, -13.16475753 ], [ -68.86679129, -13.16242566 ], [ -68.86740995, -13.16018896 ], [ -68.86734707, -13.16006095 ], [ -68.86607746, -13.15747638 ], [ -68.86360282, -13.1542879 ], [ -68.86241309, -13.15357406 ], [ -68.86003362, -13.15300299 ], [ -68.8579397, -13.15243192 ], [ -68.85774934, -13.15138496 ], [ -68.85789924, -13.15108517 ], [ -68.85822523, -13.15043317 ], [ -68.85931979, -13.15043317 ], [ -68.86074746, -13.15090907 ], [ -68.86203237, -13.15114701 ], [ -68.86298451, -13.15052605 ], [ -68.86312692, -13.15043317 ], [ -68.86422148, -13.14895791 ], [ -68.86531649, -13.14696849 ], [ -68.86556048, -13.14701494 ], [ -68.86726719, -13.14733987 ], [ -68.86864727, -13.14852961 ], [ -68.87040807, -13.14962416 ], [ -68.87165537, -13.14942409 ], [ -68.87178037, -13.14848657 ], [ -68.87187976, -13.14774118 ], [ -68.8718838, -13.14771088 ], [ -68.87187682, -13.14770496 ], [ -68.86993218, -13.14605497 ], [ -68.86912317, -13.14477006 ], [ -68.86742945, -13.14205728 ], [ -68.86683888, -13.13915453 ], [ -68.86674606, -13.13862412 ], [ -68.86650576, -13.13725096 ], [ -68.86717201, -13.13534739 ], [ -68.86883763, -13.13439561 ], [ -68.87093156, -13.1344432 ], [ -68.87278754, -13.13553775 ], [ -68.87335861, -13.13696542 ], [ -68.87316825, -13.13877382 ], [ -68.87302548, -13.14010631 ], [ -68.87373932, -13.14129604 ], [ -68.87394212, -13.14128537 ], [ -68.87554771, -13.14120087 ], [ -68.8773561, -13.13948765 ], [ -68.87741809, -13.13937401 ], [ -68.87821271, -13.13791721 ], [ -68.87820359, -13.13772122 ], [ -68.87811753, -13.13587087 ], [ -68.87668985, -13.13415766 ], [ -68.87397727, -13.13301552 ], [ -68.87302548, -13.13187338 ], [ -68.87212129, -13.12987463 ], [ -68.87140745, -13.12759035 ], [ -68.87131227, -13.12530607 ], [ -68.87107432, -13.12392598 ], [ -68.86916282, -13.12210172 ], [ -68.86745754, -13.1207375 ], [ -68.86655335, -13.11969054 ], [ -68.86626781, -13.11883393 ], [ -68.86641349, -13.11849403 ], [ -68.86683888, -13.11750143 ], [ -68.86794341, -13.11727281 ], [ -68.86971373, -13.1180152 ], [ -68.87083638, -13.11826286 ], [ -68.87226405, -13.11883393 ], [ -68.87378691, -13.11859599 ], [ -68.87398694, -13.11839596 ], [ -68.87492905, -13.11745385 ], [ -68.87521459, -13.11607376 ], [ -68.87459593, -13.11488403 ], [ -68.87359655, -13.11374189 ], [ -68.87178816, -13.11212385 ], [ -68.8707412, -13.11131484 ], [ -68.8685521, -13.11121966 ], [ -68.86574433, -13.11079135 ], [ -68.8656084, -13.11035442 ], [ -68.86507808, -13.10864984 ], [ -68.86461529, -13.10665629 ], [ -68.86445942, -13.10598484 ], [ -68.86274621, -13.10374815 ], [ -68.86255585, -13.1026536 ], [ -68.86248787, -13.10235449 ], [ -68.86231791, -13.10160663 ], [ -68.86193719, -13.10032173 ], [ -68.86182981, -13.10014563 ], [ -68.86074746, -13.09837057 ], [ -68.86027157, -13.09665736 ], [ -68.86027504, -13.09653264 ], [ -68.86031916, -13.09494414 ], [ -68.86098541, -13.09332611 ], [ -68.8627938, -13.09151772 ], [ -68.86460219, -13.0902804 ], [ -68.86489517, -13.0893564 ], [ -68.86522085, -13.08832924 ], [ -68.8658871, -13.08694915 ], [ -68.86641058, -13.08552148 ], [ -68.86647467, -13.08545691 ], [ -68.86765788, -13.08426493 ], [ -68.86908555, -13.08289436 ], [ -68.86925295, -13.08265269 ], [ -68.869837, -13.08180952 ], [ -68.86936111, -13.08042943 ], [ -68.86794341, -13.07883976 ], [ -68.86536084, -13.07800304 ], [ -68.86306413, -13.07653079 ], [ -68.86112818, -13.0752898 ], [ -68.85974809, -13.0739573 ], [ -68.85959504, -13.07333236 ], [ -68.85917702, -13.07162543 ], [ -68.85884389, -13.06991221 ], [ -68.85874394, -13.06980512 ], [ -68.8575114, -13.06848454 ], [ -68.85589336, -13.06691409 ], [ -68.85587108, -13.06675443 ], [ -68.85560783, -13.06486776 ], [ -68.85589336, -13.06258347 ], [ -68.85578609, -13.06230858 ], [ -68.85513194, -13.06063232 ], [ -68.85503676, -13.0589191 ], [ -68.85536028, -13.05878185 ], [ -68.8566072, -13.05825285 ], [ -68.85832041, -13.05882393 ], [ -68.85917702, -13.05910946 ], [ -68.86084264, -13.05853839 ], [ -68.86085874, -13.05852631 ], [ -68.8623655, -13.05739625 ], [ -68.86284139, -13.05482643 ], [ -68.86304546, -13.05324488 ], [ -68.8632221, -13.0518759 ], [ -68.86374558, -13.05016269 ], [ -68.86370212, -13.0496846 ], [ -68.86355523, -13.04806876 ], [ -68.86274621, -13.04687903 ], [ -68.86112818, -13.04654591 ], [ -68.85946255, -13.04716457 ], [ -68.85798729, -13.0483543 ], [ -68.85655961, -13.04863983 ], [ -68.85460845, -13.04863983 ], [ -68.85275247, -13.04887778 ], [ -68.85003989, -13.04916331 ], [ -68.84976081, -13.0487447 ], [ -68.84946882, -13.04830671 ], [ -68.84884515, -13.04777214 ], [ -68.84880257, -13.04773564 ], [ -68.84880257, -13.04764343 ], [ -68.84880257, -13.04635555 ], [ -68.84937364, -13.04516582 ], [ -68.85016584, -13.04480573 ], [ -68.85094408, -13.04445198 ], [ -68.85260971, -13.04445198 ], [ -68.85274868, -13.0444353 ], [ -68.85379944, -13.04430921 ], [ -68.85489399, -13.04364296 ], [ -68.85536988, -13.04188216 ], [ -68.8552495, -13.04150381 ], [ -68.85470363, -13.03978824 ], [ -68.8530856, -13.03897922 ], [ -68.85075373, -13.03826538 ], [ -68.85064692, -13.03816486 ], [ -68.85060639, -13.03812671 ], [ -68.84994471, -13.03750395 ], [ -68.85018266, -13.03579074 ], [ -68.85038074, -13.03545401 ], [ -68.85161033, -13.03336369 ], [ -68.85280006, -13.03231673 ], [ -68.85470363, -13.03179325 ], [ -68.85641684, -13.03212637 ], [ -68.85815243, -13.03355823 ], [ -68.85832041, -13.03369682 ], [ -68.85964707, -13.03536366 ], [ -68.86017639, -13.03602869 ], [ -68.86203237, -13.03626663 ], [ -68.86441183, -13.03521967 ], [ -68.86650576, -13.03355405 ], [ -68.86695315, -13.03283823 ], [ -68.86745754, -13.03203119 ], [ -68.86760031, -13.03046075 ], [ -68.86727751, -13.02945647 ], [ -68.86717201, -13.02912825 ], [ -68.86665455, -13.02886952 ], [ -68.86561034, -13.02834742 ], [ -68.86555397, -13.02831924 ], [ -68.86548521, -13.02832453 ], [ -68.86369799, -13.028462 ], [ -68.86198478, -13.02893789 ], [ -68.86022398, -13.02879513 ], [ -68.85879631, -13.02741504 ], [ -68.85857575, -13.0260917 ], [ -68.85852738, -13.02580148 ], [ -68.85851077, -13.02570183 ], [ -68.85846318, -13.02432174 ], [ -68.85886158, -13.02264848 ], [ -68.85893907, -13.02232299 ], [ -68.85880746, -13.02199395 ], [ -68.85817764, -13.02041942 ], [ -68.8561789, -13.0191821 ], [ -68.85360908, -13.01846827 ], [ -68.8534813, -13.01836827 ], [ -68.85273572, -13.01778477 ], [ -68.85251453, -13.01761166 ], [ -68.85258929, -13.01741455 ], [ -68.85303801, -13.01623157 ], [ -68.85422774, -13.01513702 ], [ -68.85589336, -13.0138997 ], [ -68.85713068, -13.01332863 ], [ -68.85879631, -13.01342381 ], [ -68.86069987, -13.01442318 ], [ -68.86246068, -13.01613639 ], [ -68.8641263, -13.01661229 ], [ -68.86626781, -13.01713577 ], [ -68.86864727, -13.01846827 ], [ -68.87021772, -13.01932487 ], [ -68.87174057, -13.01970559 ], [ -68.87252579, -13.01942005 ], [ -68.8730013, -13.01869841 ], [ -68.87371123, -13.01762099 ], [ -68.87391553, -13.01736154 ], [ -68.87540494, -13.01547015 ], [ -68.87556772, -13.01510972 ], [ -68.87601517, -13.01411892 ], [ -68.87607119, -13.01399488 ], [ -68.8760591, -13.01392233 ], [ -68.87581245, -13.0124424 ], [ -68.87578566, -13.01228167 ], [ -68.87566993, -13.01219487 ], [ -68.87464352, -13.01142506 ], [ -68.87273995, -13.01109194 ], [ -68.87055084, -13.01147265 ], [ -68.86931352, -13.01166301 ], [ -68.86798102, -13.01118712 ], [ -68.86779431, -13.01093319 ], [ -68.86752024, -13.01056046 ], [ -68.86679129, -13.00956908 ], [ -68.86706833, -13.00889628 ], [ -68.86745754, -13.00795105 ], [ -68.86869486, -13.00647578 ], [ -68.87021772, -13.00542882 ], [ -68.87235923, -13.00466739 ], [ -68.87268537, -13.00403324 ], [ -68.87314756, -13.00313453 ], [ -68.87321584, -13.00300177 ], [ -68.87321288, -13.00296726 ], [ -68.87308954, -13.00152827 ], [ -68.87307307, -13.00133615 ], [ -68.87277467, -13.00109742 ], [ -68.87214974, -13.00059749 ], [ -68.87164539, -13.00019401 ], [ -68.87077896, -12.99997185 ], [ -68.86978942, -12.99971811 ], [ -68.86871112, -12.99943776 ], [ -68.86804241, -12.9992639 ], [ -68.86740995, -12.99909945 ], [ -68.86607746, -12.99776696 ], [ -68.86598562, -12.99648123 ], [ -68.86595711, -12.99608215 ], [ -68.86593469, -12.99576821 ], [ -68.86600942, -12.99558886 ], [ -68.86640367, -12.99464265 ], [ -68.86664853, -12.994055 ], [ -68.86740486, -12.99303172 ], [ -68.86745754, -12.99296044 ], [ -68.86812379, -12.99172313 ], [ -68.86869486, -12.98991473 ], [ -68.86959906, -12.98843947 ], [ -68.87093156, -12.98753527 ], [ -68.87245487, -12.9878682 ], [ -68.87393966, -12.9886677 ], [ -68.8759384, -12.99049513 ], [ -68.87749887, -12.99043822 ], [ -68.87776636, -12.99030878 ], [ -68.87818954, -12.99010402 ], [ -68.87897413, -12.98972438 ], [ -68.87903316, -12.98899639 ], [ -68.8791169, -12.98796358 ], [ -68.87883137, -12.98686903 ], [ -68.8769278, -12.98539376 ], [ -68.87530976, -12.98515581 ], [ -68.87364414, -12.98506063 ], [ -68.87135986, -12.9856317 ], [ -68.86974183, -12.98615519 ], [ -68.86959592, -12.98617055 ], [ -68.86894716, -12.98623884 ], [ -68.86793344, -12.98634554 ], [ -68.86526844, -12.98582206 ], [ -68.86369799, -12.98496546 ], [ -68.86318345, -12.98447951 ], [ -68.86219545, -12.98354639 ], [ -68.86198478, -12.98334742 ], [ -68.86182807, -12.98295041 ], [ -68.86155725, -12.98226435 ], [ -68.86127094, -12.98153903 ], [ -68.86136834, -12.98037029 ], [ -68.86136846, -12.98036881 ], [ -68.86141371, -12.97982582 ], [ -68.86170219, -12.97940914 ], [ -68.86312692, -12.97735118 ], [ -68.86389276, -12.97654705 ], [ -68.86407871, -12.97635181 ], [ -68.86493531, -12.97530484 ], [ -68.86531603, -12.97378199 ], [ -68.86540078, -12.97242601 ], [ -68.86520227, -12.97073609 ], [ -68.86533548, -12.97068916 ], [ -68.86695786, -12.97011762 ], [ -68.86845738, -12.97170691 ], [ -68.86959906, -12.97263985 ], [ -68.87145504, -12.9737344 ], [ -68.87264477, -12.97482895 ], [ -68.87273944, -12.9757757 ], [ -68.87283512, -12.97673252 ], [ -68.87140745, -12.97787466 ], [ -68.87007495, -12.97863609 ], [ -68.86963352, -12.97963935 ], [ -68.86955147, -12.97982582 ], [ -68.87055084, -12.98111073 ], [ -68.87283513, -12.9812535 ], [ -68.87450075, -12.98073002 ], [ -68.87489932, -12.98049087 ], [ -68.87558113, -12.98008178 ], [ -68.87569048, -12.98001618 ], [ -68.8757249, -12.97997028 ], [ -68.87625744, -12.97926024 ], [ -68.87668985, -12.97868368 ], [ -68.87678503, -12.97697047 ], [ -68.87677329, -12.97692349 ], [ -68.87654666, -12.976017 ], [ -68.87640432, -12.97544761 ], [ -68.87542059, -12.97408913 ], [ -68.87540494, -12.97406752 ], [ -68.87538591, -12.97403421 ], [ -68.87495193, -12.97327475 ], [ -68.87464352, -12.97273503 ], [ -68.87407245, -12.97035557 ], [ -68.87398485, -12.968487 ], [ -68.87396925, -12.96815399 ], [ -68.87392968, -12.96730986 ], [ -68.87402386, -12.96651876 ], [ -68.87414098, -12.96553489 ], [ -68.87416762, -12.96531111 ], [ -68.87418623, -12.96528205 ], [ -68.8750818, -12.96388324 ], [ -68.8758813, -12.96239846 ], [ -68.87589409, -12.96234544 ], [ -68.87628104, -12.96074235 ], [ -68.87651315, -12.95981394 ], [ -68.87656658, -12.95960021 ], [ -68.87710514, -12.95789128 ], [ -68.87729466, -12.9572899 ], [ -68.87742624, -12.95722289 ], [ -68.87884828, -12.9564987 ], [ -68.88090672, -12.95685907 ], [ -68.88330521, -12.95668775 ], [ -68.88346293, -12.9561515 ], [ -68.88359075, -12.95571693 ], [ -68.88267704, -12.95417504 ], [ -68.88094909, -12.95365175 ], [ -68.87930726, -12.95415144 ], [ -68.87771302, -12.95453215 ], [ -68.87685427, -12.954839 ], [ -68.87553865, -12.95394661 ], [ -68.87565287, -12.95257604 ], [ -68.87570997, -12.95069151 ], [ -68.87531022, -12.9490354 ], [ -68.8742823, -12.94692244 ], [ -68.87388255, -12.94532344 ], [ -68.87291173, -12.94389577 ], [ -68.87180333, -12.94425867 ], [ -68.87131227, -12.94441944 ], [ -68.87088397, -12.9459423 ], [ -68.86992398, -12.94749656 ], [ -68.86988459, -12.94756033 ], [ -68.86943879, -12.94780181 ], [ -68.86942868, -12.94780728 ], [ -68.86874245, -12.94817899 ], [ -68.86726719, -12.9481314 ], [ -68.86617263, -12.94817899 ], [ -68.8649829, -12.94841693 ], [ -68.8632221, -12.94903559 ], [ -68.86193719, -12.94941631 ], [ -68.86036675, -12.94936872 ], [ -68.85931979, -12.94851211 ], [ -68.85884389, -12.94732238 ], [ -68.85955773, -12.94556158 ], [ -68.85986448, -12.94536877 ], [ -68.86122336, -12.94451462 ], [ -68.86350764, -12.94365801 ], [ -68.86617263, -12.94289659 ], [ -68.86817138, -12.94180203 ], [ -68.87021772, -12.94080266 ], [ -68.87259718, -12.94037436 ], [ -68.8738345, -12.94023159 ], [ -68.87464352, -12.93956534 ], [ -68.87466971, -12.93943061 ], [ -68.87497664, -12.93785213 ], [ -68.87433604, -12.93593034 ], [ -68.8742628, -12.93571061 ], [ -68.87404604, -12.93558459 ], [ -68.87221647, -12.93452088 ], [ -68.8703129, -12.93409258 ], [ -68.86845692, -12.93380704 ], [ -68.86626781, -12.93328356 ], [ -68.86612975, -12.93311789 ], [ -68.86531603, -12.93214142 ], [ -68.86515809, -12.93048306 ], [ -68.86512567, -12.93014267 ], [ -68.86479255, -12.92795357 ], [ -68.8638646, -12.92723652 ], [ -68.86374558, -12.92714455 ], [ -68.86065228, -12.92666866 ], [ -68.86015167, -12.92585998 ], [ -68.86003362, -12.92566929 ], [ -68.86036675, -12.92476509 ], [ -68.86120449, -12.92426164 ], [ -68.86301498, -12.92317359 ], [ -68.86458543, -12.92231699 ], [ -68.86634623, -12.92207904 ], [ -68.86858292, -12.92222181 ], [ -68.87020095, -12.92217422 ], [ -68.87092356, -12.92200026 ], [ -68.871652, -12.9218249 ], [ -68.87277077, -12.92155556 ], [ -68.8737159, -12.92092548 ], [ -68.87462675, -12.92031824 ], [ -68.87534059, -12.91903333 ], [ -68.87538818, -12.91660628 ], [ -68.87410327, -12.91451236 ], [ -68.87239006, -12.91251361 ], [ -68.87181899, -12.90965825 ], [ -68.87096238, -12.90756433 ], [ -68.86929087, -12.90580924 ], [ -68.86905881, -12.90556558 ], [ -68.86809289, -12.90482256 ], [ -68.86782149, -12.9046138 ], [ -68.8673456, -12.90380478 ], [ -68.86743732, -12.90346543 ], [ -68.86782149, -12.90204398 ], [ -68.86866493, -12.90113026 ], [ -68.86896363, -12.90080666 ], [ -68.87096238, -12.90042595 ], [ -68.87248524, -12.89999764 ], [ -68.87286595, -12.89928381 ], [ -68.87248524, -12.89804649 ], [ -68.87101656, -12.89695682 ], [ -68.87100997, -12.89695193 ], [ -68.87100408, -12.89695193 ], [ -68.86901122, -12.89695193 ], [ -68.8673456, -12.89718988 ], [ -68.8666426, -12.89688345 ], [ -68.86595638, -12.89658432 ], [ -68.86548962, -12.89638086 ], [ -68.86539136, -12.89614503 ], [ -68.86502978, -12.89527724 ], [ -68.86501373, -12.89523872 ], [ -68.86501962, -12.89521223 ], [ -68.8653534, -12.89371022 ], [ -68.86539444, -12.89352551 ], [ -68.86626669, -12.89250157 ], [ -68.86648899, -12.8922406 ], [ -68.86848774, -12.89095569 ], [ -68.87053408, -12.89028944 ], [ -68.87140867, -12.89017437 ], [ -68.87186064, -12.8901149 ], [ -68.87234247, -12.8900515 ], [ -68.87244397, -12.88993208 ], [ -68.87315149, -12.88909971 ], [ -68.87305631, -12.88748168 ], [ -68.87005819, -12.88381731 ], [ -68.86877328, -12.88243722 ], [ -68.86629864, -12.88062883 ], [ -68.86567998, -12.87958187 ], [ -68.86444266, -12.87577473 ], [ -68.86396677, -12.87387116 ], [ -68.8640394, -12.87355641 ], [ -68.8642523, -12.87263384 ], [ -68.86505837, -12.872003 ], [ -68.86534685, -12.87177724 ], [ -68.86615203, -12.87166221 ], [ -68.86617873, -12.8716584 ], [ -68.86667935, -12.87158688 ], [ -68.86877328, -12.87244348 ], [ -68.86985658, -12.87257348 ], [ -68.86996301, -12.87258625 ], [ -68.87006591, -12.87251967 ], [ -68.87077202, -12.87206277 ], [ -68.87113411, -12.87085583 ], [ -68.87120033, -12.87063509 ], [ -68.87116367, -12.8705577 ], [ -68.87034372, -12.8688267 ], [ -68.8691064, -12.86754179 ], [ -68.86772631, -12.86716108 ], [ -68.86735244, -12.86719507 ], [ -68.86563239, -12.86735144 ], [ -68.86493766, -12.8674029 ], [ -68.86434748, -12.86744662 ], [ -68.86187284, -12.86673278 ], [ -68.8589699, -12.86506716 ], [ -68.85801811, -12.86283046 ], [ -68.85787535, -12.85954681 ], [ -68.85735186, -12.8582619 ], [ -68.85622653, -12.8582619 ], [ -68.85601937, -12.8582619 ], [ -68.85501999, -12.85892815 ], [ -68.85521035, -12.8600227 ], [ -68.85530553, -12.86235457 ], [ -68.85464644, -12.86442598 ], [ -68.85463928, -12.8644485 ], [ -68.85456407, -12.86452371 ], [ -68.85306883, -12.86601894 ], [ -68.85231846, -12.86663881 ], [ -68.85197428, -12.86692314 ], [ -68.85139116, -12.86697615 ], [ -68.85137524, -12.8669776 ], [ -68.85040384, -12.8670659 ], [ -68.84830991, -12.86649483 ], [ -68.84688224, -12.8653051 ], [ -68.84612081, -12.86335394 ], [ -68.84531179, -12.85921368 ], [ -68.84431242, -12.85745288 ], [ -68.84340822, -12.85702458 ], [ -68.84136189, -12.8569294 ], [ -68.84077582, -12.85731596 ], [ -68.83912519, -12.85840467 ], [ -68.83768792, -12.85928557 ], [ -68.83764993, -12.85930886 ], [ -68.83759181, -12.85932178 ], [ -68.83680221, -12.85949724 ], [ -68.83593672, -12.85968957 ], [ -68.8346994, -12.85897574 ], [ -68.83374761, -12.85750047 ], [ -68.83398556, -12.85597761 ], [ -68.83450904, -12.85478788 ], [ -68.83574636, -12.85374092 ], [ -68.83712645, -12.85240842 ], [ -68.83798305, -12.84945789 ], [ -68.8380421, -12.84919546 ], [ -68.83822977, -12.84836137 ], [ -68.83841135, -12.84755432 ], [ -68.83974385, -12.84607906 ], [ -68.83978486, -12.84603805 ], [ -68.84001737, -12.84580554 ], [ -68.84155224, -12.84427067 ], [ -68.84179019, -12.84293817 ], [ -68.84036251, -12.84155808 ], [ -68.838221, -12.84170085 ], [ -68.83711245, -12.84245933 ], [ -68.83641261, -12.84293817 ], [ -68.83540578, -12.84398229 ], [ -68.8351277, -12.84427067 ], [ -68.83398556, -12.84460379 ], [ -68.8320344, -12.84427067 ], [ -68.83093985, -12.84312853 ], [ -68.83117779, -12.84127255 ], [ -68.83217717, -12.83960692 ], [ -68.83350966, -12.83860755 ], [ -68.83393797, -12.83694193 ], [ -68.83412832, -12.83408657 ], [ -68.8351277, -12.8326589 ], [ -68.83538333, -12.83253108 ], [ -68.83717022, -12.83163764 ], [ -68.83788787, -12.83127881 ], [ -68.83922037, -12.83037461 ], [ -68.83888725, -12.82880417 ], [ -68.83799316, -12.82833769 ], [ -68.83779269, -12.8282331 ], [ -68.83739699, -12.82831996 ], [ -68.83620474, -12.82858168 ], [ -68.83584154, -12.8286614 ], [ -68.83398556, -12.83008908 ], [ -68.83275375, -12.83136651 ], [ -68.83270065, -12.83142158 ], [ -68.8322055, -12.83160726 ], [ -68.83206256, -12.83166086 ], [ -68.83193922, -12.83170711 ], [ -68.82989288, -12.83113604 ], [ -68.82875074, -12.82951801 ], [ -68.82941699, -12.82775721 ], [ -68.82943325, -12.8277422 ], [ -68.83065431, -12.82661507 ], [ -68.83231993, -12.82585364 ], [ -68.83427109, -12.82585364 ], [ -68.83684091, -12.82656748 ], [ -68.83775486, -12.82644722 ], [ -68.8380462, -12.82640889 ], [ -68.8386493, -12.82632953 ], [ -68.83874947, -12.82614588 ], [ -68.83950591, -12.82475909 ], [ -68.83926796, -12.8224748 ], [ -68.83617466, -12.81990499 ], [ -68.83431868, -12.81804901 ], [ -68.83427109, -12.81595508 ], [ -68.83455663, -12.81195759 ], [ -68.83365243, -12.8101492 ], [ -68.83170127, -12.8096733 ], [ -68.82998421, -12.81062723 ], [ -68.82955976, -12.81086303 ], [ -68.82834777, -12.81258921 ], [ -68.82798932, -12.81309973 ], [ -68.82713271, -12.81395633 ], [ -68.82570503, -12.81371839 ], [ -68.82539615, -12.81328595 ], [ -68.82529366, -12.81314247 ], [ -68.8245153, -12.81205276 ], [ -68.82480084, -12.80815045 ], [ -68.82442012, -12.80515233 ], [ -68.82313521, -12.80443849 ], [ -68.8221542, -12.80469166 ], [ -68.82165995, -12.8048192 ], [ -68.82003846, -12.80603532 ], [ -68.81975638, -12.80624688 ], [ -68.81813835, -12.80624688 ], [ -68.81529597, -12.80466261 ], [ -68.8152354, -12.80462885 ], [ -68.81512768, -12.80467553 ], [ -68.81476004, -12.80483484 ], [ -68.81380773, -12.80524751 ], [ -68.81238005, -12.80700831 ], [ -68.81142827, -12.80910223 ], [ -68.81004818, -12.81010161 ], [ -68.8086904, -12.80991525 ], [ -68.80762113, -12.80976848 ], [ -68.807288, -12.80762697 ], [ -68.80857291, -12.80548545 ], [ -68.80990541, -12.80272528 ], [ -68.8103466, -12.80108659 ], [ -68.81044555, -12.80071905 ], [ -68.81057166, -12.80025064 ], [ -68.81152344, -12.79872778 ], [ -68.81276077, -12.79825189 ], [ -68.81279944, -12.79825261 ], [ -68.8143092, -12.79828057 ], [ -68.81533058, -12.79829948 ], [ -68.8165911, -12.79792599 ], [ -68.81661549, -12.79791877 ], [ -68.81665039, -12.79783401 ], [ -68.81761487, -12.79549172 ], [ -68.81861424, -12.79220806 ], [ -68.81780522, -12.78854369 ], [ -68.81637755, -12.78749673 ], [ -68.81428362, -12.78621182 ], [ -68.81138162, -12.78369041 ], [ -68.81138068, -12.78368959 ], [ -68.81137667, -12.78368912 ], [ -68.81066743, -12.78360568 ], [ -68.80976264, -12.78349923 ], [ -68.80762113, -12.78468896 ], [ -68.80605068, -12.78516486 ], [ -68.8055446, -12.78489235 ], [ -68.80481336, -12.78449861 ], [ -68.80482597, -12.78425905 ], [ -68.80489198, -12.78300493 ], [ -68.80490854, -12.78269022 ], [ -68.80517081, -12.78238424 ], [ -68.8053205, -12.78220961 ], [ -68.80605068, -12.78135772 ], [ -68.80852532, -12.77959692 ], [ -68.80928675, -12.77807406 ], [ -68.80885845, -12.77555183 ], [ -68.80739429, -12.77378624 ], [ -68.80724042, -12.77360067 ], [ -68.80608651, -12.77288736 ], [ -68.80462301, -12.77198264 ], [ -68.80469839, -12.77065092 ], [ -68.80472728, -12.77014054 ], [ -68.80476578, -12.76946041 ], [ -68.80487642, -12.76937026 ], [ -68.80605068, -12.76841345 ], [ -68.80795425, -12.7668906 ], [ -68.80818567, -12.7661732 ], [ -68.80843015, -12.76541533 ], [ -68.80754261, -12.76439125 ], [ -68.80719283, -12.76398765 ], [ -68.80538444, -12.76398765 ], [ -68.80348722, -12.76380867 ], [ -68.80286221, -12.76374971 ], [ -68.80281462, -12.76222685 ], [ -68.80400435, -12.76018051 ], [ -68.8050989, -12.758039 ], [ -68.80500372, -12.75680168 ], [ -68.80419471, -12.75561195 ], [ -68.80129176, -12.755374 ], [ -68.80014348, -12.75597685 ], [ -68.79938819, -12.75637338 ], [ -68.79825506, -12.75750651 ], [ -68.79824605, -12.75751552 ], [ -68.79553347, -12.75818177 ], [ -68.79481104, -12.75880657 ], [ -68.79377267, -12.75970462 ], [ -68.79263931, -12.76053284 ], [ -68.79253535, -12.76060882 ], [ -68.79063178, -12.76037087 ], [ -68.78796678, -12.7562782 ], [ -68.78711018, -12.7536132 ], [ -68.78687223, -12.7509958 ], [ -68.78658669, -12.74852116 ], [ -68.78553973, -12.74704589 ], [ -68.7844572, -12.74610965 ], [ -68.78404817, -12.74575589 ], [ -68.78377893, -12.74552303 ], [ -68.78330304, -12.74442848 ], [ -68.78406446, -12.74071652 ], [ -68.78349339, -12.73919367 ], [ -68.78087599, -12.7368618 ], [ -68.78054286, -12.73414921 ], [ -68.77973385, -12.73229323 ], [ -68.77864917, -12.73253816 ], [ -68.77825858, -12.73262636 ], [ -68.77792546, -12.73367332 ], [ -68.77830617, -12.7363859 ], [ -68.77785499, -12.73773945 ], [ -68.77778269, -12.73795635 ], [ -68.77559358, -12.73900331 ], [ -68.77269064, -12.73857501 ], [ -68.77176777, -12.7383377 ], [ -68.77102502, -12.73814671 ], [ -68.77061226, -12.7384469 ], [ -68.76997701, -12.7389089 ], [ -68.76945458, -12.73928885 ], [ -68.76893109, -12.74114483 ], [ -68.76821725, -12.74285804 ], [ -68.76730298, -12.74293754 ], [ -68.7671227, -12.74295322 ], [ -68.76483842, -12.7417159 ], [ -68.76155476, -12.73805153 ], [ -68.75798557, -12.73567207 ], [ -68.75631995, -12.735101 ], [ -68.75508977, -12.73447758 ], [ -68.75251995, -12.7314509 ], [ -68.75143492, -12.73127958 ], [ -68.74977881, -12.73167933 ], [ -68.74948042, -12.73163292 ], [ -68.74843409, -12.73147016 ], [ -68.74720899, -12.73127958 ], [ -68.74395389, -12.72745341 ], [ -68.74189804, -12.72562598 ], [ -68.74126986, -12.72157138 ], [ -68.74149829, -12.71945842 ], [ -68.74087011, -12.71791653 ], [ -68.73938533, -12.71751678 ], [ -68.73635865, -12.7176881 ], [ -68.73373173, -12.71700282 ], [ -68.73156166, -12.71500407 ], [ -68.73006977, -12.71430574 ], [ -68.72887763, -12.71374771 ], [ -68.72834992, -12.71297645 ], [ -68.72813523, -12.71266268 ], [ -68.728278, -12.71182749 ], [ -68.72912384, -12.71164624 ], [ -68.72977706, -12.71150626 ], [ -68.73159735, -12.71125642 ], [ -68.7340244, -12.71018566 ], [ -68.735345, -12.70990012 ], [ -68.7370939, -12.71036412 ], [ -68.73855727, -12.71236287 ], [ -68.73987787, -12.71400469 ], [ -68.74020596, -12.71388658 ], [ -68.74077017, -12.71368347 ], [ -68.74294738, -12.71100657 ], [ -68.7428403, -12.7091149 ], [ -68.74209077, -12.70758015 ], [ -68.7410914, -12.706902 ], [ -68.73770067, -12.70611678 ], [ -68.73545208, -12.70497464 ], [ -68.73316779, -12.7025119 ], [ -68.7322755, -12.7016196 ], [ -68.73109766, -12.7011556 ], [ -68.72842077, -12.70076299 ], [ -68.72692171, -12.70008485 ], [ -68.72592234, -12.69904978 ], [ -68.7247445, -12.69623012 ], [ -68.72456604, -12.69469537 ], [ -68.72524419, -12.69230401 ], [ -68.72578102, -12.69178707 ], [ -68.72620787, -12.69137602 ], [ -68.72745709, -12.69105479 ], [ -68.72899184, -12.69155448 ], [ -68.72991983, -12.693232 ], [ -68.73066936, -12.69562336 ], [ -68.73127612, -12.69672981 ], [ -68.7322398, -12.69733657 ], [ -68.73327487, -12.69740795 ], [ -68.73375754, -12.69713823 ], [ -68.73448839, -12.69672981 ], [ -68.735345, -12.69565905 ], [ -68.73573761, -12.69451691 ], [ -68.735345, -12.69316062 ], [ -68.7344884, -12.69219693 ], [ -68.73309641, -12.69166156 ], [ -68.73102628, -12.69119756 ], [ -68.72834939, -12.68934158 ], [ -68.72681463, -12.68869913 ], [ -68.72529805, -12.68886764 ], [ -68.7252085, -12.68887759 ], [ -68.72486187, -12.68892595 ], [ -68.72367374, -12.68909174 ], [ -68.72199622, -12.6888062 ], [ -68.71874826, -12.68723576 ], [ -68.71214526, -12.68202474 ], [ -68.7119668, -12.68091829 ], [ -68.71275202, -12.68002599 ], [ -68.71301392, -12.67992807 ], [ -68.71596402, -12.67882499 ], [ -68.71656176, -12.67860148 ], [ -68.71685659, -12.67849124 ], [ -68.71703493, -12.67830675 ], [ -68.71789165, -12.67742048 ], [ -68.71885534, -12.67535035 ], [ -68.71939071, -12.67320884 ], [ -68.71956917, -12.6698181 ], [ -68.7198904, -12.66853319 ], [ -68.71997106, -12.66845254 ], [ -68.72063993, -12.66778366 ], [ -68.72224607, -12.66767659 ], [ -68.72456604, -12.66864027 ], [ -68.72549403, -12.66967534 ], [ -68.72552972, -12.67128147 ], [ -68.72535127, -12.67306607 ], [ -68.72545834, -12.67413682 ], [ -68.72620787, -12.67477928 ], [ -68.72720724, -12.67477928 ], [ -68.72733492, -12.67464096 ], [ -68.72806385, -12.67385129 ], [ -68.72877769, -12.67192393 ], [ -68.72899184, -12.66881873 ], [ -68.72909892, -12.66796212 ], [ -68.72970568, -12.6676052 ], [ -68.72976175, -12.66762664 ], [ -68.7309192, -12.6680692 ], [ -68.73189114, -12.66893314 ], [ -68.73220091, -12.66920849 ], [ -68.73220411, -12.66921134 ], [ -68.73221805, -12.66921188 ], [ -68.73285694, -12.66923645 ], [ -68.7331321, -12.66924703 ], [ -68.73413148, -12.66853319 ], [ -68.73428628, -12.66827519 ], [ -68.73498808, -12.66710552 ], [ -68.73545208, -12.66546369 ], [ -68.73591607, -12.66246557 ], [ -68.73698683, -12.65946745 ], [ -68.73720098, -12.65771854 ], [ -68.73670129, -12.65696901 ], [ -68.73356041, -12.65536288 ], [ -68.73152597, -12.65411366 ], [ -68.7309549, -12.65311429 ], [ -68.7313832, -12.65157953 ], [ -68.73238257, -12.64897402 ], [ -68.73298933, -12.64529776 ], [ -68.73341764, -12.64454823 ], [ -68.73477393, -12.64254948 ], [ -68.73645145, -12.64022951 ], [ -68.73923542, -12.63755261 ], [ -68.7406631, -12.63619632 ], [ -68.74123417, -12.63491141 ], [ -68.7410914, -12.63376927 ], [ -68.73773636, -12.62930778 ], [ -68.73438132, -12.62598843 ], [ -68.73388163, -12.62373984 ], [ -68.7336422, -12.62092018 ], [ -68.73292836, -12.6194925 ], [ -68.73194777, -12.61785673 ], [ -68.73236702, -12.61562075 ], [ -68.73236702, -12.61184753 ], [ -68.73110928, -12.60989105 ], [ -68.72935188, -12.60894813 ], [ -68.72695339, -12.60809152 ], [ -68.72529728, -12.60746334 ], [ -68.72449778, -12.6062641 ], [ -68.72392671, -12.60397981 ], [ -68.72267036, -12.6030661 ], [ -68.72169954, -12.60312321 ], [ -68.72107205, -12.60330249 ], [ -68.72090004, -12.60335163 ], [ -68.72088209, -12.60367465 ], [ -68.72084293, -12.60437956 ], [ -68.72059324, -12.60465863 ], [ -68.71992494, -12.60540556 ], [ -68.71987211, -12.6054646 ], [ -68.71975983, -12.60551342 ], [ -68.71956635, -12.60559754 ], [ -68.71855865, -12.60603567 ], [ -68.71684544, -12.60609277 ], [ -68.71536065, -12.60614988 ], [ -68.71364744, -12.60517906 ], [ -68.71261951, -12.60318031 ], [ -68.71256241, -12.60021075 ], [ -68.71279084, -12.59769804 ], [ -68.71136316, -12.59347211 ], [ -68.70993548, -12.59084519 ], [ -68.70730856, -12.58947462 ], [ -68.70399635, -12.58730455 ], [ -68.70228314, -12.5853058 ], [ -68.70154074, -12.58279309 ], [ -68.70136942, -12.58085145 ], [ -68.70068414, -12.58005195 ], [ -68.69971332, -12.58016617 ], [ -68.69918825, -12.58132133 ], [ -68.69914225, -12.58142252 ], [ -68.6987996, -12.58462052 ], [ -68.69868539, -12.58707612 ], [ -68.69791087, -12.5887704 ], [ -68.69777168, -12.58907487 ], [ -68.69622979, -12.58890355 ], [ -68.69400261, -12.58719034 ], [ -68.69223229, -12.58507737 ], [ -68.69188965, -12.58324995 ], [ -68.6922894, -12.58187938 ], [ -68.6924627, -12.58180918 ], [ -68.69595275, -12.58039554 ], [ -68.69714248, -12.57919391 ], [ -68.69717817, -12.57915822 ], [ -68.69717817, -12.57908683 ], [ -68.69721387, -12.57908683 ], [ -68.69721387, -12.57905114 ], [ -68.69728525, -12.57894407 ], [ -68.69732094, -12.57894407 ], [ -68.69742802, -12.57883699 ], [ -68.69742802, -12.5787656 ], [ -68.6974994, -12.57872991 ], [ -68.6974994, -12.57869422 ], [ -68.69753509, -12.57862284 ], [ -68.69760648, -12.57855145 ], [ -68.69767786, -12.57851576 ], [ -68.69774924, -12.57844438 ], [ -68.69785632, -12.5783373 ], [ -68.69789201, -12.57830161 ], [ -68.6979277, -12.57826592 ], [ -68.6979634, -12.57823023 ], [ -68.69799909, -12.57815884 ], [ -68.69803478, -12.57805177 ], [ -68.69810616, -12.57798038 ], [ -68.69810616, -12.57794469 ], [ -68.69814186, -12.577909 ], [ -68.69814186, -12.57787331 ], [ -68.69817755, -12.57776623 ], [ -68.69821324, -12.57765915 ], [ -68.69824893, -12.57758777 ], [ -68.69828462, -12.5774807 ], [ -68.69832032, -12.57737362 ], [ -68.69835601, -12.57733793 ], [ -68.69835601, -12.57730224 ], [ -68.6983917, -12.57726654 ], [ -68.69842739, -12.57715947 ], [ -68.69849878, -12.5770167 ], [ -68.69849878, -12.57698101 ], [ -68.69853447, -12.57690963 ], [ -68.69857016, -12.57690963 ], [ -68.69857016, -12.57680255 ], [ -68.69857016, -12.57676686 ], [ -68.69860585, -12.57669547 ], [ -68.69864154, -12.57665978 ], [ -68.69864154, -12.57662409 ], [ -68.69867724, -12.57655271 ], [ -68.69871293, -12.57648132 ], [ -68.69878431, -12.57640994 ], [ -68.69885569, -12.57619579 ], [ -68.69885569, -12.57616009 ], [ -68.69889139, -12.5761244 ], [ -68.69892708, -12.5761244 ], [ -68.69896277, -12.57598163 ], [ -68.69896277, -12.57594594 ], [ -68.69903415, -12.57580318 ], [ -68.69903415, -12.57576748 ], [ -68.69910554, -12.57562472 ], [ -68.69914123, -12.57562472 ], [ -68.69921261, -12.57548195 ], [ -68.69921261, -12.57541056 ], [ -68.69924831, -12.57533918 ], [ -68.69924831, -12.5752678 ], [ -68.699284, -12.57519641 ], [ -68.699284, -12.57501795 ], [ -68.69931969, -12.57498226 ], [ -68.69931969, -12.57492988 ], [ -68.69931969, -12.57487519 ], [ -68.69931969, -12.57483949 ], [ -68.69935538, -12.57466103 ], [ -68.69939107, -12.57451827 ], [ -68.69939107, -12.57448257 ], [ -68.69939107, -12.5743755 ], [ -68.69939107, -12.57430412 ], [ -68.69942676, -12.57423273 ], [ -68.69942677, -12.57416135 ], [ -68.69942677, -12.57408996 ], [ -68.69942676, -12.57405427 ], [ -68.69946246, -12.57405427 ], [ -68.69949815, -12.57398289 ], [ -68.69949815, -12.5739472 ], [ -68.69949815, -12.57387581 ], [ -68.69949815, -12.57384012 ], [ -68.69953384, -12.57373304 ], [ -68.69956953, -12.57369735 ], [ -68.69964092, -12.57359028 ], [ -68.69964092, -12.57355458 ], [ -68.69964092, -12.57351889 ], [ -68.69964092, -12.5734832 ], [ -68.69964092, -12.57341182 ], [ -68.69964092, -12.57337613 ], [ -68.69964092, -12.57330474 ], [ -68.69964092, -12.57326905 ], [ -68.69964092, -12.57323336 ], [ -68.69964092, -12.57316197 ], [ -68.69964092, -12.5730549 ], [ -68.69964092, -12.57301921 ], [ -68.69964092, -12.57294782 ], [ -68.69960523, -12.57287644 ], [ -68.69960522, -12.57284075 ], [ -68.69939107, -12.57234106 ], [ -68.69939107, -12.57230537 ], [ -68.69935538, -12.57223398 ], [ -68.69931969, -12.5721626 ], [ -68.69931969, -12.57212691 ], [ -68.69924831, -12.57201983 ], [ -68.69917692, -12.57191276 ], [ -68.69910554, -12.57176999 ], [ -68.69906985, -12.57166291 ], [ -68.69903415, -12.57155584 ], [ -68.69899846, -12.57155584 ], [ -68.69899846, -12.57144876 ], [ -68.69896277, -12.57144876 ], [ -68.69896277, -12.57141307 ], [ -68.69892708, -12.57137738 ], [ -68.69885569, -12.57130599 ], [ -68.69885569, -12.5712703 ], [ -68.69882, -12.57116323 ], [ -68.69878431, -12.57116323 ], [ -68.69874862, -12.57112753 ], [ -68.69867723, -12.57105615 ], [ -68.69864154, -12.57102046 ], [ -68.69853447, -12.57091338 ], [ -68.6983917, -12.57077062 ], [ -68.69835601, -12.57077062 ], [ -68.69828462, -12.57066354 ], [ -68.69824893, -12.57066354 ], [ -68.69817755, -12.57059216 ], [ -68.69817755, -12.57055646 ], [ -68.69814186, -12.57052077 ], [ -68.69803478, -12.57044939 ], [ -68.69803478, -12.5704137 ], [ -68.69799909, -12.57030662 ], [ -68.6979634, -12.57027093 ], [ -68.6979277, -12.57019955 ], [ -68.69789201, -12.57016385 ], [ -68.69785632, -12.57009247 ], [ -68.69778494, -12.56998539 ], [ -68.69778494, -12.56991401 ], [ -68.69774925, -12.56984263 ], [ -68.69767786, -12.56984263 ], [ -68.69757079, -12.56973555 ], [ -68.69753509, -12.56973555 ], [ -68.6974994, -12.56973555 ], [ -68.69746371, -12.56966417 ], [ -68.69735663, -12.56955709 ], [ -68.69728525, -12.56948571 ], [ -68.69721387, -12.56941432 ], [ -68.69710679, -12.56930725 ], [ -68.69703541, -12.56920017 ], [ -68.69696402, -12.56912879 ], [ -68.69696402, -12.5690931 ], [ -68.69689264, -12.5690574 ], [ -68.69678556, -12.56895033 ], [ -68.69674987, -12.56891464 ], [ -68.69671418, -12.56891464 ], [ -68.6966428, -12.56880756 ], [ -68.6966071, -12.56873618 ], [ -68.69657141, -12.56873618 ], [ -68.69653572, -12.56866479 ], [ -68.69646434, -12.56859341 ], [ -68.69646434, -12.56855772 ], [ -68.69635726, -12.56848633 ], [ -68.69625018, -12.56841495 ], [ -68.69621449, -12.56841495 ], [ -68.69610742, -12.56834357 ], [ -68.69592896, -12.56823649 ], [ -68.69592896, -12.5682008 ], [ -68.69578619, -12.56809372 ], [ -68.69564342, -12.56798665 ], [ -68.69560773, -12.56798665 ], [ -68.69557204, -12.56791526 ], [ -68.69553635, -12.56787957 ], [ -68.69550065, -12.56780819 ], [ -68.69550065, -12.56777249 ], [ -68.69546496, -12.5677725 ], [ -68.69542927, -12.56770111 ], [ -68.69539358, -12.56770111 ], [ -68.69535789, -12.56762973 ], [ -68.6952865, -12.56755834 ], [ -68.69521512, -12.56745127 ], [ -68.69514374, -12.56734419 ], [ -68.69510804, -12.5673085 ], [ -68.69503666, -12.56727281 ], [ -68.69503666, -12.56723712 ], [ -68.6948582, -12.56713004 ], [ -68.69482251, -12.56709435 ], [ -68.69471543, -12.56695158 ], [ -68.69464405, -12.56691589 ], [ -68.69453697, -12.5668445 ], [ -68.69446559, -12.56680881 ], [ -68.69435851, -12.56673743 ], [ -68.69428713, -12.56670174 ], [ -68.69428713, -12.56666605 ], [ -68.69418005, -12.56659466 ], [ -68.69414436, -12.56655897 ], [ -68.69414436, -12.56652328 ], [ -68.69410867, -12.56648759 ], [ -68.69407298, -12.56645189 ], [ -68.6939659, -12.56638051 ], [ -68.69389452, -12.56630913 ], [ -68.69389452, -12.56627344 ], [ -68.69382313, -12.56620205 ], [ -68.69368037, -12.56613067 ], [ -68.69368037, -12.56609497 ], [ -68.69360898, -12.56602359 ], [ -68.6935376, -12.5659879 ], [ -68.69350191, -12.5659879 ], [ -68.69343052, -12.56591652 ], [ -68.69339483, -12.56588082 ], [ -68.69318068, -12.56577375 ], [ -68.69314499, -12.56573806 ], [ -68.69303791, -12.56563098 ], [ -68.69293084, -12.5655596 ], [ -68.69293084, -12.56548821 ], [ -68.69278807, -12.56538114 ], [ -68.69268099, -12.56527406 ], [ -68.69260961, -12.56523837 ], [ -68.69257392, -12.56520268 ], [ -68.69246684, -12.5650956 ], [ -68.69243115, -12.56505991 ], [ -68.69239546, -12.56502422 ], [ -68.69232407, -12.56491714 ], [ -68.69225269, -12.56481007 ], [ -68.692217, -12.56473868 ], [ -68.69218131, -12.5646673 ], [ -68.69218131, -12.56463161 ], [ -68.69210992, -12.56456022 ], [ -68.69207423, -12.56448884 ], [ -68.69203854, -12.56448884 ], [ -68.69200285, -12.56438176 ], [ -68.69196716, -12.56431038 ], [ -68.69193146, -12.564239 ], [ -68.69189577, -12.5642033 ], [ -68.69186008, -12.56413192 ], [ -68.69186008, -12.56406054 ], [ -68.69186008, -12.56398915 ], [ -68.69182439, -12.56395346 ], [ -68.6917887, -12.56391777 ], [ -68.6917887, -12.56388208 ], [ -68.6917887, -12.56384638 ], [ -68.691753, -12.56373931 ], [ -68.69171731, -12.56366792 ], [ -68.69168162, -12.56363223 ], [ -68.69168162, -12.56352516 ], [ -68.69164593, -12.56345377 ], [ -68.69164593, -12.56341808 ], [ -68.69164593, -12.56338239 ], [ -68.69164593, -12.56331101 ], [ -68.69161024, -12.56331101 ], [ -68.69161024, -12.56323962 ], [ -68.69161024, -12.56320393 ], [ -68.69161024, -12.56313255 ], [ -68.69153885, -12.56306116 ], [ -68.69153885, -12.5628827 ], [ -68.69153885, -12.56284701 ], [ -68.69153885, -12.56188333 ], [ -68.69157454, -12.56174056 ], [ -68.69157454, -12.56170487 ], [ -68.69161024, -12.56152641 ], [ -68.69161024, -12.56149072 ], [ -68.69161024, -12.56145503 ], [ -68.69164593, -12.56134795 ], [ -68.69164593, -12.56127657 ], [ -68.69168162, -12.56109811 ], [ -68.69168162, -12.56106242 ], [ -68.69168162, -12.56095534 ], [ -68.69171731, -12.56088396 ], [ -68.69171731, -12.56081257 ], [ -68.69171731, -12.56077688 ], [ -68.691753, -12.5606698 ], [ -68.691753, -12.56063411 ], [ -68.691753, -12.56052704 ], [ -68.6917887, -12.56049134 ], [ -68.6917887, -12.56038427 ], [ -68.69178869, -12.56031288 ], [ -68.6917887, -12.56027719 ], [ -68.6917887, -12.56020581 ], [ -68.6917887, -12.56013442 ], [ -68.6917887, -12.56006304 ], [ -68.6917887, -12.55995597 ], [ -68.6917887, -12.55992027 ], [ -68.691753, -12.5598132 ], [ -68.691753, -12.55977751 ], [ -68.691753, -12.55970612 ], [ -68.691753, -12.55959905 ], [ -68.691753, -12.55956335 ], [ -68.691753, -12.55942059 ], [ -68.691753, -12.55931351 ], [ -68.6917887, -12.55931351 ], [ -68.6917887, -12.55927782 ], [ -68.6917887, -12.55913505 ], [ -68.6917887, -12.55909936 ], [ -68.6917887, -12.5589209 ], [ -68.69182439, -12.55884952 ], [ -68.69182439, -12.55881382 ], [ -68.69182439, -12.55874244 ], [ -68.69182439, -12.55870675 ], [ -68.6917887, -12.55856398 ], [ -68.6917887, -12.55834983 ], [ -68.6917887, -12.55831414 ], [ -68.6917887, -12.55817137 ], [ -68.691753, -12.5580286 ], [ -68.69168162, -12.55788583 ], [ -68.69168162, -12.55785014 ], [ -68.69161024, -12.55777876 ], [ -68.69161024, -12.55774307 ], [ -68.69157454, -12.55770737 ], [ -68.69153885, -12.55767168 ], [ -68.69143178, -12.5576003 ], [ -68.69136039, -12.55752891 ], [ -68.6913247, -12.55752892 ], [ -68.69118193, -12.55745753 ], [ -68.69100347, -12.55735046 ], [ -68.69096778, -12.55735046 ], [ -68.69093209, -12.55731476 ], [ -68.69082501, -12.55724338 ], [ -68.69071794, -12.55720769 ], [ -68.69064655, -12.55720769 ], [ -68.69064655, -12.557172 ], [ -68.69053948, -12.5571363 ], [ -68.69053948, -12.55710061 ], [ -68.69039671, -12.55706492 ], [ -68.69028964, -12.55699354 ], [ -68.69021825, -12.55699354 ], [ -68.69021825, -12.55695784 ], [ -68.69003979, -12.55692215 ], [ -68.68982564, -12.55688646 ], [ -68.68978995, -12.55685077 ], [ -68.68975426, -12.55685077 ], [ -68.68968287, -12.55685077 ], [ -68.68961149, -12.55685077 ], [ -68.68943303, -12.55681508 ], [ -68.68932595, -12.55681508 ], [ -68.68921888, -12.55674369 ], [ -68.68889765, -12.55667231 ], [ -68.68882627, -12.55667231 ], [ -68.68879057, -12.55667231 ], [ -68.68871919, -12.55667231 ], [ -68.68871919, -12.55663662 ], [ -68.68850504, -12.55660093 ], [ -68.68846935, -12.55660093 ], [ -68.68843365, -12.55660093 ], [ -68.68839796, -12.55660093 ], [ -68.68836227, -12.55660093 ], [ -68.68829089, -12.55660093 ], [ -68.6882552, -12.55660093 ], [ -68.6882195, -12.55660093 ], [ -68.68804104, -12.55656523 ], [ -68.68796966, -12.55656523 ], [ -68.68782689, -12.55656523 ], [ -68.68761274, -12.55656523 ], [ -68.68750567, -12.55660093 ], [ -68.68743428, -12.55660093 ], [ -68.68718444, -12.55660093 ], [ -68.68714875, -12.55660093 ], [ -68.68447185, -12.55599416 ], [ -68.68443616, -12.55599416 ], [ -68.68440047, -12.55599416 ], [ -68.68432908, -12.55595847 ], [ -68.68429339, -12.55595847 ], [ -68.6842577, -12.55592278 ], [ -68.68422201, -12.55592278 ], [ -68.68407924, -12.55592278 ], [ -68.68400786, -12.55592278 ], [ -68.68393647, -12.55588709 ], [ -68.68390078, -12.55588709 ], [ -68.68368663, -12.55588709 ], [ -68.68365094, -12.5558514 ], [ -68.68347248, -12.5558157 ], [ -68.68343679, -12.5558157 ], [ -68.6834011, -12.5558157 ], [ -68.68325833, -12.5558157 ], [ -68.68322264, -12.5558157 ], [ -68.68311556, -12.5558157 ], [ -68.68311556, -12.55578001 ], [ -68.68297279, -12.55578001 ], [ -68.6829371, -12.55578001 ], [ -68.68286572, -12.55574432 ], [ -68.68272295, -12.55574432 ], [ -68.68268726, -12.55574432 ], [ -68.68258018, -12.55570863 ], [ -68.68236603, -12.55567294 ], [ -68.68225895, -12.55563724 ], [ -68.68222326, -12.55563724 ], [ -68.68218757, -12.55563724 ], [ -68.68186634, -12.55560155 ], [ -68.68183065, -12.55560155 ], [ -68.68179496, -12.55560155 ], [ -68.68175927, -12.55560155 ], [ -68.68165219, -12.55560155 ], [ -68.6816165, -12.55560155 ], [ -68.68147373, -12.55560155 ], [ -68.68143804, -12.55560155 ], [ -68.6811525, -12.55560155 ], [ -68.68111681, -12.55560155 ], [ -68.68100974, -12.55560155 ], [ -68.68090266, -12.55560155 ], [ -68.68079559, -12.55560155 ], [ -68.6807242, -12.55560155 ], [ -68.68054574, -12.55560155 ], [ -68.68047436, -12.55560155 ], [ -68.68043867, -12.55560155 ], [ -68.68040297, -12.55560155 ], [ -68.68026021, -12.55560155 ], [ -68.68022452, -12.55560155 ], [ -68.68011744, -12.55560155 ], [ -68.67997467, -12.55560155 ], [ -68.6798319, -12.55556586 ], [ -68.67976052, -12.55556586 ], [ -68.67965344, -12.55556586 ], [ -68.67951068, -12.55556586 ], [ -68.6794036, -12.55556586 ], [ -68.67929653, -12.55556586 ], [ -68.67908237, -12.55553017 ], [ -68.67901099, -12.55549448 ], [ -68.67893961, -12.55549448 ], [ -68.67886822, -12.55549448 ], [ -68.67861838, -12.55549448 ], [ -68.67858269, -12.55545878 ], [ -68.67847561, -12.55545878 ], [ -68.67836854, -12.55545878 ], [ -68.67822577, -12.55545878 ], [ -68.67819008, -12.55542309 ], [ -68.67811869, -12.55542309 ], [ -68.678083, -12.55542309 ], [ -68.67804731, -12.55542309 ], [ -68.67801162, -12.55542309 ], [ -68.67790454, -12.55542309 ], [ -68.67783316, -12.55542309 ], [ -68.67776177, -12.5553874 ], [ -68.677619, -12.5553874 ], [ -68.67754762, -12.55535171 ], [ -68.67751193, -12.55535171 ], [ -68.67736916, -12.55535171 ], [ -68.67733347, -12.55535171 ], [ -68.67729778, -12.55535171 ], [ -68.67722639, -12.55531602 ], [ -68.6771907, -12.55531602 ], [ -68.67715501, -12.55531602 ], [ -68.67711932, -12.55531602 ], [ -68.67694086, -12.55528032 ], [ -68.67686948, -12.55528032 ], [ -68.67679809, -12.55524463 ], [ -68.67669102, -12.55524463 ], [ -68.67665532, -12.55520894 ], [ -68.67661963, -12.55520894 ], [ -68.67654825, -12.55517325 ], [ -68.67651256, -12.55513756 ], [ -68.67644117, -12.55510187 ], [ -68.67636979, -12.55503048 ], [ -68.6762984, -12.55499479 ], [ -68.67622702, -12.55492341 ], [ -68.67615564, -12.55492341 ], [ -68.67615564, -12.55488771 ], [ -68.67604856, -12.55488771 ], [ -68.67604856, -12.55485202 ], [ -68.67601287, -12.55481633 ], [ -68.67594148, -12.55474495 ], [ -68.67590579, -12.55470925 ], [ -68.6758701, -12.55467356 ], [ -68.67583441, -12.55467356 ], [ -68.67579872, -12.55467356 ], [ -68.67565595, -12.55460218 ], [ -68.67562026, -12.55456649 ], [ -68.67554887, -12.55453079 ], [ -68.67537041, -12.55442372 ], [ -68.67533472, -12.55442372 ], [ -68.67529903, -12.55438803 ], [ -68.67522765, -12.55435234 ], [ -68.67512057, -12.55424526 ], [ -68.6750135, -12.55413818 ], [ -68.6749778, -12.55410249 ], [ -68.6749778, -12.55403111 ], [ -68.67494211, -12.55399542 ], [ -68.67490642, -12.55395972 ], [ -68.67490642, -12.55388834 ], [ -68.67487073, -12.55385265 ], [ -68.67487073, -12.55381696 ], [ -68.67487073, -12.55374557 ], [ -68.67483504, -12.55370988 ], [ -68.67483504, -12.55367419 ], [ -68.67483504, -12.5536385 ], [ -68.67476365, -12.55356711 ], [ -68.67472796, -12.55353142 ], [ -68.67469227, -12.55346004 ], [ -68.67469227, -12.55338865 ], [ -68.67469227, -12.55335296 ], [ -68.67462088, -12.55328158 ], [ -68.67458519, -12.55321019 ], [ -68.67458519, -12.5531745 ], [ -68.67458519, -12.55313881 ], [ -68.6745495, -12.55310312 ], [ -68.6745495, -12.55306743 ], [ -68.67451381, -12.55303173 ], [ -68.67451381, -12.55299604 ], [ -68.67444243, -12.55288897 ], [ -68.67444242, -12.55285327 ], [ -68.67440673, -12.55285327 ], [ -68.67440673, -12.55281758 ], [ -68.67440673, -12.55278189 ], [ -68.67433535, -12.55267482 ], [ -68.67433535, -12.55263912 ], [ -68.67426397, -12.55256774 ], [ -68.67422827, -12.55246066 ], [ -68.67422827, -12.55242497 ], [ -68.67415689, -12.55238928 ], [ -68.6741212, -12.5523179 ], [ -68.67404981, -12.55221082 ], [ -68.67397843, -12.55210374 ], [ -68.67394274, -12.55206805 ], [ -68.67394274, -12.55203236 ], [ -68.67390705, -12.55196098 ], [ -68.67387135, -12.55188959 ], [ -68.67387135, -12.5518539 ], [ -68.67383566, -12.5518539 ], [ -68.67379997, -12.55178252 ], [ -68.67379997, -12.55174683 ], [ -68.67376428, -12.55174682 ], [ -68.67376428, -12.55167544 ], [ -68.67372859, -12.55163975 ], [ -68.6736572, -12.55153267 ], [ -68.67362151, -12.55146129 ], [ -68.67347874, -12.55128283 ], [ -68.67347874, -12.55124714 ], [ -68.67347874, -12.55121145 ], [ -68.67347874, -12.55117575 ], [ -68.67344305, -12.55106868 ], [ -68.67340736, -12.55099729 ], [ -68.67340736, -12.55092591 ], [ -68.67337167, -12.55085453 ], [ -68.67333598, -12.55074745 ], [ -68.67333598, -12.55064038 ], [ -68.67333598, -12.55056899 ], [ -68.67330028, -12.55046192 ], [ -68.67330028, -12.55042622 ], [ -68.67330028, -12.55039053 ], [ -68.67330028, -12.55031915 ], [ -68.67330028, -12.55028346 ], [ -68.67330028, -12.55024776 ], [ -68.67330028, -12.55021207 ], [ -68.67330028, -12.55017638 ], [ -68.67330028, -12.55014069 ], [ -68.67330028, -12.55003361 ], [ -68.67330028, -12.54999792 ], [ -68.67330028, -12.54996223 ], [ -68.67330028, -12.54992654 ], [ -68.67330028, -12.54978377 ], [ -68.67330028, -12.54974808 ], [ -68.67330028, -12.54971239 ], [ -68.67330028, -12.54967669 ], [ -68.67330028, -12.549641 ], [ -68.67330028, -12.54960531 ], [ -68.67330028, -12.54949823 ], [ -68.67330028, -12.54935547 ], [ -68.67330028, -12.54917701 ], [ -68.67330028, -12.54903424 ], [ -68.67330028, -12.54896286 ], [ -68.67330028, -12.54882009 ], [ -68.67330028, -12.5487844 ], [ -68.67330028, -12.54871301 ], [ -68.67330028, -12.54853455 ], [ -68.67330028, -12.54839178 ], [ -68.67330028, -12.54835609 ], [ -68.67330028, -12.54828471 ], [ -68.67326459, -12.54817763 ], [ -68.67326459, -12.54807056 ], [ -68.67326459, -12.54796348 ], [ -68.67326459, -12.54792779 ], [ -68.67326459, -12.5478921 ], [ -68.67326459, -12.54782071 ], [ -68.67326459, -12.54767795 ], [ -68.67326459, -12.54764225 ], [ -68.67326459, -12.54757087 ], [ -68.67326459, -12.5474638 ], [ -68.67326459, -12.5474281 ], [ -68.67326459, -12.54739241 ], [ -68.67326459, -12.54735672 ], [ -68.67326459, -12.54732103 ], [ -68.67326459, -12.54724964 ], [ -68.67326459, -12.54714257 ], [ -68.67326459, -12.54710688 ], [ -68.67326459, -12.54707118 ], [ -68.67326459, -12.54692842 ], [ -68.67326459, -12.54689272 ], [ -68.67326459, -12.54678565 ], [ -68.67326459, -12.54671426 ], [ -68.67326459, -12.54667857 ], [ -68.67326459, -12.54660719 ], [ -68.67326459, -12.54642873 ], [ -68.67326459, -12.54625027 ], [ -68.67326459, -12.54621458 ], [ -68.67326459, -12.54614319 ], [ -68.67326459, -12.54603612 ], [ -68.67326459, -12.54600043 ], [ -68.67326459, -12.54585766 ], [ -68.67326459, -12.54582197 ], [ -68.6732289, -12.5456792 ], [ -68.6732289, -12.54557212 ], [ -68.6732289, -12.54550074 ], [ -68.6732289, -12.54546505 ], [ -68.67319321, -12.54546505 ], [ -68.67319321, -12.54539366 ], [ -68.67319321, -12.54535797 ], [ -68.67319321, -12.54528659 ], [ -68.67315752, -12.5452509 ], [ -68.67315752, -12.54521521 ], [ -68.67315752, -12.54517951 ], [ -68.67312182, -12.54503674 ], [ -68.67308613, -12.54492967 ], [ -68.67308613, -12.54489398 ], [ -68.67308613, -12.54482259 ], [ -68.67308613, -12.54475121 ], [ -68.67308613, -12.54471552 ], [ -68.67305044, -12.54464413 ], [ -68.67305044, -12.54460844 ], [ -68.67305044, -12.54453706 ], [ -68.67305044, -12.54450137 ], [ -68.67305044, -12.54442998 ], [ -68.67301475, -12.5443586 ], [ -68.67297906, -12.54425152 ], [ -68.67297906, -12.54414445 ], [ -68.67297906, -12.54407306 ], [ -68.67294336, -12.54403737 ], [ -68.67294336, -12.54396599 ], [ -68.67294336, -12.5438946 ], [ -68.67290767, -12.54378753 ], [ -68.67287198, -12.54364476 ], [ -68.67287198, -12.54357338 ], [ -68.67283629, -12.54350199 ], [ -68.67283629, -12.54279288 ], [ -68.67283629, -12.54114633 ], [ -68.67283629, -12.54111063 ], [ -68.67287198, -12.54103925 ], [ -68.67287198, -12.54100356 ], [ -68.67287198, -12.54096787 ], [ -68.67287198, -12.54093217 ], [ -68.67290767, -12.54086079 ], [ -68.67290767, -12.54078941 ], [ -68.67294336, -12.54078941 ], [ -68.67294336, -12.54071802 ], [ -68.67294336, -12.54064664 ], [ -68.67297906, -12.54061095 ], [ -68.67297906, -12.54057526 ], [ -68.67297906, -12.54050387 ], [ -68.67297906, -12.54046818 ], [ -68.67305044, -12.5403611 ], [ -68.67308613, -12.54028972 ], [ -68.67308613, -12.54025403 ], [ -68.67308613, -12.54021834 ], [ -68.67312182, -12.54011126 ], [ -68.67312182, -12.54003988 ], [ -68.67315752, -12.54003988 ], [ -68.67319321, -12.54000418 ], [ -68.67319321, -12.53996849 ], [ -68.67326459, -12.53986142 ], [ -68.67330028, -12.53975434 ], [ -68.67333598, -12.53975434 ], [ -68.67337167, -12.53964727 ], [ -68.67337167, -12.53957588 ], [ -68.67344305, -12.53946881 ], [ -68.67344305, -12.53936173 ], [ -68.67347874, -12.53936173 ], [ -68.67351443, -12.53925465 ], [ -68.67355013, -12.53925465 ], [ -68.67358582, -12.53911189 ], [ -68.67362151, -12.53893343 ], [ -68.6736572, -12.53886204 ], [ -68.67372859, -12.53875497 ], [ -68.67372859, -12.53871928 ], [ -68.67372859, -12.53864789 ], [ -68.67376428, -12.53857651 ], [ -68.67376428, -12.53854082 ], [ -68.67379997, -12.53843374 ], [ -68.67383566, -12.53825528 ], [ -68.67387135, -12.53807682 ], [ -68.67387135, -12.53800544 ], [ -68.67387135, -12.53793405 ], [ -68.67387135, -12.53782698 ], [ -68.67387135, -12.53779129 ], [ -68.67387135, -12.53776897 ], [ -68.67387135, -12.53775559 ], [ -68.67390705, -12.53768421 ], [ -68.67390705, -12.53764852 ], [ -68.67394274, -12.53747006 ], [ -68.67394274, -12.53743437 ], [ -68.67394274, -12.53732729 ], [ -68.67394274, -12.5372916 ], [ -68.67394274, -12.53722022 ], [ -68.67394274, -12.53707745 ], [ -68.67394274, -12.53704176 ], [ -68.67394274, -12.53697037 ], [ -68.67397843, -12.53693468 ], [ -68.67397843, -12.5368633 ], [ -68.67401412, -12.5368276 ], [ -68.67401412, -12.53672053 ], [ -68.67404981, -12.53657776 ], [ -68.6741212, -12.53647068 ], [ -68.6741212, -12.53643499 ], [ -68.6741212, -12.53636361 ], [ -68.67415689, -12.53625653 ], [ -68.67415689, -12.53622084 ], [ -68.67419258, -12.53607807 ], [ -68.67422827, -12.53600669 ], [ -68.67422827, -12.535971 ], [ -68.67422827, -12.53589961 ], [ -68.67426396, -12.53589961 ], [ -68.67426397, -12.53582823 ], [ -68.67429966, -12.53575685 ], [ -68.67433535, -12.53568546 ], [ -68.67433535, -12.53557839 ], [ -68.67433535, -12.535507 ], [ -68.67433535, -12.53547131 ], [ -68.67433535, -12.53543562 ], [ -68.67433535, -12.53532854 ], [ -68.67433535, -12.53515008 ], [ -68.67433535, -12.53511439 ], [ -68.67433535, -12.53504301 ], [ -68.67433535, -12.53500732 ], [ -68.67433535, -12.53490024 ], [ -68.67433535, -12.53479317 ], [ -68.67433535, -12.53475747 ], [ -68.67433535, -12.53468609 ], [ -68.67433535, -12.5346504 ], [ -68.67433535, -12.53461471 ], [ -68.67433535, -12.53454332 ], [ -68.67433535, -12.53443625 ], [ -68.67433535, -12.53436486 ], [ -68.67433535, -12.53432917 ], [ -68.67433535, -12.53425779 ], [ -68.67433535, -12.5341864 ], [ -68.67433535, -12.53411502 ], [ -68.67433535, -12.53407933 ], [ -68.67433535, -12.53404364 ], [ -68.67433535, -12.53393656 ], [ -68.67433535, -12.53390087 ], [ -68.67433535, -12.53386518 ], [ -68.67433535, -12.53379379 ], [ -68.67433535, -12.53368672 ], [ -68.67433535, -12.53365102 ], [ -68.67433535, -12.53357964 ], [ -68.67433535, -12.53350826 ], [ -68.67433535, -12.53340118 ], [ -68.67433535, -12.53325841 ], [ -68.67433535, -12.53311565 ], [ -68.67433535, -12.53300857 ], [ -68.67437104, -12.53297288 ], [ -68.67437104, -12.53293719 ], [ -68.67437104, -12.5328658 ], [ -68.67437104, -12.53279442 ], [ -68.67437104, -12.53275873 ], [ -68.67437104, -12.53268734 ], [ -68.67437104, -12.53265165 ], [ -68.67437104, -12.53261596 ], [ -68.67440673, -12.53254458 ], [ -68.67440673, -12.53250888 ], [ -68.67440673, -12.53236611 ], [ -68.67440673, -12.53225904 ], [ -68.67440673, -12.53218766 ], [ -68.6747169, -12.53092114 ], [ -68.67483504, -12.53043875 ], [ -68.67490642, -12.53040306 ], [ -68.67490642, -12.53036737 ], [ -68.67494211, -12.53029599 ], [ -68.6749778, -12.53026029 ], [ -68.6750135, -12.53026029 ], [ -68.67504919, -12.5302246 ], [ -68.67504919, -12.53018891 ], [ -68.67504919, -12.53015322 ], [ -68.67504919, -12.53011752 ], [ -68.67504919, -12.53008183 ], [ -68.67504919, -12.53004614 ], [ -68.67504919, -12.53001045 ], [ -68.67503217, -12.52999343 ], [ -68.6750135, -12.52997476 ], [ -68.6749778, -12.52997476 ], [ -68.67494211, -12.52997476 ], [ -68.6750135, -12.52990337 ], [ -68.6750135, -12.52986768 ], [ -68.67504919, -12.52983199 ], [ -68.67515626, -12.52972491 ], [ -68.67519196, -12.52972491 ], [ -68.67529903, -12.52968922 ], [ -68.67537259, -12.52964018 ], [ -68.67540611, -12.52961784 ], [ -68.6754418, -12.52961784 ], [ -68.67554887, -12.52958215 ], [ -68.67558457, -12.52954645 ], [ -68.67565595, -12.52951076 ], [ -68.67565595, -12.52947507 ], [ -68.67572733, -12.52947507 ], [ -68.67576303, -12.52947507 ], [ -68.67583441, -12.52943938 ], [ -68.67590579, -12.52940369 ], [ -68.67594149, -12.52936799 ], [ -68.67601287, -12.52936799 ], [ -68.67608425, -12.5293323 ], [ -68.67622702, -12.52926092 ], [ -68.6762984, -12.52926092 ], [ -68.67636979, -12.52926092 ], [ -68.67640548, -12.52922523 ], [ -68.67651256, -12.52922523 ], [ -68.67658394, -12.52922523 ], [ -68.67665532, -12.52918953 ], [ -68.67669101, -12.52918954 ], [ -68.67672671, -12.52918953 ], [ -68.67679809, -12.52918954 ], [ -68.67686947, -12.52918953 ], [ -68.67704793, -12.52918953 ], [ -68.67726209, -12.52915384 ], [ -68.67740485, -12.52911815 ], [ -68.67744055, -12.52911815 ], [ -68.67758331, -12.52908246 ], [ -68.6776547, -12.52908246 ], [ -68.67769039, -12.52904677 ], [ -68.67779746, -12.52904677 ], [ -68.67790454, -12.52901107 ], [ -68.67801162, -12.52901107 ], [ -68.67811869, -12.52897538 ], [ -68.67826146, -12.52897538 ], [ -68.67829715, -12.52897538 ], [ -68.67836854, -12.52893969 ], [ -68.67840423, -12.52893969 ], [ -68.67861838, -12.52893969 ], [ -68.67879684, -12.52893969 ], [ -68.6789753, -12.52893969 ], [ -68.67904668, -12.52893969 ], [ -68.67915376, -12.528904 ], [ -68.67926083, -12.528904 ], [ -68.67936791, -12.52886831 ], [ -68.67943929, -12.52886831 ], [ -68.67947498, -12.52886831 ], [ -68.67951068, -12.52886831 ], [ -68.67965344, -12.52883262 ], [ -68.67972483, -12.52883262 ], [ -68.67976052, -12.52883262 ], [ -68.67990329, -12.52883262 ], [ -68.68001036, -12.52879692 ], [ -68.68004605, -12.52879692 ], [ -68.6800946, -12.52878074 ], [ -68.68015313, -12.52876123 ], [ -68.68022452, -12.52876123 ], [ -68.6802959, -12.52876123 ], [ -68.68036728, -12.52872554 ], [ -68.68047436, -12.52868985 ], [ -68.68054574, -12.52865416 ], [ -68.68061713, -12.52865416 ], [ -68.68065282, -12.52865416 ], [ -68.68068577, -12.52864317 ], [ -68.68075989, -12.52861846 ], [ -68.68079559, -12.52861846 ], [ -68.68086697, -12.52858277 ], [ -68.68100974, -12.52854708 ], [ -68.68108112, -12.52851139 ], [ -68.6811882, -12.52844 ], [ -68.68129527, -12.52836862 ], [ -68.68133096, -12.52836862 ], [ -68.68140235, -12.52833293 ], [ -68.68154512, -12.52826155 ], [ -68.68158081, -12.52822585 ], [ -68.68165219, -12.52815447 ], [ -68.68172358, -12.52808308 ], [ -68.68172358, -12.52804739 ], [ -68.68174503, -12.52800448 ], [ -68.68175927, -12.52797601 ], [ -68.68179225, -12.52797601 ], [ -68.68179496, -12.52797601 ], [ -68.68179907, -12.5279719 ], [ -68.68183065, -12.52794032 ], [ -68.68190203, -12.52783324 ], [ -68.68200911, -12.52772617 ], [ -68.68211619, -12.52765478 ], [ -68.68215188, -12.52761909 ], [ -68.68222326, -12.52751201 ], [ -68.68225895, -12.52747632 ], [ -68.68229465, -12.52747632 ], [ -68.68236603, -12.52736925 ], [ -68.68240172, -12.52733356 ], [ -68.68240172, -12.52729786 ], [ -68.68247311, -12.52722648 ], [ -68.68247311, -12.52719079 ], [ -68.68254449, -12.52708371 ], [ -68.68261587, -12.52701233 ], [ -68.68265157, -12.52697664 ], [ -68.68268726, -12.52694094 ], [ -68.68279433, -12.52683387 ], [ -68.68286572, -12.52676248 ], [ -68.68297279, -12.52661972 ], [ -68.68300848, -12.52661972 ], [ -68.68302726, -12.52658217 ], [ -68.68304418, -12.52654833 ], [ -68.68311556, -12.52651264 ], [ -68.68315125, -12.52640557 ], [ -68.68315125, -12.52629849 ], [ -68.68315125, -12.52615572 ], [ -68.68315125, -12.52601295 ], [ -68.68315125, -12.52597685 ], [ -68.68315125, -12.52576311 ], [ -68.68315125, -12.52569173 ], [ -68.68315125, -12.52547758 ], [ -68.68311556, -12.52544188 ], [ -68.68307987, -12.52529912 ], [ -68.68307987, -12.52526342 ], [ -68.68304418, -12.52515635 ], [ -68.68304418, -12.52512066 ], [ -68.68297279, -12.52501358 ], [ -68.6829371, -12.5249065 ], [ -68.6829371, -12.52483512 ], [ -68.6829371, -12.52479943 ], [ -68.68290141, -12.52469235 ], [ -68.68286572, -12.52458528 ], [ -68.68286572, -12.52451389 ], [ -68.68283002, -12.52437113 ], [ -68.68275864, -12.52419267 ], [ -68.68275864, -12.52415697 ], [ -68.68275864, -12.52412128 ], [ -68.68275864, -12.52408559 ], [ -68.68272295, -12.52401421 ], [ -68.68268726, -12.52394282 ], [ -68.68265157, -12.52390713 ], [ -68.68265157, -12.52387144 ], [ -68.68261587, -12.52380006 ], [ -68.6825088, -12.52365729 ], [ -68.68247311, -12.52355021 ], [ -68.68243741, -12.52347883 ], [ -68.68240172, -12.52340744 ], [ -68.68236603, -12.52333606 ], [ -68.68236603, -12.52330037 ], [ -68.68233034, -12.52330037 ], [ -68.68225895, -12.52326468 ], [ -68.68225895, -12.52322898 ], [ -68.68218757, -12.52319329 ], [ -68.68215188, -12.52319329 ], [ -68.68200911, -12.52312191 ], [ -68.68197342, -12.52312191 ], [ -68.68186634, -12.52308622 ], [ -68.68172358, -12.52301483 ], [ -68.68168788, -12.52301483 ], [ -68.68165219, -12.52297914 ], [ -68.68150942, -12.52294345 ], [ -68.68143804, -12.52290776 ], [ -68.68140235, -12.52290776 ], [ -68.68136666, -12.52290776 ], [ -68.68125958, -12.52290776 ], [ -68.68122389, -12.52287207 ], [ -68.68111681, -12.52287207 ], [ -68.68108112, -12.52287207 ], [ -68.68100974, -12.52287207 ], [ -68.68097405, -12.52287207 ], [ -68.68093835, -12.52287207 ], [ -68.68075989, -12.52287207 ], [ -68.68065282, -12.52287207 ], [ -68.68061713, -12.52287207 ], [ -68.68051005, -12.52287207 ], [ -68.68047436, -12.52287207 ], [ -68.68040297, -12.52287207 ], [ -68.68033159, -12.52287207 ], [ -68.68018882, -12.52287207 ], [ -68.68015313, -12.52287207 ], [ -68.68004606, -12.52290776 ], [ -68.68001036, -12.52294345 ], [ -68.6798676, -12.52294345 ], [ -68.67979621, -12.52297914 ], [ -68.67958206, -12.52301483 ], [ -68.67954637, -12.52305052 ], [ -68.67943929, -12.52308622 ], [ -68.67936791, -12.52308622 ], [ -68.67933222, -12.52308622 ], [ -68.67926083, -12.52312191 ], [ -68.67915376, -12.52319329 ], [ -68.67911807, -12.52319329 ], [ -68.67908237, -12.52319329 ], [ -68.67901099, -12.52322898 ], [ -68.6789753, -12.52326468 ], [ -68.67886822, -12.52330037 ], [ -68.67876115, -12.52333606 ], [ -68.67868976, -12.52337175 ], [ -68.67858269, -12.52344314 ], [ -68.678547, -12.52344314 ], [ -68.6785113, -12.52344314 ], [ -68.67847561, -12.52347883 ], [ -68.67829715, -12.52355021 ], [ -68.67822577, -12.52355021 ], [ -68.678083, -12.5235859 ], [ -68.67801162, -12.5236216 ], [ -68.67779747, -12.52365729 ], [ -68.67776177, -12.52365729 ], [ -68.67758331, -12.52372867 ], [ -68.67754762, -12.52372867 ], [ -68.67744055, -12.52376436 ], [ -68.67729778, -12.52380006 ], [ -68.6771907, -12.52383575 ], [ -68.67701224, -12.52387144 ], [ -68.67697655, -12.52390713 ], [ -68.67690517, -12.52394282 ], [ -68.67679809, -12.52394282 ], [ -68.67672671, -12.52397852 ], [ -68.67665532, -12.52401421 ], [ -68.67651256, -12.5240499 ], [ -68.67636979, -12.52415697 ], [ -68.6762984, -12.52419267 ], [ -68.67626271, -12.52422836 ], [ -68.67622702, -12.52426405 ], [ -68.67615564, -12.52426405 ], [ -68.67601287, -12.52433543 ], [ -68.6758701, -12.52437113 ], [ -68.67583441, -12.52440682 ], [ -68.67558457, -12.52451389 ], [ -68.67515626, -12.52462097 ], [ -68.6749778, -12.52465666 ], [ -68.67472796, -12.52469235 ], [ -68.67465658, -12.52469235 ], [ -68.67369289, -12.52522773 ], [ -68.6736572, -12.52522773 ], [ -68.67362151, -12.52522773 ], [ -68.67355013, -12.52526342 ], [ -68.67351443, -12.52526342 ], [ -68.67330028, -12.52529912 ], [ -68.67315752, -12.52533481 ], [ -68.67312182, -12.5253705 ], [ -68.67305044, -12.52540619 ], [ -68.67297906, -12.52540619 ], [ -68.67287198, -12.52544188 ], [ -68.67269352, -12.52547758 ], [ -68.67262214, -12.52551327 ], [ -68.67255075, -12.52554896 ], [ -68.67247937, -12.52558465 ], [ -68.67244368, -12.52562034 ], [ -68.67237229, -12.52562034 ], [ -68.67226522, -12.52562034 ], [ -68.67212245, -12.52565604 ], [ -68.67201537, -12.52565604 ], [ -68.67194399, -12.52569173 ], [ -68.67180122, -12.52572742 ], [ -68.67165846, -12.52572742 ], [ -68.67162276, -12.52572742 ], [ -68.67158707, -12.52576311 ], [ -68.67148, -12.5257988 ], [ -68.67133723, -12.5257988 ], [ -68.67115877, -12.5258345 ], [ -68.67098031, -12.5258345 ], [ -68.67087323, -12.5258345 ], [ -68.67080185, -12.5258345 ], [ -68.67065908, -12.5258345 ], [ -68.67055201, -12.5258345 ], [ -68.67048062, -12.5258345 ], [ -68.67037355, -12.5258345 ], [ -68.67033785, -12.5257988 ], [ -68.67019509, -12.5257988 ], [ -68.67008801, -12.5257988 ], [ -68.67005232, -12.52576311 ], [ -68.67001663, -12.52576311 ], [ -68.66987386, -12.52576311 ], [ -68.66976678, -12.52572742 ], [ -68.6696954, -12.52572742 ], [ -68.66958832, -12.52572742 ], [ -68.66955263, -12.52572742 ], [ -68.66951694, -12.52569173 ], [ -68.66948125, -12.52569173 ], [ -68.66944556, -12.52569173 ], [ -68.66940986, -12.52569173 ], [ -68.66937417, -12.52565604 ], [ -68.6692671, -12.52565603 ], [ -68.66919571, -12.52562034 ], [ -68.66912433, -12.52558465 ], [ -68.66908864, -12.52558465 ], [ -68.66905295, -12.52558465 ], [ -68.66898156, -12.52554896 ], [ -68.66887449, -12.52551327 ], [ -68.66883879, -12.52551327 ], [ -68.6688031, -12.52547758 ], [ -68.66866033, -12.52547758 ], [ -68.66858895, -12.52544188 ], [ -68.66855326, -12.52544188 ], [ -68.66855326, -12.52540619 ], [ -68.66841049, -12.52540619 ], [ -68.66833911, -12.5253705 ], [ -68.66816065, -12.52533481 ], [ -68.66812496, -12.52533481 ], [ -68.66801788, -12.52533481 ], [ -68.6679108, -12.52529912 ], [ -68.66783942, -12.52526342 ], [ -68.66766096, -12.52522773 ], [ -68.66755388, -12.52519204 ], [ -68.66751819, -12.52519204 ], [ -68.66741112, -12.52515635 ], [ -68.66730404, -12.52512066 ], [ -68.66726835, -12.52508496 ], [ -68.66716127, -12.52508496 ], [ -68.66716127, -12.52504927 ], [ -68.66712558, -12.52504927 ], [ -68.66701851, -12.52501358 ], [ -68.66698281, -12.52501358 ], [ -68.66687574, -12.52497789 ], [ -68.66680435, -12.52497789 ], [ -68.66676866, -12.52497789 ], [ -68.66669728, -12.5249422 ], [ -68.66651882, -12.5249422 ], [ -68.66641174, -12.5249065 ], [ -68.66634036, -12.52487081 ], [ -68.66626898, -12.52487081 ], [ -68.66612621, -12.52483512 ], [ -68.66609052, -12.52483512 ], [ -68.66601913, -12.52483512 ], [ -68.66598344, -12.52483512 ], [ -68.66587637, -12.52483512 ], [ -68.66584067, -12.52483512 ], [ -68.66576929, -12.52483512 ], [ -68.66569791, -12.52483512 ], [ -68.66566221, -12.52483512 ], [ -68.66555514, -12.52487081 ], [ -68.66548375, -12.52487081 ], [ -68.66544806, -12.52487081 ], [ -68.66541237, -12.52487081 ], [ -68.6652696, -12.5249065 ], [ -68.66523391, -12.5249065 ], [ -68.66516253, -12.5249065 ], [ -68.66512683, -12.5249065 ], [ -68.66505545, -12.52490651 ], [ -68.66494837, -12.5249065 ], [ -68.66487699, -12.5249065 ], [ -68.66480561, -12.5249065 ], [ -68.66476992, -12.5249065 ], [ -68.66466284, -12.52490651 ], [ -68.66455576, -12.52490651 ], [ -68.66448438, -12.5249065 ], [ -68.66434161, -12.52490651 ], [ -68.66430592, -12.5249422 ], [ -68.66423454, -12.5249422 ], [ -68.66419885, -12.5249422 ], [ -68.66419884, -12.52497789 ], [ -68.66412746, -12.52497789 ], [ -68.66405608, -12.52501358 ], [ -68.66398469, -12.52508496 ], [ -68.663949, -12.52508496 ], [ -68.66384193, -12.52515635 ], [ -68.66373855, -12.52522526 ], [ -68.66373485, -12.52522773 ], [ -68.66373272, -12.52523198 ], [ -68.66369916, -12.52529912 ], [ -68.66367449, -12.52529912 ], [ -68.66366347, -12.52529912 ], [ -68.66362777, -12.52529912 ], [ -68.66359208, -12.52533481 ], [ -68.6635207, -12.52540619 ], [ -68.6635207, -12.52544188 ], [ -68.66348501, -12.52547757 ], [ -68.66344931, -12.52547758 ], [ -68.66344932, -12.52551327 ], [ -68.66341362, -12.52554896 ], [ -68.66337793, -12.52558465 ], [ -68.66337793, -12.52562034 ], [ -68.66334224, -12.52562034 ], [ -68.66334224, -12.52565603 ], [ -68.66334224, -12.52568216 ], [ -68.66334224, -12.52569173 ], [ -68.66334224, -12.52572742 ], [ -68.66330655, -12.5257988 ], [ -68.66327085, -12.5258345 ], [ -68.66327085, -12.52590588 ], [ -68.66323516, -12.52594157 ], [ -68.66323516, -12.52597726 ], [ -68.66319947, -12.52612003 ], [ -68.66319947, -12.52615572 ], [ -68.66316378, -12.52622711 ], [ -68.66316378, -12.52629849 ], [ -68.66312809, -12.52633418 ], [ -68.6630924, -12.52644126 ], [ -68.6630924, -12.52647695 ], [ -68.6630924, -12.52651264 ], [ -68.6630567, -12.52654833 ], [ -68.6630567, -12.52658402 ], [ -68.66302101, -12.52672679 ], [ -68.66298532, -12.52690525 ], [ -68.66298532, -12.52694094 ], [ -68.66294963, -12.52701233 ], [ -68.66291394, -12.5271194 ], [ -68.66287824, -12.52733356 ], [ -68.66284255, -12.52744063 ], [ -68.66280686, -12.52751201 ], [ -68.66277117, -12.52761909 ], [ -68.66273548, -12.52765478 ], [ -68.66269978, -12.52772617 ], [ -68.66269978, -12.52779755 ], [ -68.66269978, -12.52783324 ], [ -68.66266409, -12.52786893 ], [ -68.66259271, -12.5280117 ], [ -68.66252132, -12.52822585 ], [ -68.66248563, -12.52822585 ], [ -68.66248563, -12.52833293 ], [ -68.66244994, -12.52851139 ], [ -68.66237856, -12.52865416 ], [ -68.66237856, -12.52868985 ], [ -68.66234287, -12.52879692 ], [ -68.66234287, -12.52886831 ], [ -68.66230717, -12.528904 ], [ -68.66227148, -12.52901108 ], [ -68.66223579, -12.52911815 ], [ -68.6622001, -12.52922523 ], [ -68.66216441, -12.52926092 ], [ -68.66216441, -12.52936799 ], [ -68.66209302, -12.52947507 ], [ -68.66209302, -12.52951076 ], [ -68.66205733, -12.52954645 ], [ -68.66202164, -12.52961784 ], [ -68.66195025, -12.52972491 ], [ -68.66191456, -12.52983199 ], [ -68.66191456, -12.52986768 ], [ -68.66187887, -12.52997476 ], [ -68.66184318, -12.52997476 ], [ -68.66184318, -12.53004614 ], [ -68.66180749, -12.53008183 ], [ -68.6617361, -12.53018891 ], [ -68.66170041, -12.53026029 ], [ -68.66169658, -12.53026796 ], [ -68.66166472, -12.53033168 ], [ -68.66162903, -12.53036737 ], [ -68.66159334, -12.53047444 ], [ -68.66155764, -12.53051014 ], [ -68.66155764, -12.53058152 ], [ -68.66152195, -12.53061721 ], [ -68.66148626, -12.53068859 ], [ -68.66148626, -12.53079567 ], [ -68.66148626, -12.53083136 ], [ -68.66141488, -12.53097413 ], [ -68.66141488, -12.53104552 ], [ -68.66137918, -12.53115259 ], [ -68.66137918, -12.53118828 ], [ -68.66137918, -12.53129536 ], [ -68.66137918, -12.53133105 ], [ -68.66137918, -12.53140243 ], [ -68.66137918, -12.53150951 ], [ -68.66137918, -12.53165228 ], [ -68.66137918, -12.53168797 ], [ -68.66137918, -12.53179505 ], [ -68.66137918, -12.53186643 ], [ -68.66137918, -12.53190212 ], [ -68.66137918, -12.53193781 ], [ -68.66137918, -12.5319735 ], [ -68.66137918, -12.53204489 ], [ -68.66137918, -12.53211627 ], [ -68.66137918, -12.53218766 ], [ -68.66137918, -12.53225904 ], [ -68.66137918, -12.53229473 ], [ -68.66137918, -12.53233042 ], [ -68.66137918, -12.53240181 ], [ -68.66137918, -12.5324375 ], [ -68.66137918, -12.53247319 ], [ -68.66141488, -12.53254458 ], [ -68.66141488, -12.53258027 ], [ -68.66141488, -12.53265165 ], [ -68.66141488, -12.53268734 ], [ -68.66141488, -12.53275873 ], [ -68.66141488, -12.53283011 ], [ -68.66141488, -12.5328658 ], [ -68.66141488, -12.53290149 ], [ -68.66141488, -12.53293719 ], [ -68.66141488, -12.53304426 ], [ -68.66141488, -12.53307995 ], [ -68.66141488, -12.53311565 ], [ -68.66141488, -12.53315134 ], [ -68.66145057, -12.53318703 ], [ -68.66145057, -12.53322272 ], [ -68.66145057, -12.53325841 ], [ -68.66145057, -12.53329411 ], [ -68.66145057, -12.5333298 ], [ -68.66145057, -12.53340118 ], [ -68.66145057, -12.53347257 ], [ -68.66145057, -12.53350826 ], [ -68.66145057, -12.53361533 ], [ -68.66145057, -12.53365102 ], [ -68.66145057, -12.5337581 ], [ -68.66145057, -12.53386518 ], [ -68.66145057, -12.53393656 ], [ -68.66148626, -12.53400794 ], [ -68.66148626, -12.53407933 ], [ -68.66148626, -12.53411502 ], [ -68.66148626, -12.53415071 ], [ -68.66148626, -12.5341864 ], [ -68.66148626, -12.53422209 ], [ -68.66148626, -12.53432917 ], [ -68.66148626, -12.53436486 ], [ -68.66148626, -12.53440055 ], [ -68.66148626, -12.53443625 ], [ -68.66148626, -12.53447194 ], [ -68.66148626, -12.53450763 ], [ -68.66148626, -12.53454332 ], [ -68.66148626, -12.53457901 ], [ -68.66148626, -12.5346504 ], [ -68.66152195, -12.53468609 ], [ -68.66152195, -12.53472178 ], [ -68.66152195, -12.53475747 ], [ -68.66152195, -12.53482886 ], [ -68.66152195, -12.53486455 ], [ -68.66152195, -12.53490024 ], [ -68.66152195, -12.53493593 ], [ -68.66152195, -12.53497162 ], [ -68.66152195, -12.53504301 ], [ -68.66152195, -12.53515008 ], [ -68.66152195, -12.53518578 ], [ -68.66152195, -12.53529285 ], [ -68.66152195, -12.53535894 ], [ -68.66152195, -12.53536424 ], [ -68.66152195, -12.53539993 ], [ -68.66152195, -12.53547131 ], [ -68.66152195, -12.535507 ], [ -68.66152195, -12.5355427 ], [ -68.66148626, -12.53557839 ], [ -68.66148626, -12.53561408 ], [ -68.66148626, -12.53568546 ], [ -68.66148626, -12.53572116 ], [ -68.66145057, -12.53582823 ], [ -68.66144116, -12.53584704 ], [ -68.66141488, -12.53589961 ], [ -68.66137918, -12.535971 ], [ -68.66137918, -12.53604238 ], [ -68.66134349, -12.53604238 ], [ -68.66134349, -12.5360976 ], [ -68.66134349, -12.53611377 ], [ -68.6613078, -12.53618515 ], [ -68.66123642, -12.53618515 ], [ -68.66120072, -12.53625653 ], [ -68.66120072, -12.53629223 ], [ -68.66112934, -12.53632792 ], [ -68.66112934, -12.53636361 ], [ -68.66109365, -12.5363993 ], [ -68.66105796, -12.5363993 ], [ -68.66105796, -12.53643499 ], [ -68.66102226, -12.53643499 ], [ -68.66098657, -12.53647069 ], [ -68.66095088, -12.53650638 ], [ -68.6608795, -12.53654207 ], [ -68.66084381, -12.53657776 ], [ -68.66077242, -12.53661345 ], [ -68.66066535, -12.53668484 ], [ -68.66062965, -12.53668484 ], [ -68.66052258, -12.53675622 ], [ -68.66045119, -12.53675622 ], [ -68.66037981, -12.53679191 ], [ -68.66034412, -12.53679191 ], [ -68.66030843, -12.53679191 ], [ -68.66023704, -12.5368633 ], [ -68.66016566, -12.5368633 ], [ -68.66012997, -12.5368633 ], [ -68.66009427, -12.5368633 ], [ -68.66005858, -12.5368633 ], [ -68.6599872, -12.5368633 ], [ -68.65988012, -12.5368633 ], [ -68.65984443, -12.5368633 ], [ -68.65977305, -12.5368633 ], [ -68.65973736, -12.5368633 ], [ -68.65970166, -12.5368633 ], [ -68.65963028, -12.5368633 ], [ -68.65959459, -12.5368633 ], [ -68.6595232, -12.5368633 ], [ -68.65948751, -12.5368633 ], [ -68.65938044, -12.5368633 ], [ -68.65927336, -12.5368633 ], [ -68.65920198, -12.5368633 ], [ -68.65913059, -12.5368633 ], [ -68.65902352, -12.5368633 ], [ -68.65898783, -12.5368633 ], [ -68.65884506, -12.5368633 ], [ -68.65870229, -12.5368633 ], [ -68.6586666, -12.5368633 ], [ -68.65863091, -12.5368633 ], [ -68.65859521, -12.5368633 ], [ -68.65855952, -12.5368633 ], [ -68.65852383, -12.5368633 ], [ -68.65848814, -12.5368633 ], [ -68.65845245, -12.5368633 ], [ -68.65841676, -12.5368633 ], [ -68.65834537, -12.5368633 ], [ -68.65830968, -12.5368633 ], [ -68.65827399, -12.5368276 ], [ -68.6582026, -12.5368276 ], [ -68.65809553, -12.5368276 ], [ -68.65805984, -12.5368276 ], [ -68.65795276, -12.53679191 ], [ -68.65784568, -12.53679191 ], [ -68.65770292, -12.53675622 ], [ -68.65763153, -12.53675622 ], [ -68.65752446, -12.53672053 ], [ -68.65748877, -12.53672053 ], [ -68.65745307, -12.53668484 ], [ -68.65738169, -12.53664915 ], [ -68.657346, -12.53661345 ], [ -68.65731031, -12.53661345 ], [ -68.65723892, -12.53657776 ], [ -68.65720323, -12.53654207 ], [ -68.65716754, -12.53654207 ], [ -68.65713185, -12.53650638 ], [ -68.65706046, -12.53647069 ], [ -68.65702477, -12.53647069 ], [ -68.65698908, -12.5363993 ], [ -68.65691769, -12.5363993 ], [ -68.656882, -12.53636361 ], [ -68.65684631, -12.53632792 ], [ -68.65681062, -12.53629223 ], [ -68.65677493, -12.53629223 ], [ -68.65673923, -12.53629223 ], [ -68.65670354, -12.53625653 ], [ -68.65666785, -12.53622084 ], [ -68.65666785, -12.53618515 ], [ -68.65663216, -12.53618515 ], [ -68.65659647, -12.53614946 ], [ -68.65656078, -12.53611377 ], [ -68.65652508, -12.53607807 ], [ -68.65648939, -12.53604238 ], [ -68.6564537, -12.53604238 ], [ -68.65641801, -12.53600669 ], [ -68.65638232, -12.53600669 ], [ -68.65623955, -12.53593531 ], [ -68.65616816, -12.53586392 ], [ -68.65613247, -12.53582823 ], [ -68.65609678, -12.53579254 ], [ -68.6560254, -12.53575685 ], [ -68.6560254, -12.53572116 ], [ -68.6559897, -12.53572115 ], [ -68.65595401, -12.53568546 ], [ -68.65591832, -12.53564977 ], [ -68.65581125, -12.53561408 ], [ -68.65577555, -12.53557839 ], [ -68.65573986, -12.5355427 ], [ -68.65566848, -12.535507 ], [ -68.65563279, -12.535507 ], [ -68.65559709, -12.53547131 ], [ -68.65559709, -12.53543562 ], [ -68.6555614, -12.53543562 ], [ -68.65552571, -12.53539993 ], [ -68.65545433, -12.53536424 ], [ -68.65541863, -12.53529285 ], [ -68.65534725, -12.53525716 ], [ -68.65531156, -12.53525716 ], [ -68.65531156, -12.53522147 ], [ -68.65527587, -12.53518578 ], [ -68.65527587, -12.53515008 ], [ -68.65520448, -12.53511439 ], [ -68.6551331, -12.53504301 ], [ -68.6551331, -12.53497162 ], [ -68.65509741, -12.53497162 ], [ -68.65509741, -12.53493593 ], [ -68.65509741, -12.53490024 ], [ -68.65506171, -12.53490024 ], [ -68.65506171, -12.53486455 ], [ -68.65506171, -12.53482886 ], [ -68.65502602, -12.53479317 ], [ -68.65499033, -12.53472178 ], [ -68.65495464, -12.53461471 ], [ -68.65495464, -12.53457901 ], [ -68.65491895, -12.53454332 ], [ -68.65488326, -12.53447194 ], [ -68.65488326, -12.53443625 ], [ -68.65484756, -12.53440055 ], [ -68.65484756, -12.53436486 ], [ -68.65481187, -12.53432917 ], [ -68.65481187, -12.53429348 ], [ -68.65477618, -12.5341864 ], [ -68.6547048, -12.53411502 ], [ -68.6547048, -12.53404364 ], [ -68.6546691, -12.53400794 ], [ -68.65463341, -12.53393656 ], [ -68.65459772, -12.53390087 ], [ -68.65459772, -12.53382948 ], [ -68.65456203, -12.53379379 ], [ -68.65452634, -12.53379379 ], [ -68.65452634, -12.53372241 ], [ -68.65449064, -12.53368672 ], [ -68.65445495, -12.53361533 ], [ -68.65441926, -12.53357964 ], [ -68.65438357, -12.53350826 ], [ -68.65438357, -12.53347257 ], [ -68.65434788, -12.53340118 ], [ -68.65431218, -12.5333298 ], [ -68.65427649, -12.5333298 ], [ -68.65427649, -12.53325841 ], [ -68.6542408, -12.53322272 ], [ -68.6542408, -12.53315134 ], [ -68.65420511, -12.53311565 ], [ -68.65420511, -12.53307995 ], [ -68.65420511, -12.53304426 ], [ -68.65416942, -12.53304426 ], [ -68.65416942, -12.53300857 ], [ -68.65416942, -12.53297288 ], [ -68.65416942, -12.53290149 ], [ -68.65413372, -12.5328658 ], [ -68.65413373, -12.53279442 ], [ -68.65413373, -12.53275873 ], [ -68.65413372, -12.53268734 ], [ -68.65409803, -12.53250888 ], [ -68.65409803, -12.53236611 ], [ -68.65409803, -12.53233042 ], [ -68.65402665, -12.53104551 ], [ -68.65402665, -12.53100982 ], [ -68.65402665, -12.53093844 ], [ -68.65402665, -12.53090275 ], [ -68.65402665, -12.53083136 ], [ -68.65402665, -12.53079567 ], [ -68.65402665, -12.53075998 ], [ -68.65402665, -12.53072429 ], [ -68.65402665, -12.53068859 ], [ -68.65402665, -12.53061721 ], [ -68.65402665, -12.53058152 ], [ -68.65402665, -12.53051014 ], [ -68.65402665, -12.53047444 ], [ -68.65402665, -12.53043875 ], [ -68.65402665, -12.53040306 ], [ -68.65402665, -12.53036737 ], [ -68.65402665, -12.53033168 ], [ -68.65406234, -12.53026029 ], [ -68.65413372, -12.53018891 ], [ -68.65413373, -12.53011752 ], [ -68.65413373, -12.53008183 ], [ -68.65413372, -12.53004614 ], [ -68.65416942, -12.53001045 ], [ -68.65416942, -12.52997476 ], [ -68.65416942, -12.52993906 ], [ -68.65416942, -12.52990337 ], [ -68.65420511, -12.52986768 ], [ -68.65420511, -12.52983199 ], [ -68.6542408, -12.52983199 ], [ -68.6542408, -12.5297963 ], [ -68.65427649, -12.52972491 ], [ -68.65431218, -12.52965353 ], [ -68.65434788, -12.52961784 ], [ -68.65438357, -12.52958215 ], [ -68.65438357, -12.52954645 ], [ -68.65439742, -12.52954645 ], [ -68.65441926, -12.52954645 ], [ -68.65441926, -12.52951076 ], [ -68.65445495, -12.52943938 ], [ -68.65449064, -12.52943938 ], [ -68.65452634, -12.52936799 ], [ -68.65452634, -12.5293323 ], [ -68.65456203, -12.52926092 ], [ -68.65456203, -12.52922523 ], [ -68.65456203, -12.52918953 ], [ -68.65459772, -12.52908246 ], [ -68.65463341, -12.52908246 ], [ -68.65463341, -12.52901108 ], [ -68.65463341, -12.52897538 ], [ -68.6546691, -12.52893969 ], [ -68.6546691, -12.528904 ], [ -68.6546691, -12.52879692 ], [ -68.6547048, -12.52876123 ], [ -68.65474049, -12.52865416 ], [ -68.65474049, -12.52854708 ], [ -68.65477618, -12.52844 ], [ -68.65477618, -12.52840431 ], [ -68.65484756, -12.52826155 ], [ -68.65484756, -12.52822585 ], [ -68.65488326, -12.52815447 ], [ -68.65488326, -12.52808309 ], [ -68.65491895, -12.5280117 ], [ -68.65495464, -12.52794032 ], [ -68.65499033, -12.52786893 ], [ -68.65499033, -12.52779755 ], [ -68.65502602, -12.52772617 ], [ -68.65502602, -12.52769047 ], [ -68.65502602, -12.52765478 ], [ -68.65502602, -12.5275834 ], [ -68.65506172, -12.5275834 ], [ -68.65506172, -12.52754771 ], [ -68.6551331, -12.52740494 ], [ -68.65520448, -12.52726217 ], [ -68.65524017, -12.52719079 ], [ -68.65527587, -12.5271194 ], [ -68.65527587, -12.52708371 ], [ -68.65527587, -12.52704802 ], [ -68.65527587, -12.52701233 ], [ -68.65527587, -12.52694094 ], [ -68.65531156, -12.52690525 ], [ -68.65534725, -12.52683387 ], [ -68.65534725, -12.52679818 ], [ -68.65534725, -12.52676248 ], [ -68.65538294, -12.5266911 ], [ -68.65538294, -12.52665541 ], [ -68.65541863, -12.52658403 ], [ -68.65545433, -12.52651264 ], [ -68.65545433, -12.52644126 ], [ -68.65549002, -12.52636987 ], [ -68.65549002, -12.52633418 ], [ -68.65549002, -12.5262628 ], [ -68.65549002, -12.52622711 ], [ -68.65552571, -12.52622711 ], [ -68.65552571, -12.52615572 ], [ -68.6555614, -12.52612003 ], [ -68.6555614, -12.52601295 ], [ -68.65559709, -12.52594157 ], [ -68.65559709, -12.52587019 ], [ -68.65559709, -12.5258345 ], [ -68.65559709, -12.5257988 ], [ -68.65563279, -12.52576311 ], [ -68.65566848, -12.52572742 ], [ -68.65566848, -12.52565603 ], [ -68.65570417, -12.52562034 ], [ -68.65573986, -12.52551327 ], [ -68.65573986, -12.52547758 ], [ -68.65577555, -12.52540619 ], [ -68.65577555, -12.5253705 ], [ -68.65577555, -12.52529912 ], [ -68.65577555, -12.52526342 ], [ -68.65581124, -12.52519204 ], [ -68.65581125, -12.52512066 ], [ -68.65581125, -12.52504927 ], [ -68.65581125, -12.52497789 ], [ -68.65581124, -12.5249422 ], [ -68.65584694, -12.5249065 ], [ -68.65584694, -12.52483512 ], [ -68.65584694, -12.52479943 ], [ -68.65584694, -12.52476374 ], [ -68.65584694, -12.52469235 ], [ -68.65588263, -12.52462097 ], [ -68.65591832, -12.52458528 ], [ -68.65591832, -12.52454959 ], [ -68.65595401, -12.52451389 ], [ -68.65595401, -12.5244782 ], [ -68.6559897, -12.52440682 ], [ -68.6559897, -12.52437113 ], [ -68.6559897, -12.52433543 ], [ -68.6559897, -12.52429974 ], [ -68.6560254, -12.52426405 ], [ -68.65606109, -12.52426405 ], [ -68.65606109, -12.52422836 ], [ -68.65609678, -12.52419267 ], [ -68.65609678, -12.52415697 ], [ -68.65609678, -12.52412128 ], [ -68.65616816, -12.52401421 ], [ -68.65620386, -12.52387144 ], [ -68.65623955, -12.52380005 ], [ -68.65631093, -12.52369298 ], [ -68.65634662, -12.5235859 ], [ -68.65638232, -12.52347883 ], [ -68.65641801, -12.52344314 ], [ -68.65641801, -12.52337175 ], [ -68.65741738, -12.52233669 ], [ -68.65745307, -12.52230099 ], [ -68.65752446, -12.5222653 ], [ -68.65756015, -12.52222961 ], [ -68.65759584, -12.52222961 ], [ -68.65763153, -12.52219392 ], [ -68.65770292, -12.52215823 ], [ -68.65773861, -12.52212254 ], [ -68.6577743, -12.52212254 ], [ -68.65784568, -12.52205115 ], [ -68.65795276, -12.52201546 ], [ -68.65802414, -12.52194408 ], [ -68.65805984, -12.52194408 ], [ -68.65813122, -12.52190838 ], [ -68.65827399, -12.521837 ], [ -68.65838106, -12.52180131 ], [ -68.65855952, -12.52172992 ], [ -68.65859521, -12.52172992 ], [ -68.65870229, -12.52165854 ], [ -68.65873798, -12.52165854 ], [ -68.65880937, -12.52162285 ], [ -68.65891644, -12.52155147 ], [ -68.65895213, -12.52155147 ], [ -68.65905921, -12.52148008 ], [ -68.65913059, -12.52144439 ], [ -68.65920198, -12.5214087 ], [ -68.65927336, -12.521373 ], [ -68.65930905, -12.52137301 ], [ -68.65941613, -12.52130162 ], [ -68.6595232, -12.52126593 ], [ -68.65963028, -12.52123024 ], [ -68.65966597, -12.52123024 ], [ -68.65966597, -12.52119455 ], [ -68.65970166, -12.52119455 ], [ -68.65973736, -12.52119455 ], [ -68.65977305, -12.52115885 ], [ -68.65988012, -12.52112316 ], [ -68.66005858, -12.52105178 ], [ -68.66016566, -12.52098039 ], [ -68.66023704, -12.52090901 ], [ -68.66030843, -12.52087332 ], [ -68.66034412, -12.52087332 ], [ -68.66034412, -12.52083763 ], [ -68.66037981, -12.52083763 ], [ -68.66037981, -12.52080193 ], [ -68.66045119, -12.52076624 ], [ -68.66045119, -12.52073055 ], [ -68.66045119, -12.52069486 ], [ -68.66045119, -12.52065917 ], [ -68.66045119, -12.52062348 ], [ -68.66045119, -12.52058778 ], [ -68.66045119, -12.52055209 ], [ -68.66045119, -12.5205164 ], [ -68.66045119, -12.52048071 ], [ -68.66045119, -12.52044501 ], [ -68.66045119, -12.52040932 ], [ -68.66045119, -12.52037363 ], [ -68.66045119, -12.52033794 ], [ -68.6604155, -12.52033794 ], [ -68.6604155, -12.52030225 ], [ -68.66037981, -12.52030225 ], [ -68.66037981, -12.52026656 ], [ -68.66034412, -12.52023086 ], [ -68.66034412, -12.52019517 ], [ -68.66030843, -12.52015948 ], [ -68.66027273, -12.5200881 ], [ -68.66027273, -12.5200524 ], [ -68.66027273, -12.51998102 ], [ -68.66027273, -12.51990964 ], [ -68.66027273, -12.51983825 ], [ -68.66030843, -12.51976687 ], [ -68.66034412, -12.51965979 ], [ -68.66034412, -12.51958841 ], [ -68.66037981, -12.51951703 ], [ -68.66037981, -12.51948133 ], [ -68.6604155, -12.51944564 ], [ -68.6604155, -12.51940995 ], [ -68.6604155, -12.51937426 ], [ -68.6604155, -12.51933857 ], [ -68.6604155, -12.51930287 ], [ -68.66045119, -12.51926718 ], [ -68.66045119, -12.5191958 ], [ -68.66045119, -12.51916011 ], [ -68.66045119, -12.51912441 ], [ -68.66045119, -12.51908872 ], [ -68.66045119, -12.51905303 ], [ -68.66045119, -12.51901734 ], [ -68.66048689, -12.51898165 ], [ -68.66048689, -12.51894595 ], [ -68.66052258, -12.51891026 ], [ -68.66052258, -12.51887457 ], [ -68.66052258, -12.51883888 ], [ -68.66052258, -12.51880319 ], [ -68.66052258, -12.5187675 ], [ -68.66052258, -12.5187318 ], [ -68.66052258, -12.51869611 ], [ -68.66048689, -12.51866042 ], [ -68.66045119, -12.51862473 ], [ -68.66045119, -12.51858904 ], [ -68.6604155, -12.51855334 ], [ -68.6604155, -12.51851765 ], [ -68.66037981, -12.51851765 ], [ -68.66037981, -12.51848196 ], [ -68.66037981, -12.51844627 ], [ -68.66034412, -12.51844627 ], [ -68.66030843, -12.51841058 ], [ -68.66027273, -12.51837488 ], [ -68.66020135, -12.5183035 ], [ -68.66020135, -12.51826781 ], [ -68.66016566, -12.51819642 ], [ -68.66016566, -12.51816073 ], [ -68.66012997, -12.51808935 ], [ -68.66009427, -12.51805366 ], [ -68.66009427, -12.51801796 ], [ -68.66005858, -12.51801796 ], [ -68.66005858, -12.51798227 ], [ -68.66005858, -12.51794658 ], [ -68.66002289, -12.51794658 ], [ -68.6599872, -12.51791089 ], [ -68.65995151, -12.5178752 ], [ -68.65995151, -12.51780381 ], [ -68.65991581, -12.51780381 ], [ -68.65991581, -12.51773243 ], [ -68.65988012, -12.51769674 ], [ -68.65984443, -12.51769674 ], [ -68.65984443, -12.51762535 ], [ -68.65980874, -12.51758966 ], [ -68.65980874, -12.51755397 ], [ -68.65980874, -12.51748259 ], [ -68.65977305, -12.51744689 ], [ -68.65973736, -12.5174112 ], [ -68.65970166, -12.51737551 ], [ -68.65966597, -12.51733982 ], [ -68.65966597, -12.51730413 ], [ -68.65966597, -12.51726844 ], [ -68.65966597, -12.51723274 ], [ -68.65963028, -12.51723274 ], [ -68.65963028, -12.51719705 ], [ -68.65959459, -12.51716136 ], [ -68.6595589, -12.51708998 ], [ -68.65948751, -12.51701859 ], [ -68.65945182, -12.5169829 ], [ -68.65945182, -12.51691152 ], [ -68.65945182, -12.51687582 ], [ -68.65941613, -12.51684013 ], [ -68.65941613, -12.51680444 ], [ -68.65934474, -12.51676875 ], [ -68.65934474, -12.51673306 ], [ -68.65930905, -12.51662598 ], [ -68.65927336, -12.5165546 ], [ -68.65923767, -12.51648321 ], [ -68.65923767, -12.51644752 ], [ -68.65923767, -12.51641183 ], [ -68.65920198, -12.51637614 ], [ -68.65920198, -12.51630475 ], [ -68.65916628, -12.51630475 ], [ -68.65916629, -12.51623337 ], [ -68.6590949, -12.51619768 ], [ -68.6590949, -12.51616199 ], [ -68.65902352, -12.51612629 ], [ -68.65902352, -12.51605491 ], [ -68.65895213, -12.51598353 ], [ -68.65895213, -12.51591214 ], [ -68.65888075, -12.51587645 ], [ -68.65888075, -12.51584076 ], [ -68.65880937, -12.51576937 ], [ -68.65873798, -12.5156623 ], [ -68.65873798, -12.51562661 ], [ -68.65870229, -12.51559091 ], [ -68.65870229, -12.51555522 ], [ -68.6586666, -12.51551953 ], [ -68.6586666, -12.51544815 ], [ -68.65863091, -12.51537676 ], [ -68.65859521, -12.51534107 ], [ -68.65855952, -12.51526969 ], [ -68.65852383, -12.515234 ], [ -68.65848814, -12.5151983 ], [ -68.65845245, -12.51512692 ], [ -68.65838106, -12.51505554 ], [ -68.65834537, -12.51501984 ], [ -68.65827399, -12.51494846 ], [ -68.6582026, -12.51487708 ], [ -68.65816691, -12.51487708 ], [ -68.65813122, -12.51484138 ], [ -68.65805984, -12.51480569 ], [ -68.65802414, -12.51473431 ], [ -68.65798845, -12.51473431 ], [ -68.65795276, -12.51469862 ], [ -68.65795276, -12.51466293 ], [ -68.65791707, -12.51462723 ], [ -68.65788138, -12.51459154 ], [ -68.65784568, -12.51455585 ], [ -68.6577743, -12.51452016 ], [ -68.65773861, -12.51452016 ], [ -68.65773861, -12.51448447 ], [ -68.65770292, -12.51448447 ], [ -68.65770292, -12.51444877 ], [ -68.65766722, -12.51441308 ], [ -68.65759584, -12.5143417 ], [ -68.65756015, -12.51430601 ], [ -68.65752446, -12.51427031 ], [ -68.65745307, -12.51423462 ], [ -68.65745307, -12.51416324 ], [ -68.65745307, -12.51412755 ], [ -68.65741738, -12.51409185 ], [ -68.657346, -12.51405616 ], [ -68.65731031, -12.51402047 ], [ -68.65727461, -12.51398478 ], [ -68.65723892, -12.51394909 ], [ -68.65723892, -12.5139134 ], [ -68.65720323, -12.5138777 ], [ -68.65716754, -12.51384201 ], [ -68.65713185, -12.51380632 ], [ -68.65706046, -12.51377063 ], [ -68.65702477, -12.51373494 ], [ -68.656882, -12.51366355 ], [ -68.65684631, -12.51362786 ], [ -68.65681062, -12.51359217 ], [ -68.65673923, -12.51355648 ], [ -68.65670354, -12.51352079 ], [ -68.65666785, -12.51348509 ], [ -68.65663216, -12.51348509 ], [ -68.65659647, -12.5134494 ], [ -68.65656078, -12.5134494 ], [ -68.65652508, -12.51341371 ], [ -68.65648939, -12.51337802 ], [ -68.6564537, -12.51334233 ], [ -68.65641801, -12.51330663 ], [ -68.65641801, -12.51327094 ], [ -68.65638232, -12.51323525 ], [ -68.65634662, -12.51316386 ], [ -68.65631093, -12.51316386 ], [ -68.65631093, -12.51312817 ], [ -68.65627524, -12.51309248 ], [ -68.65620386, -12.5130211 ], [ -68.65616816, -12.5129854 ], [ -68.65613247, -12.5129854 ], [ -68.65609678, -12.51298541 ], [ -68.65609678, -12.51294971 ], [ -68.65606109, -12.51294971 ], [ -68.65606109, -12.51291402 ], [ -68.6560254, -12.51291402 ], [ -68.6559897, -12.51291402 ], [ -68.65595401, -12.51287833 ], [ -68.65591832, -12.51284264 ], [ -68.65584694, -12.51280695 ], [ -68.65581125, -12.51277125 ], [ -68.65573986, -12.51277125 ], [ -68.65573986, -12.51273556 ], [ -68.65570417, -12.51273556 ], [ -68.65570417, -12.51269987 ], [ -68.65566848, -12.51269987 ], [ -68.65559709, -12.51266418 ], [ -68.6555614, -12.51266418 ], [ -68.65552571, -12.51262849 ], [ -68.65552571, -12.51259279 ], [ -68.65549002, -12.51259279 ], [ -68.65545433, -12.51259279 ], [ -68.65541863, -12.5125571 ], [ -68.65538294, -12.5125571 ], [ -68.65534725, -12.5125571 ], [ -68.65531156, -12.51252141 ], [ -68.65527587, -12.51252141 ], [ -68.65524017, -12.51252141 ], [ -68.65516879, -12.51252141 ], [ -68.65516879, -12.51248572 ], [ -68.6551331, -12.51245003 ], [ -68.65509741, -12.51245003 ], [ -68.65506171, -12.51245003 ], [ -68.65502602, -12.51241433 ], [ -68.65495464, -12.51241433 ], [ -68.65495464, -12.51237864 ], [ -68.65491895, -12.51234295 ], [ -68.65488326, -12.51234295 ], [ -68.65484756, -12.51230726 ], [ -68.65481187, -12.51230726 ], [ -68.65477618, -12.51230726 ], [ -68.6546691, -12.51223587 ], [ -68.65463341, -12.51223587 ], [ -68.65459772, -12.51223587 ], [ -68.65456203, -12.51220018 ], [ -68.65452634, -12.51216449 ], [ -68.65449064, -12.5121288 ], [ -68.65445495, -12.5121288 ], [ -68.65445495, -12.51209311 ], [ -68.65441926, -12.51205742 ], [ -68.65438357, -12.51205742 ], [ -68.65438357, -12.51202172 ], [ -68.65434788, -12.51202172 ], [ -68.65431218, -12.51198603 ], [ -68.65427649, -12.51195034 ], [ -68.6542408, -12.51191465 ], [ -68.6542408, -12.51187896 ], [ -68.65420511, -12.51187896 ], [ -68.65416942, -12.51184326 ], [ -68.65413372, -12.51184326 ], [ -68.65409803, -12.51180757 ], [ -68.65402665, -12.51177188 ], [ -68.65399096, -12.51173619 ], [ -68.65395527, -12.5117005 ], [ -68.65391957, -12.5117005 ], [ -68.65391957, -12.5116648 ], [ -68.65388388, -12.51162911 ], [ -68.65388388, -12.51159342 ], [ -68.65384819, -12.51159342 ], [ -68.6538125, -12.51155773 ], [ -68.6538125, -12.51152204 ], [ -68.65377681, -12.51152204 ], [ -68.65377681, -12.51148635 ], [ -68.65374111, -12.51148635 ], [ -68.65374111, -12.51145065 ], [ -68.65370542, -12.51141496 ], [ -68.65366973, -12.51137927 ], [ -68.65363404, -12.51137927 ], [ -68.65363404, -12.51134358 ], [ -68.65359835, -12.51130788 ], [ -68.65356265, -12.51127219 ], [ -68.65352696, -12.51127219 ], [ -68.65349127, -12.5112365 ], [ -68.65349127, -12.51120081 ], [ -68.65345558, -12.51120081 ], [ -68.65345558, -12.51116512 ], [ -68.65341989, -12.51112943 ], [ -68.6533842, -12.51109373 ], [ -68.6533485, -12.51109373 ], [ -68.6533485, -12.51105804 ], [ -68.6533485, -12.51102235 ], [ -68.65331281, -12.51102235 ], [ -68.65327712, -12.51102235 ], [ -68.65327712, -12.51098666 ], [ -68.65324143, -12.51098666 ], [ -68.65324143, -12.51095097 ], [ -68.65320574, -12.51095097 ], [ -68.65320573, -12.51091527 ], [ -68.65320573, -12.51084389 ], [ -68.65317004, -12.51077251 ], [ -68.65317004, -12.51073681 ], [ -68.65317004, -12.51070112 ], [ -68.65313435, -12.51055836 ], [ -68.65313435, -12.51041559 ], [ -68.65309866, -12.5103799 ], [ -68.65306297, -12.50998728 ], [ -68.65306297, -12.50984452 ], [ -68.65304609, -12.50958123 ], [ -68.65284882, -12.50650375 ], [ -68.65242051, -12.50429086 ], [ -68.65220636, -12.50214934 ], [ -68.65201361, -12.49771889 ], [ -68.81107231, -12.20514697 ], [ -68.96706332, -11.91749103 ], [ -68.9670492, -11.91747032 ], [ -68.96689483, -11.91726095 ], [ -68.96686628, -11.91715625 ], [ -68.96689483, -11.91704204 ], [ -68.96697097, -11.91697066 ], [ -68.96707091, -11.91689451 ], [ -68.96720416, -11.91682313 ], [ -68.96729934, -11.91681837 ], [ -68.96748018, -11.91680409 ], [ -68.96776095, -11.91681361 ], [ -68.96797986, -11.91677554 ], [ -68.96816546, -11.91665181 ], [ -68.96830823, -11.91655663 ], [ -68.96846527, -11.91633772 ], [ -68.96855094, -11.91613309 ], [ -68.96856745, -11.91597434 ], [ -68.96862708, -11.91583803 ], [ -68.9686366, -11.91573334 ], [ -68.96862456, -11.91559363 ], [ -68.96863184, -11.91551918 ], [ -68.96856521, -11.91537642 ], [ -68.96856343, -11.91537345 ], [ -68.96842468, -11.91516532 ], [ -68.96840465, -11.91515608 ], [ -68.96824161, -11.91506709 ], [ -68.96805601, -11.9149386 ], [ -68.96781806, -11.91477203 ], [ -68.96759439, -11.9146483 ], [ -68.967385, -11.91447222 ], [ -68.96732313, -11.9143818 ], [ -68.96724223, -11.91424855 ], [ -68.96724223, -11.91414386 ], [ -68.96725175, -11.91404868 ], [ -68.96729523, -11.91393594 ], [ -68.96729934, -11.91383453 ], [ -68.96735645, -11.91375838 ], [ -68.96744211, -11.913687 ], [ -68.96767356, -11.91362346 ], [ -68.96784727, -11.91355522 ], [ -68.96838026, -11.9133839 ], [ -68.9686658, -11.91330776 ], [ -68.96900844, -11.91319354 ], [ -68.96927494, -11.91307933 ], [ -68.96953365, -11.9129356 ], [ -68.96978222, -11.91247722 ], [ -68.97047333, -11.91137833 ], [ -68.97048805, -11.91135528 ], [ -68.9704975, -11.91133972 ], [ -68.9705025, -11.91133222 ], [ -68.97050722, -11.91132444 ], [ -68.97051222, -11.91131667 ], [ -68.97051694, -11.91130917 ], [ -68.97052167, -11.91130139 ], [ -68.97052667, -11.91129361 ], [ -68.97053139, -11.91128611 ], [ -68.97053639, -11.91127833 ], [ -68.97054111, -11.91127056 ], [ -68.97055083, -11.91125528 ], [ -68.97055556, -11.9112475 ], [ -68.97056055, -11.91124 ], [ -68.97056528, -11.91123222 ], [ -68.97057, -11.91122444 ], [ -68.970575, -11.91121694 ], [ -68.97057972, -11.91120917 ], [ -68.97058472, -11.91120139 ], [ -68.97058944, -11.91119389 ], [ -68.97059417, -11.91118611 ], [ -68.97059917, -11.91117833 ], [ -68.97060389, -11.91117083 ], [ -68.97060889, -11.91116306 ], [ -68.97061361, -11.91115528 ], [ -68.97061833, -11.91114778 ], [ -68.97062806, -11.91113222 ], [ -68.97063306, -11.91112472 ], [ -68.97063778, -11.91111694 ], [ -68.9706425, -11.91110917 ], [ -68.9706475, -11.91110167 ], [ -68.97065222, -11.91109389 ], [ -68.97065722, -11.91108611 ], [ -68.97066667, -11.91107083 ], [ -68.97067639, -11.91105555 ], [ -68.97068139, -11.91104778 ], [ -68.97068627, -11.91103961 ], [ -68.97069083, -11.9110325 ], [ -68.97069583, -11.91102472 ], [ -68.97070055, -11.91101694 ], [ -68.97070556, -11.91100944 ], [ -68.97071028, -11.91100167 ], [ -68.970715, -11.91099389 ], [ -68.97072, -11.91098639 ], [ -68.97072472, -11.91097861 ], [ -68.97072972, -11.91097083 ], [ -68.97073444, -11.91096333 ], [ -68.97073907, -11.91095564 ], [ -68.97074417, -11.91094778 ], [ -68.97074889, -11.91094028 ], [ -68.97075389, -11.9109325 ], [ -68.97075861, -11.91092472 ], [ -68.97076333, -11.91091722 ], [ -68.97076833, -11.91090944 ], [ -68.97077306, -11.91090167 ], [ -68.97077805, -11.91089417 ], [ -68.97078278, -11.91088639 ], [ -68.9707875, -11.91087861 ], [ -68.9707925, -11.91087111 ], [ -68.97079722, -11.91086333 ], [ -68.97080222, -11.91085555 ], [ -68.97080694, -11.91084806 ], [ -68.97081167, -11.91084028 ], [ -68.97081667, -11.9108325 ], [ -68.97082639, -11.91081722 ], [ -68.97083111, -11.91080944 ], [ -68.97084083, -11.91079417 ], [ -68.97084555, -11.91078639 ], [ -68.97085056, -11.91077889 ], [ -68.97085528, -11.91077111 ], [ -68.97086, -11.91076333 ], [ -68.970865, -11.91075583 ], [ -68.97086972, -11.91074806 ], [ -68.97087472, -11.91074028 ], [ -68.97087944, -11.91073278 ], [ -68.97088417, -11.910725 ], [ -68.97088917, -11.91071722 ], [ -68.97089389, -11.91070972 ], [ -68.97089889, -11.91070194 ], [ -68.97090361, -11.91069417 ], [ -68.97090861, -11.91068667 ], [ -68.97091333, -11.91067889 ], [ -68.97091806, -11.91067111 ], [ -68.97092306, -11.91066361 ], [ -68.97092778, -11.91065583 ], [ -68.97093278, -11.91064806 ], [ -68.9709375, -11.91064056 ], [ -68.97094222, -11.91063278 ], [ -68.97094722, -11.910625 ], [ -68.97095194, -11.9106175 ], [ -68.97095694, -11.91060972 ], [ -68.97096167, -11.91060194 ], [ -68.97097139, -11.91058667 ], [ -68.97097611, -11.91057889 ], [ -68.97098111, -11.91057139 ], [ -68.97098583, -11.91056361 ], [ -68.97099056, -11.91055583 ], [ -68.97099555, -11.91054833 ], [ -68.97100028, -11.91054056 ], [ -68.97100528, -11.91053278 ], [ -68.97101, -11.91052528 ], [ -68.97101472, -11.9105175 ], [ -68.97101972, -11.91050972 ], [ -68.97102444, -11.91050222 ], [ -68.97102944, -11.91049444 ], [ -68.97103417, -11.91048667 ], [ -68.97103889, -11.91047917 ], [ -68.97104389, -11.91047139 ], [ -68.97104861, -11.91046361 ], [ -68.97105361, -11.91045611 ], [ -68.97105833, -11.91044833 ], [ -68.97106305, -11.91044055 ], [ -68.97106805, -11.91043305 ], [ -68.97107278, -11.91042528 ], [ -68.97107778, -11.9104175 ], [ -68.97109222, -11.91039445 ], [ -68.97109694, -11.91038694 ], [ -68.97110194, -11.91037917 ], [ -68.97110667, -11.91037139 ], [ -68.97111139, -11.91036389 ], [ -68.97111639, -11.91035611 ], [ -68.97112111, -11.91034833 ], [ -68.97112611, -11.91034083 ], [ -68.97113083, -11.91033305 ], [ -68.97113555, -11.91032528 ], [ -68.97114056, -11.91031778 ], [ -68.97114528, -11.91031 ], [ -68.97115028, -11.91030222 ], [ -68.97115972, -11.91028694 ], [ -68.97116472, -11.91027917 ], [ -68.97117444, -11.91026389 ], [ -68.97117917, -11.91025611 ], [ -68.97118889, -11.91024083 ], [ -69.11844359, -11.67613245 ], [ -69.254581, -11.45897065 ], [ -69.2666553, -11.4396866 ], [ -69.41461694, -11.20316854 ], [ -69.50720314, -11.05490109 ], [ -69.50720806, -11.05489389 ], [ -69.5072175, -11.05487861 ], [ -69.50722222, -11.05487083 ], [ -69.50722722, -11.05486305 ], [ -69.50723194, -11.05485556 ], [ -69.50724167, -11.05484 ], [ -69.50724639, -11.05483222 ], [ -69.50725111, -11.05482472 ], [ -69.50725611, -11.05481694 ], [ -69.50726556, -11.05480167 ], [ -69.50727028, -11.05479389 ], [ -69.50728, -11.05477861 ], [ -69.50728472, -11.05477083 ], [ -69.50728972, -11.05476306 ], [ -69.50729444, -11.05475528 ], [ -69.50729917, -11.05474778 ], [ -69.50730417, -11.05474 ], [ -69.50730889, -11.05473222 ], [ -69.50731361, -11.05472472 ], [ -69.50731833, -11.05471694 ], [ -69.50732333, -11.05470917 ], [ -69.50732806, -11.05470167 ], [ -69.50733278, -11.05469389 ], [ -69.50733778, -11.05468611 ], [ -69.5073425, -11.05467833 ], [ -69.50734722, -11.05467083 ], [ -69.50735194, -11.05466305 ], [ -69.50735694, -11.05465528 ], [ -69.50736167, -11.05464778 ], [ -69.50736639, -11.05464 ], [ -69.50737139, -11.05463222 ], [ -69.50737611, -11.05462472 ], [ -69.50738583, -11.05460917 ], [ -69.50739528, -11.05459389 ], [ -69.5074, -11.05458611 ], [ -69.50740972, -11.05457083 ], [ -69.50741944, -11.05455528 ], [ -69.50742417, -11.05454778 ], [ -69.50742889, -11.05454 ], [ -69.50743389, -11.05453222 ], [ -69.50744333, -11.05451694 ], [ -69.50744805, -11.05450917 ], [ -69.50745778, -11.05449389 ], [ -69.5074625, -11.05448611 ], [ -69.5074675, -11.05447833 ], [ -69.50747222, -11.05447083 ], [ -69.50747694, -11.05446306 ], [ -69.50748194, -11.05445528 ], [ -69.50748667, -11.0544475 ], [ -69.50749611, -11.05443222 ], [ -69.50750111, -11.05442444 ], [ -69.50750583, -11.05441694 ], [ -69.50751556, -11.05440139 ], [ -69.50752028, -11.05439389 ], [ -69.507525, -11.05438611 ], [ -69.50752972, -11.05437833 ], [ -69.50753472, -11.05437055 ], [ -69.50753944, -11.05436306 ], [ -69.50754417, -11.05435528 ], [ -69.50754917, -11.0543475 ], [ -69.50756833, -11.05431694 ], [ -69.50757778, -11.05430139 ], [ -69.50758278, -11.05429361 ], [ -69.5075875, -11.05428611 ], [ -69.50759222, -11.05427833 ], [ -69.50759722, -11.05427056 ], [ -69.50760194, -11.05426305 ], [ -69.50761167, -11.0542475 ], [ -69.50761639, -11.05424 ], [ -69.50762583, -11.05422444 ], [ -69.50763555, -11.05420917 ], [ -69.50764028, -11.05420139 ], [ -69.50764528, -11.05419361 ], [ -69.50765, -11.05418611 ], [ -69.50765472, -11.05417833 ], [ -69.50765944, -11.05417055 ], [ -69.50766444, -11.05416306 ], [ -69.50767389, -11.0541475 ], [ -69.50768361, -11.05413222 ], [ -69.50768833, -11.05412444 ], [ -69.50769333, -11.05411667 ], [ -69.50770278, -11.05410139 ], [ -69.5077075, -11.05409361 ], [ -69.5077125, -11.05408611 ], [ -69.50771722, -11.05407833 ], [ -69.50772194, -11.05407055 ], [ -69.50772694, -11.05406278 ], [ -69.50773167, -11.05405528 ], [ -69.50773639, -11.0540475 ], [ -69.50774611, -11.05403222 ], [ -69.50775556, -11.05401667 ], [ -69.50776061, -11.054009 ], [ -69.50777, -11.05399361 ], [ -69.507775, -11.05398583 ], [ -69.50777972, -11.05397833 ], [ -69.50778444, -11.05397056 ], [ -69.50778917, -11.05396278 ], [ -69.50779417, -11.05395528 ], [ -69.50779889, -11.0539475 ], [ -69.50780361, -11.05393972 ], [ -69.50780861, -11.05393222 ], [ -69.50781333, -11.05392444 ], [ -69.50781806, -11.05391667 ], [ -69.50782305, -11.05390917 ], [ -69.50783722, -11.05388583 ], [ -69.50784222, -11.05387833 ], [ -69.50784694, -11.05387056 ], [ -69.50785667, -11.05385528 ], [ -69.50786611, -11.05383972 ], [ -69.50787111, -11.05383222 ], [ -69.50788055, -11.05381667 ], [ -69.50788528, -11.05380889 ], [ -69.507895, -11.05379361 ], [ -69.50789972, -11.05378583 ], [ -69.50790472, -11.05377833 ], [ -69.50791417, -11.05376278 ], [ -69.50792389, -11.0537475 ], [ -69.50793333, -11.05373194 ], [ -69.50793833, -11.05372444 ], [ -69.50794306, -11.05371667 ], [ -69.50794778, -11.05370889 ], [ -69.50795278, -11.05370139 ], [ -69.50797194, -11.05367055 ], [ -69.50798139, -11.053655 ], [ -69.50798639, -11.0536475 ], [ -69.50799583, -11.05363194 ], [ -69.50800083, -11.05362444 ], [ -69.508015, -11.05360139 ], [ -69.50802, -11.05359361 ], [ -69.50802944, -11.05357806 ], [ -69.50803444, -11.05357056 ], [ -69.50803917, -11.05356278 ], [ -69.50805833, -11.05353194 ], [ -69.50806806, -11.05351667 ], [ -69.5080775, -11.05350111 ], [ -69.5080825, -11.05349361 ], [ -69.51019639, -11.05010805 ], [ -69.54163139, -10.99975417 ], [ -69.54167568, -10.99968307 ], [ -69.54169497, -10.99965239 ], [ -69.54171778, -10.99961556 ], [ -69.5417275, -10.99960028 ], [ -69.54174167, -10.99957722 ], [ -69.54176062, -10.99954715 ], [ -69.54179043, -10.99949917 ], [ -69.54279361, -10.99789194 ], [ -69.56234667, -10.96656028 ], [ -69.56260018, -10.96615444 ], [ -69.57474764, -10.94514025 ], [ -69.57196005, -10.94554122 ], [ -69.57136832, -10.94596734 ], [ -69.57098128, -10.94604835 ], [ -69.56981115, -10.9455533 ], [ -69.56898306, -10.94514826 ], [ -69.56811304, -10.94467557 ], [ -69.56728176, -10.94414654 ], [ -69.56652537, -10.9440907 ], [ -69.5655446, -10.94466257 ], [ -69.5643841, -10.94538279 ], [ -69.56325479, -10.94583439 ], [ -69.56218997, -10.94616947 ], [ -69.56116489, -10.94654171 ], [ -69.56016155, -10.94699942 ], [ -69.55927558, -10.94750174 ], [ -69.55851866, -10.94790749 ], [ -69.55766108, -10.94825343 ], [ -69.55666666, -10.94833792 ], [ -69.55582429, -10.94832263 ], [ -69.55477485, -10.94816954 ], [ -69.5540574, -10.94812215 ], [ -69.55301283, -10.94779677 ], [ -69.55217107, -10.94745631 ], [ -69.551383, -10.94730564 ], [ -69.55072581, -10.94750056 ], [ -69.55061598, -10.94790987 ], [ -69.55070853, -10.94845244 ], [ -69.55079807, -10.94923418 ], [ -69.5506053, -10.95111147 ], [ -69.5505723, -10.95224314 ], [ -69.55048945, -10.95274267 ], [ -69.55017372, -10.95321987 ], [ -69.54969473, -10.95339548 ], [ -69.54887381, -10.95345608 ], [ -69.547975, -10.95349967 ], [ -69.54715624, -10.95364082 ], [ -69.54583279, -10.95337627 ], [ -69.5444084, -10.95296555 ], [ -69.5434041, -10.95269641 ], [ -69.54216479, -10.95232846 ], [ -69.54128143, -10.95188388 ], [ -69.54094359, -10.95156792 ], [ -69.54082114, -10.95131892 ], [ -69.54079048, -10.95098836 ], [ -69.54086944, -10.95064232 ], [ -69.54114703, -10.94983721 ], [ -69.54124995, -10.94866772 ], [ -69.54139768, -10.94771697 ], [ -69.54177226, -10.94668742 ], [ -69.54239532, -10.94576748 ], [ -69.54275709, -10.94497721 ], [ -69.54321116, -10.94368371 ], [ -69.54339977, -10.94246408 ], [ -69.54335577, -10.94123166 ], [ -69.54309496, -10.94020596 ], [ -69.54286998, -10.93977218 ], [ -69.54260278, -10.9395595 ], [ -69.54228749, -10.93935769 ], [ -69.54192981, -10.93902315 ], [ -69.54126305, -10.93836231 ], [ -69.54059301, -10.93793107 ], [ -69.53983781, -10.93756908 ], [ -69.53881027, -10.93715712 ], [ -69.53777891, -10.93695563 ], [ -69.53664411, -10.93686214 ], [ -69.53536836, -10.93657166 ], [ -69.53455001, -10.93637393 ], [ -69.53369457, -10.93623459 ], [ -69.53285093, -10.93617143 ], [ -69.53210796, -10.93624897 ], [ -69.53124461, -10.93652104 ], [ -69.53046046, -10.93685789 ], [ -69.52966824, -10.93725234 ], [ -69.52904141, -10.93746932 ], [ -69.52830993, -10.93755994 ], [ -69.52739364, -10.93758179 ], [ -69.52619424, -10.93727185 ], [ -69.52516774, -10.93687712 ], [ -69.52426196, -10.93631833 ], [ -69.5235766, -10.9360309 ], [ -69.5227217, -10.93591062 ], [ -69.52196046, -10.93602687 ], [ -69.52114676, -10.93634536 ], [ -69.52042141, -10.93670927 ], [ -69.51951168, -10.93740331 ], [ -69.51891892, -10.93801226 ], [ -69.51832589, -10.93861165 ], [ -69.5175195, -10.93887959 ], [ -69.51652361, -10.93922464 ], [ -69.51528337, -10.93951641 ], [ -69.51419213, -10.93994757 ], [ -69.51317958, -10.94042442 ], [ -69.51232411, -10.94098308 ], [ -69.51181385, -10.94142721 ], [ -69.51133815, -10.94207122 ], [ -69.51081437, -10.9427261 ], [ -69.5102111, -10.94330662 ], [ -69.50954187, -10.94360203 ], [ -69.50890762, -10.94376262 ], [ -69.50818634, -10.94392556 ], [ -69.50768215, -10.94391497 ], [ -69.50729142, -10.94375848 ], [ -69.50692755, -10.94354837 ], [ -69.50630206, -10.94332619 ], [ -69.50560028, -10.94314433 ], [ -69.50513031, -10.94294664 ], [ -69.50452696, -10.94247522 ], [ -69.50358983, -10.94183113 ], [ -69.503575, -10.94181528 ], [ -69.50299096, -10.9409962 ], [ -69.5027824, -10.94010292 ], [ -69.50273977, -10.93906506 ], [ -69.50259181, -10.93810943 ], [ -69.50250933, -10.93757614 ], [ -69.5024222, -10.93722466 ], [ -69.50228534, -10.93682481 ], [ -69.50204614, -10.93657307 ], [ -69.50169201, -10.93636459 ], [ -69.50099422, -10.93632605 ], [ -69.50051654, -10.93654933 ], [ -69.50008412, -10.93691121 ], [ -69.49965879, -10.93740961 ], [ -69.49923337, -10.93785059 ], [ -69.49898971, -10.93837686 ], [ -69.49889865, -10.93893396 ], [ -69.49903475, -10.93965706 ], [ -69.49925366, -10.94022493 ], [ -69.49931768, -10.94114124 ], [ -69.49941573, -10.94223833 ], [ -69.49952151, -10.94291444 ], [ -69.49945111, -10.9435188 ], [ -69.49922758, -10.94418467 ], [ -69.49892193, -10.94468063 ], [ -69.49827254, -10.94531994 ], [ -69.4974845, -10.94617663 ], [ -69.49686797, -10.94669643 ], [ -69.49630676, -10.9474001 ], [ -69.49539687, -10.94887913 ], [ -69.49468194, -10.94997142 ], [ -69.49408422, -10.95067319 ], [ -69.49346936, -10.95118703 ], [ -69.49298936, -10.95145197 ], [ -69.49265631, -10.95150238 ], [ -69.49228598, -10.95143887 ], [ -69.49176941, -10.95095551 ], [ -69.49108352, -10.95064885 ], [ -69.48992142, -10.95026894 ], [ -69.48867782, -10.95009205 ], [ -69.48726306, -10.95002494 ], [ -69.48599493, -10.95001126 ], [ -69.4855603, -10.95004209 ], [ -69.48520618, -10.9501855 ], [ -69.48497963, -10.95039242 ], [ -69.4848578, -10.95053675 ], [ -69.48442218, -10.95075169 ], [ -69.48373404, -10.95102123 ], [ -69.48315941, -10.9512399 ], [ -69.48263189, -10.95145611 ], [ -69.48204684, -10.95182329 ], [ -69.48159958, -10.95218676 ], [ -69.48111457, -10.95258471 ], [ -69.48066512, -10.95313233 ], [ -69.48044119, -10.9534348 ], [ -69.48012844, -10.95402655 ], [ -69.47979372, -10.95452327 ], [ -69.47952038, -10.95478882 ], [ -69.47913777, -10.95495211 ], [ -69.47865661, -10.95505111 ], [ -69.47823999, -10.95503362 ], [ -69.47795612, -10.95491693 ], [ -69.47744405, -10.95459599 ], [ -69.47695626, -10.95410225 ], [ -69.47659602, -10.95367203 ], [ -69.47629118, -10.95314469 ], [ -69.47614344, -10.9526992 ], [ -69.47614517, -10.95205843 ], [ -69.47614511, -10.9517046 ], [ -69.47617606, -10.95144687 ], [ -69.47627242, -10.95121808 ], [ -69.47646181, -10.95099772 ], [ -69.47676515, -10.95067426 ], [ -69.47696034, -10.95038213 ], [ -69.47747028, -10.94931187 ], [ -69.47821759, -10.94800427 ], [ -69.4784577, -10.947473 ], [ -69.47854855, -10.94690634 ], [ -69.47858244, -10.94637947 ], [ -69.47866052, -10.94605223 ], [ -69.4785729, -10.94568163 ], [ -69.47829478, -10.94542134 ], [ -69.47773648, -10.94517815 ], [ -69.47717089, -10.94502122 ], [ -69.47659693, -10.94491232 ], [ -69.47602377, -10.94483209 ], [ -69.47546969, -10.94474178 ], [ -69.47476819, -10.94456937 ], [ -69.47429278, -10.94452476 ], [ -69.47386651, -10.94450752 ], [ -69.47359601, -10.94452435 ], [ -69.47339688, -10.94467314 ], [ -69.47301983, -10.94503309 ], [ -69.47264976, -10.94530523 ], [ -69.47205998, -10.94602871 ], [ -69.47122115, -10.94684495 ], [ -69.47034309, -10.94764312 ], [ -69.46932497, -10.94862674 ], [ -69.46819342, -10.94970902 ], [ -69.46736129, -10.95006605 ], [ -69.46654745, -10.95038433 ], [ -69.46582978, -10.9506809 ], [ -69.46502272, -10.9508938 ], [ -69.46431809, -10.9509605 ], [ -69.46346474, -10.95089731 ], [ -69.4625437, -10.95083593 ], [ -69.46153142, -10.95062398 ], [ -69.46071098, -10.95034951 ], [ -69.46005075, -10.94991774 ], [ -69.45961399, -10.94951823 ], [ -69.45936017, -10.94908513 ], [ -69.45922471, -10.94857955 ], [ -69.45913377, -10.94824009 ], [ -69.45895391, -10.9476807 ], [ -69.45861019, -10.94714482 ], [ -69.45821613, -10.94686786 ], [ -69.45769123, -10.94680603 ], [ -69.45716121, -10.94688716 ], [ -69.45658885, -10.94718937 ], [ -69.45601991, -10.94761581 ], [ -69.45561954, -10.94819074 ], [ -69.45545805, -10.94865408 ], [ -69.45530282, -10.94899294 ], [ -69.45503808, -10.94921997 ], [ -69.45468734, -10.94948756 ], [ -69.45431073, -10.94951676 ], [ -69.453949, -10.949383 ], [ -69.45374538, -10.94901549 ], [ -69.45359298, -10.94839798 ], [ -69.45335196, -10.94737163 ], [ -69.45299224, -10.94554518 ], [ -69.45270496, -10.94424275 ], [ -69.45248798, -10.94303407 ], [ -69.45239281, -10.94203252 ], [ -69.45234209, -10.94101491 ], [ -69.45242209, -10.94022236 ], [ -69.45252545, -10.93910275 ], [ -69.45262427, -10.93838332 ], [ -69.45269762, -10.93796974 ], [ -69.45266676, -10.9375498 ], [ -69.45257972, -10.93719831 ], [ -69.45239912, -10.93696407 ], [ -69.45213202, -10.93675127 ], [ -69.45170994, -10.93653305 ], [ -69.45121208, -10.93637424 ], [ -69.45064574, -10.93618857 ], [ -69.45003942, -10.93595615 ], [ -69.44955828, -10.93570126 ], [ -69.44899796, -10.93538154 ], [ -69.44843136, -10.93518631 ], [ -69.44784752, -10.93506804 ], [ -69.4472744, -10.93498773 ], [ -69.44681784, -10.93492343 ], [ -69.44634481, -10.93496476 ], [ -69.44568884, -10.93503966 ], [ -69.44507914, -10.93503682 ], [ -69.44444904, -10.93499628 ], [ -69.44357538, -10.9348953 ], [ -69.44279894, -10.93481084 ], [ -69.44208103, -10.93474395 ], [ -69.44113054, -10.93466413 ], [ -69.44055742, -10.93458381 ], [ -69.43950971, -10.93448745 ], [ -69.43881167, -10.93443914 ], [ -69.43819072, -10.93437921 ], [ -69.43748145, -10.93427382 ], [ -69.43663472, -10.93409559 ], [ -69.43597431, -10.93400801 ], [ -69.43551802, -10.93395324 ], [ -69.43506381, -10.93397492 ], [ -69.43479567, -10.93407769 ], [ -69.43457744, -10.93423652 ], [ -69.43441828, -10.93443201 ], [ -69.43358848, -10.93522871 ], [ -69.43272888, -10.93599752 ], [ -69.43233947, -10.93626609 ], [ -69.4318868, -10.93669892 ], [ -69.43145216, -10.93708344 ], [ -69.43111135, -10.93736028 ], [ -69.43063568, -10.93765984 ], [ -69.43015923, -10.93793073 ], [ -69.42974838, -10.93812336 ], [ -69.42939269, -10.93820934 ], [ -69.42903334, -10.93816154 ], [ -69.42855275, -10.9379257 ], [ -69.42806196, -10.93767102 ], [ -69.42754112, -10.93737888 ], [ -69.42702657, -10.93696226 ], [ -69.42666934, -10.93663708 ], [ -69.42615375, -10.93618223 ], [ -69.42567763, -10.93575502 ], [ -69.42526082, -10.93537404 ], [ -69.42496214, -10.93506642 ], [ -69.42481661, -10.93469735 ], [ -69.42476803, -10.93433526 ], [ -69.42484386, -10.93392205 ], [ -69.42489618, -10.93335646 ], [ -69.42505122, -10.93265426 ], [ -69.42515684, -10.93226894 ], [ -69.42527945, -10.93179711 ], [ -69.42541593, -10.93112409 ], [ -69.42553099, -10.93037515 ], [ -69.42559011, -10.92970419 ], [ -69.42558415, -10.92913059 ], [ -69.42552018, -10.92855854 ], [ -69.42546822, -10.92807223 ], [ -69.42528323, -10.92767553 ], [ -69.42502532, -10.92744333 ], [ -69.42458317, -10.92719691 ], [ -69.42398579, -10.92693549 ], [ -69.4235149, -10.92669939 ], [ -69.42273147, -10.92635686 ], [ -69.42209594, -10.92611558 ], [ -69.42134387, -10.92585827 ], [ -69.42089518, -10.92572677 ], [ -69.42030302, -10.92565645 ], [ -69.41969203, -10.92560576 ], [ -69.41891694, -10.925569 ], [ -69.41814969, -10.92546508 ], [ -69.41723949, -10.92544146 ], [ -69.41652475, -10.92548915 ], [ -69.41581156, -10.92559416 ], [ -69.41518671, -10.92574464 ], [ -69.4147309, -10.92606275 ], [ -69.41440184, -10.92641574 ], [ -69.41422462, -10.92665952 ], [ -69.41395094, -10.92715442 ], [ -69.41367617, -10.92784072 ], [ -69.41351194, -10.92856227 ], [ -69.41337646, -10.9292735 ], [ -69.41338083, -10.92978976 ], [ -69.41374196, -10.93168313 ], [ -69.41386231, -10.93255013 ], [ -69.41391632, -10.93311289 ], [ -69.41387676, -10.93379289 ], [ -69.41373473, -10.93461906 ], [ -69.41342883, -10.93546869 ], [ -69.413164, -10.93604949 ], [ -69.41302733, -10.93646672 ], [ -69.41290489, -10.93684051 ], [ -69.41272708, -10.937419 ], [ -69.41247613, -10.93779861 ], [ -69.41218234, -10.93802635 ], [ -69.41177959, -10.93816136 ], [ -69.411236, -10.93809929 ], [ -69.41075543, -10.93786342 ], [ -69.41037239, -10.93729982 ], [ -69.41022636, -10.93691163 ], [ -69.40966836, -10.93560679 ], [ -69.40939098, -10.93465788 ], [ -69.40914754, -10.93388977 ], [ -69.40868223, -10.93314667 ], [ -69.40796213, -10.93228601 ], [ -69.40708941, -10.9315059 ], [ -69.40664906, -10.93105398 ], [ -69.40636277, -10.93076017 ], [ -69.40606922, -10.93047017 ], [ -69.40580266, -10.92997739 ], [ -69.40562628, -10.92965132 ], [ -69.40520571, -10.92927437 ], [ -69.4046613, -10.92903622 ], [ -69.40421676, -10.92905757 ], [ -69.40401035, -10.92915015 ], [ -69.40360493, -10.92933198 ], [ -69.4031491, -10.92965006 ], [ -69.40260313, -10.92985579 ], [ -69.4021314, -10.92994479 ], [ -69.40176511, -10.930069 ], [ -69.40148899, -10.93016263 ], [ -69.40105042, -10.93040376 ], [ -69.40062489, -10.93076885 ], [ -69.40042201, -10.9311376 ], [ -69.40025341, -10.93157472 ], [ -69.40004519, -10.93222816 ], [ -69.39990655, -10.93282472 ], [ -69.39974193, -10.93389053 ], [ -69.39957057, -10.93470789 ], [ -69.39945645, -10.93549506 ], [ -69.39937911, -10.93656812 ], [ -69.39930212, -10.93729693 ], [ -69.39908396, -10.93817291 ], [ -69.39872783, -10.93895692 ], [ -69.39836202, -10.93974119 ], [ -69.39789348, -10.94066206 ], [ -69.39764638, -10.94118499 ], [ -69.3972589, -10.94188377 ], [ -69.39698227, -10.94238836 ], [ -69.39663061, -10.942981 ], [ -69.39611664, -10.94365444 ], [ -69.39575323, -10.94417089 ], [ -69.39519616, -10.9446829 ], [ -69.39473372, -10.9451159 ], [ -69.39422897, -10.94541614 ], [ -69.39381911, -10.94564693 ], [ -69.39339724, -10.94579198 ], [ -69.39272111, -10.94583856 ], [ -69.39223501, -10.94575579 ], [ -69.39174347, -10.94547234 ], [ -69.39129848, -10.94512073 ], [ -69.39089976, -10.94469138 ], [ -69.3905659, -10.94415513 ], [ -69.39026916, -10.94356053 ], [ -69.39022566, -10.94302616 ], [ -69.39034758, -10.94252567 ], [ -69.39056698, -10.9420513 ], [ -69.39092435, -10.9416689 ], [ -69.391479, -10.94142472 ], [ -69.39201897, -10.94135306 ], [ -69.39268516, -10.94129719 ], [ -69.39328601, -10.94114071 ], [ -69.39390945, -10.94076753 ], [ -69.39455277, -10.94022455 ], [ -69.39503065, -10.9396477 ], [ -69.39544974, -10.93904372 ], [ -69.39569192, -10.93833923 ], [ -69.39578775, -10.93759081 ], [ -69.39582556, -10.93684392 ], [ -69.39579621, -10.93611793 ], [ -69.39571427, -10.93559415 ], [ -69.39546925, -10.93512251 ], [ -69.39518183, -10.93487192 ], [ -69.3947922, -10.93477705 ], [ -69.39445376, -10.934786 ], [ -69.39409443, -10.93473814 ], [ -69.39362536, -10.93456886 ], [ -69.39304026, -10.93440265 ], [ -69.39233913, -10.93423951 ], [ -69.39155883, -10.93401153 ], [ -69.3906144, -10.93379744 ], [ -69.38982832, -10.93371304 ], [ -69.38892646, -10.93364126 ], [ -69.38818086, -10.93362272 ], [ -69.38752488, -10.93369744 ], [ -69.38702723, -10.93390184 ], [ -69.38667695, -10.93418842 ], [ -69.38641091, -10.93466584 ], [ -69.38635115, -10.93526413 ], [ -69.38670235, -10.93584208 ], [ -69.38723037, -10.93639963 ], [ -69.38788305, -10.93692015 ], [ -69.38830341, -10.93743498 ], [ -69.38855705, -10.93786816 ], [ -69.3887532, -10.93832198 ], [ -69.38887069, -10.93873007 ], [ -69.38889883, -10.93905446 ], [ -69.38881956, -10.93934344 ], [ -69.3886695, -10.93951953 ], [ -69.38827872, -10.93974024 ], [ -69.38789813, -10.93997981 ], [ -69.38740989, -10.94023864 ], [ -69.38691481, -10.94075986 ], [ -69.38648938, -10.94120282 ], [ -69.3861092, -10.94181532 ], [ -69.38577659, -10.94239787 ], [ -69.3854958, -10.94274955 ], [ -69.38514498, -10.94301701 ], [ -69.38472105, -10.94308559 ], [ -69.38431336, -10.94303898 ], [ -69.38388322, -10.94287822 ], [ -69.38323182, -10.94240772 ], [ -69.38235206, -10.94172331 ], [ -69.38160846, -10.94106399 ], [ -69.38112327, -10.94065604 ], [ -69.38075979, -10.94045526 ], [ -69.38036477, -10.94038638 ], [ -69.38002384, -10.94043643 ], [ -69.37971802, -10.94057838 ], [ -69.37932118, -10.94093311 ], [ -69.37892459, -10.9412974 ], [ -69.37852826, -10.94167124 ], [ -69.37812381, -10.94210268 ], [ -69.37790966, -10.94241433 ], [ -69.37782909, -10.94265553 ], [ -69.37782446, -10.94279827 ], [ -69.37781853, -10.94298094 ], [ -69.37798151, -10.94328265 ], [ -69.37819181, -10.94354486 ], [ -69.37827898, -10.94390594 ], [ -69.37825167, -10.94432742 ], [ -69.37827657, -10.94489097 ], [ -69.37824862, -10.94564717 ], [ -69.37815943, -10.94664405 ], [ -69.37809718, -10.94756372 ], [ -69.37806033, -10.94834885 ], [ -69.37808524, -10.9489124 ], [ -69.37809855, -10.94976314 ], [ -69.37801076, -10.95045398 ], [ -69.37786547, -10.95116547 ], [ -69.37755256, -10.95212045 ], [ -69.37731702, -10.95307339 ], [ -69.37714271, -10.95378564 ], [ -69.37706936, -10.95429441 ], [ -69.37685855, -10.95473031 ], [ -69.37661615, -10.9550714 ], [ -69.37633532, -10.95542308 ], [ -69.37588274, -10.95586534 ], [ -69.37548612, -10.95622963 ], [ -69.37512405, -10.95644 ], [ -69.37473877, -10.95650754 ], [ -69.37420533, -10.95646423 ], [ -69.37374538, -10.95627553 ], [ -69.37335004, -10.95597038 ], [ -69.37306739, -10.95553793 ], [ -69.37281982, -10.95497068 ], [ -69.37271073, -10.95451454 ], [ -69.37269577, -10.95396028 ], [ -69.37275057, -10.95348069 ], [ -69.3728827, -10.9529624 ], [ -69.37295184, -10.95269123 ], [ -69.37299051, -10.95197299 ], [ -69.37287897, -10.95106746 ], [ -69.37257248, -10.95010969 ], [ -69.37226289, -10.94903725 ], [ -69.37225115, -10.94824384 ], [ -69.37228867, -10.947124 ], [ -69.37233817, -10.94608992 ], [ -69.37243887, -10.94515967 ], [ -69.37263597, -10.94408689 ], [ -69.37271775, -10.94366053 ], [ -69.37297432, -10.94312782 ], [ -69.37325939, -10.94257523 ], [ -69.37345085, -10.94213985 ], [ -69.37364309, -10.94173315 ], [ -69.37384019, -10.9413141 ], [ -69.37392325, -10.940999 ], [ -69.37385827, -10.94074252 ], [ -69.37372585, -10.94049738 ], [ -69.37343059, -10.94031391 ], [ -69.37312721, -10.94018803 ], [ -69.3727653, -10.94004457 ], [ -69.37245018, -10.93984249 ], [ -69.37197777, -10.93954894 ], [ -69.37131525, -10.93911839 ], [ -69.37083495, -10.93880113 ], [ -69.37046005, -10.93862454 ], [ -69.37010942, -10.93854054 ], [ -69.36976208, -10.93857838 ], [ -69.3694537, -10.9387156 ], [ -69.36909514, -10.93887565 ], [ -69.36874364, -10.93902835 ], [ -69.36828296, -10.93916958 ], [ -69.36776504, -10.93934101 ], [ -69.36725263, -10.93944774 ], [ -69.36662437, -10.93956469 ], [ -69.36591652, -10.9396909 ], [ -69.36529475, -10.93977899 ], [ -69.36446438, -10.93993712 ], [ -69.36381629, -10.9401263 ], [ -69.36308407, -10.94042527 ], [ -69.36228164, -10.94081216 ], [ -69.36155289, -10.94124014 ], [ -69.36090738, -10.94179502 ], [ -69.36007659, -10.94247669 ], [ -69.35968967, -10.94293153 ], [ -69.35933919, -10.94339259 ], [ -69.35896909, -10.94393305 ], [ -69.35864724, -10.94437901 ], [ -69.35828815, -10.94479008 ], [ -69.35801398, -10.94512003 ], [ -69.35771606, -10.94535237 ], [ -69.35725735, -10.94559176 ], [ -69.35677354, -10.94568337 ], [ -69.35629288, -10.94568308 ], [ -69.35563845, -10.94557697 ], [ -69.35504907, -10.94521151 ], [ -69.35471804, -10.94479618 ], [ -69.35441528, -10.94435395 ], [ -69.35425353, -10.94400677 ], [ -69.35423471, -10.94357694 ], [ -69.35428687, -10.94308787 ], [ -69.35442113, -10.94268271 ], [ -69.35469831, -10.9421949 ], [ -69.35496979, -10.94176462 ], [ -69.35536378, -10.94130243 ], [ -69.35581695, -10.94088172 ], [ -69.35619131, -10.94049894 ], [ -69.35669312, -10.93999805 ], [ -69.35706651, -10.93957944 ], [ -69.35734908, -10.9392923 ], [ -69.35761638, -10.93897688 ], [ -69.35780433, -10.93870794 ], [ -69.3579008, -10.93848888 ], [ -69.35796658, -10.93823613 ], [ -69.35792221, -10.93793607 ], [ -69.35784313, -10.93769431 ], [ -69.35766996, -10.93746218 ], [ -69.35740366, -10.93727554 ], [ -69.35707364, -10.93714795 ], [ -69.3567356, -10.93699187 ], [ -69.35633606, -10.93670832 ], [ -69.35592299, -10.93646099 ], [ -69.35549734, -10.9362857 ], [ -69.35509537, -10.93618151 ], [ -69.35465105, -10.93612146 ], [ -69.35426039, -10.93616759 ], [ -69.35397658, -10.93613918 ], [ -69.35352976, -10.93598596 ], [ -69.35310777, -10.93594684 ], [ -69.35256346, -10.93594679 ], [ -69.35205695, -10.93600312 ], [ -69.3516833, -10.93614203 ], [ -69.35141959, -10.93632108 ], [ -69.35132345, -10.93652442 ], [ -69.35130022, -10.93674019 ], [ -69.35128846, -10.93693359 ], [ -69.35132686, -10.93719132 ], [ -69.35120422, -10.93748859 ], [ -69.35105943, -10.9377721 ], [ -69.35078051, -10.9381954 ], [ -69.35061223, -10.93841498 ], [ -69.35039357, -10.93865022 ], [ -69.35016458, -10.93877098 ], [ -69.34994835, -10.93882686 ], [ -69.34975273, -10.93883917 ], [ -69.34947459, -10.93879014 ], [ -69.34916733, -10.93866089 ], [ -69.34882069, -10.93845483 ], [ -69.3483788, -10.9382154 ], [ -69.34805334, -10.93798727 ], [ -69.34764791, -10.93775406 ], [ -69.34733125, -10.93758307 ], [ -69.34713197, -10.9374592 ], [ -69.34689739, -10.93737212 ], [ -69.34669451, -10.93738461 ], [ -69.34652238, -10.93746085 ], [ -69.3463369, -10.93758046 ], [ -69.34610354, -10.93780891 ], [ -69.3458755, -10.93796551 ], [ -69.34559805, -10.9381736 ], [ -69.34534235, -10.93838112 ], [ -69.34507064, -10.93879515 ], [ -69.34489644, -10.93933523 ], [ -69.34492541, -10.93961129 ], [ -69.3450625, -10.93985154 ], [ -69.34516217, -10.94004975 ], [ -69.34524034, -10.94052822 ], [ -69.34543897, -10.94116849 ], [ -69.34569775, -10.94188608 ], [ -69.34588682, -10.94244054 ], [ -69.34609137, -10.94303045 ], [ -69.34626401, -10.94351362 ], [ -69.34640688, -10.94396889 ], [ -69.34667465, -10.94475079 ], [ -69.34691302, -10.94551912 ], [ -69.34710422, -10.94615242 ], [ -69.34720435, -10.94663749 ], [ -69.34714055, -10.94723445 ], [ -69.34707803, -10.94760903 ], [ -69.34696186, -10.94787745 ], [ -69.34678805, -10.94816172 ], [ -69.34662643, -10.94835961 ], [ -69.34641378, -10.94857447 ], [ -69.34593891, -10.94900997 ], [ -69.34568054, -10.94935265 ], [ -69.3453456, -10.94966486 ], [ -69.34489434, -10.95007613 ], [ -69.34446269, -10.95048909 ], [ -69.34400299, -10.95093864 ], [ -69.34365818, -10.95134215 ], [ -69.34338969, -10.95161455 ], [ -69.34312653, -10.9518151 ], [ -69.34288512, -10.95201507 ], [ -69.34262902, -10.95220826 ], [ -69.34231887, -10.95228094 ], [ -69.34206444, -10.95226609 ], [ -69.3418138, -10.95212205 ], [ -69.34163948, -10.9518469 ], [ -69.34153808, -10.95158419 ], [ -69.34144983, -10.95127093 ], [ -69.34141961, -10.95095615 ], [ -69.34145351, -10.95059665 ], [ -69.34147291, -10.95023754 ], [ -69.3414667, -10.94973565 ], [ -69.34146164, -10.94927677 ], [ -69.3414012, -10.94864721 ], [ -69.34137664, -10.94800237 ], [ -69.34141491, -10.94753518 ], [ -69.34137795, -10.94696955 ], [ -69.34130075, -10.94652691 ], [ -69.3411674, -10.94588492 ], [ -69.34098232, -10.94520842 ], [ -69.34071938, -10.94460569 ], [ -69.34054675, -10.94412251 ], [ -69.33996008, -10.94335613 ], [ -69.33939331, -10.94279004 ], [ -69.33887198, -10.94229448 ], [ -69.33840373, -10.9418836 ], [ -69.33797404, -10.94155777 ], [ -69.3374873, -10.94126929 ], [ -69.33697117, -10.94096724 ], [ -69.33653198, -10.94082812 ], [ -69.33617623, -10.94082309 ], [ -69.3358453, -10.94093216 ], [ -69.33558137, -10.94110403 ], [ -69.33521345, -10.94145629 ], [ -69.33493412, -10.94186686 ], [ -69.33478628, -10.94230822 ], [ -69.33462662, -10.9428503 ], [ -69.33455092, -10.94327543 ], [ -69.33451836, -10.94368509 ], [ -69.33452738, -10.94402194 ], [ -69.33460072, -10.94432125 ], [ -69.33465764, -10.94454926 ], [ -69.3346634, -10.94476427 ], [ -69.33471369, -10.94528651 ], [ -69.33474529, -10.945924 ], [ -69.33474557, -10.94647624 ], [ -69.33471872, -10.94682837 ], [ -69.33461646, -10.9470749 ], [ -69.33445368, -10.94722978 ], [ -69.3343281, -10.94735003 ], [ -69.33419186, -10.94748048 ], [ -69.33391649, -10.94776739 ], [ -69.33346345, -10.94819523 ], [ -69.3330106, -10.94863023 ], [ -69.33264191, -10.94895545 ], [ -69.33230299, -10.94930858 ], [ -69.33204668, -10.94949458 ], [ -69.33129608, -10.9499492 ], [ -69.33068077, -10.95025469 ], [ -69.33024963, -10.95041658 ], [ -69.3299269, -10.95056129 ], [ -69.32950738, -10.95061529 ], [ -69.32911323, -10.95053236 ], [ -69.32878244, -10.95037605 ], [ -69.32848484, -10.95010411 ], [ -69.32809637, -10.94969112 ], [ -69.32778788, -10.9492832 ], [ -69.32755076, -10.94883038 ], [ -69.32732065, -10.94838799 ], [ -69.3272407, -10.94809259 ], [ -69.32724465, -10.94769802 ], [ -69.32728944, -10.94720198 ], [ -69.32727697, -10.94673612 ], [ -69.32730399, -10.94611862 ], [ -69.32729475, -10.94550206 ], [ -69.32724161, -10.94487231 ], [ -69.32710776, -10.94448135 ], [ -69.32710462, -10.94382161 ], [ -69.32703102, -10.94297006 ], [ -69.3269521, -10.94219037 ], [ -69.326905, -10.94142839 ], [ -69.32692749, -10.94095074 ], [ -69.32696342, -10.94033571 ], [ -69.32711513, -10.93960419 ], [ -69.32720324, -10.93909985 ], [ -69.3271923, -10.93869134 ], [ -69.32711971, -10.93814817 ], [ -69.32703414, -10.93766271 ], [ -69.32687893, -10.93728665 ], [ -69.3267579, -10.93683224 ], [ -69.3266109, -10.93649183 ], [ -69.32639978, -10.93619613 ], [ -69.3261755, -10.93595097 ], [ -69.3258747, -10.93582974 ], [ -69.32556093, -10.93576622 ], [ -69.32521892, -10.93573212 ], [ -69.32486547, -10.93581307 ], [ -69.32441985, -10.93597533 ], [ -69.32404637, -10.93612135 ], [ -69.32359349, -10.93628379 ], [ -69.32317059, -10.9364813 ], [ -69.32284043, -10.93661902 ], [ -69.32270608, -10.93675162 ], [ -69.32258701, -10.93691251 ], [ -69.32254519, -10.93702727 ], [ -69.32247883, -10.93720939 ], [ -69.32237962, -10.93757058 ], [ -69.32233614, -10.93784425 ], [ -69.32237476, -10.93847437 ], [ -69.32228168, -10.9390649 ], [ -69.32220465, -10.93971239 ], [ -69.32213618, -10.94013732 ], [ -69.32206713, -10.94054076 ], [ -69.32197003, -10.94098078 ], [ -69.32181337, -10.941601 ], [ -69.32178303, -10.94197317 ], [ -69.32168428, -10.94277981 ], [ -69.32153031, -10.94326435 ], [ -69.32134502, -10.94366365 ], [ -69.32112901, -10.9439992 ], [ -69.32095877, -10.94414709 ], [ -69.32075972, -10.9443029 ], [ -69.32048189, -10.94449806 ], [ -69.32018874, -10.94466349 ], [ -69.31990017, -10.9447284 ], [ -69.31962834, -10.94470677 ], [ -69.31934571, -10.94462095 ], [ -69.31899585, -10.94456553 ], [ -69.31852328, -10.94453483 ], [ -69.31799898, -10.94446961 ], [ -69.31753443, -10.94446739 ], [ -69.31696146, -10.94448234 ], [ -69.31644614, -10.94448143 ], [ -69.31599056, -10.94454352 ], [ -69.31532159, -10.94449642 ], [ -69.31484004, -10.9444014 ], [ -69.31427987, -10.94435145 ], [ -69.31369163, -10.9443381 ], [ -69.31314672, -10.94431644 ], [ -69.31251002, -10.94439042 ], [ -69.31188267, -10.94454303 ], [ -69.31132155, -10.94472978 ], [ -69.31088315, -10.94489182 ], [ -69.31034188, -10.94500633 ], [ -69.30966909, -10.9450884 ], [ -69.30907705, -10.94520423 ], [ -69.30865983, -10.9453442 ], [ -69.30840294, -10.94550867 ], [ -69.30817582, -10.94570106 ], [ -69.30768007, -10.94632653 ], [ -69.30710951, -10.9468118 ], [ -69.30661977, -10.94722619 ], [ -69.30617106, -10.94754627 ], [ -69.30575117, -10.94785842 ], [ -69.30538586, -10.94804006 ], [ -69.30487607, -10.94824697 ], [ -69.30442258, -10.94838787 ], [ -69.30396107, -10.94850029 ], [ -69.30351273, -10.94856216 ], [ -69.30306267, -10.94855953 ], [ -69.30261891, -10.94852087 ], [ -69.30225417, -10.94845146 ], [ -69.30177777, -10.94827738 ], [ -69.30143345, -10.94815724 ], [ -69.30101107, -10.94810368 ], [ -69.30099298, -10.94824657 ], [ -69.30055624, -10.94822824 ], [ -69.29940557, -10.94778071 ], [ -69.2984667, -10.94724323 ], [ -69.29767945, -10.9469748 ], [ -69.29698321, -10.94691565 ], [ -69.29642354, -10.94721531 ], [ -69.29581891, -10.94796367 ], [ -69.29503233, -10.94838318 ], [ -69.29373157, -10.94919203 ], [ -69.29282412, -10.94982103 ], [ -69.29191661, -10.95039021 ], [ -69.29094835, -10.95075007 ], [ -69.28961654, -10.95078125 ], [ -69.28837531, -10.95057304 ], [ -69.28692216, -10.95033513 ], [ -69.28574101, -10.94964828 ], [ -69.28513497, -10.9489609 ], [ -69.28513412, -10.94806357 ], [ -69.28552658, -10.9469864 ], [ -69.28610085, -10.94611845 ], [ -69.28661496, -10.94563939 ], [ -69.28685667, -10.9451905 ], [ -69.28673508, -10.94465222 ], [ -69.28622026, -10.9443835 ], [ -69.28516061, -10.94411529 ], [ -69.2841314, -10.94402652 ], [ -69.28325347, -10.94387778 ], [ -69.28249693, -10.94405795 ], [ -69.2816198, -10.94474671 ], [ -69.2806219, -10.9457646 ], [ -69.279654, -10.94651326 ], [ -69.2789284, -10.94741126 ], [ -69.27805136, -10.94821966 ], [ -69.27738655, -10.9494167 ], [ -69.27696437, -10.95112201 ], [ -69.27649639, -10.95240262 ], [ -69.27586204, -10.95380902 ], [ -69.27540866, -10.95452729 ], [ -69.27486436, -10.955126 ], [ -69.27416833, -10.95530609 ], [ -69.27322948, -10.95476854 ], [ -69.27216939, -10.95405162 ], [ -69.27132127, -10.95342424 ], [ -69.27077566, -10.95258722 ], [ -69.27059326, -10.95171996 ], [ -69.27089522, -10.9509121 ], [ -69.27159091, -10.95037308 ], [ -69.27268022, -10.94995336 ], [ -69.2737393, -10.94959348 ], [ -69.27455618, -10.94917399 ], [ -69.27500977, -10.948695 ], [ -69.27519056, -10.94780349 ], [ -69.27549256, -10.94705544 ], [ -69.27564302, -10.94609816 ], [ -69.27558171, -10.9452607 ], [ -69.27530868, -10.94460291 ], [ -69.27473317, -10.94415476 ], [ -69.27403691, -10.94406565 ], [ -69.2733403, -10.9435877 ], [ -69.27258302, -10.94296025 ], [ -69.27179555, -10.94242255 ], [ -69.27091745, -10.9420644 ], [ -69.2699183, -10.94173626 ], [ -69.26882859, -10.9416774 ], [ -69.26782984, -10.94179792 ], [ -69.26652842, -10.94191871 ], [ -69.26565061, -10.94188956 ], [ -69.26471211, -10.941681 ], [ -69.2640459, -10.94132264 ], [ -69.26337984, -10.94114375 ], [ -69.26269907, -10.94144344 ], [ -69.26154917, -10.94177345 ], [ -69.26033877, -10.94216333 ], [ -69.25946128, -10.9424931 ], [ -69.25888634, -10.94267305 ], [ -69.25773578, -10.94225527 ], [ -69.25649442, -10.94183756 ], [ -69.25501051, -10.94094147 ], [ -69.2540416, -10.94055344 ], [ -69.25301182, -10.9397766 ], [ -69.25225487, -10.93947812 ], [ -69.25155866, -10.93941887 ], [ -69.25071135, -10.93965885 ], [ -69.25013674, -10.94022764 ], [ -69.24977442, -10.94130473 ], [ -69.24995691, -10.94235147 ], [ -69.25029069, -10.94333826 ], [ -69.2511995, -10.94423485 ], [ -69.25216854, -10.94477245 ], [ -69.2530768, -10.94501099 ], [ -69.25413587, -10.94462126 ], [ -69.2554673, -10.94417149 ], [ -69.25658713, -10.9440509 ], [ -69.25755583, -10.94416973 ], [ -69.25801016, -10.94452828 ], [ -69.25825293, -10.94524594 ], [ -69.2580721, -10.94614342 ], [ -69.25746732, -10.94683189 ], [ -69.25649941, -10.9476403 ], [ -69.25531947, -10.94826942 ], [ -69.25432126, -10.94904794 ], [ -69.25305026, -10.94940793 ], [ -69.25132506, -10.94955891 ], [ -69.24990264, -10.94982928 ], [ -69.24869215, -10.95015929 ], [ -69.247512, -10.950579 ], [ -69.24660428, -10.95099849 ], [ -69.24512128, -10.95123898 ], [ -69.24350202, -10.95141974 ], [ -69.24232165, -10.95157024 ], [ -69.24123208, -10.95172065 ], [ -69.24023324, -10.95178127 ], [ -69.23884059, -10.95145334 ], [ -69.23778042, -10.95052692 ], [ -69.23690174, -10.94942089 ], [ -69.2359021, -10.94846451 ], [ -69.23517494, -10.94756774 ], [ -69.23471987, -10.946252 ], [ -69.23429493, -10.94475677 ], [ -69.2339307, -10.94347088 ], [ -69.23386908, -10.94209501 ], [ -69.23377748, -10.9410781 ], [ -69.2335347, -10.94027069 ], [ -69.23298962, -10.93994208 ], [ -69.23223308, -10.94015204 ], [ -69.23126524, -10.94110993 ], [ -69.22987424, -10.94284582 ], [ -69.22799939, -10.94518029 ], [ -69.22682002, -10.94664682 ], [ -69.22570107, -10.94796374 ], [ -69.2249904, -10.94881374 ], [ -69.22447612, -10.94920296 ], [ -69.22399183, -10.94923323 ], [ -69.22317439, -10.94899453 ], [ -69.222236, -10.9489354 ], [ -69.22111605, -10.94893621 ], [ -69.22035935, -10.94896667 ], [ -69.21993562, -10.9490268 ], [ -69.21957268, -10.9494159 ], [ -69.2192102, -10.95043314 ], [ -69.21830364, -10.95249766 ], [ -69.21772952, -10.95387398 ], [ -69.21715569, -10.95563914 ], [ -69.21659662, -10.95690179 ], [ -69.21620376, -10.9577994 ], [ -69.21587118, -10.95833804 ], [ -69.21550807, -10.95851776 ], [ -69.21505402, -10.95851808 ], [ -69.21429705, -10.9582195 ], [ -69.21302522, -10.95753244 ], [ -69.21145031, -10.95630718 ], [ -69.21042061, -10.95556011 ], [ -69.20917865, -10.95427479 ], [ -69.20869379, -10.95349743 ], [ -69.20784579, -10.95283996 ], [ -69.20666461, -10.95188361 ], [ -69.20557457, -10.95137586 ], [ -69.20387883, -10.95041984 ], [ -69.20266755, -10.94967287 ], [ -69.20188011, -10.94901534 ], [ -69.20106254, -10.94856721 ], [ -69.20027531, -10.9482088 ], [ -69.19927631, -10.94802998 ], [ -69.19845905, -10.94803052 ], [ -69.19770232, -10.94803101 ], [ -69.19691545, -10.94821098 ], [ -69.19534197, -10.94898968 ], [ -69.19385919, -10.94961876 ], [ -69.19216454, -10.95027788 ], [ -69.19080264, -10.95060776 ], [ -69.1897131, -10.95084773 ], [ -69.18910752, -10.95054899 ], [ -69.18835022, -10.94965212 ], [ -69.1874416, -10.94878526 ], [ -69.18671494, -10.94845668 ], [ -69.1857766, -10.94845725 ], [ -69.18508072, -10.94896617 ], [ -69.18471807, -10.94989363 ], [ -69.18459785, -10.95126962 ], [ -69.18405379, -10.95255613 ], [ -69.18341903, -10.95402216 ], [ -69.18296562, -10.95503941 ], [ -69.18245152, -10.95584732 ], [ -69.18174053, -10.95641606 ], [ -69.18040896, -10.95692534 ], [ -69.17895628, -10.95737486 ], [ -69.17771553, -10.95791399 ], [ -69.17620224, -10.9582738 ], [ -69.17459807, -10.95851401 ], [ -69.17293337, -10.95878416 ], [ -69.17169241, -10.95899424 ], [ -69.17084495, -10.95917418 ], [ -69.17023974, -10.95950354 ], [ -69.16999787, -10.96001217 ], [ -69.16999843, -10.96099924 ], [ -69.17012009, -10.96201615 ], [ -69.16999966, -10.96315284 ], [ -69.16978823, -10.96396056 ], [ -69.16933439, -10.96434966 ], [ -69.16860809, -10.964709 ], [ -69.16757928, -10.96539752 ], [ -69.16658054, -10.965757 ], [ -69.16558179, -10.96608657 ], [ -69.16464355, -10.96638619 ], [ -69.16331173, -10.96656637 ], [ -69.16194956, -10.96659701 ], [ -69.16137433, -10.96644776 ], [ -69.16088985, -10.96617881 ], [ -69.16046577, -10.96564064 ], [ -69.16001106, -10.96444443 ], [ -69.15928367, -10.96276978 ], [ -69.15891988, -10.96175299 ], [ -69.15788979, -10.9600785 ], [ -69.15704156, -10.95882267 ], [ -69.15595112, -10.95744731 ], [ -69.15480019, -10.95616172 ], [ -69.15392205, -10.95556394 ], [ -69.15319545, -10.95532501 ], [ -69.15231763, -10.95532545 ], [ -69.15159129, -10.95559501 ], [ -69.15119821, -10.95643272 ], [ -69.15122902, -10.95750951 ], [ -69.15156248, -10.95846651 ], [ -69.15244068, -10.95918394 ], [ -69.15356119, -10.96017044 ], [ -69.15431835, -10.96094775 ], [ -69.15549944, -10.96199404 ], [ -69.15604461, -10.96256208 ], [ -69.15616611, -10.96336962 ], [ -69.15619674, -10.96405756 ], [ -69.15592473, -10.9648653 ], [ -69.15538017, -10.9654638 ], [ -69.15480524, -10.96588285 ], [ -69.15410898, -10.96582338 ], [ -69.15326103, -10.96510594 ], [ -69.15217106, -10.96468773 ], [ -69.1509299, -10.9645687 ], [ -69.14941614, -10.96412078 ], [ -69.14805379, -10.96379242 ], [ -69.14710011, -10.96346386 ], [ -69.14619187, -10.96322501 ], [ -69.14528371, -10.96313571 ], [ -69.14440598, -10.96337542 ], [ -69.14395221, -10.96397386 ], [ -69.14395262, -10.96484128 ], [ -69.14467959, -10.96579809 ], [ -69.14631457, -10.96651518 ], [ -69.14761672, -10.96753154 ], [ -69.14897936, -10.9683983 ], [ -69.15019065, -10.96929504 ], [ -69.15082667, -10.96992884 ], [ -69.15109952, -10.97073631 ], [ -69.15109987, -10.97142427 ], [ -69.15085793, -10.97187305 ], [ -69.15013158, -10.97220244 ], [ -69.14907218, -10.97241233 ], [ -69.14834577, -10.97262207 ], [ -69.14746782, -10.97247294 ], [ -69.14671082, -10.97205455 ], [ -69.14571182, -10.97196529 ], [ -69.14447048, -10.97154713 ], [ -69.1432594, -10.97106912 ], [ -69.14186661, -10.97044164 ], [ -69.1405949, -10.96978418 ], [ -69.1394139, -10.96888738 ], [ -69.13883861, -10.96858853 ], [ -69.13850556, -10.96843913 ], [ -69.13802131, -10.96864873 ], [ -69.13747668, -10.96918738 ], [ -69.13668992, -10.96981587 ], [ -69.13629663, -10.97032453 ], [ -69.13620618, -10.97113218 ], [ -69.13644872, -10.97193967 ], [ -69.13708477, -10.97268716 ], [ -69.13778127, -10.97322525 ], [ -69.13790255, -10.97364395 ], [ -69.1376607, -10.97436193 ], [ -69.13735821, -10.97484065 ], [ -69.13669224, -10.97487086 ], [ -69.13611693, -10.97454209 ], [ -69.13572314, -10.97397396 ], [ -69.13520822, -10.97331614 ], [ -69.13390624, -10.97265867 ], [ -69.13287668, -10.97194125 ], [ -69.13136267, -10.97095484 ], [ -69.13042394, -10.97023737 ], [ -69.12978793, -10.96951977 ], [ -69.12866755, -10.96871264 ], [ -69.12757745, -10.96793541 ], [ -69.12648746, -10.96739746 ], [ -69.12527642, -10.96691938 ], [ -69.12397473, -10.96683018 ], [ -69.12276393, -10.96695032 ], [ -69.12173493, -10.96745922 ], [ -69.12091795, -10.96829706 ], [ -69.12043395, -10.96913477 ], [ -69.12025266, -10.96997235 ], [ -69.12016268, -10.97203626 ], [ -69.12025405, -10.97341214 ], [ -69.12043623, -10.97475808 ], [ -69.12110276, -10.9761098 ], [ -69.12149679, -10.977336 ], [ -69.12186063, -10.97874168 ], [ -69.12186119, -10.98008768 ], [ -69.12167996, -10.98107483 ], [ -69.1211655, -10.98149379 ], [ -69.12046935, -10.98179318 ], [ -69.11965202, -10.98185332 ], [ -69.1185622, -10.98185375 ], [ -69.11792622, -10.98119595 ], [ -69.11704756, -10.97928197 ], [ -69.11604788, -10.97748768 ], [ -69.11547231, -10.97647092 ], [ -69.11489669, -10.9753046 ], [ -69.11459356, -10.97422791 ], [ -69.11407861, -10.97336068 ], [ -69.11329125, -10.97258328 ], [ -69.11250397, -10.97201526 ], [ -69.11180762, -10.97174631 ], [ -69.11092984, -10.97198592 ], [ -69.10990073, -10.97231532 ], [ -69.10902292, -10.9724951 ], [ -69.10808459, -10.97276464 ], [ -69.10732802, -10.97336313 ], [ -69.10666239, -10.97432052 ], [ -69.10599674, -10.975248 ], [ -69.10569436, -10.97620527 ], [ -69.10524069, -10.97737196 ], [ -69.10493838, -10.97853861 ], [ -69.10454517, -10.97946599 ], [ -69.10424281, -10.98051299 ], [ -69.10391009, -10.98129079 ], [ -69.10351666, -10.98161995 ], [ -69.10285074, -10.98182955 ], [ -69.10194258, -10.98188968 ], [ -69.10076185, -10.98159096 ], [ -69.09952058, -10.98129226 ], [ -69.09846089, -10.98084393 ], [ -69.09749198, -10.98027593 ], [ -69.09655332, -10.97958827 ], [ -69.09497877, -10.97839232 ], [ -69.0928289, -10.97665813 ], [ -69.09146626, -10.97534245 ], [ -69.09019455, -10.97438567 ], [ -69.08928615, -10.97357833 ], [ -69.08868041, -10.97256153 ], [ -69.08807465, -10.97145499 ], [ -69.0875901, -10.97076717 ], [ -69.08695433, -10.97052806 ], [ -69.08586455, -10.97049846 ], [ -69.08432086, -10.97103729 ], [ -69.08326155, -10.97172554 ], [ -69.08232338, -10.97259322 ], [ -69.08141556, -10.97381983 ], [ -69.08050784, -10.97540537 ], [ -69.07981185, -10.97639262 ], [ -69.07929732, -10.97675169 ], [ -69.07864645, -10.97666212 ], [ -69.07788958, -10.97639312 ], [ -69.07728393, -10.97558567 ], [ -69.07679932, -10.97459872 ], [ -69.07634494, -10.97343229 ], [ -69.07555766, -10.97256506 ], [ -69.07467947, -10.97133892 ], [ -69.0738619, -10.97038196 ], [ -69.07325624, -10.96942494 ], [ -69.07286246, -10.96840806 ], [ -69.07243851, -10.96775011 ], [ -69.07192384, -10.96751094 ], [ -69.0712276, -10.9675111 ], [ -69.07050128, -10.96828896 ], [ -69.06950254, -10.96918653 ], [ -69.06871596, -10.97125059 ], [ -69.06817146, -10.97292574 ], [ -69.06823224, -10.97397262 ], [ -69.0684445, -10.97549805 ], [ -69.06853553, -10.97645519 ], [ -69.06811196, -10.97747227 ], [ -69.06744615, -10.97825011 ], [ -69.06632618, -10.97872893 ], [ -69.06526675, -10.97914792 ], [ -69.06472191, -10.97946509 ], [ -69.06405609, -10.98024293 ], [ -69.06366278, -10.98134973 ], [ -69.06299694, -10.98206773 ], [ -69.06254305, -10.98302499 ], [ -69.06236159, -10.98386254 ], [ -69.0622407, -10.9847958 ], [ -69.06196842, -10.98566328 ], [ -69.06151442, -10.98611204 ], [ -69.06090901, -10.98638136 ], [ -69.05987963, -10.98587307 ], [ -69.05888054, -10.98545451 ], [ -69.05773007, -10.98494624 ], [ -69.05682168, -10.98392943 ], [ -69.05561058, -10.98291267 ], [ -69.05479295, -10.98147708 ], [ -69.05382393, -10.97983213 ], [ -69.052976, -10.97812734 ], [ -69.05230976, -10.97669171 ], [ -69.05174955, -10.97566885 ], [ -69.05132565, -10.97516043 ], [ -69.05081101, -10.97501096 ], [ -69.05008449, -10.97504099 ], [ -69.04938819, -10.97480181 ], [ -69.0486919, -10.97456263 ], [ -69.04814701, -10.97459263 ], [ -69.04775352, -10.97486189 ], [ -69.04766277, -10.97525075 ], [ -69.0477537, -10.97599852 ], [ -69.04878312, -10.97701534 ], [ -69.04938874, -10.97812196 ], [ -69.04990357, -10.97931833 ], [ -69.04993399, -10.98018575 ], [ -69.04969197, -10.98111304 ], [ -69.04920768, -10.9815917 ], [ -69.04854173, -10.981861 ], [ -69.04724002, -10.98189112 ], [ -69.04566583, -10.98183154 ], [ -69.04406137, -10.98174204 ], [ -69.04327425, -10.98150286 ], [ -69.04257787, -10.98075518 ], [ -69.04163927, -10.97967851 ], [ -69.04054932, -10.97860185 ], [ -69.03970158, -10.97770462 ], [ -69.03894471, -10.97725605 ], [ -69.03836954, -10.97725612 ], [ -69.03782471, -10.97776468 ], [ -69.03743132, -10.97896118 ], [ -69.03743149, -10.9803371 ], [ -69.03694733, -10.98189254 ], [ -69.03616047, -10.98374714 ], [ -69.03525247, -10.98527272 ], [ -69.03455629, -10.98617013 ], [ -69.03364818, -10.98685819 ], [ -69.03261892, -10.98712751 ], [ -69.03149881, -10.98709772 ], [ -69.03040893, -10.98661924 ], [ -69.02971256, -10.98572198 ], [ -69.02886479, -10.98440596 ], [ -69.02828953, -10.98362832 ], [ -69.02744182, -10.98288062 ], [ -69.02683635, -10.9826713 ], [ -69.02632172, -10.98276107 ], [ -69.02601904, -10.98323968 ], [ -69.02601913, -10.98428657 ], [ -69.0259284, -10.98533348 ], [ -69.0260193, -10.98626072 ], [ -69.02629184, -10.98718794 ], [ -69.02677627, -10.98790577 ], [ -69.02698826, -10.98874327 ], [ -69.02698833, -10.98949105 ], [ -69.02671593, -10.99017903 ], [ -69.02623164, -10.99116614 ], [ -69.02565654, -10.99230282 ], [ -69.02494519, -10.99323013 ], [ -69.02443057, -10.99367884 ], [ -69.02367375, -10.99397801 ], [ -69.02294718, -10.99394815 ], [ -69.02212978, -10.99382857 ], [ -69.02125178, -10.99305094 ], [ -69.02043434, -10.99236304 ], [ -69.01964719, -10.9918546 ], [ -69.01886005, -10.9914658 ], [ -69.01801238, -10.99125648 ], [ -69.01698307, -10.99107707 ], [ -69.01598404, -10.99107712 ], [ -69.01513637, -10.99086778 ], [ -69.0140768, -10.99086784 ], [ -69.01316859, -10.9909277 ], [ -69.01238151, -10.99161569 ], [ -69.01153388, -10.99251306 ], [ -69.01089817, -10.99332069 ], [ -69.010656, -10.99403857 ], [ -69.01050467, -10.99499573 ], [ -69.0105047, -10.99589307 ], [ -69.01044419, -10.99691005 ], [ -69.01074695, -10.99738862 ], [ -69.01177628, -10.99777743 ], [ -69.01274509, -10.99840553 ], [ -69.01362308, -10.999243 ], [ -69.01513685, -11.00037956 ], [ -69.01583322, -11.00127686 ], [ -69.01604517, -11.00178534 ], [ -69.01595437, -11.00226392 ], [ -69.01547, -11.00274253 ], [ -69.01459204, -11.00298186 ], [ -69.01341133, -11.00310156 ], [ -69.01259392, -11.00334089 ], [ -69.01168568, -11.00337083 ], [ -69.0105655, -11.00310167 ], [ -69.0092334, -11.00283251 ], [ -69.00808295, -11.00247361 ], [ -69.00726554, -11.00244372 ], [ -69.00678115, -11.00298213 ], [ -69.0066298, -11.00372992 ], [ -69.00629679, -11.0044478 ], [ -69.0056913, -11.00510585 ], [ -69.00478307, -11.00622455 ], [ -69.00420786, -11.00697234 ], [ -69.00378401, -11.00775003 ], [ -69.00342072, -11.00831835 ], [ -69.00278494, -11.00879694 ], [ -69.00187668, -11.0092157 ], [ -69.00169588, -11.00922232 ], [ -69.00105925, -11.00924562 ], [ -69.00030236, -11.00876704 ], [ -68.99981796, -11.00763041 ], [ -68.99948493, -11.00664334 ], [ -68.99909136, -11.00559645 ], [ -68.99866751, -11.00463929 ], [ -68.99803174, -11.00383168 ], [ -68.99721433, -11.00326336 ], [ -68.99657856, -11.00326336 ], [ -68.99560976, -11.00359237 ], [ -68.99488315, -11.00404102 ], [ -68.99467122, -11.00475889 ], [ -68.9946712, -11.00541694 ], [ -68.994793, -11.00582371 ], [ -68.99509803, -11.00649776 ], [ -68.9950738, -11.00733527 ], [ -68.99497689, -11.00872315 ], [ -68.99483155, -11.00963245 ], [ -68.99437135, -11.01046995 ], [ -68.99391115, -11.01102031 ], [ -68.99330563, -11.01152281 ], [ -68.99282597, -11.01175973 ], [ -68.99248212, -11.01192958 ], [ -68.9917555, -11.01209706 ], [ -68.99015696, -11.01171415 ], [ -68.98867952, -11.01123552 ], [ -68.98758961, -11.0109244 ], [ -68.98654814, -11.01068507 ], [ -68.98538559, -11.01023037 ], [ -68.98463477, -11.00989532 ], [ -68.98395663, -11.00936885 ], [ -68.9836418, -11.00872275 ], [ -68.98363386, -11.00825843 ], [ -68.98371717, -11.00814321 ], [ -68.98399889, -11.00764229 ], [ -68.9842716, -11.00739473 ], [ -68.98465913, -11.00722725 ], [ -68.98502245, -11.00690422 ], [ -68.98545844, -11.00635388 ], [ -68.98580966, -11.00575567 ], [ -68.98602766, -11.00528906 ], [ -68.98676484, -11.00337956 ], [ -68.98721902, -11.00200367 ], [ -68.9875521, -11.00074741 ], [ -68.98767323, -10.99976034 ], [ -68.98752189, -10.99910229 ], [ -68.98715862, -10.99859379 ], [ -68.98652287, -10.99823482 ], [ -68.98585685, -10.99805533 ], [ -68.9851, -10.99793565 ], [ -68.98452478, -10.99805526 ], [ -68.98382847, -10.99808514 ], [ -68.98316245, -10.99793554 ], [ -68.98216342, -10.99760646 ], [ -68.98119467, -10.99718765 ], [ -68.98031676, -10.99649963 ], [ -68.97943886, -10.99584153 ], [ -68.97859126, -10.9948544 ], [ -68.97762256, -10.9939869 ], [ -68.97671442, -10.99299977 ], [ -68.97580628, -10.99210236 ], [ -68.97507979, -10.99123487 ], [ -68.97417165, -10.99039728 ], [ -68.97320297, -10.98967933 ], [ -68.97212832, -10.9890511 ], [ -68.9712807, -10.98869208 ], [ -68.97031198, -10.98842279 ], [ -68.96910108, -10.98809364 ], [ -68.96816264, -10.98788417 ], [ -68.96728471, -10.98788407 ], [ -68.96649759, -10.98803354 ], [ -68.96595263, -10.98842233 ], [ -68.96552871, -10.98922989 ], [ -68.96495339, -10.9902468 ], [ -68.96433006, -10.9910693 ], [ -68.96319729, -10.99225065 ], [ -68.96253119, -10.99284879 ], [ -68.96186511, -10.99326747 ], [ -68.96110827, -10.99326737 ], [ -68.96023035, -10.99314761 ], [ -68.95953408, -10.99296805 ], [ -68.95865618, -10.99263891 ], [ -68.95808107, -10.99204061 ], [ -68.95724859, -10.99168156 ], [ -68.9559469, -10.99117288 ], [ -68.95482688, -10.99054458 ], [ -68.95397927, -10.99021543 ], [ -68.95325273, -10.99006576 ], [ -68.95261697, -10.99018531 ], [ -68.95225358, -10.99087321 ], [ -68.95237455, -10.99162101 ], [ -68.952768, -10.99233894 ], [ -68.95294953, -10.99302693 ], [ -68.95302223, -10.99320657 ], [ -68.95343372, -10.99422345 ], [ -68.95400867, -10.99589857 ], [ -68.95455348, -10.99667634 ], [ -68.95552207, -10.99787293 ], [ -68.95627879, -10.99880029 ], [ -68.95682362, -10.99951824 ], [ -68.95718683, -11.00014643 ], [ -68.95721701, -11.00080448 ], [ -68.95703522, -11.00179152 ], [ -68.95667176, -11.00286827 ], [ -68.95633865, -11.00349636 ], [ -68.95557739, -11.00396628 ], [ -68.95512754, -11.00424397 ], [ -68.95461282, -11.004543 ], [ -68.95376512, -11.00460269 ], [ -68.95252386, -11.00451277 ], [ -68.95158532, -11.00463227 ], [ -68.95055596, -11.00469192 ], [ -68.94949636, -11.00454219 ], [ -68.94858812, -11.00454204 ], [ -68.94783124, -11.00457182 ], [ -68.94719544, -11.00472127 ], [ -68.94689261, -11.00513997 ], [ -68.94692274, -11.00597749 ], [ -68.94707397, -11.00678512 ], [ -68.94716838, -11.00720522 ], [ -68.94743699, -11.00840039 ], [ -68.9478303, -11.00989602 ], [ -68.9481026, -11.01091304 ], [ -68.94810243, -11.0118702 ], [ -68.94779954, -11.01264784 ], [ -68.94718972, -11.01309985 ], [ -68.94622513, -11.01303641 ], [ -68.94492333, -11.01273707 ], [ -68.94333406, -11.01165997 ], [ -68.94206262, -11.01097177 ], [ -68.94079119, -11.01022375 ], [ -68.93976198, -11.00944586 ], [ -68.93906582, -11.0086082 ], [ -68.93827886, -11.00765089 ], [ -68.93785522, -11.00663382 ], [ -68.93767374, -11.00582618 ], [ -68.93728032, -11.00510823 ], [ -68.93694738, -11.0046894 ], [ -68.93649326, -11.00468931 ], [ -68.93579688, -11.00495836 ], [ -68.9349794, -11.00519748 ], [ -68.93385921, -11.00528697 ], [ -68.93298121, -11.00540642 ], [ -68.93231505, -11.00588485 ], [ -68.93198186, -11.00660265 ], [ -68.93179992, -11.00782897 ], [ -68.93175828, -11.00841948 ], [ -68.93164805, -11.00998254 ], [ -68.93158709, -11.01174728 ], [ -68.93158691, -11.01252498 ], [ -68.93134457, -11.01312314 ], [ -68.9311174, -11.01357176 ], [ -68.93082897, -11.01366537 ], [ -68.93067533, -11.01371523 ], [ -68.93020308, -11.01352369 ], [ -68.92948865, -11.0131646 ], [ -68.92878634, -11.01282943 ], [ -68.92801135, -11.01251817 ], [ -68.92743009, -11.01241035 ], [ -68.92694567, -11.01244612 ], [ -68.92653386, -11.01266139 ], [ -68.92641264, -11.01313994 ], [ -68.92631557, -11.01388171 ], [ -68.92593339, -11.01509701 ], [ -68.92575381, -11.01557287 ], [ -68.92547289, -11.01631727 ], [ -68.92537582, -11.01705904 ], [ -68.92537561, -11.01789656 ], [ -68.92523015, -11.01839903 ], [ -68.92506047, -11.01894935 ], [ -68.92462443, -11.01918853 ], [ -68.9243226, -11.01903935 ], [ -68.92394632, -11.01885336 ], [ -68.92348636, -11.01792002 ], [ -68.92292958, -11.01674736 ], [ -68.92254234, -11.0156226 ], [ -68.92210663, -11.0146414 ], [ -68.92157395, -11.01397125 ], [ -68.92096851, -11.01368395 ], [ -68.92048408, -11.01373168 ], [ -68.91982997, -11.0143058 ], [ -68.91910303, -11.0154542 ], [ -68.91832777, -11.01617186 ], [ -68.91731013, -11.01746374 ], [ -68.91634096, -11.01865993 ], [ -68.91532345, -11.01942537 ], [ -68.91345793, -11.02110465 ], [ -68.91205279, -11.02215712 ], [ -68.91127758, -11.02256369 ], [ -68.910236, -11.02277874 ], [ -68.90924294, -11.02270666 ], [ -68.90825002, -11.02220385 ], [ -68.90759629, -11.021414 ], [ -68.9071364, -11.02040884 ], [ -68.90665235, -11.01921225 ], [ -68.90586577, -11.01731684 ], [ -68.90516391, -11.01561766 ], [ -68.90499467, -11.01466045 ], [ -68.90470427, -11.01387071 ], [ -68.90409899, -11.01315265 ], [ -68.90315461, -11.01248234 ], [ -68.90191964, -11.0116205 ], [ -68.90066046, -11.01078258 ], [ -68.89954652, -11.01019835 ], [ -68.89850528, -11.00950406 ], [ -68.89760933, -11.00892947 ], [ -68.89719777, -11.00837896 ], [ -68.89683472, -11.00766097 ], [ -68.89647163, -11.00706263 ], [ -68.89603581, -11.00663176 ], [ -68.89543036, -11.00648797 ], [ -68.89480058, -11.00665526 ], [ -68.8942191, -11.00722935 ], [ -68.89358906, -11.0081145 ], [ -68.89278941, -11.00916709 ], [ -68.89179609, -11.0099564 ], [ -68.89075442, -11.01048246 ], [ -68.88983382, -11.01108035 ], [ -68.88896167, -11.01165433 ], [ -68.88838018, -11.01218055 ], [ -68.88821041, -11.01280264 ], [ -68.88811332, -11.01332904 ], [ -68.88819189, -11.01364001 ], [ -68.88835517, -11.01428629 ], [ -68.88862122, -11.0152914 ], [ -68.888524, -11.01617673 ], [ -68.88837839, -11.0169424 ], [ -68.8880149, -11.01739692 ], [ -68.88755275, -11.01759305 ], [ -68.88704591, -11.01780814 ], [ -68.88622211, -11.01854963 ], [ -68.88501074, -11.01936275 ], [ -68.88384785, -11.02008018 ], [ -68.88249119, -11.02077359 ], [ -68.88135257, -11.02132351 ], [ -68.88038357, -11.02170599 ], [ -68.87955997, -11.02187317 ], [ -68.87873644, -11.02189677 ], [ -68.87787666, -11.021705 ], [ -68.87731971, -11.02136977 ], [ -68.8768598, -11.02067564 ], [ -68.87659371, -11.01983802 ], [ -68.87615818, -11.01876105 ], [ -68.87572272, -11.01754049 ], [ -68.87552941, -11.01643968 ], [ -68.87565039, -11.01569795 ], [ -68.87574796, -11.01509975 ], [ -68.87649917, -11.01421469 ], [ -68.87720185, -11.01354497 ], [ -68.87775912, -11.01306661 ], [ -68.87841324, -11.01266009 ], [ -68.87901889, -11.01232532 ], [ -68.87947907, -11.01237336 ], [ -68.8799634, -11.01256499 ], [ -68.88032648, -11.01311549 ], [ -68.88044728, -11.01388127 ], [ -68.88037415, -11.01502983 ], [ -68.88022839, -11.01610657 ], [ -68.88030066, -11.01708768 ], [ -68.88063948, -11.01775783 ], [ -68.8814386, -11.01818886 ], [ -68.88216528, -11.0180695 ], [ -68.88311001, -11.01778272 ], [ -68.88374708, -11.01732068 ], [ -68.88429717, -11.01692173 ], [ -68.88456385, -11.01629968 ], [ -68.88502446, -11.01522305 ], [ -68.88517018, -11.01419417 ], [ -68.88546118, -11.01328498 ], [ -68.88563106, -11.0124236 ], [ -68.88553443, -11.01177748 ], [ -68.88507443, -11.0112748 ], [ -68.88442078, -11.01050404 ], [ -68.88386401, -11.00973811 ], [ -68.88333136, -11.00923539 ], [ -68.8829197, -11.0090438 ], [ -68.88233844, -11.00897179 ], [ -68.88170859, -11.00928262 ], [ -68.88115142, -11.00954563 ], [ -68.88018255, -11.00968882 ], [ -68.87880199, -11.00968827 ], [ -68.87669487, -11.00956778 ], [ -68.87541125, -11.00944761 ], [ -68.87434563, -11.00927967 ], [ -68.87354639, -11.00920755 ], [ -68.87279551, -11.00932688 ], [ -68.87221411, -11.00958985 ], [ -68.87187485, -11.0099965 ], [ -68.87185037, -11.01059471 ], [ -68.87194693, -11.01133655 ], [ -68.8720312, -11.0118374 ], [ -68.87211604, -11.01234164 ], [ -68.87206733, -11.01296377 ], [ -68.87182493, -11.01341832 ], [ -68.87148566, -11.01382496 ], [ -68.87118797, -11.01397583 ], [ -68.8705893, -11.01427923 ], [ -68.86976571, -11.01447031 ], [ -68.86840933, -11.01451758 ], [ -68.86760999, -11.01466081 ], [ -68.86693167, -11.01497159 ], [ -68.86584171, -11.01501897 ], [ -68.86467903, -11.01520988 ], [ -68.86361308, -11.01573584 ], [ -68.86265612, -11.01623791 ], [ -68.86197779, -11.01654868 ], [ -68.86105727, -11.01683541 ], [ -68.86037903, -11.01695474 ], [ -68.8597251, -11.01688265 ], [ -68.85926508, -11.01649958 ], [ -68.85916853, -11.0158056 ], [ -68.85907211, -11.01482447 ], [ -68.85878192, -11.01386718 ], [ -68.85861283, -11.01290994 ], [ -68.85861334, -11.01185707 ], [ -68.85873352, -11.01032286 ], [ -68.85875955, -11.00999068 ], [ -68.85892943, -11.00928486 ], [ -68.85912571, -11.00893303 ], [ -68.85952333, -11.0082203 ], [ -68.85999372, -11.00711979 ], [ -68.86024838, -11.00636615 ], [ -68.86032136, -11.00568421 ], [ -68.86006733, -11.00510979 ], [ -68.8591956, -11.00471456 ], [ -68.85814224, -11.00428335 ], [ -68.85687101, -11.00363668 ], [ -68.85581781, -11.00288242 ], [ -68.85447714, -11.0018648 ], [ -68.85356955, -11.0005722 ], [ -68.85262575, -10.99902833 ], [ -68.85164564, -10.99748444 ], [ -68.85110133, -10.99622791 ], [ -68.85077502, -10.99493559 ], [ -68.85030326, -10.99393034 ], [ -68.84961338, -10.99321213 ], [ -68.8483784, -10.99285259 ], [ -68.84703447, -10.99242119 ], [ -68.84598104, -10.99224119 ], [ -68.84438266, -10.9921327 ], [ -68.84340181, -10.9920963 ], [ -68.84260244, -10.99238304 ], [ -68.84194819, -10.99302878 ], [ -68.84140261, -10.99424887 ], [ -68.84100223, -10.99568439 ], [ -68.84067226, -10.99677969 ], [ -68.84059447, -10.99731565 ], [ -68.84065204, -10.99760085 ], [ -68.84076839, -10.99817719 ], [ -68.84125251, -10.99867516 ], [ -68.84206626, -10.99871387 ], [ -68.84315151, -10.99829328 ], [ -68.84412034, -10.99817892 ], [ -68.84499219, -10.99827508 ], [ -68.84545711, -10.99844761 ], [ -68.84572807, -10.99902204 ], [ -68.84584404, -10.99955811 ], [ -68.84561127, -11.00007485 ], [ -68.84499106, -11.00043826 ], [ -68.84440958, -11.00083996 ], [ -68.84410743, -11.00105388 ], [ -68.84351796, -11.00147123 ], [ -68.84247139, -11.0020067 ], [ -68.8416187, -11.00231254 ], [ -68.84055293, -11.00250342 ], [ -68.83936617, -11.00248843 ], [ -68.83847006, -11.00246403 ], [ -68.83786472, -11.00217656 ], [ -68.83733218, -11.00164984 ], [ -68.83696924, -11.00100357 ], [ -68.83670333, -11.00009413 ], [ -68.83634062, -10.99904106 ], [ -68.83588112, -10.99782044 ], [ -68.83542157, -10.99671946 ], [ -68.83498624, -10.99561371 ], [ -68.83479303, -10.99463252 ], [ -68.83457555, -10.99374703 ], [ -68.83440626, -10.99331622 ], [ -68.83387366, -10.99293307 ], [ -68.83334087, -10.99288492 ], [ -68.83280781, -10.99331535 ], [ -68.83225036, -10.99405683 ], [ -68.8315961, -10.9946547 ], [ -68.83082088, -10.99503713 ], [ -68.82982776, -10.99527586 ], [ -68.82885879, -10.99563425 ], [ -68.82820466, -10.99599282 ], [ -68.82738108, -10.99623164 ], [ -68.82675124, -10.99647057 ], [ -68.8262424, -10.99687707 ], [ -68.82602406, -10.9974991 ], [ -68.82604784, -10.9982409 ], [ -68.82626551, -10.99876746 ], [ -68.82638606, -10.99939245 ], [ -68.82657956, -11.00013159 ], [ -68.826773, -11.00068206 ], [ -68.82730565, -11.00099344 ], [ -68.82810486, -11.00104175 ], [ -68.82878312, -11.00085071 ], [ -68.82953413, -11.00049219 ], [ -68.83011545, -11.0003968 ], [ -68.83062406, -11.00039709 ], [ -68.83105992, -11.00056483 ], [ -68.8313019, -11.00094783 ], [ -68.83132586, -11.00140249 ], [ -68.8313013, -11.0020007 ], [ -68.83115559, -11.00269456 ], [ -68.8310826, -11.00326881 ], [ -68.83067033, -11.00396276 ], [ -68.83025834, -11.00465622 ], [ -68.82965229, -11.00561304 ], [ -68.82911893, -11.00652204 ], [ -68.82861006, -11.00695247 ], [ -68.82785908, -11.00721526 ], [ -68.82691443, -11.00733437 ], [ -68.8257278, -11.00707047 ], [ -68.82483197, -11.00654353 ], [ -68.82422691, -11.00580138 ], [ -68.82376719, -11.00503539 ], [ -68.82345286, -11.00414984 ], [ -68.82301739, -11.003336 ], [ -68.8224848, -11.0029289 ], [ -68.82193994, -11.00278501 ], [ -68.82152806, -11.00302406 ], [ -68.82111603, -11.00352632 ], [ -68.82067967, -11.00419607 ], [ -68.82004968, -11.00465035 ], [ -68.81920172, -11.00508057 ], [ -68.81842649, -11.00539118 ], [ -68.81740914, -11.005582 ], [ -68.81651296, -11.00565325 ], [ -68.81559275, -11.0054134 ], [ -68.81472113, -11.00493429 ], [ -68.81372853, -11.0042876 ], [ -68.81297809, -11.00368892 ], [ -68.81251831, -11.00306649 ], [ -68.81225238, -11.0023006 ], [ -68.81191373, -11.00163038 ], [ -68.81140525, -11.00141471 ], [ -68.81054961, -11.00131471 ], [ -68.81017015, -11.00127037 ], [ -68.80866846, -11.00138907 ], [ -68.80714264, -11.00136418 ], [ -68.80588321, -11.0013873 ], [ -68.80479316, -11.00164982 ], [ -68.80396968, -11.00167322 ], [ -68.80314629, -11.00155305 ], [ -68.80285607, -11.00093071 ], [ -68.80290497, -11.0002368 ], [ -68.80348649, -10.99985432 ], [ -68.80452799, -10.99975927 ], [ -68.80544856, -10.99940093 ], [ -68.80646601, -10.99904265 ], [ -68.80731388, -10.99875604 ], [ -68.80813738, -10.99868477 ], [ -68.80915476, -10.9984222 ], [ -68.81060386, -10.99785473 ], [ -68.81126262, -10.99720314 ], [ -68.81167474, -10.99658125 ], [ -68.81182049, -10.9958874 ], [ -68.81157879, -10.99512153 ], [ -68.81109465, -10.99473836 ], [ -68.81046505, -10.9945944 ], [ -68.80959316, -10.99459385 ], [ -68.80857586, -10.99476072 ], [ -68.80734073, -10.99468815 ], [ -68.80642043, -10.99466364 ], [ -68.80533053, -10.99473473 ], [ -68.80436156, -10.99504518 ], [ -68.80312625, -10.99525974 ], [ -68.80235126, -10.99523531 ], [ -68.80164895, -10.99516307 ], [ -68.80123757, -10.99466029 ], [ -68.80085066, -10.99377467 ], [ -68.80019729, -10.99296066 ], [ -68.79953209, -10.991759 ], [ -68.79907243, -10.9910169 ], [ -68.79851576, -10.9904901 ], [ -68.79795886, -10.9902983 ], [ -68.79720798, -10.99044137 ], [ -68.79602119, -10.99056022 ], [ -68.79495573, -10.99032022 ], [ -68.79364796, -10.99027147 ], [ -68.79267915, -10.99036653 ], [ -68.79219456, -10.99067727 ], [ -68.79195212, -10.99103604 ], [ -68.7919032, -10.99172994 ], [ -68.79207216, -10.99254364 ], [ -68.79262877, -10.99314224 ], [ -68.79359597, -10.99366816 ], [ -68.79483186, -10.99434018 ], [ -68.79575177, -10.99493902 ], [ -68.79672022, -10.99539432 ], [ -68.79766447, -10.99582567 ], [ -68.79834228, -10.99630469 ], [ -68.79870526, -10.99675958 ], [ -68.79882595, -10.99735788 ], [ -68.79877707, -10.99800393 ], [ -68.79853424, -10.99894178 ], [ -68.79831588, -10.99951593 ], [ -68.7980467, -10.99992004 ], [ -68.79775826, -11.00035307 ], [ -68.79729794, -11.00056812 ], [ -68.79686185, -11.00078319 ], [ -68.79611112, -11.00066304 ], [ -68.79531205, -11.00042321 ], [ -68.79407695, -11.00027881 ], [ -68.79272078, -11.00011038 ], [ -68.79170365, -10.99999004 ], [ -68.7907591, -10.99998939 ], [ -68.79000811, -11.00025209 ], [ -68.78949924, -11.00061067 ], [ -68.78918392, -11.00128046 ], [ -68.78898973, -11.00187855 ], [ -68.78901331, -11.00278786 ], [ -68.78952534, -11.00399086 ], [ -68.78973869, -11.0044921 ], [ -68.79010122, -11.00556914 ], [ -68.79036662, -11.00700506 ], [ -68.79053544, -11.00803411 ], [ -68.7907282, -11.00944604 ], [ -68.79077556, -11.01097752 ], [ -68.79067773, -11.01231747 ], [ -68.79035527, -11.01319451 ], [ -68.78985298, -11.01408763 ], [ -68.7893439, -11.014719 ], [ -68.78883496, -11.01514936 ], [ -68.78825358, -11.0152686 ], [ -68.78764807, -11.01526818 ], [ -68.78706701, -11.01493277 ], [ -68.78658289, -11.01452564 ], [ -68.7863789, -11.01420267 ], [ -68.78609903, -11.01375958 ], [ -68.78588165, -11.01292191 ], [ -68.78600328, -11.01220414 ], [ -68.78627013, -11.0116061 ], [ -68.78665797, -11.01117566 ], [ -68.78691684, -11.01076072 ], [ -68.78723992, -11.01024284 ], [ -68.78757961, -11.00940557 ], [ -68.78750762, -11.0084723 ], [ -68.78741144, -11.00749115 ], [ -68.78729135, -11.00607926 ], [ -68.787195, -11.0053374 ], [ -68.78709852, -11.00478697 ], [ -68.78675977, -11.00433209 ], [ -68.78617872, -11.00402061 ], [ -68.78525854, -11.00378067 ], [ -68.78426594, -11.0032296 ], [ -68.78315234, -11.00253487 ], [ -68.78251094, -11.00195534 ], [ -68.78217236, -11.00128509 ], [ -68.78219716, -11.00049546 ], [ -68.78200402, -10.99965781 ], [ -68.78161683, -10.99922681 ], [ -68.78081777, -10.99898695 ], [ -68.78013977, -10.99879503 ], [ -68.77953434, -10.9987228 ], [ -68.77907408, -10.99884211 ], [ -68.77866204, -10.99927253 ], [ -68.77849191, -11.00006206 ], [ -68.77878204, -11.00073228 ], [ -68.77904791, -11.00147426 ], [ -68.77933891, -11.00215851 ], [ -68.77962816, -11.00283863 ], [ -68.77962759, -11.00360435 ], [ -68.77931208, -11.00448949 ], [ -68.77902108, -11.00496785 ], [ -68.77881791, -11.00515287 ], [ -68.77839094, -11.00554168 ], [ -68.77754301, -11.00585214 ], [ -68.77628345, -11.00601871 ], [ -68.77502406, -11.00596993 ], [ -68.77369216, -11.00570572 ], [ -68.77265091, -11.00544173 ], [ -68.77211812, -11.00537911 ], [ -68.77182732, -11.00559425 ], [ -68.77158477, -11.00604872 ], [ -68.77139064, -11.00652715 ], [ -68.77093006, -11.00705323 ], [ -68.77027586, -11.00738774 ], [ -68.76971875, -11.00745911 ], [ -68.76899256, -11.00693212 ], [ -68.76829059, -11.00640515 ], [ -68.7672013, -11.0056386 ], [ -68.76616035, -11.00499172 ], [ -68.76499839, -11.00424903 ], [ -68.76396943, -11.00376966 ], [ -68.76304936, -11.00343394 ], [ -68.76232315, -11.0029548 ], [ -68.76145188, -11.00216447 ], [ -68.76048374, -11.00137406 ], [ -68.75975768, -11.00072741 ], [ -68.75898298, -11.00032 ], [ -68.75837758, -11.00022381 ], [ -68.75772366, -11.00022329 ], [ -68.75716632, -11.00058177 ], [ -68.75699627, -11.00120379 ], [ -68.75714104, -11.00187391 ], [ -68.75757677, -11.00213747 ], [ -68.75859378, -11.0024015 ], [ -68.7591021, -11.00276083 ], [ -68.75931976, -11.00314387 ], [ -68.75934162, -11.00349379 ], [ -68.75936758, -11.00390962 ], [ -68.75917326, -11.0046034 ], [ -68.75890638, -11.00517748 ], [ -68.75861545, -11.00553618 ], [ -68.75839037, -11.00591255 ], [ -68.75805763, -11.00646896 ], [ -68.75764529, -11.00721043 ], [ -68.7572573, -11.00778441 ], [ -68.75694191, -11.00843023 ], [ -68.75665072, -11.0091 ], [ -68.75657763, -11.00962638 ], [ -68.75678084, -11.00990986 ], [ -68.75698383, -11.01008303 ], [ -68.75748274, -11.01050864 ], [ -68.75837867, -11.01077257 ], [ -68.7595897, -11.0107496 ], [ -68.76077647, -11.01077447 ], [ -68.76159996, -11.01077512 ], [ -68.76235054, -11.01108678 ], [ -68.76285867, -11.01170932 ], [ -68.76329394, -11.0125711 ], [ -68.76346261, -11.01367195 ], [ -68.76377039, -11.01495836 ], [ -68.76386031, -11.01609505 ], [ -68.7637991, -11.01693251 ], [ -68.76361711, -11.01735112 ], [ -68.76328375, -11.0177696 ], [ -68.76295037, -11.01818811 ], [ -68.76240499, -11.01869617 ], [ -68.7617993, -11.01890507 ], [ -68.76086086, -11.01875478 ], [ -68.75998321, -11.01830542 ], [ -68.75928752, -11.01749727 ], [ -68.75889481, -11.01642017 ], [ -68.75889598, -11.01498444 ], [ -68.75889671, -11.01408711 ], [ -68.75868534, -11.01339899 ], [ -68.75841508, -11.01290408 ], [ -68.75808073, -11.01229181 ], [ -68.75726381, -11.01166303 ], [ -68.7565447, -11.01112929 ], [ -68.75593251, -11.0106749 ], [ -68.75493409, -11.0098665 ], [ -68.75375403, -11.00905795 ], [ -68.7528764, -11.00863848 ], [ -68.75205915, -11.00842844 ], [ -68.75115087, -11.00845761 ], [ -68.74993972, -11.00863608 ], [ -68.74887976, -11.00902404 ], [ -68.747971, -11.00962151 ], [ -68.74751636, -11.01021935 ], [ -68.7473644, -11.01090718 ], [ -68.74763637, -11.01150562 ], [ -68.74808496, -11.0120572 ], [ -68.74963247, -11.01395997 ], [ -68.75078174, -11.01539664 ], [ -68.75123512, -11.01629434 ], [ -68.75138582, -11.01710206 ], [ -68.75129416, -11.01808905 ], [ -68.75116081, -11.01842878 ], [ -68.75083359, -11.01892403 ], [ -68.75057672, -11.01911171 ], [ -68.75030697, -11.01916581 ], [ -68.74993979, -11.01919349 ], [ -68.74953232, -11.01915517 ], [ -68.7491615, -11.01902992 ], [ -68.74890631, -11.01888286 ], [ -68.74868129, -11.0187829 ], [ -68.74855643, -11.01882406 ], [ -68.7485207, -11.01894922 ], [ -68.74857454, -11.01917748 ], [ -68.74868484, -11.01933748 ], [ -68.74875758, -11.01954618 ], [ -68.74878149, -11.01973688 ], [ -68.74877638, -11.01992827 ], [ -68.74871299, -11.02011144 ], [ -68.74863947, -11.02027573 ], [ -68.74869081, -11.02039885 ], [ -68.74887964, -11.02060485 ], [ -68.74904799, -11.0207635 ], [ -68.74921725, -11.02096039 ], [ -68.7493955, -11.02112837 ], [ -68.74950488, -11.02125015 ], [ -68.74961244, -11.02129545 ], [ -68.74975642, -11.02124428 ], [ -68.74992783, -11.02112553 ], [ -68.75007112, -11.02104569 ], [ -68.7503971, -11.02091377 ], [ -68.75054062, -11.02084349 ], [ -68.75064658, -11.02082189 ], [ -68.75079125, -11.0207994 ], [ -68.7509011, -11.02079947 ], [ -68.75103174, -11.02073641 ], [ -68.75107852, -11.02066838 ], [ -68.75118448, -11.02064678 ], [ -68.75136967, -11.02069985 ], [ -68.75151707, -11.02079204 ], [ -68.75158753, -11.02090516 ], [ -68.75161122, -11.02108631 ], [ -68.75162124, -11.0211596 ], [ -68.75167588, -11.02136214 ], [ -68.7516985, -11.02146361 ], [ -68.75176528, -11.02157905 ], [ -68.75178996, -11.02170041 ], [ -68.75179304, -11.02182944 ], [ -68.75181737, -11.02193646 ], [ -68.75188456, -11.02201379 ], [ -68.75194364, -11.02205545 ], [ -68.75208927, -11.02207357 ], [ -68.75223388, -11.02204868 ], [ -68.75245036, -11.02199343 ], [ -68.75264644, -11.02199603 ], [ -68.7529873, -11.02198091 ], [ -68.7531991, -11.02203335 ], [ -68.75335302, -11.02209432 ], [ -68.75358675, -11.02215342 ], [ -68.75377797, -11.02225655 ], [ -68.75393223, -11.02233185 ], [ -68.75408581, -11.02237847 ], [ -68.75426858, -11.02243159 ], [ -68.75443095, -11.02254256 ], [ -68.75449208, -11.02267024 ], [ -68.75459121, -11.02286876 ], [ -68.75466028, -11.02302494 ], [ -68.75467873, -11.02318948 ], [ -68.75466833, -11.02336186 ], [ -68.75460474, -11.02343506 ], [ -68.75448898, -11.02345211 ], [ -68.75440088, -11.02341113 ], [ -68.75427787, -11.02342834 ], [ -68.75417869, -11.02353107 ], [ -68.75408172, -11.02372698 ], [ -68.75401967, -11.02386471 ], [ -68.75395762, -11.02400243 ], [ -68.75389386, -11.02406847 ], [ -68.75381421, -11.0240775 ], [ -68.75371851, -11.02402235 ], [ -68.75369401, -11.02390816 ], [ -68.75370578, -11.02379313 ], [ -68.75376177, -11.02370575 ], [ -68.75375178, -11.02359123 ], [ -68.75360357, -11.02346558 ], [ -68.75336864, -11.0233563 ], [ -68.75325032, -11.02326581 ], [ -68.75314685, -11.02318933 ], [ -68.75301641, -11.02319954 ], [ -68.75289648, -11.02334579 ], [ -68.75282957, -11.02358404 ], [ -68.75280602, -11.0238141 ], [ -68.75275985, -11.02400883 ], [ -68.75265307, -11.02409739 ], [ -68.75256651, -11.02412093 ], [ -68.75247167, -11.02410162 ], [ -68.752395, -11.02393127 ], [ -68.75233318, -11.02377492 ], [ -68.75231696, -11.02370357 ], [ -68.75226462, -11.02364024 ], [ -68.75214076, -11.02362161 ], [ -68.7520314, -11.02360264 ], [ -68.75189388, -11.02362019 ], [ -68.75175755, -11.02368792 ], [ -68.75164454, -11.02381966 ], [ -68.75152563, -11.02400891 ], [ -68.75151489, -11.02416695 ], [ -68.75157533, -11.02426596 ], [ -68.75167794, -11.0243066 ], [ -68.7517721, -11.02429724 ], [ -68.75186643, -11.02429504 ], [ -68.75202675, -11.02431999 ], [ -68.75212885, -11.02433913 ], [ -68.75220329, -11.02441629 ], [ -68.75224854, -11.02448696 ], [ -68.75223609, -11.02457332 ], [ -68.75220912, -11.02466002 ], [ -68.75220597, -11.02483223 ], [ -68.75220871, -11.02494692 ], [ -68.75225481, -11.02505344 ], [ -68.75227172, -11.02515346 ], [ -68.75233925, -11.02524512 ], [ -68.7523693, -11.02528746 ], [ -68.75237827, -11.02535897 ], [ -68.75236513, -11.02541666 ], [ -68.75233764, -11.02548185 ], [ -68.7523397, -11.02556787 ], [ -68.75240031, -11.02567405 ], [ -68.75241722, -11.02577407 ], [ -68.75239888, -11.02591795 ], [ -68.75239573, -11.02609016 ], [ -68.75238413, -11.02621236 ], [ -68.75231311, -11.02627857 ], [ -68.75221186, -11.02629527 ], [ -68.75211668, -11.02626163 ], [ -68.75202806, -11.02619914 ], [ -68.75192477, -11.02612982 ], [ -68.75176948, -11.02601151 ], [ -68.75167309, -11.02592769 ], [ -68.75156185, -11.02582987 ], [ -68.75144456, -11.02578239 ], [ -68.75134297, -11.02578476 ], [ -68.75131497, -11.02582845 ], [ -68.75131165, -11.02599349 ], [ -68.75138593, -11.02606348 ], [ -68.75145397, -11.02617666 ], [ -68.75149299, -11.02629051 ], [ -68.75147396, -11.02640571 ], [ -68.75138997, -11.02653677 ], [ -68.751279, -11.02675453 ], [ -68.7512382, -11.02687024 ], [ -68.75124751, -11.02695609 ], [ -68.75132853, -11.02700441 ], [ -68.75140178, -11.0270314 ], [ -68.75142526, -11.02710257 ], [ -68.75142074, -11.02721744 ], [ -68.75139411, -11.02731847 ], [ -68.7513604, -11.02742685 ], [ -68.75136245, -11.02751287 ], [ -68.75133531, -11.0275924 ], [ -68.75127189, -11.02767277 ], [ -68.75123749, -11.02775247 ], [ -68.75121103, -11.02786067 ], [ -68.7511768, -11.02794754 ], [ -68.75124065, -11.02799579 ], [ -68.75131015, -11.02805919 ], [ -68.75137008, -11.0281367 ], [ -68.75139425, -11.02823655 ], [ -68.75139699, -11.02835124 ], [ -68.75136242, -11.02842377 ], [ -68.75129968, -11.02853282 ], [ -68.751215, -11.02863521 ], [ -68.75118077, -11.02872208 ], [ -68.75123379, -11.02881408 ], [ -68.75134178, -11.0287757 ], [ -68.75138412, -11.02872451 ], [ -68.75147691, -11.0286578 ], [ -68.75158541, -11.02864092 ], [ -68.75171722, -11.02868806 ], [ -68.75177664, -11.02874405 ], [ -68.75186697, -11.02887823 ], [ -68.75194227, -11.02899123 ], [ -68.75196712, -11.02911976 ], [ -68.75207768, -11.02918891 ], [ -68.75219515, -11.02924355 ], [ -68.75233353, -11.02926184 ], [ -68.75242026, -11.02924547 ], [ -68.75250563, -11.02917176 ], [ -68.75256717, -11.02901253 ], [ -68.75259174, -11.02882547 ], [ -68.75265465, -11.02872359 ], [ -68.75274795, -11.02867838 ], [ -68.75289205, -11.02863199 ], [ -68.75300935, -11.02867946 ], [ -68.75310488, -11.02872744 ], [ -68.75320852, -11.02881109 ], [ -68.75331302, -11.02893059 ], [ -68.75335913, -11.0290371 ], [ -68.7533757, -11.02912279 ], [ -68.75336947, -11.02916597 ], [ -68.75334113, -11.02919532 ], [ -68.75325405, -11.02919735 ], [ -68.75320949, -11.02915535 ], [ -68.75313538, -11.02909253 ], [ -68.75305505, -11.02907288 ], [ -68.75298266, -11.02908174 ], [ -68.75293323, -11.02914027 ], [ -68.75288381, -11.0291988 ], [ -68.75282833, -11.02930769 ], [ -68.75283072, -11.02940804 ], [ -68.75288477, -11.02954306 ], [ -68.75296076, -11.02968474 ], [ -68.75304349, -11.02980474 ], [ -68.75314159, -11.02996025 ], [ -68.75323038, -11.03002991 ], [ -68.75327528, -11.03008624 ], [ -68.75331311, -11.03014991 ], [ -68.75336527, -11.03020608 ], [ -68.75337355, -11.03024892 ], [ -68.75337527, -11.0303206 ], [ -68.75334035, -11.0303788 ], [ -68.75324722, -11.03043118 ], [ -68.75313855, -11.03044088 ], [ -68.75300102, -11.03045843 ], [ -68.752944, -11.0305028 ], [ -68.75291566, -11.03053215 ], [ -68.75289491, -11.03057567 ], [ -68.75290354, -11.03063284 ], [ -68.75293393, -11.03068952 ], [ -68.75296484, -11.03076769 ], [ -68.7529593, -11.03083955 ], [ -68.75289519, -11.03089125 ], [ -68.75283074, -11.03092861 ], [ -68.75270824, -11.03096733 ], [ -68.75262116, -11.03096936 ], [ -68.75250455, -11.03095056 ], [ -68.75233731, -11.03094012 ], [ -68.75224349, -11.03096382 ], [ -68.75204637, -11.03091821 ], [ -68.75191541, -11.03090691 ], [ -68.75173435, -11.03092548 ], [ -68.75156848, -11.03097238 ], [ -68.75148311, -11.03104609 ], [ -68.75141346, -11.03116965 ], [ -68.75140237, -11.03131336 ], [ -68.75141985, -11.03142773 ], [ -68.75150064, -11.03147603 ], [ -68.75161811, -11.03153068 ], [ -68.75167045, -11.03159401 ], [ -68.75169427, -11.03167952 ], [ -68.75166038, -11.03178073 ], [ -68.75165552, -11.03188126 ], [ -68.75162907, -11.03198946 ], [ -68.75159621, -11.03213368 ], [ -68.75160586, -11.03223387 ], [ -68.75164403, -11.03231188 ], [ -68.75175321, -11.03232368 ], [ -68.75182492, -11.03228614 ], [ -68.75190423, -11.03226278 ], [ -68.75197679, -11.03226109 ], [ -68.75206421, -11.03227339 ], [ -68.75211603, -11.03231522 ], [ -68.75219859, -11.03242806 ], [ -68.75224099, -11.03253107 ], [ -68.75228598, -11.03259099 ], [ -68.75230754, -11.03273394 ], [ -68.75227097, -11.03287465 ], [ -68.75223051, -11.0330047 ], [ -68.75219629, -11.03309157 ], [ -68.75214763, -11.03318236 ], [ -68.75217163, -11.03327505 ], [ -68.75222405, -11.03334196 ], [ -68.75231604, -11.03339361 ], [ -68.75239974, -11.03340242 ], [ -68.7524977, -11.03340014 ], [ -68.75262012, -11.03335784 ], [ -68.7527256, -11.03336614 ], [ -68.75281344, -11.03339636 ], [ -68.75286215, -11.03345978 ], [ -68.75287466, -11.03352763 ], [ -68.75287318, -11.03361732 ], [ -68.75283792, -11.03366118 ], [ -68.75273744, -11.03371014 ], [ -68.75262523, -11.03372352 ], [ -68.75241876, -11.03374267 ], [ -68.75233185, -11.03375187 ], [ -68.75223381, -11.03375057 ], [ -68.7521475, -11.03378486 ], [ -68.75205048, -11.03382657 ], [ -68.7519678, -11.03386077 ], [ -68.75188495, -11.03388781 ], [ -68.75183864, -11.03392475 ], [ -68.75182661, -11.03402903 ], [ -68.75183186, -11.03409705 ], [ -68.75181509, -11.03417063 ], [ -68.75180374, -11.03428777 ], [ -68.75179517, -11.0343848 ], [ -68.75176069, -11.03446092 ], [ -68.75172214, -11.0345192 ], [ -68.75170251, -11.03460931 ], [ -68.75165394, -11.03470369 ], [ -68.75161186, -11.03476563 ], [ -68.75156504, -11.03478107 ], [ -68.75150276, -11.03475742 ], [ -68.7514695, -11.03473309 ], [ -68.75138545, -11.03470994 ], [ -68.7513338, -11.03467528 ], [ -68.75125521, -11.0345767 ], [ -68.75120651, -11.03451328 ], [ -68.75119003, -11.03443118 ], [ -68.75113847, -11.03435814 ], [ -68.75106073, -11.03433736 ], [ -68.75098522, -11.03436781 ], [ -68.75090928, -11.03438034 ], [ -68.75083283, -11.03437136 ], [ -68.7507607, -11.03439098 ], [ -68.75070358, -11.03443176 ], [ -68.75067584, -11.0344862 ], [ -68.75066337, -11.03454106 ], [ -68.75071538, -11.03462155 ], [ -68.75077463, -11.03467038 ], [ -68.75085133, -11.03469011 ], [ -68.75090661, -11.03472469 ], [ -68.75095178, -11.03479177 ], [ -68.7509998, -11.03482652 ], [ -68.75105551, -11.03487901 ], [ -68.75111424, -11.03490634 ], [ -68.75116867, -11.03490507 ], [ -68.7512458, -11.03494272 ], [ -68.75130894, -11.03500221 ], [ -68.75135325, -11.03503346 ], [ -68.75143755, -11.03506736 ], [ -68.75151469, -11.03510501 ], [ -68.75155102, -11.03514761 ], [ -68.75157093, -11.03518473 ], [ -68.75156033, -11.03521881 ], [ -68.75151976, -11.03527238 ], [ -68.75152517, -11.03533991 ], [ -68.7515267, -11.03540377 ], [ -68.75150107, -11.03544572 ], [ -68.75142492, -11.03544373 ], [ -68.75138698, -11.03544838 ], [ -68.75136913, -11.03549766 ], [ -68.75135862, -11.03553549 ], [ -68.75132874, -11.03555874 ], [ -68.75127921, -11.03555613 ], [ -68.7512104, -11.0355427 ], [ -68.75114911, -11.03552534 ], [ -68.75109189, -11.03551915 ], [ -68.75103937, -11.03555045 ], [ -68.75081875, -11.03496951 ], [ -68.75022892, -11.03468757 ], [ -68.74994234, -11.03478024 ], [ -68.74964286, -11.03495935 ], [ -68.74956885, -11.03517836 ], [ -68.74963585, -11.03534192 ], [ -68.74970351, -11.03562994 ], [ -68.74971429, -11.03574505 ], [ -68.74970191, -11.0358485 ], [ -68.74966507, -11.03611284 ], [ -68.74966448, -11.03619337 ], [ -68.74965193, -11.03631983 ], [ -68.74968579, -11.03645809 ], [ -68.74973163, -11.03655042 ], [ -68.74986957, -11.03676989 ], [ -68.74996167, -11.03689703 ], [ -68.75013947, -11.0370409 ], [ -68.7502501, -11.03718704 ], [ -68.75034228, -11.0373149 ], [ -68.75041601, -11.03744275 ], [ -68.75054983, -11.03756808 ], [ -68.75068844, -11.03769553 ], [ -68.75089665, -11.03784643 ], [ -68.75110471, -11.03802034 ], [ -68.75120852, -11.03813605 ], [ -68.75128907, -11.03825162 ], [ -68.75140384, -11.03845943 ], [ -68.75149543, -11.03865558 ], [ -68.75158729, -11.03881724 ], [ -68.75166724, -11.03901332 ], [ -68.75210406, -11.03970639 ], [ -68.75228628, -11.03989672 ], [ -68.75236002, -11.04000631 ], [ -68.75247066, -11.04013419 ], [ -68.75258131, -11.04026207 ], [ -68.75267353, -11.04035342 ], [ -68.75293184, -11.04048142 ], [ -68.75311639, -11.04051808 ], [ -68.75339326, -11.04051831 ], [ -68.75370714, -11.04040904 ], [ -68.75381791, -11.04039086 ], [ -68.75407631, -11.04040933 ], [ -68.75430788, -11.0404915 ], [ -68.75443529, -11.04056134 ], [ -68.75507263, -11.0409213 ], [ -68.75537326, -11.04110813 ], [ -68.75576678, -11.04136376 ], [ -68.75594037, -11.04147993 ], [ -68.75628814, -11.04163174 ], [ -68.75654338, -11.04171393 ], [ -68.75715904, -11.04180996 ], [ -68.75743788, -11.04184628 ], [ -68.75765874, -11.04185922 ], [ -68.75787936, -11.04190667 ], [ -68.75811159, -11.04195419 ], [ -68.75846003, -11.04201398 ], [ -68.758727, -11.04208473 ], [ -68.7590771, -11.04214763 ], [ -68.75935388, -11.04225739 ], [ -68.7596306, -11.04245842 ], [ -68.75990725, -11.04273247 ], [ -68.76010418, -11.04300247 ], [ -68.76032252, -11.04336049 ], [ -68.76040266, -11.04353358 ], [ -68.76044547, -11.04404001 ], [ -68.76048997, -11.04431639 ], [ -68.76053531, -11.04447773 ], [ -68.76077573, -11.04499695 ], [ -68.76085596, -11.04515852 ], [ -68.76110834, -11.04563181 ], [ -68.76120813, -11.0459816 ], [ -68.76125237, -11.04661056 ], [ -68.76123914, -11.04682904 ], [ -68.76124397, -11.04731429 ], [ -68.76126228, -11.04749685 ], [ -68.76128064, -11.04762466 ], [ -68.76129892, -11.04784374 ], [ -68.7612988, -11.04798979 ], [ -68.7613356, -11.04813586 ], [ -68.76140934, -11.0482637 ], [ -68.76162242, -11.04848804 ], [ -68.76179652, -11.04853519 ], [ -68.7620055, -11.04858256 ], [ -68.76215651, -11.04860655 ], [ -68.76260882, -11.04868452 ], [ -68.76291064, -11.04885301 ], [ -68.76322287, -11.04909662 ], [ -68.76336098, -11.04929308 ], [ -68.76366025, -11.04957987 ], [ -68.76386309, -11.04983561 ], [ -68.7641447, -11.05026446 ], [ -68.76425932, -11.05049528 ], [ -68.76439677, -11.05078375 ], [ -68.76465566, -11.05131494 ], [ -68.76491372, -11.05177153 ], [ -68.7651533, -11.05226461 ], [ -68.76527912, -11.05258403 ], [ -68.76546058, -11.05301543 ], [ -68.76549719, -11.05339883 ], [ -68.76544159, -11.05369087 ], [ -68.76536739, -11.05414721 ], [ -68.7653116, -11.05465832 ], [ -68.76523724, -11.05531546 ], [ -68.76521845, -11.05573533 ], [ -68.76519974, -11.05604566 ], [ -68.76518095, -11.05646552 ], [ -68.76514365, -11.05694014 ], [ -68.76510642, -11.05734173 ], [ -68.76505069, -11.05777982 ], [ -68.76497116, -11.05812677 ], [ -68.76483891, -11.05841574 ], [ -68.76474235, -11.05868646 ], [ -68.76460669, -11.0590026 ], [ -68.76447737, -11.05913029 ], [ -68.76423996, -11.05916247 ], [ -68.76410303, -11.05919246 ], [ -68.76399776, -11.05923632 ], [ -68.76390007, -11.05935277 ], [ -68.7638188, -11.0595182 ], [ -68.76373746, -11.05976888 ], [ -68.76361559, -11.05999444 ], [ -68.76346771, -11.06015317 ], [ -68.7633622, -11.06026752 ], [ -68.76326857, -11.06034744 ], [ -68.76309308, -11.06046885 ], [ -68.76291482, -11.06067195 ], [ -68.76275708, -11.0609157 ], [ -68.76262673, -11.06114592 ], [ -68.76253745, -11.06143715 ], [ -68.76250978, -11.06177585 ], [ -68.76255061, -11.06210783 ], [ -68.76263264, -11.06231112 ], [ -68.76297156, -11.06279578 ], [ -68.76314314, -11.06318802 ], [ -68.76323383, -11.06351071 ], [ -68.76341663, -11.06396053 ], [ -68.76351978, -11.06416826 ], [ -68.76374944, -11.06457237 ], [ -68.76388765, -11.06475733 ], [ -68.76399097, -11.06494206 ], [ -68.76417512, -11.06520783 ], [ -68.76430153, -11.06541572 ], [ -68.76450801, -11.06580818 ], [ -68.7647605, -11.06626996 ], [ -68.7648061, -11.06639679 ], [ -68.76489569, -11.06686902 ], [ -68.76491836, -11.06694969 ], [ -68.76499751, -11.06726081 ], [ -68.76507741, -11.06746839 ], [ -68.76513471, -11.0675838 ], [ -68.76519202, -11.0676992 ], [ -68.76537145, -11.06789315 ], [ -68.76550056, -11.06802104 ], [ -68.76566658, -11.06816721 ], [ -68.76583254, -11.06840467 ], [ -68.76597999, -11.06869687 ], [ -68.76599821, -11.06898897 ], [ -68.76596112, -11.06920801 ], [ -68.7659056, -11.06939053 ], [ -68.76586852, -11.06959131 ], [ -68.76581299, -11.06977382 ], [ -68.7657574, -11.06991155 ], [ -68.76570945, -11.07010681 ], [ -68.76557908, -11.07043956 ], [ -68.76546051, -11.07074939 ], [ -68.76531827, -11.07111659 ], [ -68.7651997, -11.07142642 ], [ -68.76512765, -11.07173655 ], [ -68.76504406, -11.0720351 ], [ -68.76486515, -11.07264363 ], [ -68.76476917, -11.07304563 ], [ -68.76474781, -11.07353816 ], [ -68.76465516, -11.07397622 ], [ -68.76454424, -11.07417695 ], [ -68.76444575, -11.07433194 ], [ -68.76438659, -11.0744696 ], [ -68.76421004, -11.07475604 ], [ -68.76408118, -11.07488175 ], [ -68.76375369, -11.0751327 ], [ -68.76360173, -11.07523525 ], [ -68.76338023, -11.07541742 ], [ -68.76317704, -11.07558156 ], [ -68.76304772, -11.07569099 ], [ -68.7628645, -11.07585167 ], [ -68.76278216, -11.07597767 ], [ -68.76268819, -11.0761036 ], [ -68.76252394, -11.07629809 ], [ -68.76232547, -11.07640034 ], [ -68.76183574, -11.07656972 ], [ -68.76162589, -11.07663738 ], [ -68.76132283, -11.07672743 ], [ -68.76104345, -11.07676013 ], [ -68.76077545, -11.07682741 ], [ -68.76060066, -11.07687229 ], [ -68.76030932, -11.07695093 ], [ -68.75972587, -11.07721172 ], [ -68.75939862, -11.07742816 ], [ -68.75892924, -11.0778784 ], [ -68.75875424, -11.07806817 ], [ -68.7585225, -11.0786083 ], [ -68.75842211, -11.07895179 ], [ -68.75841898, -11.0793774 ], [ -68.75848675, -11.07965393 ], [ -68.75854347, -11.07984986 ], [ -68.75861689, -11.0801992 ], [ -68.75878284, -11.08043666 ], [ -68.75902261, -11.08069243 ], [ -68.75928079, -11.08103948 ], [ -68.75940979, -11.08131342 ], [ -68.75955422, -11.08159347 ], [ -68.75963369, -11.08185857 ], [ -68.75964911, -11.08213511 ], [ -68.7596119, -11.08248194 ], [ -68.75944541, -11.08290169 ], [ -68.75924219, -11.08308407 ], [ -68.75868809, -11.08343049 ], [ -68.75854026, -11.08359467 ], [ -68.75846623, -11.08381368 ], [ -68.75840475, -11.0844964 ], [ -68.75836758, -11.08480676 ], [ -68.75824891, -11.08512808 ], [ -68.75809564, -11.0854929 ], [ -68.75785878, -11.08598832 ], [ -68.75754111, -11.0863322 ], [ -68.75737466, -11.08669718 ], [ -68.7571211, -11.08738095 ], [ -68.7569546, -11.08780069 ], [ -68.75667742, -11.08811081 ], [ -68.75632649, -11.08831134 ], [ -68.75604945, -11.08845716 ], [ -68.75564301, -11.08880369 ], [ -68.7552921, -11.08898597 ], [ -68.75497821, -11.08904047 ], [ -68.7547013, -11.08902199 ], [ -68.75453515, -11.08902186 ], [ -68.75435049, -11.08907647 ], [ -68.7542397, -11.0891129 ], [ -68.75412886, -11.08918583 ], [ -68.75399956, -11.089277 ], [ -68.75388866, -11.08944121 ], [ -68.75368536, -11.08969662 ], [ -68.753556, -11.08986081 ], [ -68.75337128, -11.08998845 ], [ -68.75320507, -11.09006134 ], [ -68.75303885, -11.09013423 ], [ -68.7528262, -11.09023487 ], [ -68.75255867, -11.09035289 ], [ -68.75233705, -11.09044399 ], [ -68.75211544, -11.09053509 ], [ -68.75183769, -11.09061987 ], [ -68.75163908, -11.09061095 ], [ -68.7514017, -11.09071488 ], [ -68.75123169, -11.09086692 ], [ -68.7500339, -11.09474784 ], [ -68.74983461, -11.09501856 ], [ -68.74955424, -11.09532907 ], [ -68.74932259, -11.09555095 ], [ -68.74894491, -11.09579212 ], [ -68.74852455, -11.09604648 ], [ -68.7480052, -11.09631842 ], [ -68.74750124, -11.09641749 ], [ -68.74725763, -11.09646314 ], [ -68.74689833, -11.09651888 ], [ -68.74625671, -11.09659087 ], [ -68.74603526, -11.09655597 ], [ -68.74558802, -11.09648909 ], [ -68.74537987, -11.09645644 ], [ -68.74523293, -11.09642165 ], [ -68.74508359, -11.09635878 ], [ -68.7449618, -11.09629426 ], [ -68.7448307, -11.09625175 ], [ -68.74446275, -11.09620182 ], [ -68.74410642, -11.09616905 ], [ -68.74371587, -11.09616074 ], [ -68.74347108, -11.09619474 ], [ -68.74328455, -11.09628633 ], [ -68.74280653, -11.0966072 ], [ -68.74157074, -11.09730583 ], [ -68.74096461, -11.09732765 ], [ -68.74090635, -11.09731604 ], [ -68.74045184, -11.09711979 ], [ -68.7401372, -11.09691231 ], [ -68.73968275, -11.09660113 ], [ -68.73950701, -11.09649677 ], [ -68.7393856, -11.09643111 ], [ -68.73926026, -11.09638182 ], [ -68.73908398, -11.09632922 ], [ -68.73898349, -11.09631246 ], [ -68.73888024, -11.09631266 ], [ -68.73873526, -11.09631909 ], [ -68.73857851, -11.09633862 ], [ -68.73843743, -11.09636145 ], [ -68.73827245, -11.09641449 ], [ -68.73815917, -11.09643987 ], [ -68.73806902, -11.09645619 ], [ -68.73795147, -11.09645937 ], [ -68.73785744, -11.09644945 ], [ -68.73774793, -11.09642496 ], [ -68.73758477, -11.09636719 ], [ -68.73737498, -11.09628633 ], [ -68.73710696, -11.09615938 ], [ -68.7368389, -11.09607841 ], [ -68.73595312, -11.0959043 ], [ -68.73570835, -11.09592679 ], [ -68.73558011, -11.09593804 ], [ -68.73542859, -11.09593774 ], [ -68.73517216, -11.09597171 ], [ -68.73496233, -11.09600578 ], [ -68.7347758, -11.09609735 ], [ -68.73432111, -11.09634929 ], [ -68.73419288, -11.096418 ], [ -68.73372652, -11.0966929 ], [ -68.73298033, -11.09717411 ], [ -68.73275882, -11.09732307 ], [ -68.73231573, -11.09766698 ], [ -68.73203588, -11.09793075 ], [ -68.73160441, -11.09842408 ], [ -68.73140617, -11.09864204 ], [ -68.73077642, -11.09937631 ], [ -68.73013508, -11.09998414 ], [ -68.72991353, -11.10020207 ], [ -68.72978528, -11.10029375 ], [ -68.72944712, -11.1005689 ], [ -68.7291673, -11.10077521 ], [ -68.72896906, -11.10093571 ], [ -68.72832777, -11.1014401 ], [ -68.72803627, -11.10166937 ], [ -68.72774469, -11.10205953 ], [ -68.72748813, -11.10235782 ], [ -68.72692829, -11.10312671 ], [ -68.72645007, -11.10384979 ], [ -68.7260769, -11.10426277 ], [ -68.72569214, -11.10448035 ], [ -68.72523749, -11.10459438 ], [ -68.72466625, -11.10480009 ], [ -68.72450304, -11.10485722 ], [ -68.72412999, -11.10495992 ], [ -68.72345379, -11.10525736 ], [ -68.72281247, -11.10575026 ], [ -68.7223343, -11.10633541 ], [ -68.72205435, -11.10676007 ], [ -68.72192602, -11.10702414 ], [ -68.72180934, -11.10725376 ], [ -68.72164589, -11.10783954 ], [ -68.72152889, -11.10879319 ], [ -68.72140034, -11.10952843 ], [ -68.72137691, -11.10979272 ], [ -68.72128347, -11.11022924 ], [ -68.72121342, -11.11044745 ], [ -68.72094496, -11.11120542 ], [ -68.72085163, -11.1113891 ], [ -68.72071155, -11.11183703 ], [ -68.72079291, -11.11235435 ], [ -68.72114209, -11.11346982 ], [ -68.72122357, -11.11372282 ], [ -68.72132833, -11.1140793 ], [ -68.7213632, -11.11427474 ], [ -68.72140967, -11.11460811 ], [ -68.72125764, -11.11571108 ], [ -68.71972452, -11.11806804 ], [ -68.71948459, -11.11833927 ], [ -68.71930968, -11.11848833 ], [ -68.71894504, -11.11892083 ], [ -68.71850488, -11.11950952 ], [ -68.71820166, -11.11981921 ], [ -68.71808505, -11.1199224 ], [ -68.71788678, -11.12010588 ], [ -68.71760692, -11.12033516 ], [ -68.71707035, -11.12108108 ], [ -68.71693029, -11.12148303 ], [ -68.71681361, -11.12170116 ], [ -68.71644017, -11.12257383 ], [ -68.7159732, -11.12403242 ], [ -68.71586815, -11.12430802 ], [ -68.71575148, -11.12454913 ], [ -68.7155531, -11.12493947 ], [ -68.71547145, -11.12510019 ], [ -68.71543643, -11.12516908 ], [ -68.71541307, -11.12526096 ], [ -68.71522605, -11.12634087 ], [ -68.71507237, -11.1269619 ], [ -68.71460955, -11.12796136 ], [ -68.71400067, -11.129177 ], [ -68.71375541, -11.13013038 ], [ -68.71354492, -11.13149756 ], [ -68.71338144, -11.13207185 ], [ -68.71316025, -11.13272408 ], [ -68.71284458, -11.1333464 ], [ -68.71251196, -11.1336861 ], [ -68.71218562, -11.13400394 ], [ -68.71199317, -11.13421809 ], [ -68.71177765, -11.13443532 ], [ -68.71163157, -11.13465406 ], [ -68.71129313, -11.13542337 ], [ -68.71107136, -11.13596306 ], [ -68.7109546, -11.13634206 ], [ -68.71090323, -11.13664962 ], [ -68.71093102, -11.13689365 ], [ -68.71115227, -11.13738828 ], [ -68.71118714, -11.13757222 ], [ -68.71117532, -11.13790548 ], [ -68.71115197, -11.13799737 ], [ -68.71114019, -11.13821571 ], [ -68.71112828, -11.13873284 ], [ -68.71111647, -11.13905461 ], [ -68.71122112, -11.13959496 ], [ -68.71175312, -11.14042004 ], [ -68.71230457, -11.14103373 ], [ -68.71263087, -11.14127573 ], [ -68.71292222, -11.14147169 ], [ -68.71377255, -11.14289849 ], [ -68.71395883, -11.14339304 ], [ -68.71416855, -11.14362331 ], [ -68.71440164, -11.14375021 ], [ -68.71455313, -11.14388842 ], [ -68.71479781, -11.14417624 ], [ -68.71511234, -11.14464806 ], [ -68.71522852, -11.14548725 ], [ -68.71551938, -11.14670603 ], [ -68.7156376, -11.14729576 ], [ -68.71547432, -11.14745907 ], [ -68.6312936, -11.12843501 ], [ -68.54478372, -11.10884518 ], [ -68.54441445, -11.10571906 ], [ -68.54442908, -11.10318505 ], [ -68.5440885, -11.10099287 ], [ -68.54296708, -11.09853118 ], [ -68.54186315, -11.09683422 ], [ -68.53999805, -11.09572806 ], [ -68.53870277, -11.09413099 ], [ -68.5352011, -11.09344377 ], [ -68.53120465, -11.09228927 ], [ -68.52770304, -11.09160192 ], [ -68.52379259, -11.08996717 ], [ -68.52135782, -11.08935169 ], [ -68.51995509, -11.08727871 ], [ -68.51843825, -11.08444315 ], [ -68.51684637, -11.08256564 ], [ -68.51516859, -11.08116821 ], [ -68.51403246, -11.0780373 ], [ -68.51282994, -11.0762468 ], [ -68.51085108, -11.07437783 ], [ -68.50956051, -11.07297181 ], [ -68.50834507, -11.07060776 ], [ -68.50652952, -11.06993133 ], [ -68.50512342, -11.06943568 ], [ -68.50411241, -11.06754529 ], [ -68.50166992, -11.06365871 ], [ -68.50126384, -11.06355667 ], [ -68.5008789, -11.0634419 ], [ -68.50072491, -11.06340361 ], [ -68.50030132, -11.06336486 ], [ -68.50000048, -11.06331032 ], [ -68.4998778, -11.06328808 ], [ -68.49930049, -11.06305886 ], [ -68.49849215, -11.06279122 ], [ -68.49806889, -11.06256226 ], [ -68.49776091, -11.06248566 ], [ -68.49726063, -11.06225657 ], [ -68.49695284, -11.06206584 ], [ -68.49660694, -11.06164679 ], [ -68.49614497, -11.06153189 ], [ -68.49568301, -11.06141699 ], [ -68.49529787, -11.06141634 ], [ -68.49487422, -11.06141564 ], [ -68.49448942, -11.06122478 ], [ -68.49410481, -11.06091979 ], [ -68.49387438, -11.06053897 ], [ -68.4936055, -11.06012004 ], [ -68.49349081, -11.05962529 ], [ -68.49333736, -11.05922114 ], [ -68.49321142, -11.05870306 ], [ -68.49313101, -11.05843817 ], [ -68.49303875, -11.05823073 ], [ -68.49292282, -11.05811515 ], [ -68.49256342, -11.05776835 ], [ -68.4924591, -11.05766433 ], [ -68.49226185, -11.05751383 ], [ -68.49194845, -11.05730524 ], [ -68.49165796, -11.05718877 ], [ -68.49116967, -11.05705978 ], [ -68.49076289, -11.0569197 ], [ -68.49036779, -11.05676819 ], [ -68.48986883, -11.05639768 ], [ -68.4894736, -11.05628066 ], [ -68.48881017, -11.05628874 ], [ -68.48834488, -11.05622886 ], [ -68.48762554, -11.05567322 ], [ -68.4871737, -11.05516496 ], [ -68.4866626, -11.05492086 ], [ -68.4861623, -11.05488379 ], [ -68.4855458, -11.05480012 ], [ -68.484837, -11.0545205 ], [ -68.48454703, -11.05427754 ], [ -68.48415208, -11.05409153 ], [ -68.48372212, -11.05392833 ], [ -68.48326917, -11.05369602 ], [ -68.48271199, -11.05333669 ], [ -68.48245655, -11.05318589 ], [ -68.48210812, -11.05301161 ], [ -68.48173654, -11.05280272 ], [ -68.48109762, -11.05251195 ], [ -68.4803992, -11.05254284 ], [ -68.47964263, -11.05256192 ], [ -68.47874636, -11.05259178 ], [ -68.47801308, -11.05261098 ], [ -68.47739593, -11.05268827 ], [ -68.47694134, -11.0528584 ], [ -68.47653377, -11.05291377 ], [ -68.47607952, -11.0530034 ], [ -68.47585802, -11.05309425 ], [ -68.47559001, -11.05317334 ], [ -68.47531019, -11.05329838 ], [ -68.47506522, -11.05343509 ], [ -68.4749136, -11.05351479 ], [ -68.47477347, -11.05362905 ], [ -68.47465681, -11.05369743 ], [ -68.47438853, -11.05384553 ], [ -68.47408547, -11.05395894 ], [ -68.4738055, -11.05411846 ], [ -68.47361891, -11.05420948 ], [ -68.47330449, -11.05425385 ], [ -68.47252455, -11.05429579 ], [ -68.47215223, -11.05427085 ], [ -68.47183824, -11.05421173 ], [ -68.47145456, -11.05411774 ], [ -68.47081508, -11.05396494 ], [ -68.47055946, -11.05386012 ], [ -68.46999037, -11.0535697 ], [ -68.46966531, -11.05337253 ], [ -68.46943293, -11.05327933 ], [ -68.46813079, -11.05295059 ], [ -68.46715344, -11.052888 ], [ -68.46626612, -11.0530041 ], [ -68.46539072, -11.0530402 ], [ -68.46460457, -11.05290919 ], [ -68.46397655, -11.05280242 ], [ -68.46361629, -11.05267406 ], [ -68.46337246, -11.0525348 ], [ -68.46317499, -11.05244178 ], [ -68.46307044, -11.05239524 ], [ -68.46267546, -11.0522207 ], [ -68.46234993, -11.05213851 ], [ -68.46226851, -11.05212658 ], [ -68.46208249, -11.05207961 ], [ -68.46172186, -11.05204323 ], [ -68.46139581, -11.05208752 ], [ -68.46119758, -11.05217847 ], [ -68.46088254, -11.0523723 ], [ -68.46064912, -11.05253205 ], [ -68.46040463, -11.05255377 ], [ -68.45985784, -11.05250491 ], [ -68.459346, -11.05244473 ], [ -68.45883421, -11.05237306 ], [ -68.4583696, -11.05215216 ], [ -68.45810288, -11.05192079 ], [ -68.4579753, -11.05181663 ], [ -68.45761552, -11.05157328 ], [ -68.45705819, -11.05125989 ], [ -68.4565474, -11.05094676 ], [ -68.45595659, -11.05028824 ], [ -68.45584103, -11.05009216 ], [ -68.4556438, -11.04994164 ], [ -68.45526066, -11.04972115 ], [ -68.45425208, -11.04877298 ], [ -68.45398527, -11.0485646 ], [ -68.45355572, -11.04830937 ], [ -68.45285908, -11.04791477 ], [ -68.45231297, -11.04770492 ], [ -68.45215018, -11.04766956 ], [ -68.45125388, -11.04771084 ], [ -68.45090451, -11.04776649 ], [ -68.45049681, -11.04785633 ], [ -68.45027535, -11.04793565 ], [ -68.44994834, -11.04820989 ], [ -68.44951621, -11.04857557 ], [ -68.44928235, -11.0488388 ], [ -68.44887311, -11.04929658 ], [ -68.44859303, -11.04947908 ], [ -68.44816181, -11.04962629 ], [ -68.44763825, -11.04958902 ], [ -68.44714985, -11.04949446 ], [ -68.44669659, -11.04934259 ], [ -68.4464761, -11.04919194 ], [ -68.44619752, -11.04901799 ], [ -68.4460002, -11.04889047 ], [ -68.44566343, -11.04871621 ], [ -68.44523398, -11.04843797 ], [ -68.44442136, -11.04795074 ], [ -68.44389915, -11.04759152 ], [ -68.44310991, -11.04708141 ], [ -68.44270351, -11.04686079 ], [ -68.44212301, -11.04652426 ], [ -68.44163564, -11.04618823 ], [ -68.4411949, -11.04582944 ], [ -68.44071891, -11.04555095 ], [ -68.44026616, -11.04528408 ], [ -68.43960426, -11.04493562 ], [ -68.43927933, -11.04471543 ], [ -68.43854828, -11.04420561 ], [ -68.43800383, -11.0436048 ], [ -68.4377496, -11.04317801 ], [ -68.43770358, -11.04305128 ], [ -68.43758924, -11.04256774 ], [ -68.43758996, -11.04239526 ], [ -68.43757929, -11.04216524 ], [ -68.4375806, -11.04185479 ], [ -68.4376047, -11.04165944 ], [ -68.43760645, -11.0412455 ], [ -68.43758462, -11.04090043 ], [ -68.43755039, -11.04073927 ], [ -68.43736637, -11.04022086 ], [ -68.43727409, -11.0400249 ], [ -68.4371824, -11.03969095 ], [ -68.43710379, -11.03901212 ], [ -68.43710491, -11.03874767 ], [ -68.43709491, -11.03835666 ], [ -68.43706097, -11.03812652 ], [ -68.43696952, -11.03773508 ], [ -68.43697054, -11.03749362 ], [ -68.4368672, -11.03715961 ], [ -68.43677546, -11.03683717 ], [ -68.43634716, -11.03629447 ], [ -68.4359402, -11.03621181 ], [ -68.43561411, -11.03626757 ], [ -68.43534626, -11.03631214 ], [ -68.43511351, -11.0363109 ], [ -68.43467139, -11.03628555 ], [ -68.43405447, -11.03631677 ], [ -68.43354282, -11.03622206 ], [ -68.43306603, -11.03613903 ], [ -68.43250802, -11.03599808 ], [ -68.43225214, -11.03596222 ], [ -68.43182191, -11.03587943 ], [ -68.43148482, -11.03578565 ], [ -68.431182, -11.03584153 ], [ -68.430879, -11.0359434 ], [ -68.43064596, -11.03601115 ], [ -68.43031983, -11.0360784 ], [ -68.4301104, -11.03606579 ], [ -68.42990113, -11.03601867 ], [ -68.4297385, -11.03594882 ], [ -68.42955303, -11.03577535 ], [ -68.42942541, -11.03568268 ], [ -68.4292046, -11.03561251 ], [ -68.42898368, -11.03556533 ], [ -68.42873906, -11.03562152 ], [ -68.42841277, -11.03572327 ], [ -68.42836594, -11.03579201 ], [ -68.42823724, -11.0359523 ], [ -68.42821363, -11.03603266 ], [ -68.42804885, -11.03646873 ], [ -68.42800143, -11.03667544 ], [ -68.42792931, -11.03721549 ], [ -68.42779885, -11.03778971 ], [ -68.42771627, -11.03805374 ], [ -68.42763339, -11.03838675 ], [ -68.42752705, -11.03876563 ], [ -68.42749067, -11.03911039 ], [ -68.42738506, -11.03931679 ], [ -68.42724428, -11.03958051 ], [ -68.42712717, -11.03975237 ], [ -68.4270089, -11.04020017 ], [ -68.42689067, -11.04063648 ], [ -68.42672501, -11.04127951 ], [ -68.42656013, -11.04173856 ], [ -68.42630269, -11.04207064 ], [ -68.42595136, -11.04258619 ], [ -68.42554175, -11.04312444 ], [ -68.42536568, -11.04347994 ], [ -68.42516661, -11.04376633 ], [ -68.42497924, -11.0440413 ], [ -68.42447716, -11.04442956 ], [ -68.4234861, -11.04486119 ], [ -68.4233465, -11.04484894 ], [ -68.42257857, -11.04481033 ], [ -68.42213604, -11.04487695 ], [ -68.4217056, -11.04484014 ], [ -68.42117051, -11.04477979 ], [ -68.42054194, -11.0448109 ], [ -68.4201112, -11.04484309 ], [ -68.41971577, -11.04478348 ], [ -68.41887865, -11.044595 ], [ -68.41835549, -11.0444657 ], [ -68.4180185, -11.04434891 ], [ -68.41750704, -11.04420818 ], [ -68.41699587, -11.04399846 ], [ -68.41661237, -11.04386991 ], [ -68.41608982, -11.04360264 ], [ -68.41545098, -11.04331174 ], [ -68.41497434, -11.04319418 ], [ -68.4147302, -11.04313538 ], [ -68.41447417, -11.043134 ], [ -68.41411326, -11.04316655 ], [ -68.41376394, -11.04321066 ], [ -68.41350757, -11.04328976 ], [ -68.4131578, -11.04343736 ], [ -68.41305276, -11.04350579 ], [ -68.41293595, -11.04360864 ], [ -68.41269057, -11.04383729 ], [ -68.41250313, -11.04412374 ], [ -68.41230371, -11.04449061 ], [ -68.41213921, -11.04485767 ], [ -68.41195148, -11.04521311 ], [ -68.41177602, -11.04541913 ], [ -68.41149558, -11.04568209 ], [ -68.41127392, -11.04580737 ], [ -68.41099427, -11.04588636 ], [ -68.41085448, -11.0459201 ], [ -68.41065644, -11.04596502 ], [ -68.41037678, -11.046044 ], [ -68.41010868, -11.04614603 ], [ -68.40993366, -11.04624858 ], [ -68.40976995, -11.04643167 ], [ -68.4095943, -11.04668369 ], [ -68.40944251, -11.04679784 ], [ -68.4092771, -11.04737187 ], [ -68.40925338, -11.04747524 ], [ -68.4091476, -11.04771613 ], [ -68.40913468, -11.04801502 ], [ -68.40914587, -11.04811857 ], [ -68.40915691, -11.0482566 ], [ -68.40921391, -11.04853287 ], [ -68.40924734, -11.04887801 ], [ -68.40926893, -11.04926907 ], [ -68.40924412, -11.04962539 ], [ -68.40920673, -11.05020011 ], [ -68.40919375, -11.05051049 ], [ -68.40909852, -11.05100441 ], [ -68.40882892, -11.05145139 ], [ -68.40871209, -11.05155425 ], [ -68.40857209, -11.05163398 ], [ -68.40847874, -11.05169096 ], [ -68.40843209, -11.05171371 ], [ -68.40826887, -11.05178182 ], [ -68.40810584, -11.05180393 ], [ -68.40796608, -11.05182617 ], [ -68.40780295, -11.05187129 ], [ -68.40759292, -11.05199663 ], [ -68.40737106, -11.05216791 ], [ -68.40726577, -11.05229382 ], [ -68.40719516, -11.05247741 ], [ -68.40714786, -11.05264963 ], [ -68.40690099, -11.05322322 ], [ -68.40676048, -11.05341793 ], [ -68.40665544, -11.05348635 ], [ -68.40650381, -11.05356602 ], [ -68.40625847, -11.05378316 ], [ -68.4062232, -11.05386346 ], [ -68.40615253, -11.05405855 ], [ -68.40603481, -11.05436836 ], [ -68.40589471, -11.05447109 ], [ -68.40573123, -11.05459669 ], [ -68.4055216, -11.05463005 ], [ -68.40479955, -11.05474112 ], [ -68.40471784, -11.05479817 ], [ -68.40462434, -11.05488965 ], [ -68.4045181, -11.05523403 ], [ -68.40438948, -11.05537131 ], [ -68.40424903, -11.05555453 ], [ -68.40410918, -11.05559976 ], [ -68.40396928, -11.05565649 ], [ -68.40384115, -11.05567879 ], [ -68.40366633, -11.05573534 ], [ -68.40361959, -11.05578108 ], [ -68.40356104, -11.05586125 ], [ -68.40352578, -11.05594154 ], [ -68.40350211, -11.05603341 ], [ -68.40345486, -11.05619412 ], [ -68.40341965, -11.05626293 ], [ -68.40332625, -11.05633141 ], [ -68.40320937, -11.05644576 ], [ -68.40289484, -11.05651305 ], [ -68.40253417, -11.05648809 ], [ -68.402255, -11.05645208 ], [ -68.40190626, -11.0563582 ], [ -68.40155762, -11.05624132 ], [ -68.40137176, -11.05615982 ], [ -68.4012788, -11.05612482 ], [ -68.40113975, -11.05598608 ], [ -68.4010355, -11.05587053 ], [ -68.40093136, -11.05573199 ], [ -68.40078077, -11.0555702 ], [ -68.40059561, -11.05532772 ], [ -68.40047987, -11.05517761 ], [ -68.4003526, -11.05500444 ], [ -68.40017893, -11.05479653 ], [ -68.39976142, -11.05446081 ], [ -68.39958734, -11.05434487 ], [ -68.39944809, -11.05425213 ], [ -68.39923891, -11.054182 ], [ -68.39906454, -11.05413505 ], [ -68.39877394, -11.05405299 ], [ -68.39854223, -11.05381026 ], [ -68.3984843, -11.05375245 ], [ -68.39836851, -11.05361384 ], [ -68.39836856, -11.05360234 ], [ -68.39813635, -11.05347459 ], [ -68.3980438, -11.05334761 ], [ -68.39754493, -11.05298844 ], [ -68.39721961, -11.05286019 ], [ -68.39688257, -11.05275487 ], [ -68.39637105, -11.0526256 ], [ -68.39611527, -11.05256671 ], [ -68.39581298, -11.05249608 ], [ -68.3954178, -11.05237893 ], [ -68.39509239, -11.05227368 ], [ -68.3946624, -11.05213335 ], [ -68.39368632, -11.05178307 ], [ -68.39290764, -11.05153736 ], [ -68.39260591, -11.05134024 ], [ -68.39245558, -11.05112095 ], [ -68.39225984, -11.05063695 ], [ -68.39221389, -11.05049871 ], [ -68.39200572, -11.05019862 ], [ -68.39152998, -11.04987407 ], [ -68.39137899, -11.04980425 ], [ -68.39113515, -11.04967643 ], [ -68.39048474, -11.04937392 ], [ -68.39012457, -11.04923397 ], [ -68.38990386, -11.04914078 ], [ -68.38936938, -11.04894238 ], [ -68.38921825, -11.04890706 ], [ -68.38909033, -11.04888336 ], [ -68.38890438, -11.04882486 ], [ -68.38877672, -11.04874367 ], [ -68.38873042, -11.04868592 ], [ -68.38849932, -11.04830521 ], [ -68.38834909, -11.04806292 ], [ -68.38816385, -11.04784344 ], [ -68.38803644, -11.04770476 ], [ -68.38777029, -11.04735835 ], [ -68.38764343, -11.04709319 ], [ -68.38756293, -11.04687428 ], [ -68.38750574, -11.046644 ], [ -68.38744816, -11.04650571 ], [ -68.38732106, -11.04629804 ], [ -68.3871822, -11.04611331 ], [ -68.38702039, -11.04585946 ], [ -68.38691626, -11.0457209 ], [ -68.38675429, -11.04550154 ], [ -68.38659237, -11.04527069 ], [ -68.38651232, -11.0449483 ], [ -68.38647782, -11.04485612 ], [ -68.38644381, -11.04464896 ], [ -68.38642124, -11.04448786 ], [ -68.38644471, -11.04444199 ], [ -68.38650462, -11.04405138 ], [ -68.3865167, -11.04394796 ], [ -68.38656437, -11.04369526 ], [ -68.38662396, -11.04337363 ], [ -68.38663611, -11.04325871 ], [ -68.38663656, -11.04315523 ], [ -68.38702292, -11.04262842 ], [ -68.3876204, -11.04172332 ], [ -68.38773743, -11.04157448 ], [ -68.38778418, -11.04152874 ], [ -68.3879125, -11.04146045 ], [ -68.38800574, -11.04142647 ], [ -68.38822736, -11.04131269 ], [ -68.38832081, -11.04123272 ], [ -68.38853149, -11.04095791 ], [ -68.38857849, -11.04085469 ], [ -68.3886261, -11.04061347 ], [ -68.38862676, -11.04046401 ], [ -68.38861573, -11.04032596 ], [ -68.38856993, -11.04015323 ], [ -68.38853547, -11.04004956 ], [ -68.38847809, -11.03986528 ], [ -68.38837497, -11.03949676 ], [ -68.38836383, -11.03938171 ], [ -68.38834101, -11.03927811 ], [ -68.38829531, -11.03908238 ], [ -68.38823798, -11.03888659 ], [ -68.38820422, -11.03862195 ], [ -68.3881934, -11.03843791 ], [ -68.38827813, -11.03769098 ], [ -68.38834901, -11.03744991 ], [ -68.3885146, -11.03684139 ], [ -68.38870537, -11.03579608 ], [ -68.38876457, -11.03556644 ], [ -68.38878945, -11.03519863 ], [ -68.38874415, -11.03491092 ], [ -68.38856058, -11.034312 ], [ -68.3885028, -11.0342197 ], [ -68.38829483, -11.0338736 ], [ -68.38822567, -11.03372375 ], [ -68.3880292, -11.03341221 ], [ -68.38770562, -11.03289302 ], [ -68.38749792, -11.03248943 ], [ -68.38741736, -11.03228202 ], [ -68.38733873, -11.03163768 ], [ -68.38731787, -11.03108565 ], [ -68.38737913, -11.03038458 ], [ -68.38746224, -11.03000558 ], [ -68.38750985, -11.02976438 ], [ -68.38767559, -11.02912138 ], [ -68.3877705, -11.02870795 ], [ -68.38785326, -11.02840945 ], [ -68.38793608, -11.02809944 ], [ -68.38814876, -11.02736472 ], [ -68.38823118, -11.02714669 ], [ -68.38832588, -11.02677927 ], [ -68.38838653, -11.02621617 ], [ -68.38837615, -11.02592865 ], [ -68.38825086, -11.02530705 ], [ -68.38818189, -11.0251112 ], [ -68.38809001, -11.02483474 ], [ -68.3879408, -11.02436249 ], [ -68.38783758, -11.02401697 ], [ -68.38771133, -11.02361384 ], [ -68.38751582, -11.02308384 ], [ -68.38736581, -11.02279556 ], [ -68.38731956, -11.02272632 ], [ -68.38722748, -11.02249584 ], [ -68.38719317, -11.02235767 ], [ -68.38699665, -11.02205764 ], [ -68.38688119, -11.02185004 ], [ -68.38648737, -11.02143394 ], [ -68.38605882, -11.02097165 ], [ -68.38565336, -11.02055549 ], [ -68.38524744, -11.02024281 ], [ -68.38449233, -11.01995121 ], [ -68.38432931, -11.01997332 ], [ -68.38385287, -11.01982122 ], [ -68.38310874, -11.01967916 ], [ -68.38276019, -11.01955077 ], [ -68.38243483, -11.01944549 ], [ -68.38219077, -11.01937516 ], [ -68.38174924, -11.01922326 ], [ -68.38140084, -11.01906037 ], [ -68.38109901, -11.01889773 ], [ -68.3808087, -11.01875816 ], [ -68.38027484, -11.01843327 ], [ -68.37972985, -11.01799333 ], [ -68.37943996, -11.01776177 ], [ -68.37909212, -11.0174724 ], [ -68.37881361, -11.01729839 ], [ -68.37851202, -11.01707826 ], [ -68.37807147, -11.01670789 ], [ -68.37794397, -11.0165922 ], [ -68.37768888, -11.01638383 ], [ -68.37734101, -11.01610596 ], [ -68.3768539, -11.01573533 ], [ -68.37638997, -11.01538781 ], [ -68.37589103, -11.01506311 ], [ -68.37548477, -11.0148309 ], [ -68.37520611, -11.01469139 ], [ -68.37490397, -11.01459773 ], [ -68.37465992, -11.0145274 ], [ -68.37440402, -11.01450299 ], [ -68.37418298, -11.01449028 ], [ -68.37378729, -11.01449959 ], [ -68.37358933, -11.014533 ], [ -68.37318201, -11.01454225 ], [ -68.37254237, -11.01445822 ], [ -68.37226309, -11.01445668 ], [ -68.37185644, -11.01431645 ], [ -68.37164744, -11.01421181 ], [ -68.37134546, -11.01408367 ], [ -68.3711479, -11.01402508 ], [ -68.37043844, -11.01394067 ], [ -68.37025236, -11.01391665 ], [ -68.36975251, -11.0137989 ], [ -68.369427, -11.01372811 ], [ -68.36898524, -11.01363368 ], [ -68.36861329, -11.01353963 ], [ -68.36836938, -11.01343479 ], [ -68.36804413, -11.01330651 ], [ -68.36777726, -11.01313256 ], [ -68.36755668, -11.01301635 ], [ -68.36739428, -11.01290048 ], [ -68.36717412, -11.01269228 ], [ -68.36700044, -11.01249585 ], [ -68.36689648, -11.0123228 ], [ -68.36678089, -11.01214968 ], [ -68.36665376, -11.01195351 ], [ -68.36643395, -11.01166483 ], [ -68.36635311, -11.0115264 ], [ -68.36619123, -11.01129553 ], [ -68.36612197, -11.01116867 ], [ -68.36605256, -11.0110763 ], [ -68.36566985, -11.01078672 ], [ -68.36541452, -11.01063582 ], [ -68.36520559, -11.01051968 ], [ -68.36492662, -11.01044914 ], [ -68.36470569, -11.01041343 ], [ -68.36440361, -11.01030826 ], [ -68.3642178, -11.01022674 ], [ -68.3638807, -11.01014439 ], [ -68.36333417, -11.01006087 ], [ -68.36306654, -11.01005938 ], [ -68.36264759, -11.01006855 ], [ -68.36222863, -11.01007772 ], [ -68.36156268, -11.00998295 ], [ -68.36052343, -11.00956478 ], [ -68.35973119, -11.00909797 ], [ -68.35910864, -11.00883931 ], [ -68.35839536, -11.00857312 ], [ -68.35791885, -11.00844398 ], [ -68.35744238, -11.00830335 ], [ -68.35703569, -11.0081746 ], [ -68.35658245, -11.0080456 ], [ -68.35636189, -11.00792939 ], [ -68.35619919, -11.00788249 ], [ -68.3560249, -11.00782402 ], [ -68.35571109, -11.00774178 ], [ -68.35521616, -11.00769261 ], [ -68.3548851, -11.00770268 ], [ -68.3540575, -11.00802002 ], [ -68.35390613, -11.00804217 ], [ -68.35347544, -11.00807426 ], [ -68.35326599, -11.00807309 ], [ -68.35304522, -11.00800287 ], [ -68.35274345, -11.00782871 ], [ -68.35261607, -11.00769002 ], [ -68.35248855, -11.00758582 ], [ -68.35233795, -11.0074355 ], [ -68.35219873, -11.00734274 ], [ -68.35173381, -11.00722515 ], [ -68.35152457, -11.00717799 ], [ -68.35140826, -11.00716584 ], [ -68.35129206, -11.0071307 ], [ -68.35119897, -11.00713017 ], [ -68.35102459, -11.0070947 ], [ -68.35074512, -11.00713913 ], [ -68.35057042, -11.00717266 ], [ -68.34985985, -11.00734116 ], [ -68.34966158, -11.00744353 ], [ -68.34900852, -11.00776183 ], [ -68.34874063, -11.00781782 ], [ -68.34853108, -11.00783965 ], [ -68.34839134, -11.00786186 ], [ -68.34799567, -11.00787114 ], [ -68.34769281, -11.00793844 ], [ -68.34742467, -11.00805192 ], [ -68.34710993, -11.00817664 ], [ -68.34697015, -11.00821035 ], [ -68.34667883, -11.0083007 ], [ -68.34593273, -11.00860698 ], [ -68.34580458, -11.00864075 ], [ -68.34523379, -11.00877553 ], [ -68.344395, -11.00898929 ], [ -68.34424343, -11.00905743 ], [ -68.34389435, -11.00905547 ], [ -68.34367363, -11.00897374 ], [ -68.34358085, -11.00890423 ], [ -68.34337218, -11.00873058 ], [ -68.34322133, -11.00863775 ], [ -68.34316326, -11.00861443 ], [ -68.34311682, -11.00859117 ], [ -68.34284918, -11.00858967 ], [ -68.34274431, -11.00862357 ], [ -68.34245273, -11.00877142 ], [ -68.3422198, -11.0088161 ], [ -68.34211503, -11.00882701 ], [ -68.34183618, -11.00873346 ], [ -68.34167385, -11.00860606 ], [ -68.34159276, -11.00852511 ], [ -68.34148893, -11.00832906 ], [ -68.34145427, -11.00827137 ], [ -68.34124602, -11.00800574 ], [ -68.34093268, -11.00782001 ], [ -68.34068879, -11.00771515 ], [ -68.34001329, -11.00784933 ], [ -68.33975714, -11.00788238 ], [ -68.33938437, -11.00797227 ], [ -68.33922126, -11.00801735 ], [ -68.33890646, -11.00815355 ], [ -68.33847453, -11.00846157 ], [ -68.33840456, -11.00849567 ], [ -68.33801988, -11.00864298 ], [ -68.33703047, -11.0087179 ], [ -68.33648231, -11.00899077 ], [ -68.33624839, -11.00925391 ], [ -68.33606122, -11.00947132 ], [ -68.3358618, -11.00982664 ], [ -68.33586023, -11.01017159 ], [ -68.33585976, -11.01027507 ], [ -68.33593807, -11.01096541 ], [ -68.33600658, -11.01125325 ], [ -68.33607498, -11.01156409 ], [ -68.3361317, -11.01188637 ], [ -68.33622395, -11.01207086 ], [ -68.33629236, -11.0123817 ], [ -68.33637271, -11.01262362 ], [ -68.33647629, -11.01287716 ], [ -68.3366133, -11.01345285 ], [ -68.33662338, -11.01379786 ], [ -68.3365274, -11.01442973 ], [ -68.33645639, -11.01469378 ], [ -68.33633856, -11.01501507 ], [ -68.33595252, -11.01546133 ], [ -68.33556821, -11.01552815 ], [ -68.33522998, -11.01569872 ], [ -68.33476458, -11.0156846 ], [ -68.33419508, -11.0155319 ], [ -68.33392724, -11.01557638 ], [ -68.33358938, -11.01566646 ], [ -68.33312377, -11.01569832 ], [ -68.33285614, -11.01569681 ], [ -68.33255343, -11.01572959 ], [ -68.33229722, -11.01577414 ], [ -68.33209936, -11.01578452 ], [ -68.33172658, -11.0158744 ], [ -68.33164508, -11.01588544 ], [ -68.33141251, -11.01584963 ], [ -68.33095958, -11.01565159 ], [ -68.33076234, -11.01552399 ], [ -68.33041436, -11.01528056 ], [ -68.33025224, -11.01510717 ], [ -68.32981259, -11.01455276 ], [ -68.32970855, -11.0144027 ], [ -68.32926878, -11.01387128 ], [ -68.32912994, -11.01369802 ], [ -68.32896804, -11.01347863 ], [ -68.3287253, -11.01312081 ], [ -68.32866734, -11.01307449 ], [ -68.32844699, -11.01291227 ], [ -68.32823785, -11.01284209 ], [ -68.32776098, -11.0127934 ], [ -68.32758644, -11.01279241 ], [ -68.32724899, -11.01279049 ], [ -68.32709777, -11.01277814 ], [ -68.3269583, -11.01274285 ], [ -68.32667967, -11.01260329 ], [ -68.32656388, -11.01247615 ], [ -68.32648301, -11.01234921 ], [ -68.32637976, -11.01202668 ], [ -68.3262992, -11.01183075 ], [ -68.32618368, -11.01164612 ], [ -68.32609113, -11.01153061 ], [ -68.32602183, -11.01141524 ], [ -68.32590621, -11.0112536 ], [ -68.32582518, -11.01116116 ], [ -68.32570951, -11.01101102 ], [ -68.32561695, -11.01089551 ], [ -68.32550106, -11.01079137 ], [ -68.32540834, -11.01071036 ], [ -68.32538591, -11.01052626 ], [ -68.32534016, -11.01035353 ], [ -68.32530603, -11.01018086 ], [ -68.32529487, -11.01007731 ], [ -68.32527255, -11.00987021 ], [ -68.32521585, -11.00954794 ], [ -68.32505584, -11.00891463 ], [ -68.32498719, -11.00866128 ], [ -68.32498772, -11.00854629 ], [ -68.3249884, -11.00839682 ], [ -68.32500104, -11.00817842 ], [ -68.325015, -11.00767258 ], [ -68.32501584, -11.00748861 ], [ -68.32498162, -11.00733894 ], [ -68.32489005, -11.00700496 ], [ -68.32476312, -11.00677428 ], [ -68.3246018, -11.00642842 ], [ -68.32448634, -11.00623229 ], [ -68.32434781, -11.00599004 ], [ -68.32415111, -11.00574745 ], [ -68.32397742, -11.0055625 ], [ -68.32375734, -11.00534278 ], [ -68.32340963, -11.00504185 ], [ -68.32321257, -11.00487976 ], [ -68.32296906, -11.00469439 ], [ -68.32272566, -11.00448604 ], [ -68.32243571, -11.00427743 ], [ -68.32218057, -11.00409201 ], [ -68.32213865, -11.00405909 ], [ -68.31415121, -11.00031975 ], [ -68.31172476, -10.99918374 ], [ -68.31169122, -10.99915671 ], [ -68.31156204, -10.99902839 ], [ -68.31141985, -10.99886301 ], [ -68.31113399, -10.9984642 ], [ -68.31102273, -10.99825749 ], [ -68.31091512, -10.99808765 ], [ -68.31079656, -10.99781458 ], [ -68.31074488, -10.99761537 ], [ -68.31065996, -10.99729812 ], [ -68.31062338, -10.99701048 ], [ -68.31052396, -10.99651623 ], [ -68.31030875, -10.99612301 ], [ -68.31021601, -10.99600677 ], [ -68.31009433, -10.99592367 ], [ -68.30998906, -10.99590303 ], [ -68.30987743, -10.99585854 ], [ -68.30975842, -10.99578454 ], [ -68.30959486, -10.99564407 ], [ -68.30947587, -10.9955627 ], [ -68.30932721, -10.99542963 ], [ -68.30875817, -10.99508179 ], [ -68.30857969, -10.99495603 ], [ -68.30781697, -10.99461512 ], [ -68.30735162, -10.99452558 ], [ -68.30721823, -10.99453188 ], [ -68.30681219, -10.99455906 ], [ -68.30658127, -10.9945659 ], [ -68.30632795, -10.99458745 ], [ -68.3055196, -10.99465196 ], [ -68.30474871, -10.99462071 ], [ -68.30411973, -10.99442756 ], [ -68.30388164, -10.99430905 ], [ -68.30305159, -10.99409332 ], [ -68.30275762, -10.99398204 ], [ -68.30263842, -10.99398914 ], [ -68.30244457, -10.99406244 ], [ -68.30226566, -10.994121 ], [ -68.30189682, -10.99417177 ], [ -68.30165851, -10.9941491 ], [ -68.30140545, -10.99406004 ], [ -68.30102246, -10.99379372 ], [ -68.30076977, -10.99354982 ], [ -68.3004761, -10.9933132 ], [ -68.30031995, -10.99319487 ], [ -68.30011152, -10.9931354 ], [ -68.29997744, -10.99313509 ], [ -68.29974283, -10.9931198 ], [ -68.29951925, -10.99317091 ], [ -68.29925083, -10.99328089 ], [ -68.2990644, -10.99336894 ], [ -68.29882218, -10.99342737 ], [ -68.29866571, -10.99344175 ], [ -68.29841245, -10.99344117 ], [ -68.29818912, -10.99338167 ], [ -68.29776858, -10.99324798 ], [ -68.29761232, -10.99317388 ], [ -68.29741869, -10.99315869 ], [ -68.29694595, -10.993047 ], [ -68.29673761, -10.99295066 ], [ -68.29651448, -10.99281005 ], [ -68.29610163, -10.99257315 ], [ -68.2959602, -10.99252858 ], [ -68.29582616, -10.99251352 ], [ -68.29563255, -10.99249096 ], [ -68.29533853, -10.99240179 ], [ -68.29515999, -10.99230553 ], [ -68.2950113, -10.99217984 ], [ -68.29472124, -10.99199483 ], [ -68.29431596, -10.99170633 ], [ -68.29409273, -10.99160995 ], [ -68.29386951, -10.99150621 ], [ -68.29320345, -10.9912466 ], [ -68.29292803, -10.99117223 ], [ -68.29245531, -10.99105316 ], [ -68.29209044, -10.99100069 ], [ -68.29132216, -10.99087179 ], [ -68.29062321, -10.99092354 ], [ -68.2904294, -10.99098208 ], [ -68.28997086, -10.99116534 ], [ -68.28974695, -10.99134916 ], [ -68.28960487, -10.9915774 ], [ -68.28929444, -10.99212231 ], [ -68.28906586, -10.99270427 ], [ -68.28883784, -10.99305028 ], [ -68.28871824, -10.99322696 ], [ -68.28843066, -10.99355809 ], [ -68.28822171, -10.99371982 ], [ -68.28791216, -10.99389605 ], [ -68.28768105, -10.99397662 ], [ -68.28746497, -10.9940056 ], [ -68.28708154, -10.99398939 ], [ -68.28680241, -10.99395535 ], [ -68.28662979, -10.99392661 ], [ -68.28597744, -10.99382261 ], [ -68.28569083, -10.99375419 ], [ -68.28545275, -10.99363566 ], [ -68.28521465, -10.9935245 ], [ -68.28483331, -10.99334371 ], [ -68.28453899, -10.99316051 ], [ -68.28430715, -10.9930225 ], [ -68.28388681, -10.99280768 ], [ -68.28362438, -10.99266968 ], [ -68.28338452, -10.9925764 ], [ -68.28279281, -10.9923833 ], [ -68.28271893, -10.99236249 ], [ -68.28236528, -10.9922939 ], [ -68.28214186, -10.99227126 ], [ -68.28191841, -10.99227073 ], [ -68.28165396, -10.99227747 ], [ -68.28152736, -10.99226244 ], [ -68.28138596, -10.99221048 ], [ -68.28122234, -10.99210688 ], [ -68.28098434, -10.99195884 ], [ -68.28048973, -10.99165537 ], [ -68.28025915, -10.99151473 ], [ -68.28002115, -10.9913667 ], [ -68.2794521, -10.99104093 ], [ -68.27923634, -10.99093719 ], [ -68.27903166, -10.99087034 ], [ -68.27881568, -10.99085508 ], [ -68.27859967, -10.99085457 ], [ -68.27833905, -10.99081709 ], [ -68.27747323, -10.99065039 ], [ -68.27700682, -10.99036415 ], [ -68.27666472, -10.99014214 ], [ -68.27608124, -10.989632 ], [ -68.27546813, -10.98904804 ], [ -68.27492197, -10.98850849 ], [ -68.27458405, -10.98810215 ], [ -68.2743612, -10.98785093 ], [ -68.27409771, -10.98746688 ], [ -68.27397173, -10.98720114 ], [ -68.27382095, -10.98681193 ], [ -68.27370856, -10.98658284 ], [ -68.27350497, -10.98617514 ], [ -68.27337713, -10.98592124 ], [ -68.27318301, -10.98540003 ], [ -68.27315901, -10.98509559 ], [ -68.2731624, -10.98483955 ], [ -68.27317675, -10.984579 ], [ -68.27325175, -10.98432857 ], [ -68.27346167, -10.9839896 ], [ -68.27359696, -10.9838619 ], [ -68.27386466, -10.98366096 ], [ -68.27402905, -10.98355148 ], [ -68.27414099, -10.98346327 ], [ -68.27429033, -10.98331617 ], [ -68.27443607, -10.98311744 ], [ -68.27451861, -10.98286694 ], [ -68.27452647, -10.98269737 ], [ -68.27453846, -10.9823656 ], [ -68.27450913, -10.98217382 ], [ -68.27442404, -10.98193767 ], [ -68.27423839, -10.98170866 ], [ -68.2740267, -10.98146484 ], [ -68.27378132, -10.98129466 ], [ -68.27347623, -10.98116859 ], [ -68.27278041, -10.98091623 ], [ -68.27252007, -10.98076815 ], [ -68.27184676, -10.98044948 ], [ -68.27155674, -10.98025709 ], [ -68.27088365, -10.97984994 ], [ -68.27064571, -10.97967979 ], [ -68.26990587, -10.97915451 ], [ -68.26947837, -10.97883643 ], [ -68.26927782, -10.97860738 ], [ -68.26883569, -10.97817866 ], [ -68.26859782, -10.97798638 ], [ -68.26830408, -10.97779397 ], [ -68.26804369, -10.97766799 ], [ -68.26779811, -10.97757892 ], [ -68.26731824, -10.97735657 ], [ -68.26700562, -10.97726734 ], [ -68.26662962, -10.97720745 ], [ -68.26636889, -10.97722157 ], [ -68.26609317, -10.97727251 ], [ -68.26548565, -10.97746276 ], [ -68.26521718, -10.97759483 ], [ -68.26440799, -10.97801315 ], [ -68.26398654, -10.97826283 ], [ -68.26317131, -10.97814628 ], [ -68.2628041, -10.97792737 ], [ -68.26251079, -10.97756328 ], [ -68.26199683, -10.97719866 ], [ -68.26155643, -10.97683422 ], [ -68.26089555, -10.97639657 ], [ -68.26038123, -10.97617729 ], [ -68.2601613, -10.97588606 ], [ -68.26001474, -10.97566768 ], [ -68.25994246, -10.97515878 ], [ -68.25979753, -10.97428632 ], [ -68.25921202, -10.9731221 ], [ -68.25884517, -10.97275783 ], [ -68.25818449, -10.9722475 ], [ -68.25737634, -10.97188216 ], [ -68.25634828, -10.97122558 ], [ -68.25612854, -10.97086166 ], [ -68.25568815, -10.97049722 ], [ -68.25546859, -10.97006063 ], [ -68.25546986, -10.96955191 ], [ -68.25510357, -10.96896961 ], [ -68.25392915, -10.96802197 ], [ -68.25347657, -10.96763326 ], [ -68.25303619, -10.9672688 ], [ -68.25252262, -10.96675882 ], [ -68.2516934, -10.96636068 ], [ -68.25163468, -10.96633225 ], [ -68.25144431, -10.96622936 ], [ -68.2510944, -10.965998 ], [ -68.25094252, -10.96591363 ], [ -68.25078353, -10.96582462 ], [ -68.25056047, -10.96575321 ], [ -68.25040672, -10.96572232 ], [ -68.25029993, -10.96569416 ], [ -68.25018807, -10.96561978 ], [ -68.25000062, -10.96550627 ], [ -68.24987115, -10.96542786 ], [ -68.24970758, -10.96533144 ], [ -68.24955838, -10.96524049 ], [ -68.24938765, -10.96518025 ], [ -68.24918226, -10.96517159 ], [ -68.24848906, -10.96507744 ], [ -68.24831186, -10.96506997 ], [ -68.24788767, -10.96496884 ], [ -68.24771899, -10.96490144 ], [ -68.24759099, -10.9648413 ], [ -68.24707708, -10.96464583 ], [ -68.24688093, -10.96459224 ], [ -68.24669177, -10.96459178 ], [ -68.24627397, -10.96455966 ], [ -68.24614033, -10.9645151 ], [ -68.24598532, -10.96446086 ], [ -68.24575366, -10.96440106 ], [ -68.24560463, -10.96432052 ], [ -68.24546485, -10.96422095 ], [ -68.24529354, -10.96407152 ], [ -68.24501357, -10.96382381 ], [ -68.24485553, -10.96359083 ], [ -68.24468065, -10.96333283 ], [ -68.24452237, -10.96306215 ], [ -68.24434205, -10.96282371 ], [ -68.24420412, -10.96266042 ], [ -68.24403959, -10.96254761 ], [ -68.24385005, -10.96249488 ], [ -68.24363107, -10.96249907 ], [ -68.24341521, -10.96255203 ], [ -68.24320135, -10.96264988 ], [ -68.24310664, -10.96267897 ], [ -68.24303497, -10.96268973 ], [ -68.24292335, -10.96269209 ], [ -68.24281418, -10.96265412 ], [ -68.24270577, -10.96256511 ], [ -68.24257466, -10.96247795 ], [ -68.24244076, -10.96235927 ], [ -68.24227099, -10.9622464 ], [ -68.24197957, -10.96206835 ], [ -68.24182097, -10.96194316 ], [ -68.24167668, -10.96178623 ], [ -68.24161016, -10.96168672 ], [ -68.24158559, -10.96152561 ], [ -68.24153536, -10.96132419 ], [ -68.24152674, -10.96122286 ], [ -68.24143602, -10.96102153 ], [ -68.24128792, -10.96085542 ], [ -68.24110858, -10.96071426 ], [ -68.24080278, -10.96061363 ], [ -68.24062926, -10.96053829 ], [ -68.24043486, -10.96047991 ], [ -68.24017341, -10.96050607 ], [ -68.23974596, -10.96059057 ], [ -68.23949773, -10.96073747 ], [ -68.23927044, -10.96086113 ], [ -68.23921454, -10.96090521 ], [ -68.23917617, -10.96092409 ], [ -68.23914404, -10.96095574 ], [ -68.23891352, -10.96108178 ], [ -68.2387953, -10.96112825 ], [ -68.23865413, -10.96115329 ], [ -68.23855371, -10.96116961 ], [ -68.23846637, -10.9611982 ], [ -68.23813446, -10.96125101 ], [ -68.23795395, -10.96128635 ], [ -68.23781534, -10.9612991 ], [ -68.23755682, -10.96129846 ], [ -68.23711513, -10.96118253 ], [ -68.23690408, -10.96111441 ], [ -68.23665722, -10.96098475 ], [ -68.23648104, -10.96081887 ], [ -68.23634319, -10.9606608 ], [ -68.23619715, -10.96046223 ], [ -68.2360741, -10.9601651 ], [ -68.2359674, -10.9598592 ], [ -68.2358659, -10.95945576 ], [ -68.23580962, -10.95923718 ], [ -68.23575154, -10.95876269 ], [ -68.23561764, -10.9581691 ], [ -68.23552005, -10.95763952 ], [ -68.23555511, -10.95731029 ], [ -68.235587, -10.9570928 ], [ -68.23558077, -10.95657065 ], [ -68.23560503, -10.95613115 ], [ -68.23556982, -10.95592731 ], [ -68.23544711, -10.95556287 ], [ -68.23540138, -10.95542566 ], [ -68.23518426, -10.95486818 ], [ -68.23496124, -10.95432966 ], [ -68.23473342, -10.95381001 ], [ -68.2344392, -10.95329991 ], [ -68.23435694, -10.95307718 ], [ -68.23428805, -10.95286352 ], [ -68.23423278, -10.95253987 ], [ -68.23421472, -10.95231816 ], [ -68.23419816, -10.95229625 ], [ -68.23421469, -10.95213678 ], [ -68.23417808, -10.95210037 ], [ -68.23417439, -10.95208185 ], [ -68.23414206, -10.95191973 ], [ -68.23406788, -10.95174218 ], [ -68.23402455, -10.9515687 ], [ -68.23387951, -10.9512216 ], [ -68.23383362, -10.95103786 ], [ -68.23384196, -10.95098106 ], [ -68.2338849, -10.95081284 ], [ -68.23378491, -10.9505969 ], [ -68.23377358, -10.95043396 ], [ -68.23377418, -10.95019742 ], [ -68.23370146, -10.94963928 ], [ -68.23368665, -10.94948877 ], [ -68.23365352, -10.94932261 ], [ -68.23350719, -10.94891365 ], [ -68.23346607, -10.94874903 ], [ -68.23337392, -10.94837579 ], [ -68.23336525, -10.94825092 ], [ -68.23312143, -10.94777674 ], [ -68.23297046, -10.94761736 ], [ -68.2326868, -10.94737657 ], [ -68.23260509, -10.94730892 ], [ -68.23248719, -10.94725018 ], [ -68.23228633, -10.94718334 ], [ -68.23208978, -10.94715038 ], [ -68.23189967, -10.94713423 ], [ -68.23171696, -10.94713377 ], [ -68.23152674, -10.94713329 ], [ -68.23135156, -10.94716174 ], [ -68.231264, -10.94716152 ], [ -68.23108882, -10.94718997 ], [ -68.23101639, -10.94718979 ], [ -68.23091371, -10.94718953 ], [ -68.23073854, -10.94721798 ], [ -68.23065548, -10.94721777 ], [ -68.23009393, -10.94728121 ], [ -68.22994775, -10.94730844 ], [ -68.22986266, -10.94730822 ], [ -68.22955861, -10.94732541 ], [ -68.22942631, -10.94731194 ], [ -68.2292705, -10.94729223 ], [ -68.22914807, -10.94724713 ], [ -68.2290526, -10.94721273 ], [ -68.22879182, -10.9470626 ], [ -68.22861446, -10.94690787 ], [ -68.22850059, -10.94683969 ], [ -68.22846689, -10.94676489 ], [ -68.22841344, -10.94643829 ], [ -68.22840028, -10.94622038 ], [ -68.22841483, -10.9459167 ], [ -68.2284509, -10.94575761 ], [ -68.22853993, -10.94559772 ], [ -68.22862736, -10.94546504 ], [ -68.22874488, -10.9453273 ], [ -68.22875395, -10.94531458 ], [ -68.22879292, -10.94527619 ], [ -68.22881579, -10.94523118 ], [ -68.22885799, -10.94516885 ], [ -68.22889543, -10.94513197 ], [ -68.22891399, -10.94509546 ], [ -68.22909944, -10.94487518 ], [ -68.22928696, -10.94467469 ], [ -68.22938234, -10.94452572 ], [ -68.22966203, -10.94414907 ], [ -68.22977153, -10.94395626 ], [ -68.23007, -10.94345219 ], [ -68.23040325, -10.94289573 ], [ -68.2305383, -10.94261845 ], [ -68.23065891, -10.94241555 ], [ -68.23096306, -10.94196922 ], [ -68.23102697, -10.94183423 ], [ -68.23113156, -10.94149812 ], [ -68.23116774, -10.94130542 ], [ -68.23120012, -10.94111594 ], [ -68.23120033, -10.94103726 ], [ -68.23116105, -10.94088369 ], [ -68.23114357, -10.94071481 ], [ -68.23101253, -10.94050563 ], [ -68.23084303, -10.94020041 ], [ -68.2307691, -10.94007502 ], [ -68.23067995, -10.93991189 ], [ -68.23053229, -10.93966284 ], [ -68.23044599, -10.93940378 ], [ -68.23029501, -10.93909038 ], [ -68.23017082, -10.93890043 ], [ -68.22996705, -10.93866206 ], [ -68.2297149, -10.93839543 ], [ -68.22925815, -10.9379657 ], [ -68.22912749, -10.937808 ], [ -68.2289478, -10.93756332 ], [ -68.22883662, -10.93732735 ], [ -68.22871942, -10.93701198 ], [ -68.22861475, -10.93646627 ], [ -68.22869696, -10.93614117 ], [ -68.22878377, -10.93563443 ], [ -68.22887069, -10.93508545 ], [ -68.22887222, -10.934494 ], [ -68.22895935, -10.93386053 ], [ -68.22896055, -10.93339582 ], [ -68.2288335, -10.93293079 ], [ -68.22853502, -10.93263431 ], [ -68.22823633, -10.93242232 ], [ -68.22789466, -10.93229472 ], [ -68.22768135, -10.9321252 ], [ -68.22755376, -10.9318714 ], [ -68.22755419, -10.93170241 ], [ -68.22781178, -10.9312806 ], [ -68.2280264, -10.93094317 ], [ -68.22824091, -10.93064799 ], [ -68.22828431, -10.93039462 ], [ -68.22824277, -10.9299298 ], [ -68.22820122, -10.92946499 ], [ -68.22815912, -10.9292114 ], [ -68.22815302, -10.92881709 ], [ -68.22828214, -10.92847944 ], [ -68.22853972, -10.92805763 ], [ -68.22871159, -10.92772009 ], [ -68.22871224, -10.92746661 ], [ -68.22896939, -10.92721378 ], [ -68.22909861, -10.92683389 ], [ -68.22918498, -10.92649614 ], [ -68.2290575, -10.92620009 ], [ -68.22880144, -10.92603046 ], [ -68.22854484, -10.92607206 ], [ -68.22811703, -10.92619772 ], [ -68.22777439, -10.92645033 ], [ -68.22743208, -10.92657621 ], [ -68.2271758, -10.92649107 ], [ -68.22700569, -10.92615267 ], [ -68.22709217, -10.92577267 ], [ -68.22726392, -10.92547738 ], [ -68.22752107, -10.92522455 ], [ -68.22764975, -10.92505589 ], [ -68.22781431, -10.92478874 ], [ -68.22794386, -10.92428211 ], [ -68.22824397, -10.9239449 ], [ -68.22833078, -10.92343816 ], [ -68.22820363, -10.92301537 ], [ -68.22794747, -10.92288799 ], [ -68.22756306, -10.92276028 ], [ -68.22730723, -10.92250616 ], [ -68.22709393, -10.92233663 ], [ -68.22675271, -10.92204004 ], [ -68.22641182, -10.92161672 ], [ -68.22598577, -10.92106644 ], [ -68.22580867, -10.92067169 ], [ -68.22534719, -10.91965808 ], [ -68.22509419, -10.91918211 ], [ -68.22485334, -10.91865358 ], [ -68.22470448, -10.91828874 ], [ -68.22464763, -10.91804621 ], [ -68.22455372, -10.91772425 ], [ -68.2245208, -10.91749814 ], [ -68.2245214, -10.91726802 ], [ -68.2245585, -10.91699374 ], [ -68.22460577, -10.91638559 ], [ -68.22459978, -10.91578101 ], [ -68.22459296, -10.91550894 ], [ -68.22458484, -10.9152658 ], [ -68.22447909, -10.91503052 ], [ -68.22438007, -10.91490898 ], [ -68.22432401, -10.91479702 ], [ -68.22423563, -10.9146688 ], [ -68.22400227, -10.91432346 ], [ -68.22382797, -10.91415793 ], [ -68.22364197, -10.91400068 ], [ -68.22346087, -10.91389069 ], [ -68.22329987, -10.91378627 ], [ -68.22311997, -10.91371273 ], [ -68.22289732, -10.91362207 ], [ -68.22250441, -10.91356827 ], [ -68.22221944, -10.91356755 ], [ -68.22209819, -10.91356306 ], [ -68.22195821, -10.91354884 ], [ -68.22180977, -10.91353376 ], [ -68.22144558, -10.91350702 ], [ -68.22125931, -10.91348601 ], [ -68.2210969, -10.91344691 ], [ -68.22085895, -10.91335232 ], [ -68.22071561, -10.91327029 ], [ -68.22068423, -10.91325983 ], [ -68.22067628, -10.913244 ], [ -68.22060288, -10.91320743 ], [ -68.22056865, -10.91318471 ], [ -68.22052495, -10.91315569 ], [ -68.22048744, -10.9131308 ], [ -68.2201564, -10.91286992 ], [ -68.21996482, -10.91265499 ], [ -68.21986452, -10.91251744 ], [ -68.21979582, -10.91234576 ], [ -68.21969127, -10.91214044 ], [ -68.21965419, -10.91197284 ], [ -68.21963414, -10.91178253 ], [ -68.21962066, -10.91132032 ], [ -68.21961474, -10.91104696 ], [ -68.21965336, -10.91093839 ], [ -68.2197438, -10.91074531 ], [ -68.21988299, -10.91063657 ], [ -68.22009992, -10.91049389 ], [ -68.2201816, -10.91044153 ], [ -68.22018537, -10.9104378 ], [ -68.22019978, -10.91043784 ], [ -68.22031747, -10.91035091 ], [ -68.22040516, -10.9102645 ], [ -68.22052642, -10.91012346 ], [ -68.22054589, -10.91008889 ], [ -68.22069283, -10.90990764 ], [ -68.22075948, -10.90969237 ], [ -68.22080293, -10.90942105 ], [ -68.2207864, -10.90923961 ], [ -68.22077813, -10.90906336 ], [ -68.22068479, -10.90886755 ], [ -68.22051251, -10.90857959 ], [ -68.22030872, -10.90843439 ], [ -68.22013642, -10.90836189 ], [ -68.21992638, -10.90830696 ], [ -68.21964283, -10.90831967 ], [ -68.21932133, -10.90845774 ], [ -68.21913428, -10.90858323 ], [ -68.21901879, -10.90865518 ], [ -68.21898909, -10.9086629 ], [ -68.21874696, -10.90874866 ], [ -68.2185384, -10.90877472 ], [ -68.21838165, -10.90875703 ], [ -68.21828841, -10.90872208 ], [ -68.218286, -10.90872102 ], [ -68.21801488, -10.90861962 ], [ -68.21790224, -10.9085635 ], [ -68.21774437, -10.90852399 ], [ -68.21770348, -10.90852388 ], [ -68.21769944, -10.90851583 ], [ -68.21749001, -10.90847381 ], [ -68.21738672, -10.90842234 ], [ -68.217263, -10.90837604 ], [ -68.21712615, -10.90832143 ], [ -68.21709219, -10.90830451 ], [ -68.21705187, -10.90829109 ], [ -68.21663248, -10.90806118 ], [ -68.21652226, -10.90795813 ], [ -68.21629474, -10.9077917 ], [ -68.21581895, -10.90739627 ], [ -68.21569686, -10.90727448 ], [ -68.21559732, -10.90718955 ], [ -68.21548226, -10.90709138 ], [ -68.21538028, -10.90703333 ], [ -68.21527035, -10.90693954 ], [ -68.21513731, -10.90688267 ], [ -68.2149273, -10.90680827 ], [ -68.21472456, -10.90679901 ], [ -68.21453749, -10.90679853 ], [ -68.21431501, -10.90686331 ], [ -68.21408658, -10.90691763 ], [ -68.21387817, -10.90693555 ], [ -68.2135526, -10.90701157 ], [ -68.21337959, -10.90705071 ], [ -68.21323375, -10.90705034 ], [ -68.21305713, -10.90708385 ], [ -68.21294943, -10.9070969 ], [ -68.21269756, -10.90711927 ], [ -68.21250475, -10.90707625 ], [ -68.21235441, -10.90707586 ], [ -68.21213289, -10.90704782 ], [ -68.21179853, -10.90698426 ], [ -68.21166871, -10.90696647 ], [ -68.21166019, -10.90696364 ], [ -68.21155055, -10.90689811 ], [ -68.21138249, -10.90691848 ], [ -68.21121878, -10.90691806 ], [ -68.211082, -10.9069177 ], [ -68.21094108, -10.90690338 ], [ -68.21059699, -10.90688394 ], [ -68.21015922, -10.90684536 ], [ -68.20953609, -10.90684743 ], [ -68.20936782, -10.90682695 ], [ -68.2090785, -10.90677024 ], [ -68.20907787, -10.90674325 ], [ -68.20880756, -10.90671279 ], [ -68.20879446, -10.90670843 ], [ -68.20876531, -10.90669392 ], [ -68.20870265, -10.90667305 ], [ -68.20858332, -10.90664318 ], [ -68.20845668, -10.9066052 ], [ -68.20836195, -10.906558 ], [ -68.20824877, -10.90648755 ], [ -68.20816863, -10.90644319 ], [ -68.20812, -10.90639478 ], [ -68.20812015, -10.90633771 ], [ -68.20786617, -10.90622514 ], [ -68.20784151, -10.90621897 ], [ -68.20781769, -10.90619526 ], [ -68.20779204, -10.90618671 ], [ -68.20769398, -10.90605657 ], [ -68.20760538, -10.90605634 ], [ -68.20752347, -10.90597482 ], [ -68.2074123, -10.90587799 ], [ -68.20735449, -10.90581083 ], [ -68.20731892, -10.9057162 ], [ -68.20726087, -10.90560048 ], [ -68.20722438, -10.90550334 ], [ -68.20719551, -10.90538768 ], [ -68.20715204, -10.90527199 ], [ -68.20712831, -10.90517694 ], [ -68.20711536, -10.90507216 ], [ -68.2070879, -10.90495668 ], [ -68.20708821, -10.90484111 ], [ -68.20705934, -10.90472546 ], [ -68.20705961, -10.90461975 ], [ -68.20701748, -10.90431076 ], [ -68.20704277, -10.90413839 ], [ -68.20710139, -10.90391189 ], [ -68.20714485, -10.903716 ], [ -68.20713769, -10.90354205 ], [ -68.20717823, -10.90331433 ], [ -68.20722224, -10.90315383 ], [ -68.20739429, -10.902861 ], [ -68.20768812, -10.90233544 ], [ -68.20796754, -10.90192354 ], [ -68.20817756, -10.90144268 ], [ -68.20821344, -10.90103015 ], [ -68.20821481, -10.90051437 ], [ -68.20807737, -10.89986069 ], [ -68.20779986, -10.8995505 ], [ -68.20752235, -10.89924031 ], [ -68.20731388, -10.89913661 ], [ -68.20665331, -10.89896298 ], [ -68.20616687, -10.89872102 ], [ -68.20575002, -10.89847924 ], [ -68.2056114, -10.89827257 ], [ -68.20550812, -10.89785968 ], [ -68.20550931, -10.89741267 ], [ -68.20551013, -10.8971032 ], [ -68.20554082, -10.89646141 ], [ -68.20550795, -10.89573923 ], [ -68.20547471, -10.89515459 ], [ -68.20533655, -10.89477599 ], [ -68.20515654, -10.89414384 ], [ -68.20513494, -10.89409507 ], [ -68.20503074, -10.89387944 ], [ -68.20485725, -10.89349887 ], [ -68.20479139, -10.89338674 ], [ -68.20477954, -10.89336314 ], [ -68.20469992, -10.8932044 ], [ -68.20463438, -10.89316088 ], [ -68.20462913, -10.89315042 ], [ -68.20455473, -10.89303927 ], [ -68.20446374, -10.89294871 ], [ -68.20426601, -10.89268684 ], [ -68.20417242, -10.8924999 ], [ -68.20405848, -10.89222584 ], [ -68.20398626, -10.89201627 ], [ -68.20384421, -10.89160676 ], [ -68.20386907, -10.89148529 ], [ -68.20375964, -10.89135454 ], [ -68.2035903, -10.89092063 ], [ -68.20340694, -10.89053599 ], [ -68.20332839, -10.8903001 ], [ -68.2032266, -10.89001839 ], [ -68.20322072, -10.88974955 ], [ -68.2032367, -10.88928501 ], [ -68.20335213, -10.88890412 ], [ -68.20337899, -10.88877271 ], [ -68.20357792, -10.88837704 ], [ -68.2036501, -10.88823477 ], [ -68.20392429, -10.88777069 ], [ -68.20421248, -10.88728082 ], [ -68.20437092, -10.88695619 ], [ -68.20439135, -10.88679747 ], [ -68.20439177, -10.88663827 ], [ -68.20435461, -10.88617732 ], [ -68.20433132, -10.8860205 ], [ -68.20425807, -10.88561843 ], [ -68.20423682, -10.88546069 ], [ -68.20418074, -10.88500944 ], [ -68.20421113, -10.88459889 ], [ -68.2042037, -10.88442675 ], [ -68.20419048, -10.88400372 ], [ -68.20419974, -10.88394125 ], [ -68.20417773, -10.88385312 ], [ -68.20416198, -10.88377402 ], [ -68.20409841, -10.88358353 ], [ -68.20402098, -10.88339811 ], [ -68.20392605, -10.88320886 ], [ -68.20380351, -10.8830258 ], [ -68.20375705, -10.88295639 ], [ -68.2036457, -10.88279715 ], [ -68.20352126, -10.88261089 ], [ -68.20344845, -10.88245084 ], [ -68.20333369, -10.88226554 ], [ -68.20329474, -10.88206299 ], [ -68.20325601, -10.88191412 ], [ -68.20327071, -10.8816405 ], [ -68.20325603, -10.88134931 ], [ -68.20324076, -10.88109226 ], [ -68.20318179, -10.88084695 ], [ -68.20306271, -10.88057327 ], [ -68.20301544, -10.88047708 ], [ -68.2029481, -10.88045466 ], [ -68.2029289, -10.88038424 ], [ -68.20289319, -10.88027717 ], [ -68.20283494, -10.8802385 ], [ -68.20283495, -10.88023148 ], [ -68.20271656, -10.8801136 ], [ -68.2025587, -10.87991357 ], [ -68.20236218, -10.87970288 ], [ -68.20215609, -10.87949772 ], [ -68.20196354, -10.87930604 ], [ -68.2018299, -10.87918629 ], [ -68.20174683, -10.87906812 ], [ -68.20163263, -10.87885008 ], [ -68.20154218, -10.87858549 ], [ -68.20148068, -10.8783767 ], [ -68.20145, -10.87814675 ], [ -68.20143608, -10.87790605 ], [ -68.20141198, -10.87754862 ], [ -68.20141901, -10.87737867 ], [ -68.20147602, -10.87706875 ], [ -68.201565, -10.87673032 ], [ -68.20162735, -10.87647806 ], [ -68.20166543, -10.87624391 ], [ -68.20170371, -10.87607886 ], [ -68.20172654, -10.87590857 ], [ -68.20173447, -10.87587398 ], [ -68.20175266, -10.87576766 ], [ -68.20175302, -10.87563185 ], [ -68.20173072, -10.87523393 ], [ -68.20169438, -10.87504187 ], [ -68.20153845, -10.87473475 ], [ -68.20137709, -10.87455589 ], [ -68.20117147, -10.8744 ], [ -68.20093849, -10.87425167 ], [ -68.20068414, -10.87413616 ], [ -68.20049275, -10.87404059 ], [ -68.2003649, -10.8739466 ], [ -68.20006921, -10.87372364 ], [ -68.19995017, -10.87355208 ], [ -68.19988178, -10.8734611 ], [ -68.19980541, -10.87330887 ], [ -68.19978462, -10.87324652 ], [ -68.19975783, -10.87309836 ], [ -68.19972719, -10.87294688 ], [ -68.19969923, -10.87276691 ], [ -68.19967886, -10.87256635 ], [ -68.19967928, -10.87240713 ], [ -68.19957748, -10.87196561 ], [ -68.19936892, -10.87182687 ], [ -68.19912112, -10.871723 ], [ -68.19857789, -10.87150189 ], [ -68.19831787, -10.87146537 ], [ -68.19786047, -10.87123017 ], [ -68.19764516, -10.87106905 ], [ -68.19748088, -10.87100336 ], [ -68.19719406, -10.87086013 ], [ -68.1970334, -10.87069987 ], [ -68.19688174, -10.87052696 ], [ -68.19658954, -10.87018927 ], [ -68.19645759, -10.86995351 ], [ -68.19634879, -10.86982226 ], [ -68.19628361, -10.86973574 ], [ -68.1962611, -10.86964554 ], [ -68.19621764, -10.86952985 ], [ -68.19618434, -10.86939643 ], [ -68.19611171, -10.86928066 ], [ -68.19608728, -10.86918277 ], [ -68.19604019, -10.86905743 ], [ -68.1959993, -10.86894856 ], [ -68.19596957, -10.86884448 ], [ -68.1959319, -10.86875348 ], [ -68.19591283, -10.86852559 ], [ -68.19589908, -10.86823742 ], [ -68.19589982, -10.86796051 ], [ -68.19593548, -10.86766987 ], [ -68.19599201, -10.86742399 ], [ -68.19608496, -10.8671346 ], [ -68.19611685, -10.86688298 ], [ -68.19616597, -10.86661892 ], [ -68.19614549, -10.86641579 ], [ -68.19613044, -10.86626269 ], [ -68.19609576, -10.86608854 ], [ -68.19591987, -10.86570849 ], [ -68.19589778, -10.86561993 ], [ -68.19588349, -10.86550433 ], [ -68.19585463, -10.86538867 ], [ -68.19584035, -10.86527305 ], [ -68.19581148, -10.8651574 ], [ -68.19580124, -10.8650745 ], [ -68.1958414, -10.86474663 ], [ -68.19590201, -10.86459739 ], [ -68.19593795, -10.8642544 ], [ -68.19589771, -10.86403547 ], [ -68.19587524, -10.86383386 ], [ -68.19584049, -10.8636943 ], [ -68.19586549, -10.86361685 ], [ -68.19581856, -10.86354673 ], [ -68.19581878, -10.86346365 ], [ -68.1958, -10.86338838 ], [ -68.19577303, -10.86325298 ], [ -68.1957451, -10.86305562 ], [ -68.19571737, -10.8628596 ], [ -68.19570421, -10.86267011 ], [ -68.19570472, -10.86248075 ], [ -68.19571889, -10.86229132 ], [ -68.19574767, -10.86209546 ], [ -68.19577564, -10.86190514 ], [ -68.1959056, -10.86145214 ], [ -68.19592099, -10.86139184 ], [ -68.19593845, -10.86132351 ], [ -68.19595335, -10.86120796 ], [ -68.19598228, -10.86109462 ], [ -68.19598947, -10.86045174 ], [ -68.19595674, -10.86010146 ], [ -68.1959112, -10.85993749 ], [ -68.19580419, -10.85971027 ], [ -68.19562557, -10.85951426 ], [ -68.19545784, -10.85938875 ], [ -68.1952468, -10.85925273 ], [ -68.19503488, -10.85920435 ], [ -68.19482062, -10.85919562 ], [ -68.1945622, -10.85919494 ], [ -68.19417677, -10.85926307 ], [ -68.19396683, -10.8593473 ], [ -68.1938497, -10.85938017 ], [ -68.19377329, -10.85937551 ], [ -68.19365824, -10.8593438 ], [ -68.1935548, -10.85929484 ], [ -68.19344551, -10.85919793 ], [ -68.19321925, -10.85896495 ], [ -68.19294328, -10.85868583 ], [ -68.1927072, -10.85849903 ], [ -68.19249998, -10.85838408 ], [ -68.19227885, -10.85823569 ], [ -68.19203314, -10.85812114 ], [ -68.19179127, -10.85804043 ], [ -68.19150552, -10.85804827 ], [ -68.19111015, -10.85809037 ], [ -68.19090581, -10.85814773 ], [ -68.19079097, -10.85815413 ], [ -68.19064861, -10.85817494 ], [ -68.19046543, -10.8581716 ], [ -68.19031613, -10.85809979 ], [ -68.19014694, -10.85797502 ], [ -68.1898647, -10.85783026 ], [ -68.18964661, -10.85769601 ], [ -68.18943703, -10.85757048 ], [ -68.18918115, -10.85750394 ], [ -68.18895138, -10.85752021 ], [ -68.18860933, -10.85753816 ], [ -68.18833493, -10.85757747 ], [ -68.18810516, -10.85764386 ], [ -68.18793861, -10.85762347 ], [ -68.18776148, -10.85757741 ], [ -68.1876465, -10.85753007 ], [ -68.18742913, -10.85750826 ], [ -68.18719619, -10.8575159 ], [ -68.18688658, -10.85758201 ], [ -68.1867324, -10.85761982 ], [ -68.18659522, -10.85765724 ], [ -68.18644358, -10.8576998 ], [ -68.18628804, -10.85773292 ], [ -68.18607647, -10.85775334 ], [ -68.18594371, -10.85770905 ], [ -68.18572477, -10.85761023 ], [ -68.18571829, -10.85760699 ], [ -68.18538613, -10.85740592 ], [ -68.18513567, -10.85720014 ], [ -68.18494391, -10.85707499 ], [ -68.18480737, -10.8569577 ], [ -68.18459184, -10.85682859 ], [ -68.18438372, -10.85675614 ], [ -68.18413935, -10.85672751 ], [ -68.1839121, -10.85677699 ], [ -68.1835493, -10.85683845 ], [ -68.18334743, -10.85687641 ], [ -68.18311578, -10.85693704 ], [ -68.18245, -10.85712442 ], [ -68.18224865, -10.85718184 ], [ -68.18211599, -10.85717389 ], [ -68.18202366, -10.85713696 ], [ -68.18193031, -10.85705547 ], [ -68.18183963, -10.85697102 ], [ -68.18177939, -10.8568708 ], [ -68.18175556, -10.85675702 ], [ -68.18171581, -10.85659402 ], [ -68.18171619, -10.8564531 ], [ -68.18171638, -10.85638347 ], [ -68.18173789, -10.85622311 ], [ -68.1817114, -10.85535739 ], [ -68.18165432, -10.8550132 ], [ -68.18148155, -10.85455402 ], [ -68.18130846, -10.85420951 ], [ -68.18101937, -10.85386471 ], [ -68.18072996, -10.85363458 ], [ -68.18015035, -10.85346101 ], [ -68.17974431, -10.85345993 ], [ -68.17922256, -10.85334386 ], [ -68.17893299, -10.85317107 ], [ -68.17841218, -10.85271096 ], [ -68.1780654, -10.85225131 ], [ -68.17800864, -10.85179244 ], [ -68.17789388, -10.85133342 ], [ -68.17795314, -10.85087485 ], [ -68.17795424, -10.85047348 ], [ -68.17795502, -10.85018678 ], [ -68.17784042, -10.84967041 ], [ -68.17726146, -10.84926749 ], [ -68.17691373, -10.84915188 ], [ -68.17650784, -10.84909345 ], [ -68.17621829, -10.84892066 ], [ -68.17604553, -10.84846148 ], [ -68.17593124, -10.84783043 ], [ -68.17564231, -10.84742828 ], [ -68.17541092, -10.8471983 ], [ -68.17523658, -10.8469159 ], [ -68.17522859, -10.84670086 ], [ -68.17517231, -10.84606997 ], [ -68.17511635, -10.8453244 ], [ -68.17505945, -10.84492287 ], [ -68.17494438, -10.84457852 ], [ -68.174887, -10.84434901 ], [ -68.17488794, -10.84400497 ], [ -68.17488873, -10.84371827 ], [ -68.17471566, -10.84337377 ], [ -68.17460028, -10.8431441 ], [ -68.17469765, -10.84278588 ], [ -68.1747154, -10.84266483 ], [ -68.17470482, -10.84243681 ], [ -68.17456799, -10.84226879 ], [ -68.17442338, -10.84210751 ], [ -68.17430136, -10.84202632 ], [ -68.17422282, -10.84195971 ], [ -68.17408572, -10.84187987 ], [ -68.17389555, -10.84185948 ], [ -68.17365492, -10.84185884 ], [ -68.17360103, -10.84185869 ], [ -68.17357242, -10.84183529 ], [ -68.17346025, -10.84183499 ], [ -68.17344669, -10.84182599 ], [ -68.17337728, -10.84179827 ], [ -68.17326246, -10.8417152 ], [ -68.1731337, -10.84157244 ], [ -68.17300667, -10.8414638 ], [ -68.17287221, -10.84138921 ], [ -68.17277402, -10.84130631 ], [ -68.17266222, -10.84124737 ], [ -68.17261428, -10.84117777 ], [ -68.17256111, -10.84106484 ], [ -68.17249199, -10.84091979 ], [ -68.17245393, -10.84080158 ], [ -68.17236738, -10.84063732 ], [ -68.17227872, -10.84050949 ], [ -68.17215, -10.84040857 ], [ -68.17198174, -10.84028767 ], [ -68.17189437, -10.840177 ], [ -68.17177584, -10.84005875 ], [ -68.17169137, -10.83995038 ], [ -68.17164497, -10.83985101 ], [ -68.17158507, -10.83974632 ], [ -68.17156478, -10.83958153 ], [ -68.1714987, -10.8394163 ], [ -68.17142682, -10.83920437 ], [ -68.17131313, -10.8390247 ], [ -68.1711279, -10.83885667 ], [ -68.17092806, -10.83869315 ], [ -68.17076819, -10.83859738 ], [ -68.17055098, -10.83846571 ], [ -68.17038153, -10.83838873 ], [ -68.17018424, -10.83828678 ], [ -68.16997098, -10.83812338 ], [ -68.16972802, -10.83801812 ], [ -68.16951043, -10.83792063 ], [ -68.16935957, -10.83785891 ], [ -68.16908012, -10.83767859 ], [ -68.16891972, -10.83753775 ], [ -68.16883252, -10.83741725 ], [ -68.16867835, -10.83722494 ], [ -68.1686027, -10.83707377 ], [ -68.16848768, -10.83693025 ], [ -68.16841194, -10.83683372 ], [ -68.16826206, -10.83668463 ], [ -68.16813478, -10.83660962 ], [ -68.1680386, -10.83654587 ], [ -68.16793506, -10.83651144 ], [ -68.16780758, -10.83646379 ], [ -68.16770599, -10.83644678 ], [ -68.16761546, -10.8364316 ], [ -68.16747575, -10.83641395 ], [ -68.16718657, -10.83645604 ], [ -68.16713315, -10.83644708 ], [ -68.16710027, -10.83643615 ], [ -68.16707173, -10.83642666 ], [ -68.16695511, -10.83635706 ], [ -68.16683674, -10.83623941 ], [ -68.16676579, -10.83616886 ], [ -68.1666637, -10.83610795 ], [ -68.16655741, -10.83607261 ], [ -68.16624813, -10.83598678 ], [ -68.16601656, -10.83606238 ], [ -68.16598531, -10.83612378 ], [ -68.16594795, -10.83616051 ], [ -68.16593219, -10.83618373 ], [ -68.16591649, -10.83619144 ], [ -68.1658416, -10.83626505 ], [ -68.16582372, -10.83633497 ], [ -68.16576525, -10.83641543 ], [ -68.16574053, -10.83645188 ], [ -68.16562, -10.83658353 ], [ -68.16555869, -10.83658337 ], [ -68.16553107, -10.83662408 ], [ -68.16544674, -10.83661551 ], [ -68.16528122, -10.83652731 ], [ -68.16517814, -10.8364041 ], [ -68.16516145, -10.83626309 ], [ -68.16512575, -10.83589561 ], [ -68.16511914, -10.83568959 ], [ -68.16512772, -10.83529299 ], [ -68.16511973, -10.83511661 ], [ -68.16507087, -10.83494136 ], [ -68.16502079, -10.83476587 ], [ -68.16492076, -10.8346064 ], [ -68.16477117, -10.83449713 ], [ -68.16458597, -10.83442414 ], [ -68.16439144, -10.83442361 ], [ -68.1642047, -10.83448738 ], [ -68.16410542, -10.83450816 ], [ -68.1640084, -10.83453351 ], [ -68.16396899, -10.83453341 ], [ -68.16381568, -10.83446574 ], [ -68.1637947, -10.83445145 ], [ -68.16377269, -10.8343856 ], [ -68.163682, -10.83435543 ], [ -68.16366843, -10.83432841 ], [ -68.1635958, -10.83428027 ], [ -68.16353022, -10.83423137 ], [ -68.16345325, -10.83419306 ], [ -68.16330453, -10.83413746 ], [ -68.16316226, -10.83413707 ], [ -68.1629135, -10.83413266 ], [ -68.16268342, -10.83413938 ], [ -68.16248802, -10.83413219 ], [ -68.16232253, -10.83408894 ], [ -68.16216861, -10.83407012 ], [ -68.16216864, -10.83405929 ], [ -68.1619852, -10.83399828 ], [ -68.16185745, -10.83394736 ], [ -68.16173398, -10.83386552 ], [ -68.16163711, -10.83381196 ], [ -68.16162414, -10.83378616 ], [ -68.16159506, -10.83374278 ], [ -68.16158801, -10.83372874 ], [ -68.16156526, -10.83366825 ], [ -68.16156904, -10.83365711 ], [ -68.16159873, -10.83362307 ], [ -68.16163457, -10.83358196 ], [ -68.1616526, -10.83356423 ], [ -68.16170272, -10.83349855 ], [ -68.16175206, -10.83309507 ], [ -68.16176534, -10.83304309 ], [ -68.16178171, -10.83302159 ], [ -68.16190364, -10.83292401 ], [ -68.1619538, -10.83285268 ], [ -68.16204665, -10.83272607 ], [ -68.16207817, -10.83264879 ], [ -68.16211455, -10.83250659 ], [ -68.16211504, -10.83232946 ], [ -68.16208596, -10.83228608 ], [ -68.16208612, -10.83222664 ], [ -68.16206008, -10.83220076 ], [ -68.16199808, -10.83207729 ], [ -68.16183572, -10.83190538 ], [ -68.16168996, -10.83188097 ], [ -68.16155883, -10.83188061 ], [ -68.1614964, -10.83194197 ], [ -68.16144431, -10.83195897 ], [ -68.16135717, -10.83206605 ], [ -68.16131809, -10.83211727 ], [ -68.16129397, -10.83214097 ], [ -68.16125909, -10.83220948 ], [ -68.16122867, -10.83225133 ], [ -68.16120743, -10.83246017 ], [ -68.16111797, -10.83263584 ], [ -68.1609394, -10.83285525 ], [ -68.16085006, -10.83298695 ], [ -68.16067198, -10.83303045 ], [ -68.16053913, -10.83281018 ], [ -68.16054023, -10.83241437 ], [ -68.16049635, -10.83219435 ], [ -68.16027428, -10.83206181 ], [ -68.16000711, -10.83214904 ], [ -68.1597403, -10.83210433 ], [ -68.15956247, -10.83205987 ], [ -68.15929615, -10.83183924 ], [ -68.1592524, -10.83157524 ], [ -68.15925338, -10.8312234 ], [ -68.15929873, -10.83091567 ], [ -68.15943329, -10.83052022 ], [ -68.15956016, -10.83022736 ], [ -68.15973139, -10.82997861 ], [ -68.15977661, -10.82971485 ], [ -68.15951018, -10.82953821 ], [ -68.15902815, -10.82956621 ], [ -68.15885007, -10.82960971 ], [ -68.15871661, -10.82960934 ], [ -68.15858314, -10.82960898 ], [ -68.15845066, -10.82925678 ], [ -68.15827357, -10.82894844 ], [ -68.15796363, -10.82841983 ], [ -68.15787527, -10.82819969 ], [ -68.15765369, -10.82789122 ], [ -68.15747672, -10.8275389 ], [ -68.1572109, -10.82714236 ], [ -68.15707842, -10.82679016 ], [ -68.15681224, -10.82652555 ], [ -68.15654568, -10.82639288 ], [ -68.15619027, -10.82621599 ], [ -68.15596821, -10.82608344 ], [ -68.15573856, -10.82600951 ], [ -68.1555616, -10.82565719 ], [ -68.15547349, -10.82534909 ], [ -68.1552964, -10.82504074 ], [ -68.15498573, -10.82477601 ], [ -68.15478658, -10.82461949 ], [ -68.15460159, -10.82458848 ], [ -68.15446079, -10.82455327 ], [ -68.15414015, -10.8245551 ], [ -68.15404632, -10.82454324 ], [ -68.15401688, -10.82453483 ], [ -68.1540093, -10.82451974 ], [ -68.15393655, -10.82448352 ], [ -68.15391413, -10.82447237 ], [ -68.15377642, -10.8243852 ], [ -68.15377056, -10.82432555 ], [ -68.15378078, -10.8242465 ], [ -68.15382096, -10.8241545 ], [ -68.15390432, -10.82384485 ], [ -68.15388828, -10.82368165 ], [ -68.15388929, -10.82332252 ], [ -68.15389671, -10.82326508 ], [ -68.15401576, -10.8231188 ], [ -68.15415421, -10.82296756 ], [ -68.15425561, -10.82280156 ], [ -68.15432934, -10.82262075 ], [ -68.15432958, -10.82253526 ], [ -68.15430859, -10.82242997 ], [ -68.1542281, -10.82226973 ], [ -68.15406824, -10.82209144 ], [ -68.15400991, -10.82206241 ], [ -68.15398902, -10.82204855 ], [ -68.15391116, -10.82196256 ], [ -68.15388803, -10.82193377 ], [ -68.15387754, -10.82189524 ], [ -68.15387101, -10.82179396 ], [ -68.15385327, -10.82165937 ], [ -68.15380692, -10.8215483 ], [ -68.15373257, -10.82139998 ], [ -68.15358857, -10.82120166 ], [ -68.15346143, -10.82106659 ], [ -68.1533542, -10.82101322 ], [ -68.153165, -10.82092116 ], [ -68.1528365, -10.82088654 ], [ -68.15269774, -10.82091357 ], [ -68.15266261, -10.82096535 ], [ -68.15265656, -10.82096733 ], [ -68.15255135, -10.82101897 ], [ -68.15244946, -10.82108572 ], [ -68.15237688, -10.82114518 ], [ -68.15230554, -10.82116848 ], [ -68.15222819, -10.82120644 ], [ -68.1518738, -10.82143029 ], [ -68.15178887, -10.82152155 ], [ -68.15172527, -10.82160506 ], [ -68.15166735, -10.82165736 ], [ -68.15162021, -10.82167389 ], [ -68.15150912, -10.82166489 ], [ -68.15145857, -10.82166117 ], [ -68.15141201, -10.8216148 ], [ -68.15133945, -10.82152938 ], [ -68.1512591, -10.82140928 ], [ -68.1511746, -10.82124839 ], [ -68.15097257, -10.82099482 ], [ -68.15080533, -10.8208441 ], [ -68.1506543, -10.82071741 ], [ -68.15042505, -10.82057243 ], [ -68.15030868, -10.82055673 ], [ -68.15018454, -10.82048797 ], [ -68.15002188, -10.8204401 ], [ -68.14986342, -10.82043966 ], [ -68.14971063, -10.82046086 ], [ -68.14952347, -10.82045003 ], [ -68.1493814, -10.82044196 ], [ -68.14921931, -10.82045755 ], [ -68.14913887, -10.82047057 ], [ -68.14907786, -10.8204704 ], [ -68.14900488, -10.82045576 ], [ -68.14888476, -10.82045543 ], [ -68.14873807, -10.82040224 ], [ -68.14865763, -10.8203861 ], [ -68.14860262, -10.82037234 ], [ -68.14848975, -10.82032591 ], [ -68.14837318, -10.82024863 ], [ -68.14828292, -10.82018451 ], [ -68.14820012, -10.8201022 ], [ -68.14813031, -10.8200427 ], [ -68.14806597, -10.81991092 ], [ -68.14799743, -10.81982006 ], [ -68.14795858, -10.81971675 ], [ -68.14793327, -10.81966637 ], [ -68.14792133, -10.8196186 ], [ -68.14789347, -10.81953518 ], [ -68.14787969, -10.81946608 ], [ -68.14781273, -10.81923148 ], [ -68.14775197, -10.81895698 ], [ -68.1477018, -10.81883593 ], [ -68.14762555, -10.81866683 ], [ -68.1475137, -10.81853684 ], [ -68.14737916, -10.81842961 ], [ -68.14722288, -10.81835168 ], [ -68.14700785, -10.81827607 ], [ -68.14683031, -10.81822759 ], [ -68.14668288, -10.81820526 ], [ -68.14653097, -10.81815967 ], [ -68.14639953, -10.81814483 ], [ -68.14627826, -10.81810316 ], [ -68.14622396, -10.81809853 ], [ -68.14609437, -10.81798658 ], [ -68.14595629, -10.81790398 ], [ -68.14592725, -10.81786987 ], [ -68.14583466, -10.81780849 ], [ -68.14576636, -10.81774058 ], [ -68.14568834, -10.81767851 ], [ -68.14561831, -10.8176205 ], [ -68.14556115, -10.8175352 ], [ -68.14544915, -10.81743778 ], [ -68.14538131, -10.81731624 ], [ -68.1452755, -10.81719602 ], [ -68.14524821, -10.8171553 ], [ -68.14517192, -10.81706047 ], [ -68.14513362, -10.81703507 ], [ -68.14511583, -10.81700853 ], [ -68.14500358, -10.81687832 ], [ -68.14494802, -10.81685068 ], [ -68.1449041, -10.81682882 ], [ -68.14476498, -10.81676272 ], [ -68.14470071, -10.81673709 ], [ -68.14457399, -10.81672108 ], [ -68.14444836, -10.81668966 ], [ -68.14430441, -10.81668926 ], [ -68.14419565, -10.81670238 ], [ -68.14396545, -10.81667646 ], [ -68.14395008, -10.81667135 ], [ -68.14382769, -10.81656443 ], [ -68.14381608, -10.81650623 ], [ -68.14380356, -10.81640489 ], [ -68.14380389, -10.81628812 ], [ -68.14380349, -10.81628529 ], [ -68.14383607, -10.81616561 ], [ -68.14392046, -10.81602028 ], [ -68.14401256, -10.81581451 ], [ -68.14406499, -10.81556282 ], [ -68.1440548, -10.81538284 ], [ -68.14394297, -10.81519702 ], [ -68.14382193, -10.81504026 ], [ -68.14369283, -10.81490309 ], [ -68.14350485, -10.81478387 ], [ -68.14331762, -10.81469824 ], [ -68.14319196, -10.81463885 ], [ -68.14308024, -10.81455046 ], [ -68.14300592, -10.81448782 ], [ -68.14299207, -10.8144625 ], [ -68.14299227, -10.8143944 ], [ -68.1429964, -10.8143469 ], [ -68.14301787, -10.81431344 ], [ -68.14308626, -10.81422922 ], [ -68.14313239, -10.81411592 ], [ -68.1431473, -10.81395831 ], [ -68.14304529, -10.81382279 ], [ -68.14289564, -10.81376053 ], [ -68.14274263, -10.81375213 ], [ -68.14267012, -10.81373397 ], [ -68.14262599, -10.81372071 ], [ -68.14258094, -10.8136848 ], [ -68.14250615, -10.81360766 ], [ -68.14248736, -10.81355127 ], [ -68.14250814, -10.81349009 ], [ -68.14254363, -10.81340291 ], [ -68.14255071, -10.8133481 ], [ -68.14258698, -10.8132723 ], [ -68.1425774, -10.81312372 ], [ -68.14256675, -10.81296991 ], [ -68.14245842, -10.81285121 ], [ -68.14236605, -10.81273571 ], [ -68.14209098, -10.81250601 ], [ -68.14194975, -10.81242778 ], [ -68.14177403, -10.81231103 ], [ -68.14159309, -10.81219832 ], [ -68.1412631, -10.81199453 ], [ -68.14108912, -10.81182817 ], [ -68.1409625, -10.81170203 ], [ -68.14085327, -10.81156259 ], [ -68.14076024, -10.81141688 ], [ -68.14071431, -10.81130219 ], [ -68.1407016, -10.81112225 ], [ -68.14068793, -10.81087271 ], [ -68.1406963, -10.81073439 ], [ -68.14066017, -10.81053437 ], [ -68.14057215, -10.81035875 ], [ -68.14040943, -10.81026412 ], [ -68.14016813, -10.81026888 ], [ -68.14002016, -10.81034829 ], [ -68.1399089, -10.8105275 ], [ -68.13984005, -10.81072274 ], [ -68.13976238, -10.81086169 ], [ -68.13965506, -10.81106904 ], [ -68.13961451, -10.81115449 ], [ -68.13959945, -10.81116747 ], [ -68.1395961, -10.8111155 ], [ -68.13958026, -10.81101968 ], [ -68.13956125, -10.81090473 ], [ -68.13948044, -10.8107666 ], [ -68.13938296, -10.81069596 ], [ -68.13935934, -10.81067243 ], [ -68.13933419, -10.81057667 ], [ -68.13931245, -10.81046958 ], [ -68.13927815, -10.81036688 ], [ -68.13929593, -10.81019593 ], [ -68.13929642, -10.81002494 ], [ -68.13919318, -10.80983655 ], [ -68.13903771, -10.80976772 ], [ -68.13877836, -10.8097328 ], [ -68.1387615, -10.80957885 ], [ -68.13888306, -10.80940819 ], [ -68.13900467, -10.80922043 ], [ -68.13900531, -10.80899814 ], [ -68.13872896, -10.80886057 ], [ -68.13846957, -10.80884274 ], [ -68.13838279, -10.8089451 ], [ -68.13824404, -10.80908151 ], [ -68.13810523, -10.80923502 ], [ -68.13791526, -10.8091319 ], [ -68.13784647, -10.80899491 ], [ -68.13784715, -10.80875551 ], [ -68.1378303, -10.80860157 ], [ -68.13793446, -10.80846506 ], [ -68.13800389, -10.80837975 ], [ -68.13807351, -10.80822605 ], [ -68.13809125, -10.8080722 ], [ -68.13791887, -10.80786652 ], [ -68.13786738, -10.80772958 ], [ -68.13783308, -10.80762688 ], [ -68.13789965, -10.80753017 ], [ -68.13795232, -10.80725672 ], [ -68.13793576, -10.80700017 ], [ -68.13781522, -10.80681174 ], [ -68.13750443, -10.80662278 ], [ -68.13722755, -10.8066733 ], [ -68.1370543, -10.80677542 ], [ -68.13689805, -10.80698018 ], [ -68.1367418, -10.80718494 ], [ -68.13672421, -10.80728749 ], [ -68.13670647, -10.80744134 ], [ -68.13656747, -10.80766325 ], [ -68.13635948, -10.80781657 ], [ -68.13613478, -10.80776464 ], [ -68.13591012, -10.80769561 ], [ -68.13565157, -10.80738709 ], [ -68.13549693, -10.80702757 ], [ -68.13541104, -10.80682213 ], [ -68.13532429, -10.80663496 ], [ -68.13498919, -10.80630555 ], [ -68.134857, -10.80623975 ], [ -68.13481825, -10.80623964 ], [ -68.13470698, -10.80622361 ], [ -68.1345978, -10.80623679 ], [ -68.13448994, -10.80620981 ], [ -68.13447345, -10.80616042 ], [ -68.13443857, -10.80610839 ], [ -68.13439016, -10.80601199 ], [ -68.13416938, -10.80591476 ], [ -68.13401856, -10.80595166 ], [ -68.13398394, -10.80595156 ], [ -68.13396185, -10.80594712 ], [ -68.13394388, -10.80593146 ], [ -68.13389336, -10.80586222 ], [ -68.13382721, -10.80577434 ], [ -68.13375017, -10.80566466 ], [ -68.13360753, -10.80561284 ], [ -68.13343162, -10.80559491 ], [ -68.13316238, -10.8055982 ], [ -68.13307951, -10.80561553 ], [ -68.1330467, -10.80560615 ], [ -68.13299179, -10.80555144 ], [ -68.13295271, -10.80547907 ], [ -68.13291749, -10.8053987 ], [ -68.1329209, -10.80535316 ], [ -68.13295649, -10.80526576 ], [ -68.13305742, -10.80504251 ], [ -68.1331683, -10.80485339 ], [ -68.13327059, -10.80465214 ], [ -68.13331895, -10.80453335 ], [ -68.1333288, -10.80440225 ], [ -68.13332919, -10.80426446 ], [ -68.13329898, -10.80411261 ], [ -68.13321332, -10.80397981 ], [ -68.13304136, -10.8037636 ], [ -68.13289806, -10.80365441 ], [ -68.1327702, -10.80356447 ], [ -68.13267095, -10.80349194 ], [ -68.13246967, -10.80327414 ], [ -68.13233912, -10.80310067 ], [ -68.13223425, -10.80296832 ], [ -68.13211643, -10.80275058 ], [ -68.13202307, -10.80254425 ], [ -68.13199725, -10.80236478 ], [ -68.13199132, -10.80229803 ], [ -68.13199578, -10.80222635 ], [ -68.13203081, -10.80218017 ], [ -68.13203085, -10.80216429 ], [ -68.13207471, -10.80214998 ], [ -68.13207503, -10.80203652 ], [ -68.13210823, -10.80197134 ], [ -68.13211525, -10.80195071 ], [ -68.13213688, -10.80192944 ], [ -68.13216691, -10.80187045 ], [ -68.13218495, -10.80181747 ], [ -68.13218053, -10.80191637 ], [ -68.1322403, -10.80174073 ], [ -68.13231786, -10.80158845 ], [ -68.1323528, -10.80141824 ], [ -68.13237221, -10.80123165 ], [ -68.13233, -10.80112645 ], [ -68.13229668, -10.80104341 ], [ -68.13220637, -10.80089361 ], [ -68.13218377, -10.80084865 ], [ -68.13217684, -10.80084175 ], [ -68.13214013, -10.80073181 ], [ -68.13205455, -10.80073157 ], [ -68.13202547, -10.80068818 ], [ -68.13196709, -10.80068802 ], [ -68.13190253, -10.80065587 ], [ -68.13184435, -10.80059801 ], [ -68.13165497, -10.80056002 ], [ -68.13152748, -10.80053443 ], [ -68.13114118, -10.80056849 ], [ -68.1309793, -10.80058085 ], [ -68.13084184, -10.80054641 ], [ -68.13076033, -10.80053944 ], [ -68.1306053, -10.80048219 ], [ -68.13046862, -10.80043663 ], [ -68.13033394, -10.80043626 ], [ -68.13017028, -10.80044989 ], [ -68.13005771, -10.80043722 ], [ -68.12994192, -10.8004369 ], [ -68.12984294, -10.80042438 ], [ -68.12974287, -10.80039935 ], [ -68.12963397, -10.80035863 ], [ -68.129531, -10.80032013 ], [ -68.12943207, -10.8002586 ], [ -68.12932877, -10.80018155 ], [ -68.12924875, -10.80010198 ], [ -68.12918977, -10.80004332 ], [ -68.12913683, -10.79995113 ], [ -68.12904081, -10.7998238 ], [ -68.12892891, -10.79969662 ], [ -68.12880925, -10.79959252 ], [ -68.12862082, -10.79940146 ], [ -68.12857315, -10.79930633 ], [ -68.12852671, -10.79920204 ], [ -68.12852099, -10.79899225 ], [ -68.12853495, -10.79886162 ], [ -68.12854751, -10.79876463 ], [ -68.12858849, -10.7986575 ], [ -68.12862225, -10.79852563 ], [ -68.12863945, -10.79839257 ], [ -68.12863969, -10.79830802 ], [ -68.1286235, -10.79824316 ], [ -68.12859431, -10.79794606 ], [ -68.1285471, -10.7978205 ], [ -68.12850725, -10.79766104 ], [ -68.12845424, -10.79766089 ], [ -68.12844815, -10.79764875 ], [ -68.12838417, -10.79760633 ], [ -68.12835073, -10.79757307 ], [ -68.12833616, -10.79755857 ], [ -68.12828851, -10.79751122 ], [ -68.12814278, -10.79748678 ], [ -68.12800474, -10.79748639 ], [ -68.12785397, -10.7975046 ], [ -68.12770271, -10.79757883 ], [ -68.12758005, -10.79766924 ], [ -68.12746831, -10.79773786 ], [ -68.12736375, -10.79780205 ], [ -68.12727672, -10.79783405 ], [ -68.12717698, -10.79784608 ], [ -68.12708071, -10.7978577 ], [ -68.12699613, -10.79781558 ], [ -68.12696378, -10.79781549 ], [ -68.12693993, -10.79779179 ], [ -68.12680573, -10.79769566 ], [ -68.12664775, -10.79760301 ], [ -68.12655237, -10.79759014 ], [ -68.12648632, -10.79752939 ], [ -68.12639445, -10.79745451 ], [ -68.12637388, -10.79738601 ], [ -68.12634582, -10.7972737 ], [ -68.12631908, -10.79716662 ], [ -68.12630698, -10.79706869 ], [ -68.12630729, -10.79696221 ], [ -68.12630767, -10.79683084 ], [ -68.12627465, -10.79668195 ], [ -68.12623019, -10.79651889 ], [ -68.12617619, -10.79632964 ], [ -68.12609524, -10.79612749 ], [ -68.12602388, -10.79600652 ], [ -68.12597756, -10.79585754 ], [ -68.12592344, -10.79566785 ], [ -68.12591736, -10.79554006 ], [ -68.12591792, -10.79534592 ], [ -68.12596615, -10.79522745 ], [ -68.12597772, -10.7952028 ], [ -68.12599839, -10.79514479 ], [ -68.12600981, -10.79511125 ], [ -68.12604018, -10.79505162 ], [ -68.12609535, -10.79487165 ], [ -68.12608706, -10.79469272 ], [ -68.12607675, -10.79456596 ], [ -68.12598706, -10.79442545 ], [ -68.12579703, -10.79431177 ], [ -68.12567839, -10.79426731 ], [ -68.12553415, -10.79417907 ], [ -68.1254507, -10.79411255 ], [ -68.12543016, -10.79407744 ], [ -68.12542527, -10.79397456 ], [ -68.12544037, -10.79380809 ], [ -68.12544082, -10.79365306 ], [ -68.12538765, -10.79345775 ], [ -68.12531873, -10.79332021 ], [ -68.12515127, -10.79315337 ], [ -68.12493161, -10.7930438 ], [ -68.12477965, -10.79295961 ], [ -68.124613, -10.79292768 ], [ -68.12450178, -10.79288446 ], [ -68.12438724, -10.79281834 ], [ -68.12425436, -10.79268281 ], [ -68.12417305, -10.79256123 ], [ -68.12414528, -10.79243293 ], [ -68.12414566, -10.79230284 ], [ -68.12415781, -10.79229687 ], [ -68.12421641, -10.79215324 ], [ -68.12423475, -10.79192599 ], [ -68.12421567, -10.79181078 ], [ -68.12420173, -10.79176905 ], [ -68.12418086, -10.79162151 ], [ -68.12406364, -10.79153408 ], [ -68.12397233, -10.79148862 ], [ -68.12381247, -10.79146557 ], [ -68.12374613, -10.79148723 ], [ -68.12360805, -10.79151076 ], [ -68.12353097, -10.79152327 ], [ -68.12350624, -10.7915232 ], [ -68.12349546, -10.79147997 ], [ -68.1234958, -10.79136147 ], [ -68.12350363, -10.79123577 ], [ -68.12350413, -10.79106327 ], [ -68.12345826, -10.79099234 ], [ -68.12344726, -10.79097044 ], [ -68.12341513, -10.79090645 ], [ -68.12333551, -10.79077969 ], [ -68.12323492, -10.79064629 ], [ -68.12311145, -10.79054105 ], [ -68.12294788, -10.79050647 ], [ -68.12287939, -10.79046105 ], [ -68.1226734, -10.79050569 ], [ -68.12235304, -10.79055002 ], [ -68.1223299, -10.79064041 ], [ -68.12210097, -10.79070761 ], [ -68.12175741, -10.79086494 ], [ -68.12146018, -10.79081887 ], [ -68.1212089, -10.79070508 ], [ -68.12120929, -10.79056939 ], [ -68.12123263, -10.79041115 ], [ -68.1213702, -10.79029846 ], [ -68.12159906, -10.79025388 ], [ -68.12175944, -10.79016387 ], [ -68.12180552, -10.79005093 ], [ -68.12180643, -10.78973431 ], [ -68.12162397, -10.78955287 ], [ -68.12141837, -10.78946183 ], [ -68.12121251, -10.78946124 ], [ -68.12096071, -10.78952838 ], [ -68.12084581, -10.78970897 ], [ -68.12063989, -10.789731 ], [ -68.12052552, -10.78973068 ], [ -68.12041174, -10.78952682 ], [ -68.12036711, -10.78914223 ], [ -68.12032216, -10.78887071 ], [ -68.12020845, -10.78864424 ], [ -68.1200716, -10.78850816 ], [ -68.11970602, -10.78837142 ], [ -68.11950055, -10.78823515 ], [ -68.1193409, -10.78807639 ], [ -68.11918204, -10.78764624 ], [ -68.1189541, -10.78737421 ], [ -68.11874863, -10.78723793 ], [ -68.11821891, -10.78717612 ], [ -68.11792169, -10.78713004 ], [ -68.11762466, -10.78701612 ], [ -68.1172138, -10.78672095 ], [ -68.11687183, -10.78633551 ], [ -68.11655206, -10.78617629 ], [ -68.11636908, -10.78617577 ], [ -68.11599947, -10.78611441 ], [ -68.11563409, -10.78590982 ], [ -68.115566, -10.78572871 ], [ -68.11553017, -10.78554797 ], [ -68.11543633, -10.78530636 ], [ -68.11538015, -10.78508914 ], [ -68.11526326, -10.78492408 ], [ -68.1150935, -10.78479191 ], [ -68.11486913, -10.78477009 ], [ -68.11464076, -10.78482596 ], [ -68.11451502, -10.78490849 ], [ -68.11446815, -10.78493153 ], [ -68.11441224, -10.7849406 ], [ -68.11431315, -10.78494032 ], [ -68.11406157, -10.78491156 ], [ -68.11398144, -10.78485299 ], [ -68.11382011, -10.78473414 ], [ -68.11362728, -10.78453516 ], [ -68.11345633, -10.78430004 ], [ -68.11345174, -10.78428972 ], [ -68.11341716, -10.78422084 ], [ -68.11338808, -10.78417745 ], [ -68.1133606, -10.78412272 ], [ -68.11326792, -10.78396896 ], [ -68.11316181, -10.78381818 ], [ -68.11307302, -10.78370041 ], [ -68.11297595, -10.78370013 ], [ -68.11294491, -10.78365378 ], [ -68.11284009, -10.78358424 ], [ -68.11281322, -10.78358416 ], [ -68.11279871, -10.78355525 ], [ -68.11253253, -10.78355449 ], [ -68.11248864, -10.78358324 ], [ -68.11239934, -10.78358298 ], [ -68.11237005, -10.78361177 ], [ -68.11230854, -10.7836116 ], [ -68.11224011, -10.78371245 ], [ -68.1122206, -10.7837124 ], [ -68.11215226, -10.78374595 ], [ -68.11210079, -10.78377965 ], [ -68.11207912, -10.78378905 ], [ -68.11203524, -10.78381779 ], [ -68.11203387, -10.78381846 ], [ -68.11190224, -10.78383977 ], [ -68.11185458, -10.7838042 ], [ -68.11183438, -10.78378412 ], [ -68.11190738, -10.78378433 ], [ -68.11157095, -10.78344975 ], [ -68.111507, -10.78338615 ], [ -68.11135323, -10.7832638 ], [ -68.1112194, -10.78316396 ], [ -68.11102947, -10.78308821 ], [ -68.11086977, -10.78308776 ], [ -68.1107346, -10.78306062 ], [ -68.11048731, -10.78302315 ], [ -68.11037415, -10.78303683 ], [ -68.11027669, -10.78301356 ], [ -68.11017094, -10.78292573 ], [ -68.11002713, -10.78279752 ], [ -68.10987408, -10.78268111 ], [ -68.10983356, -10.78262065 ], [ -68.10966429, -10.78259225 ], [ -68.10948824, -10.78260915 ], [ -68.10942512, -10.78262456 ], [ -68.1093552, -10.78263588 ], [ -68.10933799, -10.78263583 ], [ -68.10930074, -10.78262835 ], [ -68.1092669, -10.78256093 ], [ -68.10919844, -10.78253816 ], [ -68.10914565, -10.78248566 ], [ -68.10906643, -10.78236743 ], [ -68.10901331, -10.78228816 ], [ -68.10899228, -10.78224628 ], [ -68.10898917, -10.78224319 ], [ -68.10898955, -10.7821284 ], [ -68.10867203, -10.78206018 ], [ -68.10864066, -10.78205233 ], [ -68.10853747, -10.78198388 ], [ -68.10835446, -10.78198336 ], [ -68.10817364, -10.78196496 ], [ -68.10812086, -10.78199086 ], [ -68.108078, -10.78200132 ], [ -68.10801146, -10.78201756 ], [ -68.10777759, -10.7821035 ], [ -68.10767736, -10.78212797 ], [ -68.10759644, -10.78213774 ], [ -68.10756458, -10.78212977 ], [ -68.10753078, -10.78212131 ], [ -68.10751339, -10.78210977 ], [ -68.10744663, -10.78205666 ], [ -68.10740258, -10.78202015 ], [ -68.10734252, -10.78194047 ], [ -68.10732072, -10.78190793 ], [ -68.10731366, -10.78189389 ], [ -68.10727021, -10.78177827 ], [ -68.10721721, -10.78167271 ], [ -68.10716659, -10.78142775 ], [ -68.10718645, -10.7812305 ], [ -68.10724227, -10.78100462 ], [ -68.10725496, -10.7810035 ], [ -68.10729025, -10.78086572 ], [ -68.10734723, -10.78076779 ], [ -68.10739442, -10.78061388 ], [ -68.10744853, -10.78048125 ], [ -68.10756666, -10.78024934 ], [ -68.10753438, -10.78021723 ], [ -68.10754666, -10.78016337 ], [ -68.10758095, -10.77999636 ], [ -68.10756466, -10.7798304 ], [ -68.10754849, -10.77966565 ], [ -68.10747663, -10.77948655 ], [ -68.1073554, -10.77931424 ], [ -68.10720018, -10.77917702 ], [ -68.10708048, -10.77910893 ], [ -68.10686753, -10.77900675 ], [ -68.10662754, -10.77895055 ], [ -68.10639891, -10.77889871 ], [ -68.10624012, -10.77885532 ], [ -68.10603155, -10.77879134 ], [ -68.10585229, -10.7786722 ], [ -68.10566428, -10.77852806 ], [ -68.10552301, -10.77841287 ], [ -68.10541203, -10.77821916 ], [ -68.10536009, -10.77802391 ], [ -68.10531969, -10.77772741 ], [ -68.10533823, -10.77753522 ], [ -68.10533882, -10.77733432 ], [ -68.10536712, -10.77708518 ], [ -68.10542368, -10.77689808 ], [ -68.10547631, -10.77645001 ], [ -68.10546949, -10.77633683 ], [ -68.10555663, -10.77586634 ], [ -68.10560511, -10.77566651 ], [ -68.10566023, -10.77555038 ], [ -68.10568292, -10.77540709 ], [ -68.10564804, -10.77524945 ], [ -68.10559218, -10.77495626 ], [ -68.10549577, -10.77479602 ], [ -68.10545853, -10.77470301 ], [ -68.10542707, -10.77459005 ], [ -68.10545499, -10.77457173 ], [ -68.10555142, -10.77448624 ], [ -68.10561933, -10.77438597 ], [ -68.10566149, -10.77424141 ], [ -68.10566208, -10.77403926 ], [ -68.10561863, -10.77383839 ], [ -68.10561624, -10.77383323 ], [ -68.10563163, -10.77372626 ], [ -68.10564847, -10.77366851 ], [ -68.10570196, -10.77361584 ], [ -68.10583101, -10.77352848 ], [ -68.10584675, -10.77350734 ], [ -68.10591112, -10.77346518 ], [ -68.10603477, -10.77338926 ], [ -68.10613538, -10.77330685 ], [ -68.10617157, -10.77327128 ], [ -68.10621416, -10.77318767 ], [ -68.10631808, -10.77313668 ], [ -68.10625607, -10.77280433 ], [ -68.1062425, -10.7726661 ], [ -68.10623044, -10.77254325 ], [ -68.10625571, -10.77242018 ], [ -68.10628465, -10.77227927 ], [ -68.10628468, -10.77227914 ], [ -68.10629348, -10.77227338 ], [ -68.10632868, -10.77223878 ], [ -68.10636254, -10.77218887 ], [ -68.10647873, -10.77204612 ], [ -68.10658701, -10.7718941 ], [ -68.10669866, -10.77171133 ], [ -68.10669915, -10.77154122 ], [ -68.10672878, -10.77139694 ], [ -68.10672929, -10.77122393 ], [ -68.10669772, -10.77106542 ], [ -68.10666635, -10.77090793 ], [ -68.10660582, -10.77075705 ], [ -68.1065643, -10.77061874 ], [ -68.10651733, -10.77046228 ], [ -68.10644475, -10.7703177 ], [ -68.10640694, -10.77019172 ], [ -68.10637949, -10.77005395 ], [ -68.10635494, -10.76993075 ], [ -68.10636998, -10.76978642 ], [ -68.1063412, -10.76964196 ], [ -68.10635472, -10.76951201 ], [ -68.10635499, -10.76942037 ], [ -68.10639893, -10.76937719 ], [ -68.10639906, -10.76933201 ], [ -68.10649871, -10.76933229 ], [ -68.10652794, -10.76910641 ], [ -68.10654484, -10.76908978 ], [ -68.10659638, -10.76900542 ], [ -68.1066347, -10.76894896 ], [ -68.10665638, -10.76888525 ], [ -68.10669594, -10.76875624 ], [ -68.10678759, -10.76860618 ], [ -68.10680749, -10.76850933 ], [ -68.10682, -10.76850525 ], [ -68.10685103, -10.76835418 ], [ -68.10686756, -10.76828961 ], [ -68.10688442, -10.76812763 ], [ -68.10688487, -10.76797605 ], [ -68.10688537, -10.76780563 ], [ -68.10679131, -10.76755348 ], [ -68.10668255, -10.76735199 ], [ -68.10657886, -10.767161 ], [ -68.10631876, -10.76685366 ], [ -68.10631893, -10.76679599 ], [ -68.10622322, -10.76668176 ], [ -68.10616381, -10.76656341 ], [ -68.106126, -10.76643742 ], [ -68.10610135, -10.76631371 ], [ -68.10610173, -10.76618367 ], [ -68.10610212, -10.76605363 ], [ -68.10613174, -10.76590935 ], [ -68.10613225, -10.76573634 ], [ -68.10609979, -10.76557337 ], [ -68.10599931, -10.76519563 ], [ -68.10599269, -10.76503425 ], [ -68.10594767, -10.76471147 ], [ -68.1059108, -10.76448069 ], [ -68.10570424, -10.76402517 ], [ -68.10551336, -10.76389542 ], [ -68.10527871, -10.76369831 ], [ -68.10518395, -10.76352954 ], [ -68.10510227, -10.76341418 ], [ -68.1049985, -10.76311397 ], [ -68.10486044, -10.76292129 ], [ -68.10459638, -10.76273521 ], [ -68.1044445, -10.76271101 ], [ -68.10431227, -10.76264217 ], [ -68.10422905, -10.76256386 ], [ -68.10415227, -10.76243303 ], [ -68.10406273, -10.76226123 ], [ -68.1040285, -10.76215847 ], [ -68.10401513, -10.76177419 ], [ -68.10399561, -10.76165602 ], [ -68.10405052, -10.7613453 ], [ -68.10409562, -10.76119999 ], [ -68.10429052, -10.76086968 ], [ -68.10438424, -10.76070203 ], [ -68.10444507, -10.76042613 ], [ -68.10444563, -10.76023699 ], [ -68.10434143, -10.76006695 ], [ -68.10419899, -10.75984998 ], [ -68.10394773, -10.75958957 ], [ -68.10385591, -10.75946371 ], [ -68.10377147, -10.75935149 ], [ -68.10373028, -10.7592796 ], [ -68.10372019, -10.7592081 ], [ -68.1037079, -10.75904013 ], [ -68.10374486, -10.75889544 ], [ -68.10380939, -10.75874045 ], [ -68.10391548, -10.75846141 ], [ -68.10396602, -10.75832908 ], [ -68.10399376, -10.75814947 ], [ -68.10396723, -10.75782729 ], [ -68.10381895, -10.75763727 ], [ -68.10366575, -10.75754995 ], [ -68.10343342, -10.75751473 ], [ -68.10329252, -10.75745442 ], [ -68.10317651, -10.75740806 ], [ -68.10309271, -10.75730664 ], [ -68.10306795, -10.7572325 ], [ -68.10302576, -10.75720451 ], [ -68.10301513, -10.75718333 ], [ -68.10298502, -10.75713338 ], [ -68.10297707, -10.75706066 ], [ -68.10298538, -10.75702817 ], [ -68.10299877, -10.75697585 ], [ -68.10301543, -10.75692694 ], [ -68.10303703, -10.75690569 ], [ -68.1030624, -10.7568559 ], [ -68.10307012, -10.75684074 ], [ -68.10310882, -10.7567932 ], [ -68.10316747, -10.75674708 ], [ -68.10322799, -10.75670247 ], [ -68.10333408, -10.75661309 ], [ -68.1034408, -10.75652317 ], [ -68.10354654, -10.75641922 ], [ -68.10361249, -10.75630587 ], [ -68.10361737, -10.75629867 ], [ -68.1036928, -10.75626166 ], [ -68.10369314, -10.75614387 ], [ -68.10369778, -10.75613703 ], [ -68.10374921, -10.75606122 ], [ -68.10376967, -10.75573379 ], [ -68.10368866, -10.75559269 ], [ -68.10361449, -10.75547455 ], [ -68.10354114, -10.75535775 ], [ -68.10336476, -10.75508772 ], [ -68.10334389, -10.75500413 ], [ -68.10333181, -10.75490621 ], [ -68.10333206, -10.7548232 ], [ -68.10334291, -10.75479129 ], [ -68.10337918, -10.75475565 ], [ -68.10340923, -10.75469666 ], [ -68.10345673, -10.75455711 ], [ -68.10348619, -10.75447057 ], [ -68.10352614, -10.75435316 ], [ -68.10348793, -10.75411695 ], [ -68.10342434, -10.75398092 ], [ -68.10335098, -10.75385896 ], [ -68.10325709, -10.75372525 ], [ -68.10304707, -10.75370628 ], [ -68.10283517, -10.75373086 ], [ -68.10268697, -10.75376904 ], [ -68.10257017, -10.75379305 ], [ -68.10246456, -10.75378323 ], [ -68.10235903, -10.75371388 ], [ -68.10227881, -10.75358055 ], [ -68.10226075, -10.75347117 ], [ -68.10223648, -10.75335735 ], [ -68.10213729, -10.75304709 ], [ -68.10198403, -10.75285841 ], [ -68.10179497, -10.75270587 ], [ -68.10137432, -10.75256691 ], [ -68.10122858, -10.75251385 ], [ -68.10110328, -10.7524365 ], [ -68.10101731, -10.7523394 ], [ -68.10093742, -10.75218917 ], [ -68.10088763, -10.75198217 ], [ -68.10081973, -10.75181255 ], [ -68.10069733, -10.75161638 ], [ -68.10053504, -10.7514762 ], [ -68.1003549, -10.75145467 ], [ -68.10019315, -10.75145421 ], [ -68.100047, -10.75146141 ], [ -68.09992831, -10.75146798 ], [ -68.09977629, -10.7514585 ], [ -68.09964899, -10.75140322 ], [ -68.09950469, -10.75127902 ], [ -68.09936205, -10.75114363 ], [ -68.09929904, -10.75105181 ], [ -68.09929889, -10.75102867 ], [ -68.09926934, -10.75096978 ], [ -68.09924372, -10.75091875 ], [ -68.09921662, -10.75084661 ], [ -68.09925542, -10.75062044 ], [ -68.09926955, -10.75061003 ], [ -68.099307, -10.75053651 ], [ -68.09933013, -10.75044613 ], [ -68.09933069, -10.75025773 ], [ -68.0992809, -10.75012525 ], [ -68.09925876, -10.75003654 ], [ -68.09920325, -10.74998134 ], [ -68.0991993, -10.74997346 ], [ -68.09918478, -10.74994454 ], [ -68.09916846, -10.74991203 ], [ -68.0991136, -10.74981645 ], [ -68.09904413, -10.74963999 ], [ -68.09906041, -10.74956059 ], [ -68.09910503, -10.74949226 ], [ -68.09922076, -10.74937447 ], [ -68.09929141, -10.74937468 ], [ -68.09935655, -10.74931063 ], [ -68.0994216, -10.74930367 ], [ -68.09954506, -10.74931625 ], [ -68.09967721, -10.74934278 ], [ -68.0998076, -10.74938186 ], [ -68.0999897, -10.74946253 ], [ -68.10016592, -10.74938569 ], [ -68.10031849, -10.74935597 ], [ -68.10047528, -10.74927043 ], [ -68.10079948, -10.74905806 ], [ -68.10089008, -10.748969 ], [ -68.10090185, -10.7488669 ], [ -68.10093704, -10.74884963 ], [ -68.10099794, -10.74871027 ], [ -68.10114642, -10.74847686 ], [ -68.10124283, -10.74822487 ], [ -68.10130614, -10.74797758 ], [ -68.10133602, -10.74774669 ], [ -68.10139189, -10.74752841 ], [ -68.10146188, -10.74730919 ], [ -68.10155857, -10.74709239 ], [ -68.10168229, -10.74687635 ], [ -68.10183728, -10.74667325 ], [ -68.10190416, -10.74662944 ], [ -68.10194514, -10.74660259 ], [ -68.10202174, -10.74655745 ], [ -68.10208306, -10.74651225 ], [ -68.10211479, -10.74649146 ], [ -68.10240662, -10.74635507 ], [ -68.10261844, -10.74627723 ], [ -68.102848, -10.74624952 ], [ -68.10311834, -10.74616683 ], [ -68.10315795, -10.74613765 ], [ -68.1032507, -10.74613792 ], [ -68.10338134, -10.74598381 ], [ -68.10348965, -10.74574094 ], [ -68.10360956, -10.74553156 ], [ -68.10377636, -10.74535498 ], [ -68.10381796, -10.74532773 ], [ -68.10385014, -10.74529609 ], [ -68.10394196, -10.7452284 ], [ -68.10396101, -10.745154 ], [ -68.10405193, -10.74504972 ], [ -68.10410628, -10.7447676 ], [ -68.10410689, -10.74456324 ], [ -68.10405192, -10.74454495 ], [ -68.1040461, -10.74449178 ], [ -68.10403131, -10.74444748 ], [ -68.10401507, -10.74431586 ], [ -68.10376132, -10.74398029 ], [ -68.10359691, -10.74365274 ], [ -68.10357047, -10.74327108 ], [ -68.10376421, -10.74299907 ], [ -68.10395788, -10.74275432 ], [ -68.10417919, -10.7424824 ], [ -68.10431732, -10.74237377 ], [ -68.10459279, -10.74242907 ], [ -68.10495039, -10.74267541 ], [ -68.10519782, -10.74289417 ], [ -68.10547313, -10.74300399 ], [ -68.10563851, -10.74300447 ], [ -68.10605252, -10.74281486 ], [ -68.10632855, -10.74267938 ], [ -68.10660012, -10.74249844 ], [ -68.1067663, -10.74222636 ], [ -68.10693256, -10.74192701 ], [ -68.10698849, -10.74165461 ], [ -68.1071275, -10.74124616 ], [ -68.10721083, -10.74102835 ], [ -68.10732164, -10.74083787 ], [ -68.10748774, -10.74059304 ], [ -68.107654, -10.74029369 ], [ -68.10762747, -10.73993928 ], [ -68.1076787, -10.73970321 ], [ -68.10756957, -10.7393213 ], [ -68.10740555, -10.73885747 ], [ -68.10735139, -10.73853024 ], [ -68.10729714, -10.73823026 ], [ -68.10729826, -10.73784868 ], [ -68.10738199, -10.73749458 ], [ -68.10743799, -10.73719492 ], [ -68.10757247, -10.73676829 ], [ -68.10773912, -10.73633266 ], [ -68.10793302, -10.73600614 ], [ -68.10820952, -10.73570711 ], [ -68.10840382, -10.73524431 ], [ -68.1085155, -10.73475401 ], [ -68.10857127, -10.73453612 ], [ -68.1087329, -10.73424585 ], [ -68.1088171, -10.73372821 ], [ -68.10857, -10.73340043 ], [ -68.10843283, -10.73318198 ], [ -68.1083789, -10.73277298 ], [ -68.10846263, -10.73241888 ], [ -68.10854627, -10.73209205 ], [ -68.10860219, -10.73181964 ], [ -68.10846112, -10.73136496 ], [ -68.10818638, -10.73106435 ], [ -68.1079948, -10.73060044 ], [ -68.10788543, -10.73030031 ], [ -68.10783159, -10.72986405 ], [ -68.10772206, -10.72961843 ], [ -68.10744692, -10.7294541 ], [ -68.1072539, -10.7294808 ], [ -68.10703285, -10.72967097 ], [ -68.1068952, -10.72961606 ], [ -68.10675779, -10.72947938 ], [ -68.10664786, -10.72937004 ], [ -68.10645493, -10.72936949 ], [ -68.10631688, -10.72945086 ], [ -68.10620679, -10.72939603 ], [ -68.10606938, -10.72925935 ], [ -68.10587246, -10.72904982 ], [ -68.1058183, -10.72872259 ], [ -68.10595715, -10.72836865 ], [ -68.10617845, -10.72809672 ], [ -68.10631634, -10.72806986 ], [ -68.10653651, -10.72817952 ], [ -68.10667384, -10.72834345 ], [ -68.10678361, -10.72850731 ], [ -68.10700402, -10.72853519 ], [ -68.10716955, -10.72848116 ], [ -68.1072802, -10.72834519 ], [ -68.10739077, -10.72823648 ], [ -68.10758386, -10.72818252 ], [ -68.10774867, -10.72837379 ], [ -68.10785876, -10.72842862 ], [ -68.10810658, -10.7285111 ], [ -68.10838284, -10.72829384 ], [ -68.10863185, -10.72796747 ], [ -68.10882104, -10.72767728 ], [ -68.10882192, -10.72737746 ], [ -68.10871199, -10.72726812 ], [ -68.10827132, -10.72715783 ], [ -68.10783049, -10.72710206 ], [ -68.10766512, -10.72710158 ], [ -68.10736274, -10.72682815 ], [ -68.10730826, -10.72660994 ], [ -68.10725393, -10.72633722 ], [ -68.10706212, -10.72595508 ], [ -68.10678682, -10.72584526 ], [ -68.10648444, -10.72557183 ], [ -68.10640264, -10.72527177 ], [ -68.10648167, -10.72495401 ], [ -68.10648302, -10.72449065 ], [ -68.10648398, -10.72416358 ], [ -68.10632037, -10.72356346 ], [ -68.10612824, -10.72329035 ], [ -68.10607384, -10.72304488 ], [ -68.10607456, -10.72279957 ], [ -68.10609838, -10.72250891 ], [ -68.1060439, -10.7222907 ], [ -68.10601555, -10.7220218 ], [ -68.10596079, -10.72187939 ], [ -68.10591997, -10.72174214 ], [ -68.10593505, -10.72163966 ], [ -68.10598141, -10.72154277 ], [ -68.1060958, -10.72137032 ], [ -68.10619214, -10.72131364 ], [ -68.10630439, -10.72123766 ], [ -68.10643965, -10.72116445 ], [ -68.10661932, -10.72109384 ], [ -68.10695599, -10.72095472 ], [ -68.10716689, -10.72084231 ], [ -68.10732336, -10.72065517 ], [ -68.10732385, -10.72048722 ], [ -68.10728242, -10.72024917 ], [ -68.10722134, -10.72009657 ], [ -68.10707292, -10.71994866 ], [ -68.10697146, -10.71981718 ], [ -68.1069016, -10.71970573 ], [ -68.10684963, -10.71961931 ], [ -68.1068433, -10.71958102 ], [ -68.10685876, -10.71948827 ], [ -68.10693649, -10.71932899 ], [ -68.10702144, -10.71919214 ], [ -68.10720269, -10.71875063 ], [ -68.10729795, -10.71858655 ], [ -68.10736, -10.71833932 ], [ -68.10736049, -10.7181718 ], [ -68.10722485, -10.71801581 ], [ -68.10713233, -10.7179236 ], [ -68.10689566, -10.71792851 ], [ -68.10674529, -10.71796726 ], [ -68.10664512, -10.71798114 ], [ -68.10660463, -10.71798905 ], [ -68.10653447, -10.71796565 ], [ -68.10646843, -10.71790922 ], [ -68.10643383, -10.71785501 ], [ -68.106384, -10.71774306 ], [ -68.10641346, -10.717623 ], [ -68.10651457, -10.71743114 ], [ -68.10659287, -10.71722182 ], [ -68.10660237, -10.71707799 ], [ -68.10660276, -10.71694615 ], [ -68.10658208, -10.71677836 ], [ -68.10646794, -10.71663614 ], [ -68.10632335, -10.71654004 ], [ -68.10616345, -10.71648009 ], [ -68.10598267, -10.71647957 ], [ -68.10573311, -10.71654702 ], [ -68.10560547, -10.7166098 ], [ -68.10531054, -10.71672935 ], [ -68.10521579, -10.71676927 ], [ -68.10514325, -10.71678702 ], [ -68.10506115, -10.71680033 ], [ -68.10491685, -10.71682022 ], [ -68.10483388, -10.71680971 ], [ -68.10475764, -10.71678435 ], [ -68.10457981, -10.71684239 ], [ -68.10448228, -10.71687424 ], [ -68.10441049, -10.71690947 ], [ -68.10426335, -10.71692117 ], [ -68.1038464, -10.71684857 ], [ -68.10375264, -10.71679256 ], [ -68.1037311, -10.71673526 ], [ -68.10370742, -10.71661634 ], [ -68.1037078, -10.7164863 ], [ -68.10370818, -10.71635626 ], [ -68.10373491, -10.71622603 ], [ -68.10376742, -10.7160677 ], [ -68.10376776, -10.7159491 ], [ -68.10384172, -10.715828 ], [ -68.10393198, -10.71559205 ], [ -68.10400761, -10.71544352 ], [ -68.10406391, -10.71525991 ], [ -68.10404433, -10.71506048 ], [ -68.10401785, -10.71500771 ], [ -68.10395703, -10.71488655 ], [ -68.10391334, -10.71485756 ], [ -68.1038759, -10.71478295 ], [ -68.10363948, -10.71478227 ], [ -68.1034761, -10.7147818 ], [ -68.10343141, -10.71486953 ], [ -68.1033845, -10.71491565 ], [ -68.10324879, -10.71507871 ], [ -68.10310074, -10.71525074 ], [ -68.102987, -10.71532898 ], [ -68.10294264, -10.71532885 ], [ -68.10285497, -10.71535748 ], [ -68.10275061, -10.71535718 ], [ -68.10274259, -10.71533313 ], [ -68.10257359, -10.71529919 ], [ -68.10255917, -10.71527527 ], [ -68.10251315, -10.71525233 ], [ -68.10251189, -10.71525108 ], [ -68.10239177, -10.71514652 ], [ -68.10228785, -10.71504271 ], [ -68.10226666, -10.71488983 ], [ -68.10226699, -10.71477654 ], [ -68.10229977, -10.71468897 ], [ -68.10239886, -10.7146131 ], [ -68.1025099, -10.71458044 ], [ -68.10261665, -10.71456753 ], [ -68.10275392, -10.71455193 ], [ -68.10286554, -10.71452212 ], [ -68.10302213, -10.71443146 ], [ -68.10323519, -10.71424344 ], [ -68.10330199, -10.71410114 ], [ -68.103314, -10.71401954 ], [ -68.10341458, -10.71390741 ], [ -68.10358294, -10.7137969 ], [ -68.10381746, -10.71361541 ], [ -68.10389965, -10.71348392 ], [ -68.1039506, -10.71333888 ], [ -68.10395112, -10.71316351 ], [ -68.10390182, -10.71302796 ], [ -68.10377918, -10.71290572 ], [ -68.10361587, -10.71285465 ], [ -68.10347163, -10.71283039 ], [ -68.10335137, -10.71281018 ], [ -68.10324258, -10.7127694 ], [ -68.10317127, -10.7127034 ], [ -68.10309789, -10.71259697 ], [ -68.10301023, -10.71247462 ], [ -68.10289697, -10.71238778 ], [ -68.10270328, -10.71230555 ], [ -68.10256357, -10.71230515 ], [ -68.10240673, -10.7123321 ], [ -68.10225748, -10.71239629 ], [ -68.10211392, -10.71249608 ], [ -68.10193492, -10.71264034 ], [ -68.10164124, -10.71298185 ], [ -68.10159846, -10.71308692 ], [ -68.101556, -10.71312875 ], [ -68.10144073, -10.71320171 ], [ -68.1013641, -10.71321041 ], [ -68.10128059, -10.71320098 ], [ -68.10121833, -10.71316106 ], [ -68.10116876, -10.71311168 ], [ -68.10113221, -10.71304785 ], [ -68.10111608, -10.71294463 ], [ -68.10111643, -10.71282426 ], [ -68.10114838, -10.71268681 ], [ -68.10121672, -10.71250646 ], [ -68.10121244, -10.71245661 ], [ -68.1012402, -10.71241117 ], [ -68.10128234, -10.71228732 ], [ -68.10128267, -10.71217723 ], [ -68.10128301, -10.71206175 ], [ -68.10128338, -10.71193504 ], [ -68.10121727, -10.71182535 ], [ -68.10119132, -10.71178661 ], [ -68.10114774, -10.71169976 ], [ -68.10098528, -10.71167251 ], [ -68.10081543, -10.71164746 ], [ -68.1007033, -10.71161378 ], [ -68.1005796, -10.71151643 ], [ -68.10039542, -10.71139156 ], [ -68.10030432, -10.71131472 ], [ -68.10011988, -10.71116013 ], [ -68.09994233, -10.71109797 ], [ -68.09976944, -10.71104603 ], [ -68.09957459, -10.71104547 ], [ -68.09942628, -10.71106341 ], [ -68.09920929, -10.71115225 ], [ -68.09896193, -10.71134803 ], [ -68.09886326, -10.71151796 ], [ -68.09877908, -10.71162457 ], [ -68.09867702, -10.71169255 ], [ -68.09862266, -10.71172173 ], [ -68.09853155, -10.71173651 ], [ -68.09841771, -10.71172544 ], [ -68.09832128, -10.71168263 ], [ -68.09821663, -10.71160238 ], [ -68.09803288, -10.71154825 ], [ -68.09777382, -10.71158492 ], [ -68.09768853, -10.71166893 ], [ -68.09759484, -10.71176946 ], [ -68.09755269, -10.71179562 ], [ -68.09749107, -10.71180341 ], [ -68.09740343, -10.71182398 ], [ -68.09734955, -10.71182649 ], [ -68.09727906, -10.71182297 ], [ -68.0972129, -10.711819 ], [ -68.09714817, -10.7117867 ], [ -68.09707075, -10.71175126 ], [ -68.09702019, -10.71171346 ], [ -68.09694242, -10.71162734 ], [ -68.09667789, -10.71150708 ], [ -68.09657431, -10.71143333 ], [ -68.09639025, -10.71134706 ], [ -68.09623602, -10.71124221 ], [ -68.09608722, -10.71114104 ], [ -68.09597054, -10.71100944 ], [ -68.0959345, -10.7109375 ], [ -68.09592504, -10.71087988 ], [ -68.09596107, -10.7107563 ], [ -68.09599471, -10.71060431 ], [ -68.09600527, -10.71044433 ], [ -68.09593897, -10.71026755 ], [ -68.09575678, -10.71015385 ], [ -68.09561082, -10.71015343 ], [ -68.09531912, -10.71008041 ], [ -68.09524657, -10.70993585 ], [ -68.09517416, -10.70974317 ], [ -68.09529657, -10.70947888 ], [ -68.09546729, -10.70933502 ], [ -68.09571105, -10.70916732 ], [ -68.09624709, -10.70888017 ], [ -68.09653943, -10.70873667 ], [ -68.09661298, -10.70854442 ], [ -68.09668696, -10.70820781 ], [ -68.09673611, -10.70803954 ], [ -68.09695512, -10.70801612 ], [ -68.09727122, -10.70806515 ], [ -68.09751427, -10.70813803 ], [ -68.09773342, -10.70806649 ], [ -68.097953, -10.7078506 ], [ -68.0981001, -10.70746609 ], [ -68.09810095, -10.70717739 ], [ -68.09807733, -10.70693673 ], [ -68.0980012, -10.70663177 ], [ -68.09785596, -10.70639077 ], [ -68.09744276, -10.70626928 ], [ -68.09710234, -10.70622018 ], [ -68.09666454, -10.70619485 ], [ -68.09627489, -10.70633807 ], [ -68.09569049, -10.70652885 ], [ -68.09522837, -10.70650345 ], [ -68.09503404, -10.70640665 ], [ -68.09505894, -10.70621425 ], [ -68.09520525, -10.70609439 ], [ -68.09530291, -10.70597438 ], [ -68.09523058, -10.70575764 ], [ -68.09496313, -10.70570875 ], [ -68.09479278, -10.70573231 ], [ -68.09462221, -10.70582805 ], [ -68.09452104, -10.7057636 ], [ -68.09452147, -10.70561925 ], [ -68.0944492, -10.70537846 ], [ -68.09423055, -10.70528159 ], [ -68.09398715, -10.705329 ], [ -68.09369473, -10.70549656 ], [ -68.0934997, -10.70564034 ], [ -68.09342636, -10.70576042 ], [ -68.09325572, -10.70588022 ], [ -68.09296395, -10.70583125 ], [ -68.09274516, -10.7057825 ], [ -68.09262388, -10.70566186 ], [ -68.09257552, -10.70556548 ], [ -68.09253738, -10.70544078 ], [ -68.09241525, -10.70529113 ], [ -68.09240256, -10.70525311 ], [ -68.09236914, -10.70518652 ], [ -68.09226819, -10.70510616 ], [ -68.09216298, -10.70503137 ], [ -68.09205575, -10.70495515 ], [ -68.09187765, -10.70485087 ], [ -68.09180109, -10.7048079 ], [ -68.09178925, -10.70477952 ], [ -68.09176148, -10.7046256 ], [ -68.0917194, -10.70447375 ], [ -68.09159175, -10.70420758 ], [ -68.09155819, -10.70410642 ], [ -68.09154131, -10.70409802 ], [ -68.09154096, -10.7040959 ], [ -68.09154123, -10.70400682 ], [ -68.09154126, -10.70399575 ], [ -68.09155247, -10.70395198 ], [ -68.09156912, -10.70387089 ], [ -68.09159959, -10.70362417 ], [ -68.09164469, -10.70341862 ], [ -68.09167229, -10.70322674 ], [ -68.09163601, -10.70308108 ], [ -68.09160708, -10.70296501 ], [ -68.09150844, -10.70282977 ], [ -68.09138541, -10.70277393 ], [ -68.09126851, -10.70273301 ], [ -68.09107652, -10.702766 ], [ -68.0909279, -10.7028554 ], [ -68.0908694, -10.70287936 ], [ -68.09080718, -10.70288477 ], [ -68.09070476, -10.70289716 ], [ -68.09065075, -10.70288935 ], [ -68.09055021, -10.70282602 ], [ -68.09043545, -10.70270863 ], [ -68.09039982, -10.70264146 ], [ -68.09040509, -10.70260061 ], [ -68.09042553, -10.702569 ], [ -68.09064059, -10.70241015 ], [ -68.09077913, -10.7022555 ], [ -68.09085473, -10.70207506 ], [ -68.09083689, -10.70186456 ], [ -68.09080666, -10.70167632 ], [ -68.09067467, -10.70154475 ], [ -68.09052665, -10.70149537 ], [ -68.09031488, -10.70150429 ], [ -68.09006526, -10.70158594 ], [ -68.08987124, -10.70166886 ], [ -68.08968419, -10.70180886 ], [ -68.08948389, -10.7018946 ], [ -68.08937642, -10.70191424 ], [ -68.08930005, -10.70193292 ], [ -68.08923328, -10.70193273 ], [ -68.08918373, -10.701908 ], [ -68.0891147, -10.70183346 ], [ -68.08900009, -10.70169816 ], [ -68.08897953, -10.70158945 ], [ -68.08897366, -10.7014788 ], [ -68.08901439, -10.70116036 ], [ -68.08909493, -10.70101505 ], [ -68.08927816, -10.70057619 ], [ -68.08934366, -10.70042331 ], [ -68.08938318, -10.70023422 ], [ -68.08942405, -10.70009806 ], [ -68.08943284, -10.69993352 ], [ -68.08945012, -10.69964491 ], [ -68.08938831, -10.69945044 ], [ -68.08931484, -10.69927609 ], [ -68.08919523, -10.69916184 ], [ -68.08905667, -10.69906685 ], [ -68.08887474, -10.69898079 ], [ -68.08871661, -10.69898033 ], [ -68.08857643, -10.69900517 ], [ -68.08843035, -10.69914907 ], [ -68.08834327, -10.69927056 ], [ -68.088179, -10.69941214 ], [ -68.08789903, -10.69963487 ], [ -68.08779995, -10.69968971 ], [ -68.08770712, -10.6997239 ], [ -68.08752744, -10.69974561 ], [ -68.08733038, -10.6996532 ], [ -68.08720369, -10.69956705 ], [ -68.08711568, -10.69941486 ], [ -68.08707571, -10.69930062 ], [ -68.08706995, -10.69909528 ], [ -68.08710751, -10.69884726 ], [ -68.08711672, -10.69835306 ], [ -68.08709865, -10.69815262 ], [ -68.0871558, -10.69806057 ], [ -68.08727417, -10.69789801 ], [ -68.08730423, -10.69781614 ], [ -68.0874112, -10.69759359 ], [ -68.08742055, -10.69742715 ], [ -68.08743677, -10.69724844 ], [ -68.0874132, -10.6968861 ], [ -68.08734491, -10.69671057 ], [ -68.0871641, -10.69649168 ], [ -68.08692907, -10.69630585 ], [ -68.08677076, -10.69620935 ], [ -68.08656836, -10.6961502 ], [ -68.08638829, -10.69611039 ], [ -68.08626928, -10.69612571 ], [ -68.08612941, -10.69607914 ], [ -68.08589668, -10.69587074 ], [ -68.0856402, -10.69580075 ], [ -68.0853135, -10.69579979 ], [ -68.08494041, -10.69570639 ], [ -68.08480047, -10.6956829 ], [ -68.0845676, -10.69552066 ], [ -68.08442815, -10.69533562 ], [ -68.08438196, -10.69517392 ], [ -68.084383, -10.69482774 ], [ -68.08433716, -10.69455065 ], [ -68.08419798, -10.69427329 ], [ -68.08405866, -10.69404209 ], [ -68.08380211, -10.69399518 ], [ -68.08347535, -10.6940173 ], [ -68.08331159, -10.6941553 ], [ -68.08310088, -10.69438547 ], [ -68.0829599, -10.69470817 ], [ -68.08295913, -10.69496204 ], [ -68.08300456, -10.6953776 ], [ -68.08300428, -10.69546991 ], [ -68.08291073, -10.69553888 ], [ -68.08277072, -10.69553847 ], [ -68.08256105, -10.69542245 ], [ -68.08246826, -10.69523754 ], [ -68.08237562, -10.69500648 ], [ -68.0822363, -10.69477528 ], [ -68.08205017, -10.6945901 ], [ -68.08184071, -10.69440485 ], [ -68.08181772, -10.69428938 ], [ -68.08184154, -10.6941279 ], [ -68.08193544, -10.69394354 ], [ -68.08207649, -10.69359777 ], [ -68.08210093, -10.69322857 ], [ -68.08189175, -10.692951 ], [ -68.08165868, -10.692858 ], [ -68.08133199, -10.69285704 ], [ -68.08121126, -10.69291054 ], [ -68.08090784, -10.69293272 ], [ -68.08060448, -10.69293183 ], [ -68.0802548, -10.6928154 ], [ -68.0800925, -10.69246874 ], [ -68.07997645, -10.69226068 ], [ -68.07967358, -10.69209824 ], [ -68.07953315, -10.6922363 ], [ -68.07939273, -10.69237436 ], [ -68.07918264, -10.69239682 ], [ -68.07901965, -10.69228094 ], [ -68.07885707, -10.69202659 ], [ -68.07885755, -10.69186504 ], [ -68.07897464, -10.69172691 ], [ -68.07927835, -10.69161241 ], [ -68.07948885, -10.69145147 ], [ -68.07958274, -10.69126711 ], [ -68.07967678, -10.6910366 ], [ -68.07960761, -10.69075945 ], [ -68.07944461, -10.69064357 ], [ -68.07927784, -10.69048921 ], [ -68.07913839, -10.69030417 ], [ -68.07913881, -10.69016569 ], [ -68.0792093, -10.69000435 ], [ -68.07941924, -10.69002805 ], [ -68.07974621, -10.68993669 ], [ -68.07983989, -10.68982157 ], [ -68.07988712, -10.68963708 ], [ -68.07981788, -10.689383 ], [ -68.07965523, -10.68915173 ], [ -68.07946918, -10.68894347 ], [ -68.07930667, -10.68866604 ], [ -68.07919048, -10.68850414 ], [ -68.07902399, -10.68825747 ], [ -68.07883787, -10.68807229 ], [ -68.07851153, -10.68795593 ], [ -68.07827819, -10.68795524 ], [ -68.07818464, -10.6880242 ], [ -68.07813742, -10.6882087 ], [ -68.07809019, -10.68839319 ], [ -68.07804296, -10.68857769 ], [ -68.07799587, -10.68871602 ], [ -68.07792587, -10.68871582 ], [ -68.07785594, -10.68869253 ], [ -68.07769301, -10.68855357 ], [ -68.07762371, -10.68832258 ], [ -68.07764774, -10.68809186 ], [ -68.0777649, -10.68793065 ], [ -68.07802214, -10.68774677 ], [ -68.07830271, -10.68756297 ], [ -68.07841987, -10.68740176 ], [ -68.07851369, -10.68724048 ], [ -68.07849112, -10.68698654 ], [ -68.07830487, -10.68684752 ], [ -68.07814201, -10.68668548 ], [ -68.07818931, -10.68647791 ], [ -68.0780734, -10.68622369 ], [ -68.07781322, -10.68609214 ], [ -68.07764981, -10.68611474 ], [ -68.0774398, -10.68611412 ], [ -68.07732341, -10.68602146 ], [ -68.07739383, -10.68588319 ], [ -68.07758085, -10.68576835 ], [ -68.07766297, -10.685736 ], [ -68.07775647, -10.68564388 ], [ -68.07779795, -10.68551509 ], [ -68.07778771, -10.68531048 ], [ -68.07770665, -10.68518343 ], [ -68.07760721, -10.6850843 ], [ -68.07743842, -10.68501682 ], [ -68.07720029, -10.68502595 ], [ -68.07696983, -10.68512561 ], [ -68.07678726, -10.68527275 ], [ -68.07664443, -10.68539863 ], [ -68.07640507, -10.68559626 ], [ -68.07627484, -10.6856603 ], [ -68.07612537, -10.68572325 ], [ -68.07599443, -10.68577062 ], [ -68.07586289, -10.68580279 ], [ -68.07562988, -10.68582586 ], [ -68.07545329, -10.68581835 ], [ -68.07523235, -10.68581039 ], [ -68.07487639, -10.6857811 ], [ -68.07450982, -10.68568056 ], [ -68.07437182, -10.68560806 ], [ -68.0741814, -10.68554453 ], [ -68.07402682, -10.68554407 ], [ -68.07379239, -10.68555582 ], [ -68.07357138, -10.68563392 ], [ -68.07336302, -10.68575876 ], [ -68.07316587, -10.68601468 ], [ -68.07308816, -10.68625857 ], [ -68.07296828, -10.68645402 ], [ -68.07292605, -10.68658512 ], [ -68.07289928, -10.68661809 ], [ -68.07279786, -10.68667908 ], [ -68.07253682, -10.68677843 ], [ -68.07243376, -10.68677812 ], [ -68.07229353, -10.68674143 ], [ -68.07219697, -10.68669605 ], [ -68.07211799, -10.68662856 ], [ -68.07182265, -10.68626256 ], [ -68.0717969, -10.68620479 ], [ -68.07169357, -10.68606767 ], [ -68.07160535, -10.68597989 ], [ -68.07154319, -10.68590036 ], [ -68.07129608, -10.68568976 ], [ -68.07115493, -10.6855904 ], [ -68.0710344, -10.68553023 ], [ -68.07089976, -10.68551076 ], [ -68.07073489, -10.68550209 ], [ -68.07059843, -10.68551135 ], [ -68.0704105, -10.68558609 ], [ -68.070252, -10.68567638 ], [ -68.07016994, -10.68573698 ], [ -68.07011654, -10.68575885 ], [ -68.070003, -10.68577101 ], [ -68.06990844, -10.68578113 ], [ -68.06983705, -10.68574904 ], [ -68.0697261, -10.68556762 ], [ -68.06967487, -10.68548733 ], [ -68.06959784, -10.68535554 ], [ -68.06944696, -10.68530064 ], [ -68.06927819, -10.6852882 ], [ -68.06910001, -10.68538682 ], [ -68.06899645, -10.68549732 ], [ -68.06893902, -10.6855539 ], [ -68.06888358, -10.68552946 ], [ -68.06877167, -10.68543029 ], [ -68.06868933, -10.68534274 ], [ -68.06865574, -10.68521921 ], [ -68.06861457, -10.68501457 ], [ -68.06863723, -10.68499533 ], [ -68.06859199, -10.68476808 ], [ -68.06856604, -10.68463769 ], [ -68.06856655, -10.68446906 ], [ -68.06850707, -10.6844335 ], [ -68.06854429, -10.68432415 ], [ -68.06851199, -10.68427295 ], [ -68.06845866, -10.68413991 ], [ -68.06840106, -10.68408392 ], [ -68.06838768, -10.68406794 ], [ -68.06830145, -10.68396075 ], [ -68.06824173, -10.68390405 ], [ -68.06820349, -10.68386824 ], [ -68.06792588, -10.68381247 ], [ -68.06776544, -10.68381199 ], [ -68.06764334, -10.68381163 ], [ -68.06753619, -10.68386422 ], [ -68.0674169, -10.68396976 ], [ -68.06731026, -10.68396944 ], [ -68.06728334, -10.68425282 ], [ -68.06732947, -10.68444277 ], [ -68.06743735, -10.68466594 ], [ -68.06752445, -10.68489234 ], [ -68.06754217, -10.68490538 ], [ -68.06756379, -10.685014 ], [ -68.06763307, -10.68515209 ], [ -68.06764299, -10.68525328 ], [ -68.0675664, -10.68529088 ], [ -68.06757938, -10.68535613 ], [ -68.06746881, -10.6853558 ], [ -68.06743636, -10.68535571 ], [ -68.06740116, -10.68533469 ], [ -68.06728139, -10.68525518 ], [ -68.06716795, -10.68515486 ], [ -68.06708467, -10.68504829 ], [ -68.06700372, -10.68487341 ], [ -68.06698819, -10.68484246 ], [ -68.06698669, -10.68483948 ], [ -68.06679333, -10.68459627 ], [ -68.06658681, -10.68440813 ], [ -68.06635088, -10.68425124 ], [ -68.06615297, -10.68413423 ], [ -68.06603184, -10.68404438 ], [ -68.06590367, -10.68398051 ], [ -68.06578707, -10.68392241 ], [ -68.06568565, -10.68387189 ], [ -68.06560532, -10.68380525 ], [ -68.06552434, -10.68375152 ], [ -68.06540286, -10.68362704 ], [ -68.06526433, -10.68347576 ], [ -68.06519556, -10.68331959 ], [ -68.0651877, -10.68329468 ], [ -68.06513591, -10.68295753 ], [ -68.06519301, -10.68277712 ], [ -68.06523808, -10.68264762 ], [ -68.06537315, -10.68246141 ], [ -68.06548741, -10.68232075 ], [ -68.06576641, -10.68202128 ], [ -68.06600661, -10.68184735 ], [ -68.06640726, -10.68158315 ], [ -68.0665721, -10.68144514 ], [ -68.06669227, -10.68130705 ], [ -68.06670567, -10.68125351 ], [ -68.06674619, -10.68094583 ], [ -68.06673451, -10.68032946 ], [ -68.06671603, -10.6801502 ], [ -68.06659115, -10.67987672 ], [ -68.06638953, -10.67975603 ], [ -68.06622131, -10.6796999 ], [ -68.06604321, -10.67969007 ], [ -68.0658499, -10.67972279 ], [ -68.06560134, -10.67978359 ], [ -68.06539008, -10.67984918 ], [ -68.06529317, -10.67985489 ], [ -68.06522529, -10.67985469 ], [ -68.06512303, -10.67978184 ], [ -68.0650623, -10.6797073 ], [ -68.06504963, -10.67963708 ], [ -68.06507613, -10.6795965 ], [ -68.06519907, -10.67948255 ], [ -68.06528893, -10.67936639 ], [ -68.06531235, -10.67921855 ], [ -68.06530089, -10.67902774 ], [ -68.06511624, -10.67885385 ], [ -68.0649609, -10.67875055 ], [ -68.06476843, -10.67866751 ], [ -68.06469913, -10.67865585 ], [ -68.06446156, -10.67860501 ], [ -68.06423803, -10.67857547 ], [ -68.06412977, -10.67857515 ], [ -68.06406116, -10.67854946 ], [ -68.06404678, -10.67853754 ], [ -68.06405749, -10.67852438 ], [ -68.06410683, -10.67849207 ], [ -68.06412249, -10.67846897 ], [ -68.064173, -10.67845486 ], [ -68.06434248, -10.67839819 ], [ -68.06447739, -10.6783033 ], [ -68.06461336, -10.67815597 ], [ -68.06456755, -10.67794084 ], [ -68.06441915, -10.67778152 ], [ -68.06424528, -10.6777201 ], [ -68.06401462, -10.67768511 ], [ -68.0638928, -10.67765454 ], [ -68.06378865, -10.67759341 ], [ -68.0636641, -10.67750841 ], [ -68.06354584, -10.67738395 ], [ -68.063426, -10.67722985 ], [ -68.06336432, -10.67701688 ], [ -68.06328925, -10.67685189 ], [ -68.06324819, -10.67672515 ], [ -68.06300999, -10.67648489 ], [ -68.06288062, -10.67646619 ], [ -68.06272467, -10.67646572 ], [ -68.06253084, -10.67653582 ], [ -68.0624123, -10.67664359 ], [ -68.06232448, -10.67672289 ], [ -68.0622286, -10.67680383 ], [ -68.06208678, -10.67689586 ], [ -68.06198936, -10.6769296 ], [ -68.06189024, -10.67694481 ], [ -68.06181574, -10.67692611 ], [ -68.06176429, -10.67686547 ], [ -68.06170136, -10.67679131 ], [ -68.06166673, -10.67668149 ], [ -68.0615998, -10.67642971 ], [ -68.06161458, -10.67619981 ], [ -68.06159766, -10.67594095 ], [ -68.06148056, -10.67572515 ], [ -68.06133726, -10.67554021 ], [ -68.06112805, -10.67536638 ], [ -68.06093409, -10.6753658 ], [ -68.06076881, -10.67543266 ], [ -68.06064273, -10.67551022 ], [ -68.06058229, -10.67554224 ], [ -68.06054568, -10.67554213 ], [ -68.06048795, -10.67550971 ], [ -68.06042637, -10.67542441 ], [ -68.06027451, -10.67531335 ], [ -68.06009077, -10.67526218 ], [ -68.05990969, -10.67527285 ], [ -68.05974712, -10.67537286 ], [ -68.05964142, -10.67546829 ], [ -68.05952605, -10.67559816 ], [ -68.05941758, -10.67575072 ], [ -68.05937531, -10.67580721 ], [ -68.05934639, -10.67583254 ], [ -68.05930919, -10.67584163 ], [ -68.05922757, -10.67584139 ], [ -68.05910608, -10.67584538 ], [ -68.05906782, -10.6758358 ], [ -68.0590009, -10.67581904 ], [ -68.05889591, -10.67580574 ], [ -68.05879508, -10.67576263 ], [ -68.0586973, -10.67574852 ], [ -68.05861142, -10.67570571 ], [ -68.05852388, -10.67569102 ], [ -68.0584468, -10.67565262 ], [ -68.05835524, -10.67562212 ], [ -68.0581607, -10.67553896 ], [ -68.05803866, -10.67547815 ], [ -68.05801593, -10.67547058 ], [ -68.05782214, -10.67528736 ], [ -68.05769039, -10.67516982 ], [ -68.05760247, -10.67505081 ], [ -68.05744955, -10.67474889 ], [ -68.05737906, -10.67453717 ], [ -68.05729083, -10.67426813 ], [ -68.05708881, -10.67398913 ], [ -68.05693055, -10.67371462 ], [ -68.05678103, -10.67353413 ], [ -68.05667446, -10.67340793 ], [ -68.05655067, -10.67313656 ], [ -68.05644943, -10.67288347 ], [ -68.05632596, -10.67253094 ], [ -68.05629414, -10.67242192 ], [ -68.05626599, -10.67230909 ], [ -68.05623715, -10.67219351 ], [ -68.05620831, -10.67207794 ], [ -68.0561838, -10.67197965 ], [ -68.0561841, -10.67188198 ], [ -68.05618446, -10.67176247 ], [ -68.05617012, -10.67149215 ], [ -68.05622753, -10.67136648 ], [ -68.05628994, -10.6712056 ], [ -68.05635156, -10.67103283 ], [ -68.05635213, -10.67084803 ], [ -68.05629696, -10.67068232 ], [ -68.05618466, -10.67057034 ], [ -68.05605103, -10.67046564 ], [ -68.05591046, -10.67042539 ], [ -68.05573302, -10.67039707 ], [ -68.05534044, -10.67047919 ], [ -68.05510478, -10.67058624 ], [ -68.05486645, -10.67070344 ], [ -68.05448789, -10.6709947 ], [ -68.05423293, -10.67125343 ], [ -68.05395939, -10.67154106 ], [ -68.05375484, -10.67172169 ], [ -68.05331029, -10.67201468 ], [ -68.05309861, -10.67222318 ], [ -68.05293244, -10.67238313 ], [ -68.0528248, -10.67249539 ], [ -68.05273155, -10.67253311 ], [ -68.05259849, -10.67257662 ], [ -68.05247288, -10.67258246 ], [ -68.05227867, -10.67258187 ], [ -68.05209667, -10.67259081 ], [ -68.051799, -10.67256697 ], [ -68.05164518, -10.67249017 ], [ -68.05131457, -10.67241291 ], [ -68.05097601, -10.67229872 ], [ -68.05073948, -10.67222761 ], [ -68.05051653, -10.67219536 ], [ -68.05015989, -10.6721597 ], [ -68.04979721, -10.67217388 ], [ -68.04956458, -10.67218805 ], [ -68.04924671, -10.67220583 ], [ -68.04894848, -10.67224185 ], [ -68.04868215, -10.6722553 ], [ -68.04831631, -10.67225064 ], [ -68.04812222, -10.67222154 ], [ -68.04792794, -10.67219955 ], [ -68.04776026, -10.67215746 ], [ -68.04758371, -10.67206605 ], [ -68.04736245, -10.67190742 ], [ -68.04718466, -10.67173723 ], [ -68.04688061, -10.67143766 ], [ -68.0467259, -10.67123194 ], [ -68.04661827, -10.67111904 ], [ -68.04632808, -10.67081882 ], [ -68.04615522, -10.67057456 ], [ -68.0459788, -10.67018484 ], [ -68.04593481, -10.6700613 ], [ -68.04582029, -10.66975802 ], [ -68.04553225, -10.66947084 ], [ -68.04509886, -10.66946952 ], [ -68.04484317, -10.66950178 ], [ -68.04446551, -10.66944556 ], [ -68.04394384, -10.66924576 ], [ -68.04303291, -10.66914387 ], [ -68.04233305, -10.66906465 ], [ -68.04184342, -10.66928339 ], [ -68.04114222, -10.66963361 ], [ -68.04066441, -10.66962114 ], [ -68.04009828, -10.66942119 ], [ -68.03968841, -10.6690125 ], [ -68.03937887, -10.66849401 ], [ -68.03911345, -10.66808576 ], [ -68.03889178, -10.66789788 ], [ -68.03860297, -10.66786396 ], [ -68.03828049, -10.66792903 ], [ -68.03799099, -10.66811534 ], [ -68.03746849, -10.66817981 ], [ -68.03704613, -10.66820054 ], [ -68.03677979, -10.6680896 ], [ -68.03679138, -10.66793547 ], [ -68.03709273, -10.66751795 ], [ -68.03734954, -10.66713333 ], [ -68.03736825, -10.66691317 ], [ -68.03738416, -10.66672602 ], [ -68.03726275, -10.66646135 ], [ -68.03701883, -10.66628442 ], [ -68.03663048, -10.66609602 ], [ -68.03600808, -10.66612715 ], [ -68.03560831, -10.66603782 ], [ -68.03533071, -10.66597089 ], [ -68.03508658, -10.66586003 ], [ -68.03478654, -10.6658591 ], [ -68.03458621, -10.66595759 ], [ -68.03446341, -10.66613339 ], [ -68.03442927, -10.66638655 ], [ -68.03439475, -10.66676085 ], [ -68.03438313, -10.66692599 ], [ -68.03422727, -10.6670136 ], [ -68.03390501, -10.6670126 ], [ -68.03368956, -10.6668693 ], [ -68.033409, -10.66663719 ], [ -68.03321002, -10.66630623 ], [ -68.03308914, -10.66587639 ], [ -68.03304549, -10.66562299 ], [ -68.03295725, -10.66541349 ], [ -68.03277984, -10.66529183 ], [ -68.03246872, -10.66527985 ], [ -68.03220199, -10.66529004 ], [ -68.03201322, -10.66524541 ], [ -68.03164734, -10.66497999 ], [ -68.03139242, -10.66476998 ], [ -68.03131148, -10.66467063 ], [ -68.03122344, -10.66439506 ], [ -68.03126935, -10.66393272 ], [ -68.03121477, -10.66362423 ], [ -68.03118209, -10.6634149 ], [ -68.03093852, -10.66312785 ], [ -68.03069496, -10.6628408 ], [ -68.03052908, -10.66258701 ], [ -68.0304409, -10.66235549 ], [ -68.03050845, -10.66208041 ], [ -68.03062048, -10.66179446 ], [ -68.0307989, -10.6615968 ], [ -68.03105491, -10.66146544 ], [ -68.03138827, -10.66146647 ], [ -68.0318767, -10.66163317 ], [ -68.03239828, -10.66185501 ], [ -68.03299753, -10.66211013 ], [ -68.03314193, -10.6621326 ], [ -68.03336449, -10.66203418 ], [ -68.03354315, -10.66175944 ], [ -68.03363333, -10.6613523 ], [ -68.03377898, -10.66097834 ], [ -68.03387983, -10.66071437 ], [ -68.03394779, -10.66030716 ], [ -68.03388156, -10.66016379 ], [ -68.03373703, -10.66018537 ], [ -68.03313714, -10.66012847 ], [ -68.0327819, -10.66001725 ], [ -68.03258233, -10.65987348 ], [ -68.03249392, -10.65971906 ], [ -68.03259463, -10.65949913 ], [ -68.03277294, -10.6593345 ], [ -68.03299557, -10.65921406 ], [ -68.03326296, -10.65899466 ], [ -68.03345311, -10.65859882 ], [ -68.03354302, -10.65827976 ], [ -68.0335549, -10.65803755 ], [ -68.03351094, -10.65788325 ], [ -68.03342232, -10.65779488 ], [ -68.03324452, -10.65779434 ], [ -68.03296627, -10.65793662 ], [ -68.03273242, -10.65809007 ], [ -68.03249869, -10.65821048 ], [ -68.03230985, -10.65818786 ], [ -68.03205469, -10.65805494 ], [ -68.03199961, -10.65790061 ], [ -68.03200051, -10.6576143 ], [ -68.03214598, -10.65729542 ], [ -68.03233582, -10.65699868 ], [ -68.03245864, -10.65681187 ], [ -68.03249271, -10.65658073 ], [ -68.03248223, -10.65638248 ], [ -68.03236065, -10.65617289 ], [ -68.03227186, -10.65613957 ], [ -68.03197141, -10.65627079 ], [ -68.03167065, -10.6565011 ], [ -68.03141463, -10.65664347 ], [ -68.03121464, -10.65663183 ], [ -68.03102626, -10.65646607 ], [ -68.03079367, -10.6562231 ], [ -68.03052764, -10.65601305 ], [ -68.03033877, -10.65600146 ], [ -68.02999416, -10.65604444 ], [ -68.02959322, -10.6563295 ], [ -68.029236, -10.65684594 ], [ -68.02877767, -10.65770343 ], [ -68.02865436, -10.65804441 ], [ -68.02848729, -10.65816502 ], [ -68.0282098, -10.65806506 ], [ -68.02805479, -10.65788838 ], [ -68.02781106, -10.65765638 ], [ -68.02754486, -10.65750139 ], [ -68.02715597, -10.65748918 ], [ -68.02687816, -10.65748832 ], [ -68.02671158, -10.65745476 ], [ -68.02660068, -10.65738834 ], [ -68.02648994, -10.65726687 ], [ -68.02645712, -10.65710159 ], [ -68.02655791, -10.65685964 ], [ -68.02681453, -10.6565301 ], [ -68.02711561, -10.65620068 ], [ -68.027294, -10.65601404 ], [ -68.02741696, -10.65578318 ], [ -68.02739543, -10.65556288 ], [ -68.027185, -10.65534198 ], [ -68.02689612, -10.65533008 ], [ -68.0265736, -10.65541717 ], [ -68.02609486, -10.65570199 ], [ -68.02560534, -10.65588767 ], [ -68.02517186, -10.65591935 ], [ -68.02492754, -10.65587454 ], [ -68.02470569, -10.65575272 ], [ -68.02457336, -10.65543298 ], [ -68.02455225, -10.65508054 ], [ -68.02448656, -10.65477201 ], [ -68.02425426, -10.65444093 ], [ -68.02399893, -10.65436307 ], [ -68.02377687, -10.6543073 ], [ -68.02361053, -10.65419668 ], [ -68.02344434, -10.654042 ], [ -68.02334525, -10.65375538 ], [ -68.02340253, -10.65321599 ], [ -68.02348172, -10.65277577 ], [ -68.02351604, -10.65246755 ], [ -68.02340586, -10.6521699 ], [ -68.02318425, -10.651971 ], [ -68.02268485, -10.65177123 ], [ -68.02216314, -10.65159342 ], [ -68.02166344, -10.65149276 ], [ -68.02138606, -10.65135975 ], [ -68.02107476, -10.65141384 ], [ -68.02081858, -10.65160022 ], [ -68.02068496, -10.6516879 ], [ -68.02040713, -10.65169805 ], [ -68.01998505, -10.65164167 ], [ -68.01969657, -10.65150862 ], [ -68.01944158, -10.65132064 ], [ -68.01924168, -10.65128698 ], [ -68.01906375, -10.65133046 ], [ -68.01886353, -10.6513959 ], [ -68.01867463, -10.65139531 ], [ -68.01847514, -10.65122951 ], [ -68.01837538, -10.65115212 ], [ -68.01819755, -10.65116257 ], [ -68.01797493, -10.651283 ], [ -68.01769703, -10.65131518 ], [ -68.01743059, -10.65123726 ], [ -68.01713106, -10.65108216 ], [ -68.01700947, -10.65088356 ], [ -68.0169211, -10.65071811 ], [ -68.01681044, -10.65057461 ], [ -68.01657724, -10.65052984 ], [ -68.01636561, -10.65068333 ], [ -68.01635271, -10.65124489 ], [ -68.01639557, -10.65174054 ], [ -68.01634968, -10.65219187 ], [ -68.0163157, -10.65238998 ], [ -68.01625961, -10.65255498 ], [ -68.01601452, -10.65275242 ], [ -68.01572556, -10.65276252 ], [ -68.01533693, -10.65267321 ], [ -68.01514863, -10.65248541 ], [ -68.01491641, -10.65213232 ], [ -68.01486259, -10.65159258 ], [ -68.01478629, -10.65112985 ], [ -68.01476672, -10.65030392 ], [ -68.01487968, -10.64973167 ], [ -68.01501357, -10.64955591 ], [ -68.01506968, -10.64939091 ], [ -68.01502562, -10.64926964 ], [ -68.01489228, -10.64926922 ], [ -68.0147141, -10.64938979 ], [ -68.01446893, -10.64960925 ], [ -68.01417988, -10.64965239 ], [ -68.01398001, -10.64960771 ], [ -68.01375831, -10.64944184 ], [ -68.01344774, -10.64926468 ], [ -68.013148, -10.64917564 ], [ -68.01295925, -10.64913101 ], [ -68.01275913, -10.6491634 ], [ -68.01252532, -10.64930582 ], [ -68.01228072, -10.6493491 ], [ -68.0120697, -10.64931539 ], [ -68.01179173, -10.64936959 ], [ -68.01142486, -10.64942348 ], [ -68.01111345, -10.64951059 ], [ -68.01083555, -10.64954274 ], [ -68.01065776, -10.64954218 ], [ -68.01056848, -10.64966303 ], [ -68.0105677, -10.64990529 ], [ -68.01069271, -10.65017598 ], [ -68.01074391, -10.65045144 ], [ -68.01084331, -10.65063895 ], [ -68.01087625, -10.65076018 ], [ -68.01087576, -10.65091434 ], [ -68.01081966, -10.65107934 ], [ -68.01069712, -10.65117805 ], [ -68.01044176, -10.65111118 ], [ -68.01026442, -10.65096747 ], [ -68.01008823, -10.65047139 ], [ -68.01000005, -10.65025088 ], [ -68.00982326, -10.649942 ], [ -68.00969046, -10.64977641 ], [ -68.00949059, -10.64973173 ], [ -68.00931257, -10.64979724 ], [ -68.00917856, -10.65000603 ], [ -68.00903158, -10.6507874 ], [ -68.00892987, -10.65131563 ], [ -68.00881694, -10.65187686 ], [ -68.00877159, -10.65215201 ], [ -68.0086484, -10.65244893 ], [ -68.00843668, -10.65263546 ], [ -68.008292, -10.65270108 ], [ -68.0081588, -10.65265661 ], [ -68.00814833, -10.65245836 ], [ -68.00820489, -10.65215022 ], [ -68.00825041, -10.65182002 ], [ -68.00821792, -10.65155564 ], [ -68.00810784, -10.65123595 ], [ -68.00798636, -10.65100432 ], [ -68.00784265, -10.65077262 ], [ -68.00770967, -10.65066208 ], [ -68.00750966, -10.65066145 ], [ -68.00726498, -10.65072674 ], [ -68.00713096, -10.65093554 ], [ -68.00701927, -10.65111137 ], [ -68.00684127, -10.65117688 ], [ -68.00660788, -10.65118715 ], [ -68.00645204, -10.65127475 ], [ -68.00627382, -10.65140632 ], [ -68.00620647, -10.65161533 ], [ -68.00621672, -10.65187964 ], [ -68.0062605, -10.652089 ], [ -68.00619315, -10.65229801 ], [ -68.00611511, -10.65237484 ], [ -68.00591499, -10.65240725 ], [ -68.00569301, -10.65232946 ], [ -68.00537159, -10.65207518 ], [ -68.00510583, -10.65178803 ], [ -68.00465118, -10.65150029 ], [ -68.00407451, -10.65114609 ], [ -68.00371921, -10.65105686 ], [ -68.00347486, -10.65102305 ], [ -68.00306433, -10.65083454 ], [ -68.00286528, -10.65053661 ], [ -68.00269944, -10.65028281 ], [ -68.00246673, -10.65008385 ], [ -68.00201268, -10.6500892 ], [ -68.00162763, -10.65029686 ], [ -68.00000028, -10.65042592 ], [ -67.9975336, -10.65062152 ], [ -67.99732958, -10.65055341 ], [ -67.99709824, -10.6505122 ], [ -67.9968395, -10.65052486 ], [ -67.99656705, -10.65056446 ], [ -67.9963755, -10.65084718 ], [ -67.99640859, -10.65113737 ], [ -67.99644891, -10.65129941 ], [ -67.99666535, -10.65173185 ], [ -67.99669228, -10.65182638 ], [ -67.99669188, -10.6519478 ], [ -67.99665064, -10.6520691 ], [ -67.99650046, -10.65219005 ], [ -67.99633671, -10.65229746 ], [ -67.99610516, -10.65232371 ], [ -67.99550073, -10.65186978 ], [ -67.99533787, -10.65170736 ], [ -67.99498451, -10.65150385 ], [ -67.99414835, -10.65113014 ], [ -67.99398536, -10.65100819 ], [ -67.99318322, -10.65064132 ], [ -67.99281568, -10.65061316 ], [ -67.99253591, -10.6508079 ], [ -67.99248119, -10.65088867 ], [ -67.9924124, -10.65110433 ], [ -67.99239829, -10.6512527 ], [ -67.99235705, -10.65137399 ], [ -67.99226129, -10.6515086 ], [ -67.99207009, -10.65168338 ], [ -67.99187933, -10.65172325 ], [ -67.9917159, -10.65173621 ], [ -67.99135466, -10.65186323 ], [ -67.99119083, -10.65199763 ], [ -67.99109489, -10.65218621 ], [ -67.99101244, -10.65241531 ], [ -67.99104473, -10.65294835 ], [ -67.99118035, -10.6531107 ], [ -67.99137062, -10.65321925 ], [ -67.99154745, -10.65327378 ], [ -67.99175164, -10.65328793 ], [ -67.99198329, -10.65323471 ], [ -67.99216022, -10.65326226 ], [ -67.99229615, -10.65333016 ], [ -67.99229562, -10.65349206 ], [ -67.99222626, -10.6538831 ], [ -67.99210335, -10.65399064 ], [ -67.99191255, -10.654044 ], [ -67.99169469, -10.6540433 ], [ -67.99146353, -10.65394811 ], [ -67.99100724, -10.65399387 ], [ -67.99072202, -10.65377708 ], [ -67.9903005, -10.65360033 ], [ -67.99000144, -10.65345094 ], [ -67.98971581, -10.65335558 ], [ -67.98940269, -10.65334108 ], [ -67.98925926, -10.65348229 ], [ -67.98908149, -10.65371109 ], [ -67.98887623, -10.65402074 ], [ -67.98869092, -10.65447213 ], [ -67.9886358, -10.65467434 ], [ -67.98860785, -10.65489012 ], [ -67.98851089, -10.655389 ], [ -67.98841491, -10.65559107 ], [ -67.98812146, -10.65580601 ], [ -67.98782516, -10.65584937 ], [ -67.98708578, -10.65575801 ], [ -67.98690913, -10.6556495 ], [ -67.98677355, -10.65547367 ], [ -67.98672051, -10.65504176 ], [ -67.98672185, -10.654637 ], [ -67.98664096, -10.65439388 ], [ -67.98651864, -10.65432603 ], [ -67.98628703, -10.65436576 ], [ -67.98564624, -10.65462003 ], [ -67.98536044, -10.65457863 ], [ -67.98506115, -10.65449671 ], [ -67.9848574, -10.65434764 ], [ -67.98465329, -10.6543065 ], [ -67.98458486, -10.65441421 ], [ -67.9846524, -10.65457633 ], [ -67.98544753, -10.65500391 ], [ -67.98565056, -10.65536886 ], [ -67.98564949, -10.65569266 ], [ -67.98558066, -10.6559218 ], [ -67.98533468, -10.65619084 ], [ -67.9850007, -10.65630445 ], [ -67.98474199, -10.65630361 ], [ -67.98455164, -10.65622204 ], [ -67.98434784, -10.65608646 ], [ -67.98415776, -10.65592394 ], [ -67.98396714, -10.65592333 ], [ -67.9838166, -10.6561522 ], [ -67.98339968, -10.65664331 ], [ -67.98305874, -10.6568041 ], [ -67.98274561, -10.6567896 ], [ -67.98248708, -10.65673479 ], [ -67.98225592, -10.6566396 ], [ -67.98184664, -10.65688112 ], [ -67.98167471, -10.6574 ], [ -67.98167359, -10.65773731 ], [ -67.9816455, -10.65799356 ], [ -67.98153594, -10.65818209 ], [ -67.98016495, -10.65895343 ], [ -67.9800007, -10.65920924 ], [ -67.97982935, -10.65955273 ], [ -67.97976033, -10.65983585 ], [ -67.97973229, -10.66007861 ], [ -67.97977228, -10.66033508 ], [ -67.97966254, -10.66057758 ], [ -67.9794783, -10.66070516 ], [ -67.97926017, -10.6607854 ], [ -67.97904267, -10.66067675 ], [ -67.97896133, -10.66056855 ], [ -67.97888022, -10.6603929 ], [ -67.97881317, -10.66008237 ], [ -67.97860965, -10.65986583 ], [ -67.9783651, -10.65970312 ], [ -67.97809278, -10.65970224 ], [ -67.97785411, -10.65981615 ], [ -67.97760789, -10.66015264 ], [ -67.97717041, -10.6606774 ], [ -67.97706072, -10.6609064 ], [ -67.97695138, -10.66102747 ], [ -67.97676031, -10.66116177 ], [ -67.97656977, -10.66113416 ], [ -67.97648825, -10.66107993 ], [ -67.97632562, -10.66085003 ], [ -67.97617032, -10.66046501 ], [ -67.9757778, -10.65976214 ], [ -67.97525639, -10.65891719 ], [ -67.97499849, -10.65867349 ], [ -67.97474042, -10.65848376 ], [ -67.97434632, -10.65825311 ], [ -67.97382258, -10.65810973 ], [ -67.97331909, -10.65801364 ], [ -67.97289745, -10.65787733 ], [ -67.97270719, -10.65776877 ], [ -67.97258514, -10.65761996 ], [ -67.9724226, -10.65736308 ], [ -67.97204644, -10.65685976 ], [ -67.97208143, -10.65666429 ], [ -67.97224002, -10.65606442 ], [ -67.97232312, -10.65564644 ], [ -67.97232398, -10.6553901 ], [ -67.97213408, -10.65517361 ], [ -67.97189655, -10.65495021 ], [ -67.97158397, -10.65477379 ], [ -67.97136684, -10.65455721 ], [ -67.97113591, -10.65439455 ], [ -67.97093226, -10.65421848 ], [ -67.97061937, -10.6541365 ], [ -67.96994413, -10.65450532 ], [ -67.96961667, -10.65470663 ], [ -67.96942555, -10.65485441 ], [ -67.96909836, -10.65497476 ], [ -67.96879885, -10.65496028 ], [ -67.96852667, -10.65491891 ], [ -67.96835722, -10.65469574 ], [ -67.96833053, -10.65453374 ], [ -67.96834464, -10.65438538 ], [ -67.9683997, -10.65421016 ], [ -67.96872789, -10.653793 ], [ -67.96883763, -10.6535505 ], [ -67.96878353, -10.65344239 ], [ -67.96858562, -10.65358341 ], [ -67.9680384, -10.65435065 ], [ -67.96771075, -10.65460591 ], [ -67.96757437, -10.65467292 ], [ -67.96730223, -10.65461806 ], [ -67.96712545, -10.65455002 ], [ -67.96696998, -10.65421896 ], [ -67.96697094, -10.65393562 ], [ -67.96701242, -10.65374687 ], [ -67.96709474, -10.65355826 ], [ -67.9672452, -10.65335638 ], [ -67.96753182, -10.65315494 ], [ -67.96785924, -10.65296713 ], [ -67.96791429, -10.65279192 ], [ -67.96766907, -10.65283158 ], [ -67.96734165, -10.65301939 ], [ -67.96702061, -10.6533354 ], [ -67.96651591, -10.65360357 ], [ -67.96629784, -10.65367031 ], [ -67.96597101, -10.65368273 ], [ -67.96578052, -10.65364162 ], [ -67.96563138, -10.65345224 ], [ -67.96557168, -10.65298658 ], [ -67.96560041, -10.65254144 ], [ -67.96565611, -10.65217734 ], [ -67.96565679, -10.65197497 ], [ -67.96562996, -10.65185345 ], [ -67.96557583, -10.65175883 ], [ -67.96543967, -10.65175838 ], [ -67.96526248, -10.65181176 ], [ -67.96513989, -10.65182485 ], [ -67.96486707, -10.65197236 ], [ -67.96471744, -10.65193139 ], [ -67.96459576, -10.65167465 ], [ -67.96460018, -10.65137447 ], [ -67.96475466, -10.65098757 ], [ -67.96443916, -10.65062035 ], [ -67.96414066, -10.65030905 ], [ -67.9640734, -10.65006598 ], [ -67.96408142, -10.64970847 ], [ -67.96434258, -10.64898077 ], [ -67.96439117, -10.64870435 ], [ -67.96429659, -10.64848817 ], [ -67.96410647, -10.64833913 ], [ -67.96379326, -10.64835159 ], [ -67.96345246, -10.64847189 ], [ -67.96312559, -10.64849779 ], [ -67.96293516, -10.64844319 ], [ -67.96277933, -10.64822006 ], [ -67.96260292, -10.64804409 ], [ -67.96239878, -10.64801643 ], [ -67.96212647, -10.64801553 ], [ -67.96178571, -10.64812233 ], [ -67.96129455, -10.64841753 ], [ -67.96085279, -10.64819346 ], [ -67.96066268, -10.64804441 ], [ -67.96006364, -10.64802894 ], [ -67.95981892, -10.64792018 ], [ -67.95936273, -10.64793892 ], [ -67.95898045, -10.64824796 ], [ -67.95857124, -10.64846247 ], [ -67.95831264, -10.64843462 ], [ -67.95793163, -10.6483659 ], [ -67.95763173, -10.64847284 ], [ -67.95739228, -10.64881609 ], [ -67.95733543, -10.64951748 ], [ -67.95725273, -10.64981402 ], [ -67.95695273, -10.64994795 ], [ -67.95678265, -10.64991366 ], [ -67.95630271, -10.64890692 ], [ -67.95605957, -10.64833945 ], [ -67.95551595, -10.64804081 ], [ -67.95493016, -10.6481333 ], [ -67.9546369, -10.64828749 ], [ -67.9542684, -10.64854261 ], [ -67.95411766, -10.64882544 ], [ -67.9540543, -10.64943911 ], [ -67.95409386, -10.64981702 ], [ -67.9544601, -10.65022299 ], [ -67.95441067, -10.65074227 ], [ -67.95428666, -10.6511736 ], [ -67.95413588, -10.65146992 ], [ -67.95390372, -10.65167152 ], [ -67.95352183, -10.65185913 ], [ -67.95329032, -10.65187185 ], [ -67.95291967, -10.65175979 ], [ -67.95167552, -10.65126318 ], [ -67.95105104, -10.65072143 ], [ -67.95080712, -10.65038331 ], [ -67.95065831, -10.65009948 ], [ -67.95045495, -10.64984246 ], [ -67.9503319, -10.64999045 ], [ -67.94982702, -10.65031257 ], [ -67.9497582, -10.6505282 ], [ -67.94980523, -10.65071051 ], [ -67.94999492, -10.65098099 ], [ -67.95010284, -10.65127817 ], [ -67.95010173, -10.65160196 ], [ -67.94985567, -10.65188447 ], [ -67.94959674, -10.65195106 ], [ -67.94930459, -10.65178144 ], [ -67.9489515, -10.65151042 ], [ -67.94874731, -10.65149624 ], [ -67.9485699, -10.65161708 ], [ -67.94828341, -10.65177801 ], [ -67.94794325, -10.65170941 ], [ -67.94754341, -10.65117515 ], [ -67.94754452, -10.65085134 ], [ -67.94781836, -10.65040704 ], [ -67.94799602, -10.65021875 ], [ -67.94818746, -10.64997653 ], [ -67.94821544, -10.64976076 ], [ -67.94817501, -10.64963919 ], [ -67.94806655, -10.64950391 ], [ -67.94794401, -10.6495035 ], [ -67.94637205, -10.65129265 ], [ -67.94566631, -10.65260573 ], [ -67.94517439, -10.65311676 ], [ -67.94484751, -10.65314265 ], [ -67.94452087, -10.65310107 ], [ -67.94431687, -10.65303293 ], [ -67.94412718, -10.65276246 ], [ -67.94388317, -10.65245132 ], [ -67.94364538, -10.65230886 ], [ -67.94232316, -10.65273613 ], [ -67.94196079, -10.65318689 ], [ -67.94183705, -10.65353727 ], [ -67.94183649, -10.65369916 ], [ -67.94189024, -10.65390172 ], [ -67.94202575, -10.65409106 ], [ -67.94221614, -10.65415916 ], [ -67.94252959, -10.65407927 ], [ -67.9431297, -10.65378448 ], [ -67.94317027, -10.65386557 ], [ -67.9431699, -10.6539735 ], [ -67.94291728, -10.65418178 ], [ -67.94164837, -10.65494653 ], [ -67.94143037, -10.65498627 ], [ -67.94115202, -10.65476271 ], [ -67.940596, -10.65411323 ], [ -67.94033791, -10.65393697 ], [ -67.94002516, -10.65381449 ], [ -67.93933764, -10.65379192 ], [ -67.93903856, -10.65365599 ], [ -67.9388623, -10.65343952 ], [ -67.93864576, -10.65306102 ], [ -67.93831954, -10.65289802 ], [ -67.93803315, -10.65303196 ], [ -67.93765696, -10.65353664 ], [ -67.93754733, -10.65373865 ], [ -67.93749231, -10.65390036 ], [ -67.93742381, -10.65402155 ], [ -67.93736878, -10.65418327 ], [ -67.93731311, -10.65453386 ], [ -67.93718996, -10.65470884 ], [ -67.93684325, -10.65456601 ], [ -67.93657173, -10.65433572 ], [ -67.93626001, -10.65391642 ], [ -67.9359418, -10.6534094 ], [ -67.93573799, -10.65328728 ], [ -67.93561521, -10.65335432 ], [ -67.93553286, -10.65354293 ], [ -67.93551882, -10.6536643 ], [ -67.93547756, -10.65378559 ], [ -67.93542187, -10.65413619 ], [ -67.93531192, -10.65443264 ], [ -67.93518891, -10.65456713 ], [ -67.93503886, -10.65464758 ], [ -67.93484823, -10.65464693 ], [ -67.93472625, -10.65448461 ], [ -67.93428545, -10.65399067 ], [ -67.93382411, -10.65353038 ], [ -67.93342846, -10.65375839 ], [ -67.9330329, -10.65395942 ], [ -67.93223527, -10.65427377 ], [ -67.93196291, -10.65428633 ], [ -67.93174558, -10.65413718 ], [ -67.93063813, -10.65349255 ], [ -67.93047484, -10.65346501 ], [ -67.93037915, -10.65357262 ], [ -67.93033735, -10.65384231 ], [ -67.93030886, -10.65420649 ], [ -67.9301172, -10.65450266 ], [ -67.92989859, -10.65471778 ], [ -67.92932674, -10.65471582 ], [ -67.92905517, -10.65449903 ], [ -67.92892731, -10.65407361 ], [ -67.92907887, -10.65356143 ], [ -67.92918949, -10.65307611 ], [ -67.92908132, -10.65285988 ], [ -67.92857147, -10.65264901 ], [ -67.92823173, -10.65245896 ], [ -67.92776923, -10.65233595 ], [ -67.92722545, -10.65209124 ], [ -67.92696143, -10.65166535 ], [ -67.92644545, -10.65125884 ], [ -67.92603699, -10.65125744 ], [ -67.92577839, -10.65122957 ], [ -67.92533699, -10.650911 ], [ -67.92503759, -10.6508695 ], [ -67.92443732, -10.65120473 ], [ -67.9242051, -10.65141981 ], [ -67.9239458, -10.65159431 ], [ -67.92370071, -10.65159347 ], [ -67.92351801, -10.65127579 ], [ -67.92360131, -10.65081735 ], [ -67.92390953, -10.65028549 ], [ -67.92401959, -10.64996206 ], [ -67.92404791, -10.64965185 ], [ -67.92396711, -10.64939523 ], [ -67.92380425, -10.64924626 ], [ -67.92357326, -10.64911055 ], [ -67.92318482, -10.6492239 ], [ -67.92291213, -10.6493309 ], [ -67.92239322, -10.64976085 ], [ -67.92222946, -10.64986823 ], [ -67.92195706, -10.64989427 ], [ -67.92141936, -10.64985869 ], [ -67.9208886, -10.64978941 ], [ -67.9203168, -10.64977395 ], [ -67.91998931, -10.6499752 ], [ -67.91966154, -10.65025739 ], [ -67.91941541, -10.65055335 ], [ -67.91937888, -10.65126155 ], [ -67.91945858, -10.65182848 ], [ -67.91960735, -10.65211232 ], [ -67.91960697, -10.65222025 ], [ -67.91955165, -10.65246291 ], [ -67.91946968, -10.65254358 ], [ -67.91925182, -10.65254283 ], [ -67.91908877, -10.65244782 ], [ -67.91904854, -10.6522723 ], [ -67.91907027, -10.65190135 ], [ -67.91907151, -10.65155057 ], [ -67.91888031, -10.65075053 ], [ -67.91866159, -10.65026328 ], [ -67.91847179, -10.65003326 ], [ -67.91830893, -10.64988429 ], [ -67.91813235, -10.64976226 ], [ -67.91794211, -10.64965367 ], [ -67.91773798, -10.64962598 ], [ -67.91761521, -10.64969301 ], [ -67.91751957, -10.64978712 ], [ -67.91732804, -10.6500428 ], [ -67.91719136, -10.65019074 ], [ -67.91708229, -10.65023084 ], [ -67.91700113, -10.65008215 ], [ -67.9170841, -10.64971816 ], [ -67.9169981, -10.64900955 ], [ -67.9168222, -10.64869864 ], [ -67.91659188, -10.64837404 ], [ -67.91635392, -10.64828552 ], [ -67.91617691, -10.64828491 ], [ -67.91599963, -10.64836525 ], [ -67.9158631, -10.64847271 ], [ -67.91569952, -10.64852611 ], [ -67.91548167, -10.64852535 ], [ -67.91530487, -10.64847078 ], [ -67.91518261, -10.6483894 ], [ -67.91507426, -10.64822713 ], [ -67.91507512, -10.64798428 ], [ -67.91517172, -10.64762034 ], [ -67.91519967, -10.64741806 ], [ -67.91507717, -10.64740414 ], [ -67.9149404, -10.64757906 ], [ -67.91470072, -10.64797624 ], [ -67.91441394, -10.6482181 ], [ -67.91411388, -10.64836547 ], [ -67.91397758, -10.64840547 ], [ -67.91371884, -10.64841807 ], [ -67.9135556, -10.64837702 ], [ -67.91328367, -10.64826815 ], [ -67.9131072, -10.64811913 ], [ -67.91291118, -10.64772045 ], [ -67.91285764, -10.64746392 ], [ -67.91281803, -10.647113 ], [ -67.91301763, -10.64649982 ], [ -67.91326409, -10.64610941 ], [ -67.91347811, -10.64526693 ], [ -67.91347921, -10.64495662 ], [ -67.91345308, -10.64464622 ], [ -67.91327723, -10.64432181 ], [ -67.91293781, -10.6440508 ], [ -67.91269273, -10.64404995 ], [ -67.91214096, -10.64414923 ], [ -67.91190979, -10.64406747 ], [ -67.91173289, -10.64403987 ], [ -67.91163772, -10.64399907 ], [ -67.91147472, -10.64389057 ], [ -67.9113252, -10.64382259 ], [ -67.91109465, -10.64356545 ], [ -67.91097278, -10.64337615 ], [ -67.91089888, -10.64309931 ], [ -67.91085914, -10.64278886 ], [ -67.91086, -10.64254602 ], [ -67.91102458, -10.6422093 ], [ -67.91102506, -10.64207438 ], [ -67.91087572, -10.64195244 ], [ -67.91065133, -10.64187746 ], [ -67.91048829, -10.64178244 ], [ -67.91028464, -10.64161984 ], [ -67.9102307, -10.64147124 ], [ -67.9101349, -10.64065176 ], [ -67.90996805, -10.64042096 ], [ -67.90985271, -10.64031263 ], [ -67.90966243, -10.64021753 ], [ -67.90928475, -10.64017911 ], [ -67.90899925, -10.64006344 ], [ -67.90868617, -10.6400421 ], [ -67.90834875, -10.64016622 ], [ -67.90771379, -10.6403697 ], [ -67.90746862, -10.64039583 ], [ -67.90716909, -10.64039479 ], [ -67.90672734, -10.64018413 ], [ -67.90608869, -10.63983112 ], [ -67.9055577, -10.63982927 ], [ -67.90527146, -10.63992271 ], [ -67.90494369, -10.64020489 ], [ -67.90489471, -10.64057576 ], [ -67.90490722, -10.6408861 ], [ -67.90500146, -10.64118325 ], [ -67.90507507, -10.64154104 ], [ -67.90496596, -10.64159463 ], [ -67.90439712, -10.64075616 ], [ -67.90401667, -10.64053896 ], [ -67.90377155, -10.6405516 ], [ -67.90343733, -10.64073257 ], [ -67.90321892, -10.64089372 ], [ -67.90313689, -10.64098787 ], [ -67.90297302, -10.64112221 ], [ -67.9028503, -10.64117575 ], [ -67.90274113, -10.64124283 ], [ -67.90257766, -10.64126924 ], [ -67.90231863, -10.64136277 ], [ -67.90205923, -10.64156424 ], [ -67.90179284, -10.64181291 ], [ -67.9016694, -10.64206882 ], [ -67.90146294, -10.64268871 ], [ -67.90122989, -10.64313312 ], [ -67.90113434, -10.64320025 ], [ -67.90105266, -10.64319996 ], [ -67.90093051, -10.6430916 ], [ -67.90077478, -10.64285495 ], [ -67.90069424, -10.64253087 ], [ -67.90053231, -10.64212555 ], [ -67.90028831, -10.64182788 ], [ -67.90002366, -10.64159085 ], [ -67.89966981, -10.64154914 ], [ -67.89950644, -10.64154856 ], [ -67.89908379, -10.64170898 ], [ -67.89896087, -10.64181648 ], [ -67.89871468, -10.64212592 ], [ -67.89835255, -10.64249568 ], [ -67.89780644, -10.642912 ], [ -67.89761549, -10.64300577 ], [ -67.89745129, -10.64323455 ], [ -67.89766021, -10.64382219 ], [ -67.89771288, -10.64432156 ], [ -67.89786846, -10.64459869 ], [ -67.8983024, -10.64508592 ], [ -67.89841041, -10.64534264 ], [ -67.89823888, -10.64571306 ], [ -67.89802017, -10.64595514 ], [ -67.89780199, -10.64604881 ], [ -67.89755726, -10.64595351 ], [ -67.89746239, -10.64583175 ], [ -67.89735433, -10.64558853 ], [ -67.8973007, -10.64535898 ], [ -67.89715122, -10.64527751 ], [ -67.89687907, -10.64523607 ], [ -67.89636227, -10.64507235 ], [ -67.89653122, -10.645417 ], [ -67.896571, -10.64571395 ], [ -67.89654265, -10.64602415 ], [ -67.8962969, -10.64621217 ], [ -67.89592236, -10.64624459 ], [ -67.89582744, -10.64613632 ], [ -67.89574624, -10.64600112 ], [ -67.89566532, -10.64578497 ], [ -67.89554371, -10.64552821 ], [ -67.8953938, -10.64556815 ], [ -67.89527048, -10.64578358 ], [ -67.89514697, -10.64605298 ], [ -67.89495564, -10.64625468 ], [ -67.89465527, -10.64648298 ], [ -67.89429454, -10.64646147 ], [ -67.8939954, -10.64635249 ], [ -67.89371059, -10.64604117 ], [ -67.89284844, -10.6453703 ], [ -67.89182407, -10.64437505 ], [ -67.89153893, -10.64415817 ], [ -67.89145763, -10.64404994 ], [ -67.89136267, -10.64395517 ], [ -67.89122734, -10.64372534 ], [ -67.89102389, -10.64350875 ], [ -67.89057455, -10.64352065 ], [ -67.89027487, -10.64356007 ], [ -67.89015268, -10.6434652 ], [ -67.89003073, -10.64330287 ], [ -67.89004842, -10.6431179 ], [ -67.89020281, -10.6428615 ], [ -67.89076229, -10.64251269 ], [ -67.89115346, -10.64164388 ], [ -67.891359, -10.64128033 ], [ -67.89233673, -10.64010326 ], [ -67.89244652, -10.6398608 ], [ -67.8924474, -10.63961796 ], [ -67.89236639, -10.63942879 ], [ -67.89220364, -10.63925282 ], [ -67.89189089, -10.63914378 ], [ -67.89118916, -10.63929647 ], [ -67.89065755, -10.63946998 ], [ -67.89026184, -10.63971143 ], [ -67.88977166, -10.63972319 ], [ -67.88935687, -10.63959355 ], [ -67.88908521, -10.6394172 ], [ -67.88878651, -10.63918678 ], [ -67.88824328, -10.63880709 ], [ -67.88762515, -10.63843389 ], [ -67.88708124, -10.63824308 ], [ -67.88676825, -10.63820149 ], [ -67.88634609, -10.63822698 ], [ -67.88594369, -10.63843468 ], [ -67.885561, -10.63883807 ], [ -67.88545116, -10.63909402 ], [ -67.88539586, -10.63932318 ], [ -67.88540855, -10.63957956 ], [ -67.88553015, -10.63983634 ], [ -67.88562521, -10.63990414 ], [ -67.88585588, -10.64012082 ], [ -67.88593703, -10.64026951 ], [ -67.88585495, -10.64037715 ], [ -67.8854467, -10.64032174 ], [ -67.88521525, -10.64032091 ], [ -67.88505197, -10.64029335 ], [ -67.88479377, -10.64015752 ], [ -67.88468525, -10.6400492 ], [ -67.88460757, -10.639824 ], [ -67.88450865, -10.63946674 ], [ -67.88451002, -10.63909002 ], [ -67.88439069, -10.63883184 ], [ -67.88413062, -10.63869211 ], [ -67.88354949, -10.63865039 ], [ -67.88314919, -10.63849035 ], [ -67.88280881, -10.63838999 ], [ -67.88254838, -10.63834941 ], [ -67.88230764, -10.63840804 ], [ -67.88208629, -10.63864518 ], [ -67.88192363, -10.63927909 ], [ -67.88162174, -10.63961509 ], [ -67.88144121, -10.6396541 ], [ -67.88111682, -10.63974548 ], [ -67.88073556, -10.63986308 ], [ -67.88037477, -10.6398618 ], [ -67.88007454, -10.63974176 ], [ -67.87981477, -10.63952272 ], [ -67.87963546, -10.63922467 ], [ -67.87949623, -10.63892675 ], [ -67.87933682, -10.63866842 ], [ -67.87913617, -10.63872719 ], [ -67.87897495, -10.63896455 ], [ -67.87885346, -10.63930119 ], [ -67.87871214, -10.63957827 ], [ -67.878568, -10.63970994 ], [ -67.87834745, -10.63972898 ], [ -67.87800728, -10.63956914 ], [ -67.87770771, -10.63927065 ], [ -67.87750829, -10.63899235 ], [ -67.87732869, -10.6387736 ], [ -67.87702847, -10.63865356 ], [ -67.87670762, -10.63869207 ], [ -67.87660682, -10.63885033 ], [ -67.87664604, -10.6390884 ], [ -67.87680472, -10.63954501 ], [ -67.87712405, -10.63992288 ], [ -67.87732383, -10.64010205 ], [ -67.87768382, -10.64032144 ], [ -67.87788339, -10.64056009 ], [ -67.87792254, -10.64081799 ], [ -67.87786176, -10.64099622 ], [ -67.87776081, -10.64119414 ], [ -67.87753975, -10.64135197 ], [ -67.87735548, -10.64149671 ], [ -67.87709418, -10.64169406 ], [ -67.87699353, -10.64181266 ], [ -67.87705264, -10.64209046 ], [ -67.87719208, -10.6423289 ], [ -67.87725156, -10.64250756 ], [ -67.87727052, -10.64280504 ], [ -67.87714916, -10.64310203 ], [ -67.87684799, -10.64323974 ], [ -67.8762466, -10.64325742 ], [ -67.87582596, -10.6431766 ], [ -67.87534534, -10.64305591 ], [ -67.8749615, -10.642962 ], [ -67.87456222, -10.64252436 ], [ -67.87434246, -10.6423253 ], [ -67.8742633, -10.64204742 ], [ -67.87430412, -10.64184929 ], [ -67.87450557, -10.64157242 ], [ -67.87468699, -10.64129549 ], [ -67.87464763, -10.64109707 ], [ -67.87432429, -10.64090424 ], [ -67.87398376, -10.64084353 ], [ -67.87366269, -10.64094152 ], [ -67.87332071, -10.64127736 ], [ -67.87291932, -10.64141472 ], [ -67.87249796, -10.64153217 ], [ -67.87211705, -10.64155063 ], [ -67.87175347, -10.64139731 ], [ -67.87137308, -10.64127697 ], [ -67.87089261, -10.64111662 ], [ -67.8704918, -10.64109535 ], [ -67.87013115, -10.6410544 ], [ -67.86958997, -10.64105245 ], [ -67.86910621, -10.64087887 ], [ -67.86848623, -10.6404999 ], [ -67.86798601, -10.64026016 ], [ -67.86758638, -10.63992165 ], [ -67.86716648, -10.63964255 ], [ -67.86668653, -10.6393434 ], [ -67.8664027, -10.63930933 ], [ -67.86620197, -10.63938791 ], [ -67.86602077, -10.63960536 ], [ -67.86597973, -10.63986298 ], [ -67.86603876, -10.6401606 ], [ -67.86619816, -10.64041894 ], [ -67.86631784, -10.64057799 ], [ -67.86613664, -10.64079544 ], [ -67.8658558, -10.64085391 ], [ -67.86554674, -10.64073872 ], [ -67.86549262, -10.64064408 ], [ -67.86554219, -10.64012484 ], [ -67.8655029, -10.63970646 ], [ -67.86536755, -10.63949011 ], [ -67.86516393, -10.63932748 ], [ -67.86483752, -10.63923186 ], [ -67.86455121, -10.63933875 ], [ -67.86429183, -10.63952669 ], [ -67.86394313, -10.63993693 ], [ -67.86364211, -10.64034059 ], [ -67.86285659, -10.64105954 ], [ -67.86266523, -10.64126121 ], [ -67.86140986, -10.64201218 ], [ -67.86106489, -10.64233184 ], [ -67.86097455, -10.64238115 ], [ -67.86090562, -10.64261025 ], [ -67.86099113, -10.64341331 ], [ -67.86094944, -10.64364252 ], [ -67.86074457, -10.64381716 ], [ -67.86052647, -10.64388382 ], [ -67.86033601, -10.64384266 ], [ -67.8601862, -10.6438556 ], [ -67.86011069, -10.64402398 ], [ -67.85975289, -10.64504803 ], [ -67.85954083, -10.64532384 ], [ -67.85934967, -10.64547155 ], [ -67.85917257, -10.64549789 ], [ -67.85900929, -10.64547032 ], [ -67.85880572, -10.64529419 ], [ -67.85873829, -10.64511855 ], [ -67.85864369, -10.64492933 ], [ -67.85860335, -10.64479427 ], [ -67.85856346, -10.64453778 ], [ -67.85848297, -10.64421369 ], [ -67.85834767, -10.64398385 ], [ -67.85823901, -10.643916 ], [ -67.85815711, -10.64396966 ], [ -67.85799318, -10.64411747 ], [ -67.85788351, -10.64431944 ], [ -67.85776681, -10.64458211 ], [ -67.8577654, -10.64495987 ], [ -67.85781785, -10.64549971 ], [ -67.85798018, -10.64578362 ], [ -67.85850423, -10.64581927 ], [ -67.85870805, -10.64592795 ], [ -67.85881546, -10.64633308 ], [ -67.85873287, -10.64657563 ], [ -67.85865063, -10.64672373 ], [ -67.85845946, -10.64687145 ], [ -67.8582143, -10.64689754 ], [ -67.85790823, -10.64682222 ], [ -67.85630412, -10.64615529 ], [ -67.85595017, -10.64614051 ], [ -67.85583397, -10.64626826 ], [ -67.85518265, -10.64750036 ], [ -67.85488191, -10.64782305 ], [ -67.85471777, -10.64802483 ], [ -67.85473014, -10.64836216 ], [ -67.85468828, -10.64863183 ], [ -67.85431233, -10.64904195 ], [ -67.85401234, -10.64916228 ], [ -67.85344045, -10.64917368 ], [ -67.85311404, -10.64907805 ], [ -67.85293183, -10.6486524 ], [ -67.85287889, -10.64824746 ], [ -67.85293455, -10.64792387 ], [ -67.85356929, -10.64748773 ], [ -67.85370655, -10.64719141 ], [ -67.85378945, -10.64686792 ], [ -67.85372268, -10.6465169 ], [ -67.85343747, -10.64632698 ], [ -67.8529815, -10.64629159 ], [ -67.85261319, -10.64647912 ], [ -67.85224517, -10.6465857 ], [ -67.85186345, -10.64671923 ], [ -67.85146841, -10.64677175 ], [ -67.85040106, -10.64638332 ], [ -67.84945455, -10.64645406 ], [ -67.84856881, -10.64665318 ], [ -67.8476768, -10.64671062 ], [ -67.84710507, -10.64668154 ], [ -67.84597533, -10.64659644 ], [ -67.84564822, -10.64668967 ], [ -67.84554562, -10.64681747 ], [ -67.84539484, -10.64708675 ], [ -67.84547961, -10.64807869 ], [ -67.84538339, -10.64832118 ], [ -67.84516463, -10.64856322 ], [ -67.84488382, -10.64901415 ], [ -67.84488336, -10.64913557 ], [ -67.84492339, -10.64935159 ], [ -67.84504476, -10.64966233 ], [ -67.84511197, -10.64989193 ], [ -67.84498877, -10.65006686 ], [ -67.84485227, -10.65016081 ], [ -67.84463437, -10.6501735 ], [ -67.84438951, -10.65011863 ], [ -67.84389258, -10.65011005 ], [ -67.84357908, -10.65020333 ], [ -67.84348285, -10.65044582 ], [ -67.8434957, -10.65064824 ], [ -67.84360351, -10.65094544 ], [ -67.84362987, -10.6511749 ], [ -67.84347985, -10.65124181 ], [ -67.84320775, -10.65118684 ], [ -67.8430177, -10.65103773 ], [ -67.84255565, -10.65080666 ], [ -67.84191204, -10.65088234 ], [ -67.84153869, -10.65068136 ], [ -67.84117139, -10.65059905 ], [ -67.84070842, -10.65061083 ], [ -67.84044953, -10.65066384 ], [ -67.84021813, -10.65064949 ], [ -67.84006846, -10.65062196 ], [ -67.83986485, -10.65045931 ], [ -67.83962768, -10.65016837 ], [ -67.83941117, -10.64981679 ], [ -67.83933059, -10.64951968 ], [ -67.8391409, -10.64927613 ], [ -67.83868554, -10.64907883 ], [ -67.83842746, -10.64891597 ], [ -67.83822391, -10.64873982 ], [ -67.83780383, -10.64821211 ], [ -67.83751904, -10.64791424 ], [ -67.83731487, -10.64789999 ], [ -67.8371241, -10.64793975 ], [ -67.8368444, -10.64809388 ], [ -67.8366668, -10.64825512 ], [ -67.83653004, -10.64841651 ], [ -67.83644773, -10.6485781 ], [ -67.83660993, -10.648889 ], [ -67.8369423, -10.64920728 ], [ -67.83707732, -10.6495046 ], [ -67.83706187, -10.64999023 ], [ -67.83696585, -10.65017875 ], [ -67.83652919, -10.65043347 ], [ -67.83622961, -10.65044585 ], [ -67.8355694, -10.65040967 ], [ -67.83531046, -10.65047617 ], [ -67.83491501, -10.65063659 ], [ -67.83471073, -10.65064932 ], [ -67.83450661, -10.65062158 ], [ -67.83434353, -10.65054003 ], [ -67.83424884, -10.65037778 ], [ -67.83429086, -10.65006764 ], [ -67.83433238, -10.6498924 ], [ -67.83440102, -10.64974425 ], [ -67.83442896, -10.64955548 ], [ -67.83436135, -10.64943381 ], [ -67.83423887, -10.64941986 ], [ -67.83407477, -10.64960813 ], [ -67.83390302, -10.65001898 ], [ -67.83384707, -10.65041002 ], [ -67.83376404, -10.65076049 ], [ -67.83359943, -10.65108366 ], [ -67.83339428, -10.65132575 ], [ -67.8331897, -10.65141943 ], [ -67.83305339, -10.6514594 ], [ -67.83289, -10.65145879 ], [ -67.83275396, -10.6514313 ], [ -67.8326454, -10.65133645 ], [ -67.83250981, -10.65118755 ], [ -67.83245566, -10.65110639 ], [ -67.83233888, -10.65090565 ], [ -67.83222523, -10.65083571 ], [ -67.83215705, -10.65086243 ], [ -67.83210074, -10.65134792 ], [ -67.831987, -10.65146905 ], [ -67.8318095, -10.65160331 ], [ -67.83153052, -10.65156854 ], [ -67.83121804, -10.65139199 ], [ -67.83100055, -10.65129673 ], [ -67.83089189, -10.65122887 ], [ -67.83049829, -10.65090361 ], [ -67.83032211, -10.6506871 ], [ -67.82986706, -10.65040883 ], [ -67.82926856, -10.65025819 ], [ -67.82913246, -10.65024419 ], [ -67.82898291, -10.65018967 ], [ -67.82848028, -10.64989097 ], [ -67.82828966, -10.64989026 ], [ -67.82792858, -10.64996312 ], [ -67.82771033, -10.65007024 ], [ -67.82753282, -10.65020449 ], [ -67.82747774, -10.65036617 ], [ -67.82739543, -10.65052776 ], [ -67.82729987, -10.65059487 ], [ -67.82712292, -10.65058071 ], [ -67.82691905, -10.6504855 ], [ -67.8267287, -10.65041734 ], [ -67.82649719, -10.65042996 ], [ -67.82617665, -10.65058392 ], [ -67.82601223, -10.65085314 ], [ -67.82567548, -10.65168159 ], [ -67.82561969, -10.65203216 ], [ -67.82568652, -10.6523562 ], [ -67.82568549, -10.65262602 ], [ -67.82564361, -10.65289569 ], [ -67.8254386, -10.6530973 ], [ -67.82524804, -10.65308309 ], [ -67.82502044, -10.65309526 ], [ -67.82482489, -10.65299763 ], [ -67.82453145, -10.65288025 ], [ -67.82447319, -10.65274437 ], [ -67.82453294, -10.65249265 ], [ -67.82475008, -10.6520671 ], [ -67.82488849, -10.65173816 ], [ -67.8249092, -10.65144754 ], [ -67.82477354, -10.65105943 ], [ -67.82450007, -10.65084522 ], [ -67.82395119, -10.65092068 ], [ -67.82306747, -10.65146001 ], [ -67.82224327, -10.65180575 ], [ -67.82224185, -10.65217397 ], [ -67.82294523, -10.65268049 ], [ -67.82325767, -10.65295298 ], [ -67.82294367, -10.65308747 ], [ -67.82261031, -10.65316373 ], [ -67.82262863, -10.65349326 ], [ -67.82282322, -10.65384284 ], [ -67.82282173, -10.65423043 ], [ -67.82272332, -10.65434634 ], [ -67.82218933, -10.65479654 ], [ -67.82187511, -10.65498916 ], [ -67.82146248, -10.65529769 ], [ -67.821168, -10.65545162 ], [ -67.82083471, -10.6555085 ], [ -67.82056064, -10.65544933 ], [ -67.82013028, -10.65527329 ], [ -67.81991132, -10.65531769 ], [ -67.81969529, -10.65545253 ], [ -67.81959621, -10.65574286 ], [ -67.8196929, -10.65607269 ], [ -67.81978952, -10.65642189 ], [ -67.81969066, -10.65665408 ], [ -67.81957236, -10.65684743 ], [ -67.81937584, -10.65700173 ], [ -67.81908158, -10.65709753 ], [ -67.81872884, -10.65711557 ], [ -67.81827867, -10.6569976 ], [ -67.81804326, -10.65707423 ], [ -67.81770586, -10.65735074 ], [ -67.81758673, -10.65775727 ], [ -67.81762539, -10.65789307 ], [ -67.81776134, -10.65820367 ], [ -67.81797619, -10.6583789 ], [ -67.81830874, -10.65851581 ], [ -67.81897428, -10.65867336 ], [ -67.81913035, -10.65884837 ], [ -67.8192245, -10.65899085 ], [ -67.8192233, -10.65930092 ], [ -67.81916371, -10.65951388 ], [ -67.81902603, -10.65964902 ], [ -67.81884903, -10.65982277 ], [ -67.81865251, -10.65997707 ], [ -67.81835824, -10.66007286 ], [ -67.81810309, -10.66018818 ], [ -67.81780823, -10.66043901 ], [ -67.81757245, -10.66061254 ], [ -67.81749004, -10.66081249 ], [ -67.81760692, -10.66098735 ], [ -67.81784188, -10.66102699 ], [ -67.8182733, -10.66093172 ], [ -67.81866545, -10.66085568 ], [ -67.81891963, -10.6609923 ], [ -67.81905588, -10.66122537 ], [ -67.81901542, -10.66155468 ], [ -67.81887701, -10.66188362 ], [ -67.81867973, -10.66223172 ], [ -67.81854199, -10.66238624 ], [ -67.81822379, -10.66275972 ], [ -67.81790941, -10.66299109 ], [ -67.81751726, -10.66306713 ], [ -67.81702736, -10.66308466 ], [ -67.81636114, -10.66310152 ], [ -67.8161845, -10.66317837 ], [ -67.81598768, -10.66341019 ], [ -67.81590826, -10.66368121 ], [ -67.81582936, -10.66381657 ], [ -67.81543362, -10.66397657 ], [ -67.81514025, -10.66383981 ], [ -67.81492608, -10.66349016 ], [ -67.81424213, -10.66302245 ], [ -67.81355819, -10.66255473 ], [ -67.81318645, -10.66241767 ], [ -67.81298799, -10.66222957 ], [ -67.81273411, -10.66201543 ], [ -67.8126959, -10.66176335 ], [ -67.81273629, -10.66145342 ], [ -67.81273719, -10.66122086 ], [ -67.81273286, -10.66102881 ], [ -67.81251696, -10.66072432 ], [ -67.81205215, -10.66039992 ], [ -67.81150303, -10.6604105 ], [ -67.81129898, -10.66034645 ], [ -67.81123542, -10.6602703 ], [ -67.81122481, -10.65971354 ], [ -67.81114874, -10.65957408 ], [ -67.81099605, -10.65943432 ], [ -67.81084292, -10.65940843 ], [ -67.81036337, -10.65959007 ], [ -67.80916009, -10.66035731 ], [ -67.80887814, -10.66062194 ], [ -67.80889549, -10.66108383 ], [ -67.80898409, -10.6612866 ], [ -67.80900884, -10.66148914 ], [ -67.8089627, -10.66186222 ], [ -67.80896181, -10.66208996 ], [ -67.8090118, -10.6623685 ], [ -67.80911316, -10.66257133 ], [ -67.80917618, -10.66278666 ], [ -67.80907304, -10.66303932 ], [ -67.80886839, -10.66312711 ], [ -67.80823684, -10.66299186 ], [ -67.80772612, -10.66297726 ], [ -67.80736824, -10.66306447 ], [ -67.80685619, -10.66339148 ], [ -67.80647766, -10.66386451 ], [ -67.80632349, -10.66410432 ], [ -67.80632231, -10.66440797 ], [ -67.80634667, -10.66471172 ], [ -67.80647327, -10.66499056 ], [ -67.80678567, -10.66510564 ], [ -67.8069959, -10.66522664 ], [ -67.80718085, -10.66527795 ], [ -67.80736596, -10.66529131 ], [ -67.80781156, -10.66510469 ], [ -67.80862387, -10.66454789 ], [ -67.80873287, -10.66452807 ], [ -67.80879378, -10.66462274 ], [ -67.80877611, -10.66478795 ], [ -67.80869981, -10.66515191 ], [ -67.80869526, -10.66544581 ], [ -67.80894364, -10.66552882 ], [ -67.80920517, -10.66567534 ], [ -67.80925516, -10.66577533 ], [ -67.80928113, -10.66609922 ], [ -67.80928019, -10.66634205 ], [ -67.80924586, -10.66641613 ], [ -67.80897281, -10.66660397 ], [ -67.80841451, -10.66661534 ], [ -67.80792482, -10.66649205 ], [ -67.80718999, -10.66638132 ], [ -67.80674451, -10.66626833 ], [ -67.80660163, -10.66624754 ], [ -67.80617276, -10.66623916 ], [ -67.80606392, -10.66621851 ], [ -67.8055834, -10.66636172 ], [ -67.80544017, -10.66642863 ], [ -67.80519476, -10.66650864 ], [ -67.80511307, -10.66650833 ], [ -67.8049634, -10.66648077 ], [ -67.80484426, -10.6664837 ], [ -67.80478272, -10.66655092 ], [ -67.80480882, -10.66684108 ], [ -67.80483318, -10.66691735 ], [ -67.80486599, -10.66702006 ], [ -67.80487899, -10.66717526 ], [ -67.80481715, -10.66732342 ], [ -67.80468725, -10.66746458 ], [ -67.80459167, -10.66753167 ], [ -67.80446214, -10.6675784 ], [ -67.80413184, -10.6676075 ], [ -67.80396845, -10.66760688 ], [ -67.80373709, -10.66757901 ], [ -67.80333172, -10.66765504 ], [ -67.80295684, -10.66776828 ], [ -67.8024352, -10.66797878 ], [ -67.80232586, -10.66808629 ], [ -67.80195988, -10.66853348 ], [ -67.8018775, -10.66870854 ], [ -67.80164503, -10.66896398 ], [ -67.80121185, -10.66918831 ], [ -67.80104804, -10.66929561 ], [ -67.80037662, -10.66950553 ], [ -67.79995424, -10.66957811 ], [ -67.79968198, -10.66956358 ], [ -67.79949858, -10.66945495 ], [ -67.79937667, -10.66918962 ], [ -67.79926262, -10.66875747 ], [ -67.79918482, -10.66863237 ], [ -67.79907624, -10.66854426 ], [ -67.79893341, -10.66850999 ], [ -67.79874952, -10.66852952 ], [ -67.79858584, -10.66860309 ], [ -67.79844253, -10.66869023 ], [ -67.79833633, -10.66886183 ], [ -67.79836211, -10.66923294 ], [ -67.79846651, -10.66952002 ], [ -67.79855928, -10.66965813 ], [ -67.79883648, -10.66989158 ], [ -67.79890733, -10.6701217 ], [ -67.79881842, -10.67014311 ], [ -67.7986172, -10.67036319 ], [ -67.79861654, -10.67053144 ], [ -67.79859279, -10.67064654 ], [ -67.79852671, -10.67075452 ], [ -67.79840078, -10.67084099 ], [ -67.79835544, -10.67087064 ], [ -67.79830247, -10.67090962 ], [ -67.7982053, -10.67095722 ], [ -67.79804193, -10.67099695 ], [ -67.79786277, -10.67104052 ], [ -67.79767984, -10.67110005 ], [ -67.79749112, -10.67117697 ], [ -67.79730242, -10.67130036 ], [ -67.79713115, -10.67143787 ], [ -67.79697737, -10.67160387 ], [ -67.79684229, -10.67176589 ], [ -67.79671007, -10.67193885 ], [ -67.79658668, -10.67209018 ], [ -67.79653971, -10.67218222 ], [ -67.79648922, -10.67231082 ], [ -67.79648863, -10.67245887 ], [ -67.79649952, -10.67262451 ], [ -67.79657496, -10.67276448 ], [ -67.79662436, -10.67288589 ], [ -67.79664508, -10.67294471 ], [ -67.79664101, -10.67302299 ], [ -67.79663885, -10.67305502 ], [ -67.79662138, -10.67305842 ], [ -67.79654995, -10.67305492 ], [ -67.79645059, -10.67300938 ], [ -67.79630107, -10.6729518 ], [ -67.79613868, -10.67295735 ], [ -67.79598037, -10.67300491 ], [ -67.79582974, -10.67311869 ], [ -67.79572344, -10.6732405 ], [ -67.79565178, -10.67341268 ], [ -67.79567408, -10.67357165 ], [ -67.79568268, -10.67370255 ], [ -67.79568211, -10.67384722 ], [ -67.7956939, -10.67397624 ], [ -67.7956936, -10.67405155 ], [ -67.7956576, -10.67412505 ], [ -67.79560475, -10.67416458 ], [ -67.7955253, -10.67418588 ], [ -67.79544327, -10.67417256 ], [ -67.79532527, -10.67411778 ], [ -67.79520212, -10.67405114 ], [ -67.795046, -10.67400632 ], [ -67.79488634, -10.67399042 ], [ -67.79472316, -10.67397464 ], [ -67.79455576, -10.67398467 ], [ -67.79423332, -10.67405817 ], [ -67.793896, -10.67416477 ], [ -67.79364292, -10.67426884 ], [ -67.79337912, -10.67442314 ], [ -67.7929886, -10.67471925 ], [ -67.79268682, -10.67498161 ], [ -67.79250804, -10.67516696 ], [ -67.79233037, -10.6753614 ], [ -67.79221695, -10.67554687 ], [ -67.79215331, -10.67572829 ], [ -67.79208697, -10.67597198 ], [ -67.79205087, -10.67621537 ], [ -67.79203622, -10.67638134 ], [ -67.79199557, -10.67653537 ], [ -67.79194081, -10.67669146 ], [ -67.79188575, -10.67679942 ], [ -67.79183053, -10.67690766 ], [ -67.79174899, -10.67698775 ], [ -67.7916579, -10.67706554 ], [ -67.79161858, -10.67707754 ], [ -67.79160378, -10.67707748 ], [ -67.79158757, -10.67705861 ], [ -67.7915044, -10.67689233 ], [ -67.79138768, -10.67660725 ], [ -67.79132574, -10.67642537 ], [ -67.79129849, -10.67617841 ], [ -67.79124619, -10.67593376 ], [ -67.79122667, -10.67577919 ], [ -67.79116343, -10.67559476 ], [ -67.79101286, -10.67542785 ], [ -67.79083785, -10.67528813 ], [ -67.79067084, -10.67515274 ], [ -67.79049488, -10.67508453 ], [ -67.79030472, -10.6750524 ], [ -67.79014764, -10.67504176 ], [ -67.78996648, -10.67503607 ], [ -67.78982165, -10.67504575 ], [ -67.78962289, -10.67507447 ], [ -67.7894647, -10.67510148 ], [ -67.78935829, -10.67510512 ], [ -67.78928544, -10.67509228 ], [ -67.78924561, -10.6750617 ], [ -67.78911772, -10.67495718 ], [ -67.78906295, -10.67484464 ], [ -67.78901268, -10.67468488 ], [ -67.7889866, -10.6743833 ], [ -67.78900308, -10.67398504 ], [ -67.78894226, -10.67378522 ], [ -67.78885714, -10.67362644 ], [ -67.7887385, -10.67351372 ], [ -67.78863134, -10.67343491 ], [ -67.78849446, -10.67337622 ], [ -67.78829709, -10.67338806 ], [ -67.78808034, -10.67349139 ], [ -67.78792816, -10.67365193 ], [ -67.78779027, -10.67387052 ], [ -67.78767194, -10.67418748 ], [ -67.78756552, -10.67462626 ], [ -67.78753386, -10.67498054 ], [ -67.78754159, -10.6751466 ], [ -67.78760415, -10.67557259 ], [ -67.78772047, -10.6757839 ], [ -67.78785425, -10.67599663 ], [ -67.78793262, -10.67609929 ], [ -67.78798853, -10.67617953 ], [ -67.78798817, -10.67627048 ], [ -67.78797961, -10.67637913 ], [ -67.78794829, -10.67645745 ], [ -67.78785067, -10.67657329 ], [ -67.78771402, -10.67667901 ], [ -67.78756603, -10.67673163 ], [ -67.78743525, -10.67679315 ], [ -67.78733117, -10.67685556 ], [ -67.78720972, -10.67698051 ], [ -67.78712806, -10.67712468 ], [ -67.78706071, -10.67726609 ], [ -67.78691727, -10.67750065 ], [ -67.78679753, -10.67770737 ], [ -67.78670991, -10.67783209 ], [ -67.78665393, -10.67788363 ], [ -67.78657475, -10.67791964 ], [ -67.78648187, -10.67788763 ], [ -67.7864154, -10.67783126 ], [ -67.78637459, -10.67776227 ], [ -67.78635848, -10.67759637 ], [ -67.78634628, -10.67742183 ], [ -67.78641385, -10.67720203 ], [ -67.78647597, -10.67699492 ], [ -67.78649296, -10.67677194 ], [ -67.78647074, -10.67659612 ], [ -67.78637885, -10.6764008 ], [ -67.78621718, -10.67623952 ], [ -67.78604687, -10.67610144 ], [ -67.78586763, -10.67602535 ], [ -67.78569157, -10.675974 ], [ -67.7854599, -10.67599602 ], [ -67.78523062, -10.67609526 ], [ -67.78493245, -10.6762638 ], [ -67.78468946, -10.67645859 ], [ -67.7846011, -10.67652562 ], [ -67.78450114, -10.67655291 ], [ -67.7843756, -10.67658667 ], [ -67.78424618, -10.67658617 ], [ -67.78396199, -10.67655783 ], [ -67.78356485, -10.67644645 ], [ -67.78326061, -10.67630855 ], [ -67.78288664, -10.67617053 ], [ -67.78267856, -10.67611155 ], [ -67.78245403, -10.67611637 ], [ -67.78223719, -10.67620126 ], [ -67.78201213, -10.67631683 ], [ -67.78177058, -10.67657514 ], [ -67.7816018, -10.67690602 ], [ -67.78145507, -10.67704589 ], [ -67.78127066, -10.67718517 ], [ -67.78112383, -10.6772995 ], [ -67.78097698, -10.67744951 ], [ -67.7809261, -10.67765305 ], [ -67.78087896, -10.67782149 ], [ -67.78087267, -10.67800816 ], [ -67.7809043, -10.67818426 ], [ -67.78096736, -10.67837935 ], [ -67.78108873, -10.67858647 ], [ -67.78122495, -10.67881166 ], [ -67.7812717, -10.67891367 ], [ -67.78130058, -10.67901316 ], [ -67.781317, -10.67913456 ], [ -67.78131245, -10.67924805 ], [ -67.7812886, -10.67934473 ], [ -67.78124112, -10.67943779 ], [ -67.78118115, -10.67951142 ], [ -67.78110748, -10.67956072 ], [ -67.78100975, -10.67957824 ], [ -67.78086816, -10.67957769 ], [ -67.78068251, -10.67956777 ], [ -67.7804317, -10.67953335 ], [ -67.78003422, -10.67951212 ], [ -67.77964468, -10.67953988 ], [ -67.77943744, -10.67955958 ], [ -67.77929284, -10.6796085 ], [ -67.77913297, -10.67968684 ], [ -67.77898882, -10.67984071 ], [ -67.77894273, -10.6800202 ], [ -67.77894372, -10.68020684 ], [ -67.7789596, -10.68035923 ], [ -67.7790219, -10.68051806 ], [ -67.77912692, -10.68067256 ], [ -67.7792675, -10.68080204 ], [ -67.77960997, -10.68092817 ], [ -67.77981224, -10.68115864 ], [ -67.77984035, -10.68138842 ], [ -67.77969453, -10.6815601 ], [ -67.7795782, -10.68161706 ], [ -67.77928805, -10.68158722 ], [ -67.77899814, -10.68149996 ], [ -67.77867909, -10.6814413 ], [ -67.77847648, -10.68129696 ], [ -67.77833215, -10.68109544 ], [ -67.77824611, -10.68083672 ], [ -67.77821788, -10.68063565 ], [ -67.77824771, -10.6804348 ], [ -67.77824886, -10.68014772 ], [ -67.77823574, -10.68001132 ], [ -67.77824502, -10.67989889 ], [ -67.7781592, -10.67958276 ], [ -67.77795694, -10.67935229 ], [ -67.77769605, -10.67926515 ], [ -67.77731861, -10.67929238 ], [ -67.77682471, -10.67940528 ], [ -67.7763595, -10.67960443 ], [ -67.77612649, -10.67980448 ], [ -67.77598044, -10.68003358 ], [ -67.77597964, -10.68023454 ], [ -67.77606625, -10.68034971 ], [ -67.77629812, -10.68043674 ], [ -67.77679155, -10.68043868 ], [ -67.77705255, -10.68049711 ], [ -67.77731333, -10.68061297 ], [ -67.77739972, -10.68078556 ], [ -67.77736966, -10.68104382 ], [ -67.77725275, -10.68124433 ], [ -67.7769618, -10.68141544 ], [ -67.77670011, -10.68152926 ], [ -67.77632266, -10.68155649 ], [ -67.77594556, -10.68149759 ], [ -67.77542309, -10.68149555 ], [ -67.77498794, -10.68143642 ], [ -67.77469745, -10.68149271 ], [ -67.77440662, -10.68163511 ], [ -67.77423154, -10.68186409 ], [ -67.77423062, -10.68209376 ], [ -67.77446179, -10.68235305 ], [ -67.77486781, -10.68244077 ], [ -67.77536125, -10.6824427 ], [ -67.7758836, -10.68247345 ], [ -67.77626048, -10.68258977 ], [ -67.77655016, -10.68273444 ], [ -67.77663666, -10.68287833 ], [ -67.77660184, -10.68311743 ], [ -67.77651407, -10.68328934 ], [ -67.7762525, -10.68337444 ], [ -67.77578797, -10.68340133 ], [ -67.77543942, -10.68345739 ], [ -67.77509031, -10.68365698 ], [ -67.77497305, -10.68394361 ], [ -67.7748558, -10.68423024 ], [ -67.77468026, -10.68457406 ], [ -67.77462164, -10.68471737 ], [ -67.77435959, -10.68491731 ], [ -67.77409755, -10.68511724 ], [ -67.7737489, -10.685202 ], [ -67.77337167, -10.68517181 ], [ -67.77314015, -10.68499865 ], [ -67.77299583, -10.68479712 ], [ -67.77282214, -10.6846816 ], [ -67.77270534, -10.68456575 ], [ -67.77249166, -10.68446399 ], [ -67.77219887, -10.68435591 ], [ -67.77201997, -10.68433859 ], [ -67.77174024, -10.6843636 ], [ -67.77157443, -10.68442111 ], [ -67.77137524, -10.68450399 ], [ -67.77110511, -10.68463395 ], [ -67.77094388, -10.68471762 ], [ -67.77078855, -10.68478022 ], [ -67.77066679, -10.68481826 ], [ -67.7704987, -10.68488957 ], [ -67.77036886, -10.68501155 ], [ -67.77024899, -10.68515063 ], [ -67.77016081, -10.68533495 ], [ -67.77014887, -10.68551772 ], [ -67.77015314, -10.68574931 ], [ -67.77022668, -10.68604546 ], [ -67.77024094, -10.68611761 ], [ -67.77021952, -10.68622489 ], [ -67.77019156, -10.68626879 ], [ -67.77014648, -10.68630475 ], [ -67.77007477, -10.68632356 ], [ -67.76999357, -10.68629738 ], [ -67.7698952, -10.68620706 ], [ -67.76979263, -10.68609137 ], [ -67.76971185, -10.68597545 ], [ -67.76960446, -10.68588169 ], [ -67.7694643, -10.68584807 ], [ -67.76933742, -10.68584757 ], [ -67.76921373, -10.68591139 ], [ -67.76906788, -10.68601877 ], [ -67.7690597, -10.68622255 ], [ -67.76912259, -10.6864278 ], [ -67.76916989, -10.68657012 ], [ -67.7691695, -10.68666703 ], [ -67.76915561, -10.68681188 ], [ -67.76913139, -10.68691007 ], [ -67.76909475, -10.6869774 ], [ -67.76907146, -10.68704565 ], [ -67.76903583, -10.68707815 ], [ -67.76900535, -10.68709308 ], [ -67.76895989, -10.68708471 ], [ -67.7688836, -10.68702933 ], [ -67.76877508, -10.68690856 ], [ -67.76868356, -10.68673869 ], [ -67.76861261, -10.68656108 ], [ -67.76857335, -10.68638507 ], [ -67.76855977, -10.68623519 ], [ -67.76853281, -10.68607111 ], [ -67.76844266, -10.68589687 ], [ -67.768311, -10.68579052 ], [ -67.76819084, -10.68574239 ], [ -67.76801006, -10.6857025 ], [ -67.76784328, -10.68572018 ], [ -67.76769278, -10.68579069 ], [ -67.76755128, -10.68596296 ], [ -67.7674029, -10.6862021 ], [ -67.76733403, -10.68646516 ], [ -67.76726944, -10.6868208 ], [ -67.76716048, -10.68733018 ], [ -67.76713062, -10.68759146 ], [ -67.76710208, -10.68771041 ], [ -67.76702128, -10.68783559 ], [ -67.76691317, -10.6879859 ], [ -67.76681664, -10.68807311 ], [ -67.76667493, -10.68812458 ], [ -67.76649408, -10.68816312 ], [ -67.76624811, -10.68817101 ], [ -67.7660979, -10.68814974 ], [ -67.76592048, -10.68807611 ], [ -67.76573536, -10.68796685 ], [ -67.76564844, -10.68784457 ], [ -67.76557192, -10.68768728 ], [ -67.7654896, -10.68730418 ], [ -67.76540433, -10.68686827 ], [ -67.76534865, -10.68662845 ], [ -67.76521288, -10.68636748 ], [ -67.76498295, -10.68608191 ], [ -67.76478623, -10.68592084 ], [ -67.76462562, -10.68579157 ], [ -67.76430418, -10.68564863 ], [ -67.76396969, -10.6855368 ], [ -67.76374141, -10.68544536 ], [ -67.76351152, -10.68529844 ], [ -67.76331198, -10.68515809 ], [ -67.76316196, -10.6849908 ], [ -67.76296623, -10.68470003 ], [ -67.76269102, -10.68437328 ], [ -67.76259867, -10.68420328 ], [ -67.76245095, -10.68404495 ], [ -67.76217044, -10.68385645 ], [ -67.7618423, -10.68380187 ], [ -67.76166202, -10.68380611 ], [ -67.76132917, -10.68379025 ], [ -67.76102601, -10.68382346 ], [ -67.7607692, -10.68388864 ], [ -67.76048757, -10.68398695 ], [ -67.76023862, -10.68411143 ], [ -67.7599105, -10.68432609 ], [ -67.75959854, -10.68456535 ], [ -67.75933605, -10.6847562 ], [ -67.75894934, -10.68506859 ], [ -67.75868229, -10.68530651 ], [ -67.75849033, -10.68550988 ], [ -67.75825942, -10.68582332 ], [ -67.75803787, -10.68610366 ], [ -67.7578802, -10.68636803 ], [ -67.75778253, -10.68658948 ], [ -67.7577128, -10.68681305 ], [ -67.75763707, -10.68703007 ], [ -67.75760389, -10.68723282 ], [ -67.75761526, -10.68740609 ], [ -67.75769543, -10.68756067 ], [ -67.75782475, -10.68775438 ], [ -67.75791192, -10.68787347 ], [ -67.75794921, -10.68794802 ], [ -67.75795895, -10.68799728 ], [ -67.75796278, -10.68809359 ], [ -67.75795834, -10.68817129 ], [ -67.75794581, -10.68823206 ], [ -67.75788434, -10.68830448 ], [ -67.75780846, -10.68833473 ], [ -67.7577424, -10.68832308 ], [ -67.75766264, -10.68828681 ], [ -67.7575631, -10.68820403 ], [ -67.75743277, -10.68806917 ], [ -67.75729204, -10.68795573 ], [ -67.7571152, -10.68787318 ], [ -67.75693616, -10.68786636 ], [ -67.75669082, -10.68793209 ], [ -67.75653941, -10.68812827 ], [ -67.75644267, -10.68833881 ], [ -67.75635438, -10.68867754 ], [ -67.75632789, -10.68907625 ], [ -67.7563163, -10.68941923 ], [ -67.75637639, -10.68963576 ], [ -67.75639765, -10.68975639 ], [ -67.75640143, -10.68993503 ], [ -67.75639207, -10.69009853 ], [ -67.75634426, -10.69024633 ], [ -67.75621718, -10.69039604 ], [ -67.75602452, -10.6905717 ], [ -67.75582644, -10.69070732 ], [ -67.75561117, -10.69083006 ], [ -67.75549567, -10.69093807 ], [ -67.75540429, -10.69104461 ], [ -67.75534374, -10.69117635 ], [ -67.75534892, -10.69139216 ], [ -67.75541362, -10.69155711 ], [ -67.75556799, -10.69176587 ], [ -67.75574187, -10.69205223 ], [ -67.75591073, -10.6923522 ], [ -67.75606618, -10.69271051 ], [ -67.75620475, -10.69303416 ], [ -67.75625535, -10.69330892 ], [ -67.75632877, -10.69357656 ], [ -67.75632793, -10.69378296 ], [ -67.75633169, -10.69396069 ], [ -67.75630851, -10.69405091 ], [ -67.756197, -10.69416041 ], [ -67.75597272, -10.69435308 ], [ -67.75568261, -10.69454285 ], [ -67.75530919, -10.69469625 ], [ -67.75499589, -10.69476791 ], [ -67.75472385, -10.6947977 ], [ -67.75439466, -10.69473751 ], [ -67.75398264, -10.69464569 ], [ -67.75358717, -10.69455331 ], [ -67.75326652, -10.69448255 ], [ -67.75167521, -10.69660226 ], [ -67.75120554, -10.69659538 ], [ -67.75063778, -10.69658529 ], [ -67.75040285, -10.69641882 ], [ -67.75028327, -10.69638634 ], [ -67.75018469, -10.69633323 ], [ -67.75002187, -10.69618951 ], [ -67.75000075, -10.69617504 ], [ -67.74988925, -10.69609863 ], [ -67.74973747, -10.69604531 ], [ -67.74948462, -10.69600893 ], [ -67.7491534, -10.69606646 ], [ -67.74891548, -10.69614118 ], [ -67.74874096, -10.69627081 ], [ -67.74825509, -10.69679017 ], [ -67.74795709, -10.69702441 ], [ -67.74776159, -10.69709929 ], [ -67.74746023, -10.69711911 ], [ -67.74722302, -10.69701727 ], [ -67.7471385, -10.69693284 ], [ -67.74705411, -10.69681479 ], [ -67.7470123, -10.69666327 ], [ -67.74693088, -10.69582212 ], [ -67.7469235, -10.69555303 ], [ -67.7468059, -10.69525826 ], [ -67.74664547, -10.69505583 ], [ -67.74642095, -10.69496664 ], [ -67.74614948, -10.69494032 ], [ -67.74592009, -10.69499826 ], [ -67.7456736, -10.69508976 ], [ -67.7453284, -10.69545413 ], [ -67.74520879, -10.69564703 ], [ -67.74515681, -10.69590748 ], [ -67.74519363, -10.69623975 ], [ -67.745252, -10.69649223 ], [ -67.74542434, -10.69689231 ], [ -67.74561829, -10.6971958 ], [ -67.74569373, -10.69742312 ], [ -67.74570988, -10.69762498 ], [ -67.74569214, -10.6978099 ], [ -67.74546758, -10.6986248 ], [ -67.74496557, -10.69983696 ], [ -67.74488968, -10.70007949 ], [ -67.74486157, -10.70029523 ], [ -67.74488449, -10.70051504 ], [ -67.74491574, -10.70063467 ], [ -67.74502858, -10.70091749 ], [ -67.74551066, -10.70150769 ], [ -67.74566182, -10.70171537 ], [ -67.74569231, -10.70180726 ], [ -67.74567756, -10.70192956 ], [ -67.74561525, -10.70206579 ], [ -67.74554838, -10.70215494 ], [ -67.74525069, -10.70234904 ], [ -67.7449953, -10.70265626 ], [ -67.74488535, -10.70282524 ], [ -67.74484421, -10.70301096 ], [ -67.74484989, -10.70336159 ], [ -67.74489171, -10.70358765 ], [ -67.74485999, -10.70379224 ], [ -67.74467418, -10.70392796 ], [ -67.74426726, -10.70411692 ], [ -67.74411471, -10.70425278 ], [ -67.73601146, -10.71190667 ], [ -67.73601077, -10.71150595 ], [ -67.73596704, -10.71121283 ], [ -67.73589664, -10.71107663 ], [ -67.73580255, -10.71094971 ], [ -67.73567768, -10.71082968 ], [ -67.73559272, -10.71078247 ], [ -67.73537995, -10.71075349 ], [ -67.73528529, -10.71076247 ], [ -67.73520473, -10.71079496 ], [ -67.73485615, -10.71100211 ], [ -67.73462417, -10.71104336 ], [ -67.73380122, -10.71098846 ], [ -67.73343224, -10.71098227 ], [ -67.73308892, -10.7110629 ], [ -67.73292309, -10.71112315 ], [ -67.7327996, -10.71123982 ], [ -67.73266402, -10.71141972 ], [ -67.73262585, -10.71149924 ], [ -67.73261092, -10.71167728 ], [ -67.73264125, -10.71177817 ], [ -67.73273055, -10.71191913 ], [ -67.73290641, -10.71228777 ], [ -67.73293432, -10.71240505 ], [ -67.73292425, -10.7125503 ], [ -67.73289563, -10.71260643 ], [ -67.73284815, -10.71264842 ], [ -67.73268726, -10.71265714 ], [ -67.73257378, -10.71264262 ], [ -67.73232604, -10.71248929 ], [ -67.73214656, -10.71241826 ], [ -67.73182267, -10.7123771 ], [ -67.73162863, -10.71239505 ], [ -67.73139183, -10.71245503 ], [ -67.73115957, -10.71256188 ], [ -67.73096985, -10.71267827 ], [ -67.73088469, -10.71267793 ], [ -67.73085653, -10.71262626 ], [ -67.73084619, -10.71252577 ], [ -67.73085787, -10.71228274 ], [ -67.73090115, -10.71213497 ], [ -67.73099769, -10.71200854 ], [ -67.73121701, -10.71185618 ], [ -67.7315909, -10.71173088 ], [ -67.73197577, -10.71153164 ], [ -67.73221159, -10.71125782 ], [ -67.73236783, -10.71088328 ], [ -67.73233675, -10.71066121 ], [ -67.73219891, -10.71045986 ], [ -67.73196501, -10.71026867 ], [ -67.73175197, -10.71019382 ], [ -67.73143761, -10.71011328 ], [ -67.73079778, -10.71005784 ], [ -67.73048829, -10.71008828 ], [ -67.73031743, -10.71012986 ], [ -67.73010339, -10.71029809 ], [ -67.72998016, -10.71042969 ], [ -67.72993674, -10.71060918 ], [ -67.72996786, -10.71082068 ], [ -67.73007791, -10.71129142 ], [ -67.73006602, -10.71158729 ], [ -67.73000095, -10.71184067 ], [ -67.72983457, -10.71208835 ], [ -67.72948109, -10.71243567 ], [ -67.72928854, -10.71256171 ], [ -67.72903243, -10.7125818 ], [ -67.7288726, -10.71253888 ], [ -67.72861724, -10.71237931 ], [ -67.72853234, -10.71227328 ], [ -67.72850648, -10.71207766 ], [ -67.72850706, -10.71194027 ], [ -67.72846531, -10.71171816 ], [ -67.72811053, -10.71109846 ], [ -67.72804749, -10.7108657 ], [ -67.72808653, -10.71045897 ], [ -67.72813008, -10.71024778 ], [ -67.7284308, -10.70976285 ], [ -67.72849046, -10.70952531 ], [ -67.72848084, -10.70927162 ], [ -67.72843914, -10.70903895 ], [ -67.72834397, -10.70883776 ], [ -67.72793476, -10.70848205 ], [ -67.7278819, -10.70836558 ], [ -67.72783985, -10.70821744 ], [ -67.72787267, -10.70802207 ], [ -67.72804787, -10.70757626 ], [ -67.72807513, -10.7074337 ], [ -67.72805953, -10.70733851 ], [ -67.72801184, -10.70726435 ], [ -67.72795338, -10.70721127 ], [ -67.72777622, -10.70717592 ], [ -67.72758052, -10.70709744 ], [ -67.72744375, -10.70699007 ], [ -67.72723873, -10.70679502 ], [ -67.72702412, -10.70655139 ], [ -67.72681886, -10.70641461 ], [ -67.72664244, -10.70641389 ], [ -67.72644125, -10.70647618 ], [ -67.72598934, -10.70672681 ], [ -67.72562564, -10.7069778 ], [ -67.72530574, -10.70730178 ], [ -67.72478783, -10.70810077 ], [ -67.72461975, -10.70844965 ], [ -67.72442254, -10.70873045 ], [ -67.72334049, -10.70965822 ], [ -67.72316305, -10.70990025 ], [ -67.72258729, -10.71046595 ], [ -67.72218433, -10.71072648 ], [ -67.72182095, -10.71089977 ], [ -67.72162481, -10.7109281 ], [ -67.72142886, -10.71090787 ], [ -67.72125288, -10.71080034 ], [ -67.72113575, -10.71068333 ], [ -67.72108723, -10.71056661 ], [ -67.72105848, -10.71041112 ], [ -67.72113381, -10.70997933 ], [ -67.72116431, -10.70971728 ], [ -67.72115537, -10.70951333 ], [ -67.72108716, -10.70941593 ], [ -67.72088438, -10.70927188 ], [ -67.72084064, -10.70918431 ], [ -67.72078258, -10.70900442 ], [ -67.72071926, -10.70891192 ], [ -67.72061657, -10.70885808 ], [ -67.72035698, -10.70882303 ], [ -67.71963718, -10.70884866 ], [ -67.71947799, -10.70880415 ], [ -67.71897434, -10.70855646 ], [ -67.7187222, -10.70850718 ], [ -67.71858931, -10.70852418 ], [ -67.7184827, -10.70861145 ], [ -67.71823328, -10.70897008 ], [ -67.71809127, -10.70904844 ], [ -67.71796724, -10.70906549 ], [ -67.71775474, -10.70906461 ], [ -67.71750279, -10.70897147 ], [ -67.71743236, -10.70887469 ], [ -67.71740628, -10.70876054 ], [ -67.71744012, -10.70808085 ], [ -67.71740544, -10.70790527 ], [ -67.71733513, -10.70778217 ], [ -67.71720276, -10.70767636 ], [ -67.71705254, -10.70760557 ], [ -67.71688449, -10.70756101 ], [ -67.7164819, -10.70749358 ], [ -67.71625207, -10.70740491 ], [ -67.71602253, -10.70724607 ], [ -67.71552333, -10.70699401 ], [ -67.71534647, -10.70694066 ], [ -67.71515183, -10.70690477 ], [ -67.71493926, -10.70692143 ], [ -67.71477959, -10.70699095 ], [ -67.71460207, -10.70709548 ], [ -67.71446433, -10.70721334 ], [ -67.71382329, -10.70805281 ], [ -67.71368996, -10.70817507 ], [ -67.71356585, -10.70820965 ], [ -67.71346857, -10.70818292 ], [ -67.71341574, -10.70811253 ], [ -67.71340744, -10.70798092 ], [ -67.71342567, -10.70785819 ], [ -67.71348831, -10.70770055 ], [ -67.71397087, -10.70709956 ], [ -67.71435403, -10.70652637 ], [ -67.71431853, -10.70634661 ], [ -67.71417439, -10.70613047 ], [ -67.71399347, -10.70603992 ], [ -67.71378525, -10.70597619 ], [ -67.71336789, -10.70606428 ], [ -67.71132485, -10.7068731 ], [ -67.71063447, -10.70721152 ], [ -67.71016218, -10.70742511 ], [ -67.7099802, -10.70758601 ], [ -67.70985261, -10.70774714 ], [ -67.70972479, -10.70796215 ], [ -67.70968717, -10.7082853 ], [ -67.70970324, -10.70877033 ], [ -67.70966689, -10.70953881 ], [ -67.70965103, -10.70963563 ], [ -67.70961636, -10.70972047 ], [ -67.70952312, -10.70986286 ], [ -67.70932711, -10.70996403 ], [ -67.70926874, -10.70997059 ], [ -67.7091847, -10.70993955 ], [ -67.70904342, -10.70979841 ], [ -67.70895172, -10.70967856 ], [ -67.70883199, -10.70947426 ], [ -67.70743109, -10.70980835 ], [ -67.70740601, -10.70972589 ], [ -67.7074059, -10.70972552 ], [ -67.67561941, -10.60515669 ], [ -67.67538275, -10.60508357 ], [ -67.67481115, -10.60508116 ], [ -67.67448434, -10.60512026 ], [ -67.6736669, -10.60531918 ], [ -67.67273503, -10.60522756 ], [ -67.67231273, -10.60532022 ], [ -67.67134997, -10.60607837 ], [ -67.67019497, -10.60722695 ], [ -67.66984012, -10.6074548 ], [ -67.66860218, -10.60889981 ], [ -67.66834185, -10.60930342 ], [ -67.66769384, -10.60965818 ], [ -67.66718836, -10.61010123 ], [ -67.666915, -10.61036988 ], [ -67.66672319, -10.61066586 ], [ -67.66660939, -10.61101324 ], [ -67.66630531, -10.61155643 ], [ -67.66574124, -10.61202544 ], [ -67.66559503, -10.61214701 ], [ -67.66494876, -10.6136687 ], [ -67.66459234, -10.61426078 ], [ -67.66315479, -10.61621081 ], [ -67.66255326, -10.61682881 ], [ -67.66198071, -10.61704223 ], [ -67.66132742, -10.61703945 ], [ -67.66072963, -10.61679407 ], [ -67.66016709, -10.61640582 ], [ -67.6518969, -10.61051022 ], [ -67.65180358, -10.61006464 ], [ -67.65169647, -10.60965947 ], [ -67.65140061, -10.60884877 ], [ -67.65107539, -10.6085236 ], [ -67.65077658, -10.60838741 ], [ -67.65024751, -10.60799392 ], [ -67.64967912, -10.60726299 ], [ -67.64943591, -10.60685724 ], [ -67.64916515, -10.6065323 ], [ -67.64884065, -10.60604525 ], [ -67.64859769, -10.60558553 ], [ -67.64853484, -10.60517766 ], [ -67.6476634, -10.60438248 ], [ -67.64755529, -10.60420663 ], [ -67.64712217, -10.60366516 ], [ -67.64687826, -10.60342128 ], [ -67.64635476, -10.60331785 ], [ -67.64492636, -10.6031768 ], [ -67.64434866, -10.60301918 ], [ -67.64354862, -10.6023547 ], [ -67.64251086, -10.60158802 ], [ -67.64223903, -10.6015059 ], [ -67.64207602, -10.60143775 ], [ -67.64173597, -10.60139581 ], [ -67.64149101, -10.60139475 ], [ -67.64127349, -10.60133985 ], [ -67.6409004, -10.60107518 ], [ -67.64047608, -10.6000818 ], [ -67.64010656, -10.59900772 ], [ -67.63994422, -10.59879116 ], [ -67.6398228, -10.59854781 ], [ -67.63975054, -10.59796067 ], [ -67.63961606, -10.59759584 ], [ -67.63967156, -10.59735325 ], [ -67.63968612, -10.59713747 ], [ -67.63976867, -10.59693547 ], [ -67.63983713, -10.59684133 ], [ -67.63994624, -10.59678784 ], [ -67.64019139, -10.59674842 ], [ -67.64109582, -10.5968805 ], [ -67.64151756, -10.5969093 ], [ -67.64178975, -10.59691048 ], [ -67.64228021, -10.59679117 ], [ -67.64259328, -10.59677903 ], [ -67.64314191, -10.59658289 ], [ -67.64333723, -10.5965864 ], [ -67.64348733, -10.59649261 ], [ -67.64355603, -10.59634452 ], [ -67.6435634, -10.59621639 ], [ -67.64341655, -10.59556821 ], [ -67.64336288, -10.59539261 ], [ -67.64313248, -10.59517577 ], [ -67.64267697, -10.59508612 ], [ -67.64235041, -10.59507122 ], [ -67.64214652, -10.59501638 ], [ -67.64195665, -10.59486717 ], [ -67.64156282, -10.5946766 ], [ -67.6411889, -10.5946008 ], [ -67.64057596, -10.59471956 ], [ -67.63939573, -10.59540923 ], [ -67.63909591, -10.59550237 ], [ -67.63893267, -10.59548817 ], [ -67.6387425, -10.59540641 ], [ -67.63862043, -10.59531145 ], [ -67.63851162, -10.59529749 ], [ -67.63822512, -10.59545813 ], [ -67.63807489, -10.5955789 ], [ -67.63792507, -10.59560523 ], [ -67.63780259, -10.5956047 ], [ -67.63763976, -10.59549607 ], [ -67.63751812, -10.59530668 ], [ -67.63751253, -10.59503011 ], [ -67.63760982, -10.59457185 ], [ -67.63772863, -10.59386412 ], [ -67.63772929, -10.59371572 ], [ -67.63768923, -10.59354017 ], [ -67.63763527, -10.59343202 ], [ -67.63755403, -10.59333723 ], [ -67.63743345, -10.59322037 ], [ -67.63717436, -10.59302531 ], [ -67.63668246, -10.59270327 ], [ -67.63661575, -10.59239568 ], [ -67.63646143, -10.59190261 ], [ -67.63646287, -10.59157884 ], [ -67.63639198, -10.59068143 ], [ -67.63647441, -10.5905064 ], [ -67.63667719, -10.58927291 ], [ -67.63667856, -10.58896264 ], [ -67.63657089, -10.58869236 ], [ -67.6364257, -10.58849069 ], [ -67.63631303, -10.58837675 ], [ -67.63575764, -10.58779426 ], [ -67.63556975, -10.58719988 ], [ -67.63567981, -10.58693054 ], [ -67.63584621, -10.58622975 ], [ -67.6359835, -10.58596054 ], [ -67.63628324, -10.58588089 ], [ -67.63678824, -10.58554582 ], [ -67.63695274, -10.58527672 ], [ -67.6368176, -10.58506029 ], [ -67.63662876, -10.58468174 ], [ -67.6362507, -10.58400558 ], [ -67.63583176, -10.58334274 ], [ -67.63539797, -10.58296314 ], [ -67.63490878, -10.58279914 ], [ -67.63431108, -10.58255371 ], [ -67.63387776, -10.58206618 ], [ -67.6337159, -10.58174171 ], [ -67.6335147, -10.58107981 ], [ -67.63329935, -10.58053926 ], [ -67.63283811, -10.58021349 ], [ -67.63234989, -10.57983364 ], [ -67.63198575, -10.57909009 ], [ -67.63155483, -10.57806294 ], [ -67.63142234, -10.57725294 ], [ -67.63109861, -10.576604 ], [ -67.63069252, -10.57611658 ], [ -67.63058414, -10.57600819 ], [ -67.6304212, -10.57592654 ], [ -67.63014904, -10.57592536 ], [ -67.62990398, -10.57595127 ], [ -67.62952176, -10.57621942 ], [ -67.6284451, -10.57657899 ], [ -67.62806469, -10.57644243 ], [ -67.62795654, -10.57628008 ], [ -67.62787777, -10.57563219 ], [ -67.62669873, -10.57453434 ], [ -67.62650942, -10.57426371 ], [ -67.62629361, -10.57383107 ], [ -67.62599543, -10.57355997 ], [ -67.62556142, -10.57323432 ], [ -67.6251828, -10.57269305 ], [ -67.62432689, -10.57237904 ], [ -67.62383761, -10.57224201 ], [ -67.6232927, -10.57237453 ], [ -67.6226394, -10.57239866 ], [ -67.62077664, -10.57205327 ], [ -67.62047811, -10.5718631 ], [ -67.62031506, -10.57180843 ], [ -67.62001629, -10.57167222 ], [ -67.6196626, -10.5716437 ], [ -67.61939069, -10.57158855 ], [ -67.61917369, -10.57142571 ], [ -67.61895657, -10.57128985 ], [ -67.61868538, -10.57107282 ], [ -67.61830496, -10.57093625 ], [ -67.61808773, -10.57082738 ], [ -67.61776138, -10.57077199 ], [ -67.61750398, -10.57051455 ], [ -67.61734225, -10.5701631 ], [ -67.61677121, -10.57005267 ], [ -67.61630988, -10.56975386 ], [ -67.6162021, -10.56951056 ], [ -67.61603942, -10.56937495 ], [ -67.61533109, -10.56953372 ], [ -67.61511337, -10.56953277 ], [ -67.61478752, -10.56936946 ], [ -67.61443589, -10.56888226 ], [ -67.61420716, -10.56830117 ], [ -67.61407218, -10.56805776 ], [ -67.6136106, -10.56781291 ], [ -67.61331172, -10.56770366 ], [ -67.61279585, -10.5674316 ], [ -67.61268746, -10.5673232 ], [ -67.61244327, -10.56716024 ], [ -67.61228082, -10.56697067 ], [ -67.61198412, -10.56637578 ], [ -67.61169963, -10.56609124 ], [ -67.61140354, -10.56536146 ], [ -67.61107745, -10.5652521 ], [ -67.60980138, -10.56457197 ], [ -67.60943635, -10.56404424 ], [ -67.60916699, -10.5634225 ], [ -67.60870543, -10.56317764 ], [ -67.6082446, -10.5627709 ], [ -67.60811071, -10.56228466 ], [ -67.60818004, -10.56200168 ], [ -67.60802123, -10.56100269 ], [ -67.60785952, -10.56065123 ], [ -67.6076983, -10.56019185 ], [ -67.60747116, -10.55926002 ], [ -67.60730982, -10.55882762 ], [ -67.60715139, -10.55774769 ], [ -67.60752212, -10.55700736 ], [ -67.60768735, -10.5565764 ], [ -67.60736321, -10.55603536 ], [ -67.60712144, -10.55533279 ], [ -67.60749192, -10.55464643 ], [ -67.60787777, -10.5535689 ], [ -67.60804408, -10.55289511 ], [ -67.60786944, -10.55239521 ], [ -67.60735736, -10.55128674 ], [ -67.60696949, -10.54978761 ], [ -67.60632002, -10.54897533 ], [ -67.60626765, -10.54851642 ], [ -67.60632379, -10.54813895 ], [ -67.60613559, -10.54762548 ], [ -67.60571566, -10.54720543 ], [ -67.60520177, -10.54650167 ], [ -67.60505813, -10.5451655 ], [ -67.60466744, -10.54516378 ], [ -67.60440514, -10.54297718 ], [ -67.60439439, -10.5423431 ], [ -67.60448235, -10.54094049 ], [ -67.60448538, -10.54026598 ], [ -67.6039882, -10.53887429 ], [ -67.60365528, -10.53726748 ], [ -67.60338521, -10.53680763 ], [ -67.60306014, -10.53648242 ], [ -67.60249098, -10.53596728 ], [ -67.60208402, -10.53569567 ], [ -67.60173221, -10.53526243 ], [ -67.60143628, -10.53450567 ], [ -67.60171406, -10.53400486 ], [ -67.60100807, -10.5322932 ], [ -67.6005418, -10.53133677 ], [ -67.59963662, -10.53047385 ], [ -67.59946675, -10.53019739 ], [ -67.59946828, -10.52985807 ], [ -67.5994912, -10.52951885 ], [ -67.59924815, -10.52887092 ], [ -67.59848186, -10.52804042 ], [ -67.59837674, -10.52763701 ], [ -67.59797244, -10.52716864 ], [ -67.59753517, -10.5269016 ], [ -67.59706527, -10.52675107 ], [ -67.59672332, -10.52668594 ], [ -67.5963809, -10.52672684 ], [ -67.59586785, -10.52666094 ], [ -67.59544053, -10.52655301 ], [ -67.59514166, -10.52642443 ], [ -67.59494974, -10.52629633 ], [ -67.5948333, -10.52603072 ], [ -67.59483455, -10.52575502 ], [ -67.59492241, -10.52524641 ], [ -67.59502236, -10.52443035 ], [ -67.59491771, -10.52392089 ], [ -67.59455602, -10.52349513 ], [ -67.59427901, -10.52326061 ], [ -67.59388635, -10.52259082 ], [ -67.59314128, -10.52180282 ], [ -67.59245923, -10.52126959 ], [ -67.5913805, -10.52095728 ], [ -67.59091042, -10.52084915 ], [ -67.59016133, -10.52095186 ], [ -67.58867263, -10.52142242 ], [ -67.58811594, -10.52154719 ], [ -67.58573219, -10.52129268 ], [ -67.5846849, -10.52111834 ], [ -67.58357433, -10.52075285 ], [ -67.5831782, -10.52084651 ], [ -67.58275052, -10.5208234 ], [ -67.58245146, -10.52073722 ], [ -67.58236649, -10.5206096 ], [ -67.58226003, -10.52050308 ], [ -67.58185306, -10.52062851 ], [ -67.58163937, -10.52058514 ], [ -67.58140486, -10.52041442 ], [ -67.58129939, -10.52009584 ], [ -67.58102268, -10.51979768 ], [ -67.58082989, -10.51986045 ], [ -67.58049715, -10.52012406 ], [ -67.58023971, -10.52029257 ], [ -67.57998304, -10.52029142 ], [ -67.57974856, -10.52012071 ], [ -67.57962157, -10.51982323 ], [ -67.57987999, -10.51944264 ], [ -67.57996671, -10.51918854 ], [ -67.57996767, -10.51897646 ], [ -67.57975457, -10.51880585 ], [ -67.57932708, -10.51874031 ], [ -67.57887791, -10.5187383 ], [ -67.57748125, -10.51890603 ], [ -67.57702765, -10.51875385 ], [ -67.57646496, -10.51864979 ], [ -67.57564719, -10.51834154 ], [ -67.57503607, -10.51762808 ], [ -67.57471728, -10.51659301 ], [ -67.57413237, -10.51576887 ], [ -67.57337149, -10.51554961 ], [ -67.57268545, -10.51558308 ], [ -67.57186287, -10.51520558 ], [ -67.57148342, -10.51488011 ], [ -67.57126847, -10.51428557 ], [ -67.57090703, -10.51300238 ], [ -67.56965091, -10.51101367 ], [ -67.5693291, -10.50998697 ], [ -67.56894991, -10.50960754 ], [ -67.56836931, -10.50864712 ], [ -67.5684256, -10.50824268 ], [ -67.5689991, -10.50778659 ], [ -67.56935443, -10.50743745 ], [ -67.56962814, -10.50708794 ], [ -67.56982018, -10.50600623 ], [ -67.57000275, -10.50550501 ], [ -67.56991843, -10.50485647 ], [ -67.56995479, -10.50476386 ], [ -67.56995591, -10.50452118 ], [ -67.56993483, -10.50445325 ], [ -67.56992418, -10.5043539 ], [ -67.56978986, -10.50329683 ], [ -67.57018048, -10.50329859 ], [ -67.57000582, -10.50274685 ], [ -67.56940548, -10.50161772 ], [ -67.56927045, -10.50138777 ], [ -67.56846583, -10.50029819 ], [ -67.56839323, -10.50021951 ], [ -67.56830335, -10.50012209 ], [ -67.56742865, -10.49947737 ], [ -67.56725249, -10.49931469 ], [ -67.56629808, -10.49825141 ], [ -67.56610863, -10.49802122 ], [ -67.56591895, -10.497845 ], [ -67.56562065, -10.49761432 ], [ -67.56526116, -10.49737662 ], [ -67.56504345, -10.49737564 ], [ -67.56468998, -10.49730659 ], [ -67.56345722, -10.49759107 ], [ -67.5632395, -10.49759008 ], [ -67.56292605, -10.49769659 ], [ -67.56147669, -10.49773725 ], [ -67.56113621, -10.49780316 ], [ -67.56093205, -10.49781573 ], [ -67.56070086, -10.4977877 ], [ -67.56044264, -10.49771908 ], [ -67.56018504, -10.49751556 ], [ -67.55988988, -10.49734223 ], [ -67.55942577, -10.49692578 ], [ -67.55912364, -10.496704 ], [ -67.55849773, -10.49670117 ], [ -67.55825417, -10.49640328 ], [ -67.55798254, -10.49629412 ], [ -67.55782063, -10.49599661 ], [ -67.55722356, -10.49564316 ], [ -67.55677497, -10.49554669 ], [ -67.5564217, -10.49543717 ], [ -67.55511645, -10.49521539 ], [ -67.55341905, -10.49446572 ], [ -67.55322957, -10.49424902 ], [ -67.55298565, -10.49403207 ], [ -67.55255149, -10.49376029 ], [ -67.55209062, -10.49338047 ], [ -67.55133116, -10.4928374 ], [ -67.55023147, -10.49230628 ], [ -67.54968833, -10.49206099 ], [ -67.54884547, -10.49189526 ], [ -67.54838285, -10.49189315 ], [ -67.54802895, -10.49191852 ], [ -67.54756721, -10.49172755 ], [ -67.54633046, -10.49141163 ], [ -67.54605884, -10.49130247 ], [ -67.54556938, -10.49121929 ], [ -67.54453679, -10.4908908 ], [ -67.54341029, -10.4902786 ], [ -67.54281338, -10.48989813 ], [ -67.54237899, -10.48968031 ], [ -67.54216242, -10.4894365 ], [ -67.54221836, -10.48911299 ], [ -67.54129565, -10.48856916 ], [ -67.54091593, -10.48829761 ], [ -67.5404261, -10.48829536 ], [ -67.54005842, -10.48836113 ], [ -67.5396763, -10.4886022 ], [ -67.53894004, -10.48892258 ], [ -67.53853146, -10.48900165 ], [ -67.53774077, -10.48932177 ], [ -67.53655531, -10.48968055 ], [ -67.53609192, -10.4898403 ], [ -67.5354645, -10.49016116 ], [ -67.53494645, -10.49037462 ], [ -67.53418474, -10.49031715 ], [ -67.53321862, -10.49032619 ], [ -67.53232073, -10.49029507 ], [ -67.53125853, -10.49047902 ], [ -67.52933819, -10.49086136 ], [ -67.52890202, -10.49102122 ], [ -67.52841104, -10.49126176 ], [ -67.5273758, -10.49149979 ], [ -67.52704976, -10.49139036 ], [ -67.5268313, -10.49155123 ], [ -67.52639486, -10.49176505 ], [ -67.52572528, -10.49236899 ], [ -67.52512557, -10.49258205 ], [ -67.5246351, -10.49271467 ], [ -67.52411716, -10.49290112 ], [ -67.5236267, -10.49303374 ], [ -67.52321722, -10.49330165 ], [ -67.52286345, -10.4933 ], [ -67.52236123, -10.49304136 ], [ -67.52068197, -10.49136081 ], [ -67.52024746, -10.49116993 ], [ -67.51975891, -10.49089785 ], [ -67.519586, -10.49080691 ], [ -67.51917558, -10.49053092 ], [ -67.51895993, -10.49009823 ], [ -67.51882617, -10.48961197 ], [ -67.51827223, -10.48878652 ], [ -67.51800228, -10.48832661 ], [ -67.51671811, -10.48655345 ], [ -67.51650144, -10.4863366 ], [ -67.51628682, -10.48568808 ], [ -67.51618106, -10.48504007 ], [ -67.51580086, -10.48487642 ], [ -67.51540802, -10.48451037 ], [ -67.51521881, -10.48423969 ], [ -67.51508456, -10.48386134 ], [ -67.5148693, -10.48334773 ], [ -67.51489921, -10.48278129 ], [ -67.51496962, -10.4822825 ], [ -67.51519066, -10.48158205 ], [ -67.51541053, -10.48112443 ], [ -67.51587557, -10.48061398 ], [ -67.51632771, -10.47995509 ], [ -67.51646736, -10.4792003 ], [ -67.51608936, -10.47857801 ], [ -67.51501867, -10.47769618 ], [ -67.51466621, -10.47742474 ], [ -67.51423198, -10.47717989 ], [ -67.51385244, -10.47688134 ], [ -67.5132837, -10.47631211 ], [ -67.5120361, -10.47544293 ], [ -67.51158666, -10.47553527 ], [ -67.51106836, -10.47580264 ], [ -67.51057689, -10.47615108 ], [ -67.50866964, -10.47665477 ], [ -67.50805745, -10.47663841 ], [ -67.50672514, -10.47641633 ], [ -67.50626371, -10.47617135 ], [ -67.50588443, -10.47581884 ], [ -67.50536935, -10.47541172 ], [ -67.50499073, -10.47492431 ], [ -67.50457599, -10.47416404 ], [ -67.50447578, -10.47374444 ], [ -67.50440298, -10.47370074 ], [ -67.5044036, -10.47357068 ], [ -67.50428549, -10.47349499 ], [ -67.50407915, -10.47325458 ], [ -67.50391659, -10.47310543 ], [ -67.50368614, -10.47292898 ], [ -67.50343508, -10.47279291 ], [ -67.50306487, -10.47267988 ], [ -67.50290131, -10.47273981 ], [ -67.50242047, -10.47299771 ], [ -67.50230317, -10.47309714 ], [ -67.50190364, -10.47342287 ], [ -67.50184239, -10.47348667 ], [ -67.50000022, -10.4735357 ], [ -67.4943474, -10.47368608 ], [ -67.49367922, -10.47300514 ], [ -67.49332192, -10.47281355 ], [ -67.4930153, -10.4726594 ], [ -67.49272535, -10.47256103 ], [ -67.49237172, -10.47255935 ], [ -67.49198087, -10.47260969 ], [ -67.49165778, -10.47261086 ], [ -67.49143205, -10.47256225 ], [ -67.49123571, -10.47249809 ], [ -67.49112717, -10.47247218 ], [ -67.49089321, -10.47243126 ], [ -67.4905898, -10.47249244 ], [ -67.4904278, -10.47255469 ], [ -67.49026736, -10.47262303 ], [ -67.490183, -10.47265414 ], [ -67.49007926, -10.4726827 ], [ -67.49000481, -10.47268646 ], [ -67.48980804, -10.47265159 ], [ -67.48967033, -10.47257485 ], [ -67.48954447, -10.47245601 ], [ -67.48935631, -10.4722967 ], [ -67.48916763, -10.47217372 ], [ -67.48900404, -10.47207706 ], [ -67.48881264, -10.47201409 ], [ -67.4884691, -10.47199083 ], [ -67.48825046, -10.47198979 ], [ -67.48810017, -10.47195661 ], [ -67.48796024, -10.47193412 ], [ -67.48781987, -10.47188415 ], [ -67.487627, -10.47182839 ], [ -67.48747651, -10.47182157 ], [ -67.48729906, -10.47179208 ], [ -67.4871293, -10.47177951 ], [ -67.48698517, -10.47176124 ], [ -67.48686428, -10.47175552 ], [ -67.48669557, -10.47169485 ], [ -67.48654552, -10.47159508 ], [ -67.48632578, -10.47143363 ], [ -67.48603099, -10.47121897 ], [ -67.48582782, -10.47106196 ], [ -67.48504464, -10.47048363 ], [ -67.48479546, -10.47033052 ], [ -67.4845431, -10.47015895 ], [ -67.48440328, -10.47007085 ], [ -67.48428433, -10.47001747 ], [ -67.48413746, -10.46993003 ], [ -67.48380492, -10.46961605 ], [ -67.48345422, -10.469341 ], [ -67.48317518, -10.46912536 ], [ -67.48304384, -10.46904947 ], [ -67.48288547, -10.46899712 ], [ -67.4824751, -10.46888045 ], [ -67.48162063, -10.46854181 ], [ -67.48145524, -10.46846351 ], [ -67.48065496, -10.46837883 ], [ -67.48043313, -10.46836655 ], [ -67.47996696, -10.46826765 ], [ -67.4798053, -10.46820196 ], [ -67.47973623, -10.4680835 ], [ -67.47940841, -10.46768368 ], [ -67.47913318, -10.46708186 ], [ -67.47907273, -10.46683153 ], [ -67.47900234, -10.46630142 ], [ -67.47875872, -10.46612704 ], [ -67.47868785, -10.46610234 ], [ -67.47858032, -10.46604133 ], [ -67.47822623, -10.46600839 ], [ -67.47811697, -10.46599271 ], [ -67.47812843, -10.46593017 ], [ -67.47813471, -10.46591565 ], [ -67.47818485, -10.46583566 ], [ -67.47818531, -10.46574075 ], [ -67.47821592, -10.46558635 ], [ -67.47809094, -10.4654144 ], [ -67.47796402, -10.46528746 ], [ -67.47782622, -10.46527501 ], [ -67.47771747, -10.46524053 ], [ -67.47743716, -10.46511903 ], [ -67.477228, -10.46501384 ], [ -67.47697924, -10.4649575 ], [ -67.4767367, -10.46489228 ], [ -67.47630454, -10.46480394 ], [ -67.47602846, -10.46477859 ], [ -67.47594241, -10.4647737 ], [ -67.47555648, -10.46458549 ], [ -67.47520842, -10.46443789 ], [ -67.47479701, -10.4642033 ], [ -67.47445862, -10.46399969 ], [ -67.47377375, -10.46359208 ], [ -67.47346525, -10.46335669 ], [ -67.47314281, -10.46304944 ], [ -67.47286403, -10.46262955 ], [ -67.47261376, -10.46228008 ], [ -67.47219193, -10.4616844 ], [ -67.4719799, -10.46137195 ], [ -67.47167351, -10.46101532 ], [ -67.47150473, -10.46049938 ], [ -67.47137639, -10.46005014 ], [ -67.47098709, -10.45955617 ], [ -67.47054454, -10.45904158 ], [ -67.47007099, -10.45857086 ], [ -67.46925001, -10.45780569 ], [ -67.46887658, -10.457456 ], [ -67.46823473, -10.45705947 ], [ -67.46779933, -10.45685632 ], [ -67.46737, -10.45672021 ], [ -67.4670326, -10.45668216 ], [ -67.46667505, -10.45665356 ], [ -67.46610707, -10.45668033 ], [ -67.46580352, -10.45670302 ], [ -67.46533192, -10.45681224 ], [ -67.46508168, -10.45689765 ], [ -67.46469719, -10.45708578 ], [ -67.46440479, -10.45722766 ], [ -67.46412909, -10.45742425 ], [ -67.46392243, -10.45761432 ], [ -67.46372425, -10.4579057 ], [ -67.46356068, -10.45814619 ], [ -67.46323929, -10.4585664 ], [ -67.46292584, -10.45908228 ], [ -67.46288576, -10.45932443 ], [ -67.46281564, -10.45959665 ], [ -67.46272387, -10.45993099 ], [ -67.46263072, -10.46011329 ], [ -67.46246001, -10.46031214 ], [ -67.46212803, -10.46058347 ], [ -67.46173939, -10.46077074 ], [ -67.46148322, -10.46085198 ], [ -67.4611988, -10.4608541 ], [ -67.460853, -10.46091035 ], [ -67.46057168, -10.4609859 ], [ -67.46030093, -10.46115812 ], [ -67.46003082, -10.46134452 ], [ -67.45971618, -10.46160914 ], [ -67.45929104, -10.46204316 ], [ -67.45907034, -10.46225075 ], [ -67.45876559, -10.4625497 ], [ -67.45840323, -10.46267065 ], [ -67.45793498, -10.46287536 ], [ -67.45764396, -10.46295606 ], [ -67.45699958, -10.4631653 ], [ -67.45662197, -10.46334858 ], [ -67.45620029, -10.4635784 ], [ -67.45564932, -10.46391432 ], [ -67.45493022, -10.46438182 ], [ -67.45454144, -10.46460654 ], [ -67.45423822, -10.46474653 ], [ -67.45355789, -10.46496641 ], [ -67.45312673, -10.46510523 ], [ -67.45283341, -10.46518599 ], [ -67.45225367, -10.46522229 ], [ -67.45197483, -10.46521279 ], [ -67.45151565, -10.4651192 ], [ -67.4513283, -10.46500281 ], [ -67.45118527, -10.46488521 ], [ -67.4511232, -10.46478896 ], [ -67.45094796, -10.46446283 ], [ -67.45083124, -10.46408324 ], [ -67.45073696, -10.46370172 ], [ -67.45071011, -10.46341217 ], [ -67.45071058, -10.46309374 ], [ -67.45077382, -10.46289032 ], [ -67.45092402, -10.4626751 ], [ -67.45122896, -10.4623374 ], [ -67.45148697, -10.46204769 ], [ -67.45189485, -10.46161834 ], [ -67.45222496, -10.46128473 ], [ -67.4525249, -10.46097022 ], [ -67.45273199, -10.46064983 ], [ -67.45285576, -10.46027117 ], [ -67.45284927, -10.45994434 ], [ -67.45282977, -10.4596885 ], [ -67.45269889, -10.45939584 ], [ -67.45255304, -10.45923951 ], [ -67.45243985, -10.45906435 ], [ -67.45204856, -10.45873503 ], [ -67.45159656, -10.45833775 ], [ -67.45109224, -10.45803514 ], [ -67.45048752, -10.45776652 ], [ -67.44995176, -10.45756838 ], [ -67.44943091, -10.45737771 ], [ -67.44897787, -10.45727086 ], [ -67.44876827, -10.45715392 ], [ -67.44824814, -10.45667116 ], [ -67.44802099, -10.45646286 ], [ -67.44776212, -10.45609267 ], [ -67.44765696, -10.45582072 ], [ -67.44743423, -10.45534752 ], [ -67.44704498, -10.45484287 ], [ -67.44681692, -10.45457512 ], [ -67.4464417, -10.45430238 ], [ -67.44620066, -10.45415123 ], [ -67.44578851, -10.45399232 ], [ -67.44538474, -10.45386715 ], [ -67.44520535, -10.4537846 ], [ -67.4450337, -10.45357579 ], [ -67.44503101, -10.45357262 ], [ -67.44481486, -10.45332552 ], [ -67.444644, -10.45303293 ], [ -67.44448806, -10.45275416 ], [ -67.44431221, -10.45250488 ], [ -67.44399637, -10.45226269 ], [ -67.44371547, -10.45209186 ], [ -67.44340009, -10.45187452 ], [ -67.44319635, -10.45165291 ], [ -67.44283063, -10.45140729 ], [ -67.44253955, -10.45125422 ], [ -67.44217395, -10.45111068 ], [ -67.44162496, -10.45089702 ], [ -67.44127436, -10.45075369 ], [ -67.44092223, -10.45056484 ], [ -67.44051842, -10.45023178 ], [ -67.44023219, -10.4500513 ], [ -67.43996343, -10.44994527 ], [ -67.43965986, -10.44986086 ], [ -67.4393922, -10.44978599 ], [ -67.43891475, -10.44951156 ], [ -67.43856003, -10.44934355 ], [ -67.43851351, -10.44927639 ], [ -67.4384714, -10.44921003 ], [ -67.43845363, -10.44913885 ], [ -67.4384251, -10.44880001 ], [ -67.43830798, -10.44833905 ], [ -67.43822609, -10.44808588 ], [ -67.43790569, -10.44795797 ], [ -67.43772438, -10.44790857 ], [ -67.43743504, -10.44783264 ], [ -67.43718068, -10.44792374 ], [ -67.43695612, -10.44796985 ], [ -67.43646825, -10.44797021 ], [ -67.43625734, -10.44793375 ], [ -67.43592457, -10.44777612 ], [ -67.43568607, -10.44743166 ], [ -67.43552305, -10.44706583 ], [ -67.43511827, -10.44622388 ], [ -67.43487552, -10.4457173 ], [ -67.43476488, -10.44538967 ], [ -67.43473721, -10.44530168 ], [ -67.43476315, -10.44524254 ], [ -67.43483308, -10.4451898 ], [ -67.4353588, -10.44514423 ], [ -67.43558631, -10.44513975 ], [ -67.43582354, -10.44514578 ], [ -67.43605253, -10.4450055 ], [ -67.43617687, -10.44479583 ], [ -67.43633854, -10.4445037 ], [ -67.43640505, -10.44409942 ], [ -67.43642758, -10.44372121 ], [ -67.43641784, -10.44345825 ], [ -67.43629965, -10.44311209 ], [ -67.43619184, -10.44291762 ], [ -67.43601974, -10.44266992 ], [ -67.43582467, -10.44250367 ], [ -67.4355487, -10.44231831 ], [ -67.43522293, -10.44231924 ], [ -67.43480679, -10.44231148 ], [ -67.43453961, -10.44229386 ], [ -67.43438251, -10.44225018 ], [ -67.4342975, -10.44211282 ], [ -67.43425608, -10.44194519 ], [ -67.43423665, -10.4417516 ], [ -67.4342446, -10.44135991 ], [ -67.43430431, -10.44077481 ], [ -67.43429759, -10.44051503 ], [ -67.43424532, -10.44027412 ], [ -67.43411238, -10.43983809 ], [ -67.43393903, -10.43937329 ], [ -67.43364297, -10.43894731 ], [ -67.43326013, -10.43861636 ], [ -67.43274194, -10.43797144 ], [ -67.43254601, -10.43766729 ], [ -67.43244716, -10.43753236 ], [ -67.43240943, -10.43742096 ], [ -67.43241263, -10.43736611 ], [ -67.43250437, -10.43722153 ], [ -67.43254833, -10.43708871 ], [ -67.43271113, -10.43683318 ], [ -67.43291478, -10.43654371 ], [ -67.43306182, -10.43626618 ], [ -67.43316473, -10.43603151 ], [ -67.43317842, -10.43566682 ], [ -67.4331376, -10.43539706 ], [ -67.43301031, -10.43512981 ], [ -67.43291699, -10.43487143 ], [ -67.43284425, -10.43472837 ], [ -67.43279671, -10.43434194 ], [ -67.43287496, -10.43436677 ], [ -67.43300841, -10.43438304 ], [ -67.43308674, -10.43442806 ], [ -67.43328193, -10.4344129 ], [ -67.43352144, -10.43426624 ], [ -67.43358983, -10.433904 ], [ -67.43356686, -10.43365475 ], [ -67.43337425, -10.43340827 ], [ -67.43318909, -10.43322733 ], [ -67.43313697, -10.43319546 ], [ -67.43286982, -10.43310549 ], [ -67.43255351, -10.43290854 ], [ -67.43226092, -10.43282902 ], [ -67.43196467, -10.43274431 ], [ -67.43135373, -10.43274733 ], [ -67.43094558, -10.43276779 ], [ -67.43079628, -10.43274055 ], [ -67.43064622, -10.43267887 ], [ -67.43060112, -10.43263847 ], [ -67.43049578, -10.43242715 ], [ -67.43033949, -10.43207408 ], [ -67.43014639, -10.43163944 ], [ -67.42998349, -10.43128784 ], [ -67.42990829, -10.43106964 ], [ -67.42970622, -10.43064384 ], [ -67.42959772, -10.43044808 ], [ -67.42935941, -10.43018795 ], [ -67.42918572, -10.43006376 ], [ -67.42908323, -10.43004172 ], [ -67.42893839, -10.4299704 ], [ -67.42863159, -10.42985326 ], [ -67.42835197, -10.42982281 ], [ -67.42823333, -10.42977988 ], [ -67.42807439, -10.42973443 ], [ -67.42798109, -10.42964932 ], [ -67.42774222, -10.42943421 ], [ -67.42752535, -10.42925549 ], [ -67.42734258, -10.4291709 ], [ -67.42721292, -10.42907417 ], [ -67.42699039, -10.42902602 ], [ -67.42665214, -10.42896103 ], [ -67.42635095, -10.42902493 ], [ -67.4260447, -10.4291728 ], [ -67.4254739, -10.42943339 ], [ -67.42517835, -10.42961419 ], [ -67.42483291, -10.42978776 ], [ -67.42431385, -10.43001603 ], [ -67.42370334, -10.43019534 ], [ -67.42317682, -10.43025907 ], [ -67.42281012, -10.43030084 ], [ -67.42209452, -10.4304011 ], [ -67.42189068, -10.43041547 ], [ -67.421213, -10.43063274 ], [ -67.42083825, -10.43066981 ], [ -67.4204205, -10.43070622 ], [ -67.42013816, -10.43077217 ], [ -67.4195649, -10.43074675 ], [ -67.41896393, -10.43075826 ], [ -67.41825268, -10.43073161 ], [ -67.41776185, -10.43073767 ], [ -67.41746947, -10.43068149 ], [ -67.41720825, -10.43061903 ], [ -67.41693372, -10.43038255 ], [ -67.41678702, -10.43015846 ], [ -67.41669397, -10.42999269 ], [ -67.41662826, -10.42972582 ], [ -67.41659343, -10.42925018 ], [ -67.41653449, -10.4287844 ], [ -67.41643271, -10.42841427 ], [ -67.41632734, -10.4281385 ], [ -67.41627447, -10.42796867 ], [ -67.41609898, -10.42769461 ], [ -67.41577391, -10.42733194 ], [ -67.41555032, -10.42727809 ], [ -67.41531605, -10.42715609 ], [ -67.41506606, -10.42703767 ], [ -67.41470337, -10.42695096 ], [ -67.41409943, -10.42694201 ], [ -67.41385029, -10.42694078 ], [ -67.41355013, -10.42688893 ], [ -67.41335457, -10.42680416 ], [ -67.41321643, -10.42672944 ], [ -67.4132148, -10.42672703 ], [ -67.41320863, -10.42668102 ], [ -67.41317101, -10.42655219 ], [ -67.41317531, -10.42645404 ], [ -67.41321171, -10.42628358 ], [ -67.41333468, -10.4258589 ], [ -67.41334516, -10.42556912 ], [ -67.41338035, -10.42516335 ], [ -67.41330089, -10.42494947 ], [ -67.41320615, -10.42473922 ], [ -67.4130585, -10.42448396 ], [ -67.4127994, -10.4240811 ], [ -67.41257514, -10.42371415 ], [ -67.41241684, -10.4234173 ], [ -67.41232509, -10.4232545 ], [ -67.41228619, -10.42312746 ], [ -67.41223875, -10.42298714 ], [ -67.41224897, -10.42276014 ], [ -67.41228634, -10.42272746 ], [ -67.41257795, -10.42268752 ], [ -67.41273896, -10.42240966 ], [ -67.41259674, -10.42207857 ], [ -67.41247022, -10.42177516 ], [ -67.41221749, -10.4216183 ], [ -67.41201409, -10.42156686 ], [ -67.41176835, -10.42137845 ], [ -67.41171755, -10.42129701 ], [ -67.41170502, -10.42115928 ], [ -67.41168436, -10.42109896 ], [ -67.41155409, -10.42089508 ], [ -67.41134267, -10.42058171 ], [ -67.41117868, -10.42042581 ], [ -67.41098643, -10.42016204 ], [ -67.4109697, -10.42005939 ], [ -67.41097061, -10.4198791 ], [ -67.41095688, -10.41971176 ], [ -67.41100438, -10.41948615 ], [ -67.4110837, -10.41925421 ], [ -67.41117693, -10.41911839 ], [ -67.41128654, -10.41896398 ], [ -67.41150742, -10.41874129 ], [ -67.41164998, -10.41858748 ], [ -67.41186293, -10.41837862 ], [ -67.4120227, -10.41821826 ], [ -67.41211007, -10.41811247 ], [ -67.41227963, -10.41788257 ], [ -67.41258122, -10.41743222 ], [ -67.41272507, -10.4172348 ], [ -67.41322851, -10.41646524 ], [ -67.41334703, -10.41622203 ], [ -67.41348752, -10.41586933 ], [ -67.41365133, -10.41541914 ], [ -67.41370761, -10.4150814 ], [ -67.4137418, -10.41481139 ], [ -67.41371682, -10.41443361 ], [ -67.41370111, -10.4138267 ], [ -67.41370701, -10.41372119 ], [ -67.41375943, -10.41347901 ], [ -67.41379246, -10.41325021 ], [ -67.41386301, -10.41301389 ], [ -67.41394198, -10.41279997 ], [ -67.41396919, -10.41251082 ], [ -67.41401197, -10.41219288 ], [ -67.41403058, -10.4117707 ], [ -67.4140413, -10.41127441 ], [ -67.41403527, -10.41085463 ], [ -67.41404584, -10.41037162 ], [ -67.41404724, -10.41009366 ], [ -67.41413931, -10.40966051 ], [ -67.41422616, -10.40946948 ], [ -67.41428079, -10.40939584 ], [ -67.41434351, -10.40932114 ], [ -67.41455613, -10.40935299 ], [ -67.41465056, -10.40945031 ], [ -67.41474519, -10.40959304 ], [ -67.4148299, -10.40976304 ], [ -67.41493892, -10.40988772 ], [ -67.41499383, -10.41003113 ], [ -67.41545558, -10.41003342 ], [ -67.41560438, -10.40998782 ], [ -67.41585056, -10.40998897 ], [ -67.4160374, -10.40969603 ], [ -67.41601949, -10.40933408 ], [ -67.41589677, -10.40899894 ], [ -67.41576267, -10.40874579 ], [ -67.41567891, -10.40842235 ], [ -67.41554942, -10.40789807 ], [ -67.41545768, -10.40765479 ], [ -67.41535486, -10.40739782 ], [ -67.41529663, -10.40725971 ], [ -67.41492207, -10.40684272 ], [ -67.4145085, -10.4061985 ], [ -67.41439798, -10.40604439 ], [ -67.41429671, -10.40583193 ], [ -67.41426057, -10.40570563 ], [ -67.41417722, -10.4055218 ], [ -67.41414354, -10.40534977 ], [ -67.41412587, -10.4050112 ], [ -67.41413867, -10.40480234 ], [ -67.41416452, -10.40457511 ], [ -67.41416563, -10.40435383 ], [ -67.4143043, -10.40411793 ], [ -67.41445526, -10.40384451 ], [ -67.41461924, -10.40360383 ], [ -67.41490708, -10.40321181 ], [ -67.41512104, -10.40297953 ], [ -67.41550124, -10.40265423 ], [ -67.41561235, -10.40255251 ], [ -67.41572411, -10.40249459 ], [ -67.4159917, -10.40241223 ], [ -67.41626648, -10.40236071 ], [ -67.41669617, -10.4023606 ], [ -67.41704523, -10.40244536 ], [ -67.41763844, -10.40257626 ], [ -67.41824088, -10.4026833 ], [ -67.41864917, -10.40272685 ], [ -67.41934862, -10.40275192 ], [ -67.41960183, -10.40277856 ], [ -67.41989519, -10.40274424 ], [ -67.42015975, -10.40266498 ], [ -67.42040679, -10.40264269 ], [ -67.42056547, -10.40251099 ], [ -67.42064231, -10.40229077 ], [ -67.42056736, -10.40184026 ], [ -67.42058277, -10.40170406 ], [ -67.42073203, -10.40156892 ], [ -67.42103441, -10.40135716 ], [ -67.42139042, -10.40113448 ], [ -67.42162968, -10.40092252 ], [ -67.42167452, -10.40083597 ], [ -67.42170661, -10.4005405 ], [ -67.42169944, -10.40030932 ], [ -67.42163292, -10.40007043 ], [ -67.42159883, -10.39967822 ], [ -67.4216276, -10.39955742 ], [ -67.42175664, -10.39946391 ], [ -67.42200379, -10.39929287 ], [ -67.42248298, -10.39901417 ], [ -67.42278127, -10.39878014 ], [ -67.42287833, -10.3985183 ], [ -67.42294897, -10.39827352 ], [ -67.42294411, -10.39797668 ], [ -67.42289994, -10.3975788 ], [ -67.42288546, -10.39733894 ], [ -67.42295672, -10.39707364 ], [ -67.42300972, -10.39669994 ], [ -67.42304293, -10.39656106 ], [ -67.42322263, -10.39632601 ], [ -67.42338303, -10.39602695 ], [ -67.42350362, -10.39583002 ], [ -67.42357002, -10.39557235 ], [ -67.42349262, -10.395259 ], [ -67.42339891, -10.39508044 ], [ -67.42326556, -10.39497053 ], [ -67.4231137, -10.39476236 ], [ -67.42287921, -10.39449157 ], [ -67.42269123, -10.39442597 ], [ -67.42255814, -10.39434037 ], [ -67.42243542, -10.39426942 ], [ -67.42229755, -10.39423353 ], [ -67.4222272, -10.39420681 ], [ -67.42217788, -10.39413927 ], [ -67.42208413, -10.39400519 ], [ -67.42201816, -10.39384608 ], [ -67.42195395, -10.39365926 ], [ -67.42194909, -10.39343227 ], [ -67.42189035, -10.39315061 ], [ -67.42163625, -10.39297558 ], [ -67.4214865, -10.39296915 ], [ -67.42138846, -10.39295787 ], [ -67.42126994, -10.39295246 ], [ -67.4211746, -10.39292073 ], [ -67.42113662, -10.39290685 ], [ -67.42110045, -10.39286288 ], [ -67.42099899, -10.39272065 ], [ -67.42085397, -10.39242966 ], [ -67.42074142, -10.39209056 ], [ -67.42064302, -10.39178596 ], [ -67.42061956, -10.39161936 ], [ -67.4205636, -10.39138751 ], [ -67.42037866, -10.39135153 ], [ -67.42031668, -10.39128847 ], [ -67.42016721, -10.39121766 ], [ -67.42008011, -10.3911277 ], [ -67.42002132, -10.39107774 ], [ -67.41995197, -10.39094201 ], [ -67.41986253, -10.39068568 ], [ -67.41980954, -10.39034773 ], [ -67.41973273, -10.39014549 ], [ -67.41957081, -10.38996711 ], [ -67.41938087, -10.38978763 ], [ -67.41920105, -10.38969259 ], [ -67.41918469, -10.38962305 ], [ -67.41917858, -10.38945788 ], [ -67.41916487, -10.38925353 ], [ -67.41915927, -10.38894052 ], [ -67.41919247, -10.3885389 ], [ -67.41907929, -10.38818786 ], [ -67.41899715, -10.38803434 ], [ -67.41886991, -10.38784636 ], [ -67.41867612, -10.38780805 ], [ -67.4184742, -10.38783703 ], [ -67.41825756, -10.3879786 ], [ -67.41816926, -10.38818943 ], [ -67.41808608, -10.38856967 ], [ -67.41797045, -10.38883335 ], [ -67.41775608, -10.38899853 ], [ -67.41770024, -10.3890206 ], [ -67.41759844, -10.38898512 ], [ -67.41741845, -10.38883866 ], [ -67.41728499, -10.3886883 ], [ -67.41713315, -10.38843176 ], [ -67.41695455, -10.38808503 ], [ -67.41667077, -10.38778267 ], [ -67.4163234, -10.3874211 ], [ -67.41601292, -10.3871869 ], [ -67.41552227, -10.38684853 ], [ -67.41513621, -10.3865678 ], [ -67.41464569, -10.38636385 ], [ -67.41406902, -10.38620822 ], [ -67.41382478, -10.38612819 ], [ -67.4135736, -10.38599125 ], [ -67.41347454, -10.38592433 ], [ -67.41337082, -10.38579792 ], [ -67.41326208, -10.38565277 ], [ -67.41322948, -10.38553197 ], [ -67.41320756, -10.38537425 ], [ -67.4133388, -10.38495272 ], [ -67.41345022, -10.38472876 ], [ -67.41345667, -10.38468564 ], [ -67.40878448, -10.37918709 ], [ -67.40881213, -10.37898773 ], [ -67.40869339, -10.37874226 ], [ -67.40840686, -10.37863595 ], [ -67.4082627, -10.37860307 ], [ -67.40817834, -10.3785652 ], [ -67.40812992, -10.37848885 ], [ -67.40811448, -10.37840473 ], [ -67.4080854, -10.37819304 ], [ -67.40801769, -10.37801853 ], [ -67.40787842, -10.37790572 ], [ -67.40752489, -10.37773489 ], [ -67.40740025, -10.37763391 ], [ -67.40730858, -10.3775202 ], [ -67.40729901, -10.37749751 ], [ -67.40731717, -10.37746393 ], [ -67.40740296, -10.37731849 ], [ -67.40752018, -10.37710181 ], [ -67.40757395, -10.37686839 ], [ -67.40753521, -10.37665403 ], [ -67.40737918, -10.37646443 ], [ -67.40713935, -10.37643629 ], [ -67.40690244, -10.37643512 ], [ -67.40668628, -10.37648641 ], [ -67.40649097, -10.37655974 ], [ -67.40627852, -10.3766227 ], [ -67.40571966, -10.37676203 ], [ -67.40539666, -10.37684843 ], [ -67.40495125, -10.37684009 ], [ -67.40480029, -10.37679937 ], [ -67.40427354, -10.3766954 ], [ -67.40374991, -10.37663319 ], [ -67.4033987, -10.37656097 ], [ -67.40315253, -10.37654729 ], [ -67.40295584, -10.3764569 ], [ -67.40276627, -10.37631688 ], [ -67.40269741, -10.37618646 ], [ -67.40274652, -10.3759268 ], [ -67.40281705, -10.37561189 ], [ -67.40276934, -10.37532806 ], [ -67.40267715, -10.37507723 ], [ -67.40250914, -10.37491847 ], [ -67.40224017, -10.37480411 ], [ -67.40199032, -10.37486123 ], [ -67.40183421, -10.37500581 ], [ -67.40161114, -10.37516714 ], [ -67.40142094, -10.37531614 ], [ -67.40123815, -10.37547723 ], [ -67.40107145, -10.3754718 ], [ -67.40077827, -10.3753767 ], [ -67.40052176, -10.3752953 ], [ -67.40021346, -10.37520437 ], [ -67.40002415, -10.37517758 ], [ -67.39980213, -10.37517647 ], [ -67.3996721, -10.37517583 ], [ -67.39945718, -10.37520452 ], [ -67.39922441, -10.37528581 ], [ -67.399005, -10.3754185 ], [ -67.39879704, -10.37569187 ], [ -67.39871912, -10.37593066 ], [ -67.39870994, -10.37626071 ], [ -67.39869432, -10.37662733 ], [ -67.39863776, -10.3769138 ], [ -67.39860821, -10.377088 ], [ -67.39856925, -10.37732101 ], [ -67.39859483, -10.37784989 ], [ -67.39856151, -10.37802263 ], [ -67.39853411, -10.37816237 ], [ -67.39846047, -10.37822629 ], [ -67.39825114, -10.37837484 ], [ -67.39803633, -10.37853545 ], [ -67.39790017, -10.37884169 ], [ -67.39784709, -10.37916785 ], [ -67.39776977, -10.37947461 ], [ -67.39757832, -10.37968988 ], [ -67.39743122, -10.38001793 ], [ -67.39741512, -10.3802222 ], [ -67.39736494, -10.38042311 ], [ -67.39729944, -10.38053028 ], [ -67.39704409, -10.38069079 ], [ -67.39683935, -10.38084649 ], [ -67.39667871, -10.38097174 ], [ -67.39656236, -10.38120964 ], [ -67.39630902, -10.38185004 ], [ -67.39597479, -10.38270371 ], [ -67.39582123, -10.38339468 ], [ -67.39567849, -10.38387302 ], [ -67.39543414, -10.38467497 ], [ -67.39533182, -10.38497619 ], [ -67.39513708, -10.38529137 ], [ -67.39500473, -10.38540167 ], [ -67.39489216, -10.38552432 ], [ -67.39473343, -10.38561341 ], [ -67.39449413, -10.38565237 ], [ -67.39428715, -10.38564562 ], [ -67.39400176, -10.38554868 ], [ -67.39382893, -10.38530639 ], [ -67.39371428, -10.38508314 ], [ -67.3936296, -10.3847407 ], [ -67.39355508, -10.38416387 ], [ -67.39345773, -10.38364897 ], [ -67.39345459, -10.38363595 ], [ -67.39328729, -10.3830679 ], [ -67.3931783, -10.38270443 ], [ -67.39307612, -10.38205595 ], [ -67.39300372, -10.3817228 ], [ -67.392815, -10.38124621 ], [ -67.39259403, -10.38101501 ], [ -67.39239067, -10.38084499 ], [ -67.39210323, -10.38071264 ], [ -67.39178386, -10.38069237 ], [ -67.39152784, -10.38071425 ], [ -67.39128552, -10.38083363 ], [ -67.39105679, -10.38097468 ], [ -67.39076753, -10.38122915 ], [ -67.39003513, -10.38177346 ], [ -67.38960434, -10.38205818 ], [ -67.38908572, -10.38224112 ], [ -67.38842572, -10.3823428 ], [ -67.38812479, -10.38241648 ], [ -67.38743165, -10.38247914 ], [ -67.38697863, -10.38257766 ], [ -67.38652718, -10.3826591 ], [ -67.38603473, -10.3828008 ], [ -67.3857502, -10.38293214 ], [ -67.38534491, -10.38305112 ], [ -67.38473693, -10.38306084 ], [ -67.38440729, -10.38304633 ], [ -67.38417424, -10.38301448 ], [ -67.38377501, -10.383034 ], [ -67.38346457, -10.38313163 ], [ -67.38329024, -10.38326753 ], [ -67.38318698, -10.38343648 ], [ -67.38286949, -10.38388053 ], [ -67.3827884, -10.38404279 ], [ -67.38265721, -10.38417584 ], [ -67.3825369, -10.38428217 ], [ -67.38246056, -10.38429028 ], [ -67.38237117, -10.3842619 ], [ -67.38223184, -10.38419203 ], [ -67.38198841, -10.3841908 ], [ -67.38177249, -10.38432974 ], [ -67.38153379, -10.3846198 ], [ -67.38140388, -10.38475649 ], [ -67.3812331, -10.38481337 ], [ -67.38115405, -10.38483629 ], [ -67.38107279, -10.38479396 ], [ -67.38095194, -10.38469989 ], [ -67.38080072, -10.38462402 ], [ -67.380574, -10.38458751 ], [ -67.380356, -10.38466782 ], [ -67.38021589, -10.38487845 ], [ -67.38000537, -10.38521746 ], [ -67.37991441, -10.38538558 ], [ -67.37983235, -10.38558104 ], [ -67.37967443, -10.38578905 ], [ -67.37954168, -10.3858631 ], [ -67.37944884, -10.38583891 ], [ -67.37919049, -10.38573204 ], [ -67.3789588, -10.3855966 ], [ -67.37873148, -10.38546138 ], [ -67.3784474, -10.3851273 ], [ -67.37818118, -10.38474626 ], [ -67.37788382, -10.38448741 ], [ -67.37760074, -10.38436843 ], [ -67.37723543, -10.38430958 ], [ -67.37694088, -10.38430154 ], [ -67.37660856, -10.38423274 ], [ -67.37632153, -10.38409364 ], [ -67.37610335, -10.38394719 ], [ -67.3758498, -10.38382001 ], [ -67.37549596, -10.38368001 ], [ -67.37501656, -10.38356183 ], [ -67.37463741, -10.38356729 ], [ -67.37421013, -10.38370763 ], [ -67.37369455, -10.38396588 ], [ -67.37348893, -10.38407729 ], [ -67.37327535, -10.38418207 ], [ -67.37305472, -10.38424392 ], [ -67.37285158, -10.3842307 ], [ -67.37274242, -10.38412752 ], [ -67.37269957, -10.38391662 ], [ -67.37274259, -10.38344838 ], [ -67.37279027, -10.38308099 ], [ -67.3726764, -10.38270539 ], [ -67.3723522, -10.38250599 ], [ -67.37178911, -10.38212652 ], [ -67.37109355, -10.38166463 ], [ -67.37063188, -10.38130752 ], [ -67.37038142, -10.38111123 ], [ -67.3702631, -10.38093216 ], [ -67.37021413, -10.38078063 ], [ -67.37011614, -10.38040624 ], [ -67.36999419, -10.38007462 ], [ -67.36992472, -10.37975872 ], [ -67.36987364, -10.37939299 ], [ -67.36966642, -10.37906849 ], [ -67.36942931, -10.37889131 ], [ -67.36903559, -10.37882103 ], [ -67.3686696, -10.37890467 ], [ -67.36823526, -10.37912351 ], [ -67.36775422, -10.37947206 ], [ -67.36775205, -10.37947367 ], [ -67.36752817, -10.37964271 ], [ -67.3672491, -10.37976874 ], [ -67.36709086, -10.37984485 ], [ -67.36694542, -10.37993903 ], [ -67.36679273, -10.3801016 ], [ -67.36671499, -10.38028796 ], [ -67.36664845, -10.38065636 ], [ -67.36660666, -10.38091395 ], [ -67.36657623, -10.38093381 ], [ -67.3663561, -10.38096782 ], [ -67.36580351, -10.38101726 ], [ -67.36542093, -10.38108502 ], [ -67.36508266, -10.38120477 ], [ -67.36472478, -10.381364 ], [ -67.36415923, -10.38167822 ], [ -67.36373956, -10.38198896 ], [ -67.36343821, -10.38229587 ], [ -67.36327925, -10.38259568 ], [ -67.36313849, -10.38285579 ], [ -67.36313723, -10.38309787 ], [ -67.36320739, -10.38342829 ], [ -67.36330884, -10.38381015 ], [ -67.36340848, -10.38472713 ], [ -67.36348475, -10.38521224 ], [ -67.36346533, -10.38563143 ], [ -67.36332914, -10.38603832 ], [ -67.36327471, -10.3864124 ], [ -67.3632718, -10.38697157 ], [ -67.36324702, -10.38704962 ], [ -67.36289591, -10.387314 ], [ -67.36252354, -10.38788701 ], [ -67.36240093, -10.38804982 ], [ -67.36216955, -10.38817493 ], [ -67.36200229, -10.38816624 ], [ -67.36185242, -10.38805554 ], [ -67.3616404, -10.38779246 ], [ -67.36137258, -10.38771015 ], [ -67.36102451, -10.38779336 ], [ -67.36084591, -10.38797643 ], [ -67.36070047, -10.38802458 ], [ -67.36054547, -10.38814413 ], [ -67.36026958, -10.38869508 ], [ -67.35981716, -10.3892412 ], [ -67.35953887, -10.38960057 ], [ -67.35938252, -10.38992993 ], [ -67.35931219, -10.39022786 ], [ -67.35923737, -10.39040606 ], [ -67.35916977, -10.39067504 ], [ -67.35910359, -10.39118 ], [ -67.35906839, -10.39190558 ], [ -67.35907813, -10.39222938 ], [ -67.35903878, -10.39231414 ], [ -67.3589894, -10.39239299 ], [ -67.35887318, -10.39247364 ], [ -67.35864072, -10.39258091 ], [ -67.35835552, -10.39262666 ], [ -67.35816449, -10.39267668 ], [ -67.35794112, -10.39277659 ], [ -67.35770218, -10.3929239 ], [ -67.35742588, -10.3931492 ], [ -67.35729888, -10.39329083 ], [ -67.35722308, -10.39332933 ], [ -67.35710589, -10.39333656 ], [ -67.35701253, -10.39330428 ], [ -67.35682665, -10.39318118 ], [ -67.35662775, -10.39311565 ], [ -67.35639633, -10.39311447 ], [ -67.35616273, -10.39324474 ], [ -67.35605121, -10.39337746 ], [ -67.35594047, -10.39357482 ], [ -67.35593932, -10.39379434 ], [ -67.35598736, -10.39409286 ], [ -67.35620225, -10.39443723 ], [ -67.35645287, -10.39466199 ], [ -67.35666322, -10.3948829 ], [ -67.35679392, -10.39507373 ], [ -67.35686669, -10.39521159 ], [ -67.35689698, -10.39536972 ], [ -67.35681438, -10.39554906 ], [ -67.35657203, -10.39587811 ], [ -67.35629776, -10.39590468 ], [ -67.35590813, -10.3959131 ], [ -67.35551646, -10.39568797 ], [ -67.35509694, -10.39537628 ], [ -67.35472921, -10.3950401 ], [ -67.3543386, -10.39463967 ], [ -67.35417115, -10.39440978 ], [ -67.35410296, -10.39407641 ], [ -67.35387152, -10.39383032 ], [ -67.35354527, -10.39378283 ], [ -67.35326869, -10.39386998 ], [ -67.35306478, -10.39405874 ], [ -67.35289219, -10.39422492 ], [ -67.35256851, -10.39484968 ], [ -67.35241103, -10.39517393 ], [ -67.35218136, -10.39547413 ], [ -67.3520478, -10.39557484 ], [ -67.35191865, -10.39561438 ], [ -67.35179953, -10.39559011 ], [ -67.35173068, -10.3955002 ], [ -67.35173683, -10.39528424 ], [ -67.35176388, -10.39488204 ], [ -67.35175927, -10.39455763 ], [ -67.35174929, -10.3941 ], [ -67.35174488, -10.39384519 ], [ -67.35180818, -10.39362275 ], [ -67.35192121, -10.39347334 ], [ -67.35214307, -10.39321522 ], [ -67.35234029, -10.39303837 ], [ -67.35257163, -10.3927875 ], [ -67.35272602, -10.39253445 ], [ -67.35279804, -10.39226729 ], [ -67.35281318, -10.39191317 ], [ -67.35277676, -10.39153584 ], [ -67.35268565, -10.39090237 ], [ -67.35261825, -10.39064478 ], [ -67.35244495, -10.39035279 ], [ -67.35220861, -10.39013617 ], [ -67.3518759, -10.39000174 ], [ -67.35141111, -10.38996309 ], [ -67.3508234, -10.38990113 ], [ -67.35070722, -10.38985866 ], [ -67.35063701, -10.3897886 ], [ -67.35060074, -10.38970063 ], [ -67.35059201, -10.38956827 ], [ -67.35066149, -10.3892599 ], [ -67.35064912, -10.38901729 ], [ -67.35062886, -10.3888388 ], [ -67.35054743, -10.38863492 ], [ -67.35039712, -10.38844841 ], [ -67.35036107, -10.38837244 ], [ -67.35035716, -10.38822856 ], [ -67.35039791, -10.38807009 ], [ -67.35051066, -10.38788764 ], [ -67.35077004, -10.38749989 ], [ -67.35108216, -10.3871891 ], [ -67.35205517, -10.38649811 ], [ -67.35238752, -10.38619318 ], [ -67.35247664, -10.38616468 ], [ -67.35286284, -10.38618824 ], [ -67.35313236, -10.38621436 ], [ -67.35338367, -10.38643054 ], [ -67.35363955, -10.38702344 ], [ -67.35386366, -10.38734747 ], [ -67.35399188, -10.38751832 ], [ -67.35409053, -10.38773139 ], [ -67.35418045, -10.3880997 ], [ -67.35417913, -10.38835146 ], [ -67.35431064, -10.38862572 ], [ -67.35450985, -10.38868377 ], [ -67.35471066, -10.38865352 ], [ -67.35488504, -10.38856495 ], [ -67.35499414, -10.38840965 ], [ -67.35511876, -10.38810972 ], [ -67.35520545, -10.3875672 ], [ -67.35522772, -10.38722552 ], [ -67.35510807, -10.38685845 ], [ -67.35498796, -10.38658256 ], [ -67.35477479, -10.38615255 ], [ -67.35468245, -10.38591517 ], [ -67.35468353, -10.38570754 ], [ -67.35467351, -10.38518574 ], [ -67.35460836, -10.38489431 ], [ -67.35436897, -10.38463032 ], [ -67.354072, -10.38444095 ], [ -67.35379224, -10.38424691 ], [ -67.35364395, -10.38416053 ], [ -67.35332891, -10.38382966 ], [ -67.35313764, -10.38359155 ], [ -67.35291149, -10.38341911 ], [ -67.35262312, -10.38334334 ], [ -67.35228974, -10.38332986 ], [ -67.35208513, -10.38329289 ], [ -67.35187397, -10.38312907 ], [ -67.35169904, -10.38297921 ], [ -67.35161419, -10.38281846 ], [ -67.35158923, -10.38272306 ], [ -67.35161512, -10.38257978 ], [ -67.35165517, -10.38241497 ], [ -67.35166429, -10.38221838 ], [ -67.35157638, -10.38203082 ], [ -67.35149454, -10.38186155 ], [ -67.35131136, -10.38172223 ], [ -67.35110423, -10.38164207 ], [ -67.35080659, -10.38163392 ], [ -67.35047943, -10.38169103 ], [ -67.35001812, -10.3817123 ], [ -67.34974107, -10.38180045 ], [ -67.34918721, -10.38216309 ], [ -67.34863885, -10.38234951 ], [ -67.3481597, -10.3824684 ], [ -67.34796881, -10.38243166 ], [ -67.34771088, -10.38226389 ], [ -67.34727605, -10.38177228 ], [ -67.34693277, -10.38120365 ], [ -67.34660244, -10.38082362 ], [ -67.34643271, -10.3805952 ], [ -67.34616577, -10.38040746 ], [ -67.34600124, -10.3803256 ], [ -67.34584195, -10.38033223 ], [ -67.3457838, -10.38034776 ], [ -67.34563761, -10.38042409 ], [ -67.34544406, -10.38053955 ], [ -67.3453542, -10.38058861 ], [ -67.34527647, -10.38057261 ], [ -67.34522259, -10.38051036 ], [ -67.34519978, -10.38033946 ], [ -67.34521213, -10.38009607 ], [ -67.34528906, -10.37984083 ], [ -67.34536924, -10.37958619 ], [ -67.34539193, -10.37922919 ], [ -67.34530523, -10.37891309 ], [ -67.34507914, -10.37877174 ], [ -67.34485863, -10.37867412 ], [ -67.344654, -10.37867307 ], [ -67.34440049, -10.37875068 ], [ -67.34419162, -10.37893711 ], [ -67.344052, -10.37914105 ], [ -67.34383055, -10.37987332 ], [ -67.34374051, -10.38026095 ], [ -67.34367566, -10.38057689 ], [ -67.3436458, -10.38080718 ], [ -67.34355345, -10.38098626 ], [ -67.34346611, -10.38102521 ], [ -67.34329495, -10.38095254 ], [ -67.34309171, -10.38083343 ], [ -67.34304238, -10.38064926 ], [ -67.34300453, -10.38020885 ], [ -67.34310845, -10.37980326 ], [ -67.34313699, -10.37956728 ], [ -67.34311413, -10.3792701 ], [ -67.34292629, -10.37911862 ], [ -67.3427542, -10.37911773 ], [ -67.34261271, -10.379117 ], [ -67.34245806, -10.37917122 ], [ -67.34229369, -10.37923431 ], [ -67.34205164, -10.37939234 ], [ -67.34185087, -10.37964627 ], [ -67.34160878, -10.3799536 ], [ -67.3414582, -10.38013587 ], [ -67.3412199, -10.38031438 ], [ -67.34083544, -10.38050856 ], [ -67.34027849, -10.38076844 ], [ -67.33952848, -10.38112615 ], [ -67.33889133, -10.38149496 ], [ -67.33852855, -10.38165146 ], [ -67.33820026, -10.38171166 ], [ -67.33789633, -10.38172479 ], [ -67.33780896, -10.38166575 ], [ -67.33764307, -10.3815334 ], [ -67.33758994, -10.38140731 ], [ -67.33752825, -10.38124907 ], [ -67.33743825, -10.38104986 ], [ -67.33723101, -10.38090285 ], [ -67.33699402, -10.38087697 ], [ -67.33678721, -10.38095983 ], [ -67.33665337, -10.38112015 ], [ -67.33636017, -10.38158734 ], [ -67.33615181, -10.38183492 ], [ -67.33601488, -10.38191175 ], [ -67.33584495, -10.38195696 ], [ -67.33561896, -10.38199802 ], [ -67.33520945, -10.38197368 ], [ -67.33481174, -10.38194545 ], [ -67.33458703, -10.38193791 ], [ -67.33441553, -10.38197708 ], [ -67.33411832, -10.38207005 ], [ -67.33352786, -10.38226141 ], [ -67.33312014, -10.38239928 ], [ -67.33273819, -10.3824385 ], [ -67.33256086, -10.3824435 ], [ -67.33235134, -10.38247738 ], [ -67.33218153, -10.38258206 ], [ -67.33203669, -10.38273979 ], [ -67.33200134, -10.38292839 ], [ -67.33200835, -10.38311569 ], [ -67.33210537, -10.38332092 ], [ -67.33223389, -10.38349455 ], [ -67.33229819, -10.3836353 ], [ -67.33231522, -10.38380971 ], [ -67.33228667, -10.38385808 ], [ -67.33215211, -10.38391006 ], [ -67.33174474, -10.38397717 ], [ -67.33133892, -10.38412414 ], [ -67.33091946, -10.38440336 ], [ -67.33067019, -10.38454381 ], [ -67.33041511, -10.38468309 ], [ -67.33008529, -10.38475577 ], [ -67.32990496, -10.38476722 ], [ -67.32960934, -10.3847018 ], [ -67.3292824, -10.38459446 ], [ -67.32911414, -10.38445464 ], [ -67.32900367, -10.38429072 ], [ -67.328948, -10.38405614 ], [ -67.32882764, -10.38364527 ], [ -67.32863153, -10.38327676 ], [ -67.32817578, -10.38270214 ], [ -67.32763005, -10.38217141 ], [ -67.32706215, -10.38169864 ], [ -67.32677658, -10.38143166 ], [ -67.32657187, -10.38131286 ], [ -67.32652022, -10.38129537 ], [ -67.32626079, -10.38126206 ], [ -67.32597959, -10.38132629 ], [ -67.32576303, -10.38140866 ], [ -67.32568176, -10.38170641 ], [ -67.3256006, -10.38200375 ], [ -67.32561216, -10.38231265 ], [ -67.32562129, -10.38276992 ], [ -67.32545896, -10.38312289 ], [ -67.32532429, -10.38341371 ], [ -67.32519636, -10.38362767 ], [ -67.3250676, -10.38384941 ], [ -67.3247818, -10.38413178 ], [ -67.32464107, -10.38417235 ], [ -67.32450106, -10.38412288 ], [ -67.32442108, -10.38403007 ], [ -67.32441738, -10.38387285 ], [ -67.32444923, -10.38357836 ], [ -67.32447138, -10.38327134 ], [ -67.32436586, -10.38295658 ], [ -67.32421729, -10.38273091 ], [ -67.32393806, -10.38260916 ], [ -67.32365925, -10.38255306 ], [ -67.32349743, -10.38251684 ], [ -67.32336972, -10.38243912 ], [ -67.3231796, -10.38215607 ], [ -67.32307074, -10.38197418 ], [ -67.3229579, -10.38184616 ], [ -67.32282796, -10.38176162 ], [ -67.32264177, -10.3817025 ], [ -67.32248011, -10.38174607 ], [ -67.3223121, -10.38184219 ], [ -67.32221166, -10.38196611 ], [ -67.32209731, -10.38219896 ], [ -67.32200042, -10.38241962 ], [ -67.32189602, -10.38251998 ], [ -67.32180119, -10.38252319 ], [ -67.32154399, -10.38252851 ], [ -67.32133005, -10.38265125 ], [ -67.32111918, -10.38278875 ], [ -67.32090362, -10.38278763 ], [ -67.32081472, -10.38266147 ], [ -67.3207823, -10.38246297 ], [ -67.32071054, -10.38222729 ], [ -67.32049875, -10.38209015 ], [ -67.32026839, -10.38215688 ], [ -67.32012558, -10.38239657 ], [ -67.32005027, -10.38249904 ], [ -67.32000605, -10.38251256 ], [ -67.31995105, -10.38250925 ], [ -67.31988063, -10.3824776 ], [ -67.31976841, -10.38236229 ], [ -67.31959412, -10.38206951 ], [ -67.31951509, -10.38182759 ], [ -67.31934105, -10.38111823 ], [ -67.31920306, -10.38048796 ], [ -67.31913641, -10.38010795 ], [ -67.31899778, -10.37959935 ], [ -67.31879318, -10.3791872 ], [ -67.31845582, -10.3786419 ], [ -67.31819533, -10.37838914 ], [ -67.31789122, -10.37823164 ], [ -67.31760182, -10.37819048 ], [ -67.31731633, -10.37820269 ], [ -67.31691968, -10.37841382 ], [ -67.31663422, -10.37858345 ], [ -67.31633389, -10.37863691 ], [ -67.31609819, -10.37871246 ], [ -67.3160147, -10.37868884 ], [ -67.31591608, -10.37856255 ], [ -67.31588038, -10.37834052 ], [ -67.31585635, -10.37807876 ], [ -67.31578635, -10.37781788 ], [ -67.31561987, -10.37758559 ], [ -67.31538983, -10.37752851 ], [ -67.31514767, -10.37752017 ], [ -67.31493598, -10.37760688 ], [ -67.31469204, -10.37779277 ], [ -67.31423321, -10.37848442 ], [ -67.3140621, -10.37864039 ], [ -67.31383142, -10.37871612 ], [ -67.31355817, -10.3787979 ], [ -67.31325219, -10.3788403 ], [ -67.3129455, -10.37885763 ], [ -67.31256731, -10.37879222 ], [ -67.31218294, -10.37859687 ], [ -67.31199372, -10.37838471 ], [ -67.31182511, -10.37809734 ], [ -67.3117139, -10.37771189 ], [ -67.311639, -10.37747485 ], [ -67.31168993, -10.37724271 ], [ -67.31179333, -10.37707281 ], [ -67.31185063, -10.37695979 ], [ -67.31204966, -10.37680634 ], [ -67.31226167, -10.37664477 ], [ -67.31256556, -10.37640374 ], [ -67.3127939, -10.37623408 ], [ -67.31291597, -10.37600062 ], [ -67.31287121, -10.37568916 ], [ -67.31276416, -10.37545704 ], [ -67.31250495, -10.37524648 ], [ -67.31223486, -10.37497445 ], [ -67.31198487, -10.37462245 ], [ -67.31188911, -10.37440962 ], [ -67.31190174, -10.37429356 ], [ -67.31201705, -10.3740856 ], [ -67.31216674, -10.37386198 ], [ -67.31253203, -10.37353219 ], [ -67.31298458, -10.37314777 ], [ -67.31324104, -10.37292737 ], [ -67.31326934, -10.37273196 ], [ -67.31326203, -10.37255405 ], [ -67.31315284, -10.37236012 ], [ -67.3129885, -10.37193467 ], [ -67.31298908, -10.37182688 ], [ -67.3130575, -10.37169213 ], [ -67.31335683, -10.37141507 ], [ -67.3137186, -10.37108022 ], [ -67.31391324, -10.37089232 ], [ -67.3140287, -10.37085814 ], [ -67.31419226, -10.37091953 ], [ -67.31438876, -10.37111563 ], [ -67.31483812, -10.37164965 ], [ -67.31516178, -10.37206988 ], [ -67.3152716, -10.37236666 ], [ -67.31554393, -10.37301306 ], [ -67.31580036, -10.37330796 ], [ -67.31601598, -10.37343455 ], [ -67.31616231, -10.37341251 ], [ -67.31632222, -10.37342015 ], [ -67.31656584, -10.37329265 ], [ -67.31678656, -10.37302711 ], [ -67.3169047, -10.37266953 ], [ -67.31698198, -10.37221477 ], [ -67.31712374, -10.37169262 ], [ -67.317252, -10.37135455 ], [ -67.31737696, -10.37119796 ], [ -67.31750209, -10.3711063 ], [ -67.31770698, -10.37100361 ], [ -67.31787917, -10.37092416 ], [ -67.31818262, -10.37078115 ], [ -67.31839258, -10.37063045 ], [ -67.31853292, -10.37042432 ], [ -67.31854903, -10.37017533 ], [ -67.31855016, -10.36996234 ], [ -67.31835629, -10.3697155 ], [ -67.31810076, -10.36945918 ], [ -67.31794109, -10.36928127 ], [ -67.31784178, -10.36910251 ], [ -67.31783225, -10.36880024 ], [ -67.31782782, -10.36853462 ], [ -67.31785445, -10.36839904 ], [ -67.31795328, -10.36815268 ], [ -67.31812831, -10.36783489 ], [ -67.31847154, -10.36730113 ], [ -67.31867352, -10.36693399 ], [ -67.31877505, -10.36662613 ], [ -67.318825, -10.36632277 ], [ -67.3187656, -10.36593917 ], [ -67.3186472, -10.36563805 ], [ -67.31846748, -10.36544131 ], [ -67.31811932, -10.36547287 ], [ -67.31793117, -10.36561215 ], [ -67.31783342, -10.36568969 ], [ -67.31778138, -10.36569228 ], [ -67.31763696, -10.36568071 ], [ -67.31754001, -10.36567113 ], [ -67.317479, -10.36559741 ], [ -67.31729041, -10.3651196 ], [ -67.31722736, -10.36476006 ], [ -67.31720559, -10.36457645 ], [ -67.31725785, -10.36382632 ], [ -67.31734676, -10.36331875 ], [ -67.3175778, -10.36301411 ], [ -67.31772717, -10.36280085 ], [ -67.31784419, -10.36258465 ], [ -67.3180939, -10.36226556 ], [ -67.31870052, -10.36165529 ], [ -67.31905677, -10.36125613 ], [ -67.31924952, -10.36105002 ], [ -67.31934706, -10.36085607 ], [ -67.31940751, -10.36058642 ], [ -67.31947014, -10.36032578 ], [ -67.31942264, -10.35997925 ], [ -67.31928916, -10.35965904 ], [ -67.31904913, -10.35942522 ], [ -67.31867063, -10.35925199 ], [ -67.31809133, -10.35904099 ], [ -67.3176996, -10.35885234 ], [ -67.31747406, -10.35878171 ], [ -67.31724609, -10.3587093 ], [ -67.31711623, -10.35858198 ], [ -67.31701262, -10.35840445 ], [ -67.31700748, -10.35832635 ], [ -67.31704531, -10.35829133 ], [ -67.31726061, -10.35826671 ], [ -67.31745861, -10.35826177 ], [ -67.31775236, -10.35820153 ], [ -67.31791343, -10.35806737 ], [ -67.31805427, -10.35789357 ], [ -67.31809913, -10.35768574 ], [ -67.31809509, -10.35761442 ], [ -67.3180246, -10.35740565 ], [ -67.31784059, -10.35729242 ], [ -67.31763377, -10.35724291 ], [ -67.31747284, -10.35717133 ], [ -67.31741593, -10.35711118 ], [ -67.31739416, -10.35697204 ], [ -67.31739496, -10.35682173 ], [ -67.3174301, -10.35664068 ], [ -67.31754474, -10.35617493 ], [ -67.31763493, -10.35554866 ], [ -67.31772422, -10.35514726 ], [ -67.31775308, -10.35487809 ], [ -67.31765214, -10.35429353 ], [ -67.31745575, -10.35369738 ], [ -67.31737471, -10.35337052 ], [ -67.31734117, -10.35298174 ], [ -67.3173426, -10.35271341 ], [ -67.31735664, -10.35246382 ], [ -67.31731694, -10.35203129 ], [ -67.3171304, -10.35179875 ], [ -67.316834, -10.35170462 ], [ -67.31659552, -10.3516182 ], [ -67.31647364, -10.35152953 ], [ -67.31640417, -10.35141256 ], [ -67.31646116, -10.35113583 ], [ -67.31667217, -10.35094049 ], [ -67.31690269, -10.35077208 ], [ -67.31710366, -10.35061991 ], [ -67.31731798, -10.35053917 ], [ -67.31752881, -10.35038515 ], [ -67.31771421, -10.35019446 ], [ -67.31786192, -10.35003948 ], [ -67.31796109, -10.3499362 ], [ -67.31804365, -10.34969583 ], [ -67.31796963, -10.3494188 ], [ -67.31783817, -10.34922656 ], [ -67.31763546, -10.3490668 ], [ -67.31743224, -10.34896587 ], [ -67.31721846, -10.34878899 ], [ -67.3170431, -10.34859553 ], [ -67.3168453, -10.34843522 ], [ -67.31675844, -10.34831194 ], [ -67.31672602, -10.34823186 ], [ -67.31672643, -10.3481547 ], [ -67.31678237, -10.34800757 ], [ -67.31683233, -10.34792837 ], [ -67.31698219, -10.34780598 ], [ -67.31716073, -10.34765908 ], [ -67.31734142, -10.34750062 ], [ -67.31767267, -10.34728617 ], [ -67.31795749, -10.34712634 ], [ -67.31813442, -10.34696256 ], [ -67.31830097, -10.34675063 ], [ -67.31840981, -10.34659401 ], [ -67.31844814, -10.34634051 ], [ -67.31841518, -10.3461497 ], [ -67.3183627, -10.34593619 ], [ -67.31836944, -10.34588474 ], [ -67.31841665, -10.34583013 ], [ -67.31855809, -10.34569918 ], [ -67.31895843, -10.3453332 ], [ -67.31907148, -10.34519195 ], [ -67.31917562, -10.34499452 ], [ -67.31923667, -10.34482602 ], [ -67.31928472, -10.34459267 ], [ -67.319342, -10.34416493 ], [ -67.31936384, -10.34378483 ], [ -67.31939013, -10.34329529 ], [ -67.31946582, -10.34303926 ], [ -67.31948381, -10.3429713 ], [ -67.31955295, -10.34280799 ], [ -67.3196285, -10.34270631 ], [ -67.32010004, -10.34251828 ], [ -67.32051059, -10.34236663 ], [ -67.32090853, -10.34227895 ], [ -67.32132383, -10.34230168 ], [ -67.32167407, -10.34222415 ], [ -67.3219028, -10.3421409 ], [ -67.3221461, -10.3420085 ], [ -67.32251538, -10.34168108 ], [ -67.3227643, -10.34136609 ], [ -67.32298402, -10.34108271 ], [ -67.32313886, -10.34097039 ], [ -67.32339488, -10.34085226 ], [ -67.32374895, -10.340729 ], [ -67.32427428, -10.3405629 ], [ -67.32481073, -10.34044827 ], [ -67.32538041, -10.34032747 ], [ -67.3257736, -10.34016688 ], [ -67.32666076, -10.33988536 ], [ -67.32719317, -10.33965635 ], [ -67.32743374, -10.33946548 ], [ -67.32756455, -10.33924019 ], [ -67.32767365, -10.3388134 ], [ -67.32766102, -10.33837531 ], [ -67.32767909, -10.33823559 ], [ -67.32782193, -10.33765018 ], [ -67.32792208, -10.33726387 ], [ -67.32806391, -10.33701051 ], [ -67.32811326, -10.33690555 ], [ -67.3272133, -10.3335209 ], [ -67.32602609, -10.32905588 ], [ -67.32593591, -10.32871002 ], [ -67.32581933, -10.32838357 ], [ -67.32566989, -10.32805695 ], [ -67.32548104, -10.32772687 ], [ -67.32521328, -10.3274029 ], [ -67.32498173, -10.32706934 ], [ -67.32475935, -10.32686616 ], [ -67.32457208, -10.32685541 ], [ -67.32424415, -10.32672663 ], [ -67.32393493, -10.32678692 ], [ -67.32381952, -10.32686127 ], [ -67.32353934, -10.32702273 ], [ -67.3233545, -10.32717492 ], [ -67.32300858, -10.3273393 ], [ -67.32263633, -10.32751005 ], [ -67.32240283, -10.32754467 ], [ -67.32221931, -10.32744923 ], [ -67.32192779, -10.3272685 ], [ -67.3218661, -10.32712806 ], [ -67.32182478, -10.32686392 ], [ -67.32187587, -10.32652531 ], [ -67.32188066, -10.32624186 ], [ -67.32182958, -10.32595811 ], [ -67.32177885, -10.32560919 ], [ -67.32180674, -10.3253063 ], [ -67.32194918, -10.32509199 ], [ -67.32206802, -10.32499159 ], [ -67.32235822, -10.32480138 ], [ -67.32253931, -10.3247339 ], [ -67.32298932, -10.32477207 ], [ -67.32330502, -10.32472809 ], [ -67.32351885, -10.32468358 ], [ -67.32356194, -10.32461538 ], [ -67.32354643, -10.32443935 ], [ -67.32351188, -10.3241394 ], [ -67.32347735, -10.32383293 ], [ -67.32336379, -10.32355863 ], [ -67.32309569, -10.32329982 ], [ -67.32287386, -10.32299238 ], [ -67.32258248, -10.32278885 ], [ -67.32239213, -10.32274224 ], [ -67.32196531, -10.32267159 ], [ -67.32148529, -10.32271797 ], [ -67.32104806, -10.32275154 ], [ -67.32076928, -10.32264908 ], [ -67.32063192, -10.32252454 ], [ -67.32022934, -10.32221941 ], [ -67.31988188, -10.32205468 ], [ -67.31948131, -10.32199069 ], [ -67.31907417, -10.32192666 ], [ -67.31872012, -10.32176515 ], [ -67.31834982, -10.32157097 ], [ -67.3179919, -10.32152022 ], [ -67.31761065, -10.32153127 ], [ -67.31727185, -10.32159466 ], [ -67.31690986, -10.32169053 ], [ -67.31662067, -10.32169227 ], [ -67.31644684, -10.32162946 ], [ -67.31621099, -10.32148812 ], [ -67.31612953, -10.32135735 ], [ -67.31616972, -10.32121419 ], [ -67.31631481, -10.32112045 ], [ -67.31662755, -10.32101455 ], [ -67.31682551, -10.3208657 ], [ -67.3173389, -10.320725 ], [ -67.31765173, -10.3206028 ], [ -67.31778336, -10.32056765 ], [ -67.31798796, -10.32040579 ], [ -67.31799546, -10.32022988 ], [ -67.31790761, -10.3200665 ], [ -67.31770462, -10.31992533 ], [ -67.31745215, -10.31981974 ], [ -67.31720269, -10.31976631 ], [ -67.31678578, -10.31968594 ], [ -67.31642128, -10.31963516 ], [ -67.31599759, -10.3195971 ], [ -67.31555416, -10.31955894 ], [ -67.31509431, -10.3195207 ], [ -67.31475592, -10.3195059 ], [ -67.31448901, -10.31964461 ], [ -67.31433122, -10.31965682 ], [ -67.31409021, -10.31986735 ], [ -67.31399115, -10.31995807 ], [ -67.31378046, -10.32002865 ], [ -67.31360947, -10.32005056 ], [ -67.31338969, -10.31997772 ], [ -67.31317368, -10.31981368 ], [ -67.31297023, -10.31976048 ], [ -67.31272012, -10.3198276 ], [ -67.31234878, -10.31982892 ], [ -67.31219046, -10.31993887 ], [ -67.31217335, -10.32006911 ], [ -67.31224064, -10.32039204 ], [ -67.31236427, -10.32062402 ], [ -67.31239591, -10.32085227 ], [ -67.31242743, -10.32110331 ], [ -67.31242279, -10.32135744 ], [ -67.31235908, -10.32159497 ], [ -67.31231157, -10.32187819 ], [ -67.31217871, -10.32214467 ], [ -67.31202606, -10.32242409 ], [ -67.31181452, -10.32265432 ], [ -67.31151801, -10.32279614 ], [ -67.31128802, -10.32278842 ], [ -67.31106839, -10.32268626 ], [ -67.31101648, -10.32256217 ], [ -67.31109683, -10.32228236 ], [ -67.31121661, -10.32200602 ], [ -67.31127367, -10.32178149 ], [ -67.3112097, -10.32145206 ], [ -67.31117841, -10.32115863 ], [ -67.31108449, -10.32090073 ], [ -67.31087152, -10.32078231 ], [ -67.31074666, -10.32078166 ], [ -67.31049023, -10.32080312 ], [ -67.31028901, -10.32094544 ], [ -67.3100937, -10.32121486 ], [ -67.30989499, -10.32150381 ], [ -67.30962075, -10.32178259 ], [ -67.30930701, -10.32207419 ], [ -67.30892788, -10.32230355 ], [ -67.30854248, -10.32247748 ], [ -67.30814391, -10.32265459 ], [ -67.30772566, -10.32282509 ], [ -67.3072942, -10.32300855 ], [ -67.30686606, -10.32318551 ], [ -67.3064812, -10.32325843 ], [ -67.30606995, -10.3233475 ], [ -67.30557677, -10.32339704 ], [ -67.30512284, -10.32347936 ], [ -67.30469517, -10.32356835 ], [ -67.30426747, -10.32366385 ], [ -67.30383987, -10.3237398 ], [ -67.30342279, -10.32369199 ], [ -67.30298919, -10.32366038 ], [ -67.30261757, -10.32371382 ], [ -67.30225605, -10.32372169 ], [ -67.3019249, -10.32358309 ], [ -67.3018213, -10.32329255 ], [ -67.30168818, -10.32299208 ], [ -67.30160122, -10.32266252 ], [ -67.30158663, -10.32232032 ], [ -67.30163454, -10.3219654 ], [ -67.301643, -10.32161354 ], [ -67.30148366, -10.3212999 ], [ -67.30123196, -10.32105093 ], [ -67.30088816, -10.32082104 ], [ -67.30053038, -10.32074421 ], [ -67.30007378, -10.32071248 ], [ -67.29965954, -10.32074939 ], [ -67.29934016, -10.320865 ], [ -67.29928389, -10.32094291 ], [ -67.29900713, -10.3210783 ], [ -67.29890196, -10.321081 ], [ -67.29854704, -10.32108563 ], [ -67.29817303, -10.32097287 ], [ -67.29774995, -10.32082075 ], [ -67.29737264, -10.32071123 ], [ -67.29697493, -10.32072868 ], [ -67.29662955, -10.32079203 ], [ -67.29622443, -10.32096584 ], [ -67.29607535, -10.32118987 ], [ -67.29603499, -10.32136234 ], [ -67.29604422, -10.32147969 ], [ -67.29606318, -10.32161989 ], [ -67.29614818, -10.3217018 ], [ -67.29624991, -10.32172841 ], [ -67.29653542, -10.32179833 ], [ -67.29671921, -10.32184167 ], [ -67.29687014, -10.32188481 ], [ -67.29698482, -10.32194733 ], [ -67.29701065, -10.32203218 ], [ -67.29702004, -10.32212021 ], [ -67.29693327, -10.32236738 ], [ -67.29691587, -10.32254649 ], [ -67.29700077, -10.32264795 ], [ -67.29714093, -10.32286047 ], [ -67.29717987, -10.32295192 ], [ -67.29721822, -10.32315413 ], [ -67.2971945, -10.3232876 ], [ -67.29720603, -10.32358742 ], [ -67.29707629, -10.32388324 ], [ -67.29691366, -10.32418214 ], [ -67.29670511, -10.32446451 ], [ -67.29638545, -10.32463225 ], [ -67.29624741, -10.32463804 ], [ -67.29579038, -10.3246845 ], [ -67.29531741, -10.3246429 ], [ -67.29486075, -10.32462094 ], [ -67.29441742, -10.32456646 ], [ -67.29394761, -10.32454768 ], [ -67.29350443, -10.32446387 ], [ -67.29304483, -10.32437998 ], [ -67.29260146, -10.32433202 ], [ -67.29215807, -10.32428731 ], [ -67.29175514, -10.32405383 ], [ -67.29137219, -10.32377158 ], [ -67.29123584, -10.32346458 ], [ -67.29107315, -10.32316395 ], [ -67.29090391, -10.32286002 ], [ -67.29081025, -10.3225565 ], [ -67.29076596, -10.3222402 ], [ -67.29086626, -10.32192141 ], [ -67.29118024, -10.32158746 ], [ -67.29141514, -10.32129219 ], [ -67.29156456, -10.32100624 ], [ -67.29146396, -10.3207711 ], [ -67.29122843, -10.32057436 ], [ -67.29103466, -10.32055378 ], [ -67.29063094, -10.32046692 ], [ -67.29029946, -10.32039022 ], [ -67.29007061, -10.32017395 ], [ -67.28998244, -10.32006922 ], [ -67.28970764, -10.31984294 ], [ -67.28927838, -10.31961909 ], [ -67.2889009, -10.31954215 ], [ -67.28850022, -10.31950092 ], [ -67.28807293, -10.31952146 ], [ -67.28769202, -10.31947056 ], [ -67.28734125, -10.31931555 ], [ -67.28692497, -10.3191211 ], [ -67.28650544, -10.31892011 ], [ -67.28606961, -10.31869622 ], [ -67.28560666, -10.31862534 ], [ -67.28530091, -10.31865303 ], [ -67.2851129, -10.31878237 ], [ -67.28478004, -10.31896307 ], [ -67.2846445, -10.31911222 ], [ -67.28458778, -10.31927159 ], [ -67.28439566, -10.31955403 ], [ -67.28418488, -10.31964089 ], [ -67.28400767, -10.31959758 ], [ -67.28367637, -10.31948829 ], [ -67.28338391, -10.31948999 ], [ -67.28320549, -10.31966825 ], [ -67.2828989, -10.31984909 ], [ -67.28281976, -10.31990079 ], [ -67.28262893, -10.31994539 ], [ -67.28243828, -10.31995741 ], [ -67.28209983, -10.31995561 ], [ -67.28193849, -10.3200134 ], [ -67.28176696, -10.32013631 ], [ -67.28153904, -10.32035339 ], [ -67.28141387, -10.32040812 ], [ -67.2810719, -10.32044865 ], [ -67.28076299, -10.32045352 ], [ -67.28057871, -10.32050142 ], [ -67.28029591, -10.32053901 ], [ -67.28010795, -10.32065857 ], [ -67.27981845, -10.32071893 ], [ -67.27965033, -10.32081579 ], [ -67.27931781, -10.32093131 ], [ -67.27893632, -10.32098792 ], [ -67.27870221, -10.32113654 ], [ -67.2785533, -10.321328 ], [ -67.27824955, -10.3215903 ], [ -67.27798913, -10.32174204 ], [ -67.27777546, -10.3217572 ], [ -67.27754818, -10.32185698 ], [ -67.27745895, -10.32194774 ], [ -67.27733653, -10.32210349 ], [ -67.27726946, -10.32235076 ], [ -67.27722516, -10.32264051 ], [ -67.27724982, -10.3229404 ], [ -67.2772614, -10.32322719 ], [ -67.27727294, -10.32352375 ], [ -67.27725166, -10.32381037 ], [ -67.27721719, -10.32410668 ], [ -67.27711053, -10.32438307 ], [ -67.27686964, -10.3245675 ], [ -67.27658024, -10.32460831 ], [ -67.27616949, -10.32460611 ], [ -67.27574567, -10.32459081 ], [ -67.27541352, -10.32463791 ], [ -67.27512003, -10.32482858 ], [ -67.27499107, -10.32497451 ], [ -67.27489155, -10.32514666 ], [ -67.27486781, -10.32528012 ], [ -67.27478753, -10.32554036 ], [ -67.27469408, -10.32580378 ], [ -67.27450279, -10.32593308 ], [ -67.27423323, -10.32595119 ], [ -67.27393114, -10.32590721 ], [ -67.27374082, -10.32585732 ], [ -67.27330098, -10.32576698 ], [ -67.2728482, -10.32563748 ], [ -67.27238829, -10.32561221 ], [ -67.27204933, -10.32570162 ], [ -67.27167018, -10.32593093 ], [ -67.27139609, -10.32617709 ], [ -67.27120429, -10.32639762 ], [ -67.27117085, -10.32650496 ], [ -67.2710543, -10.32678455 ], [ -67.27094096, -10.32708044 ], [ -67.27085719, -10.32737649 ], [ -67.27076077, -10.32758125 ], [ -67.27060303, -10.32758365 ], [ -67.27044894, -10.32751767 ], [ -67.27010476, -10.32735942 ], [ -67.26988827, -10.32728657 ], [ -67.26968744, -10.32735718 ], [ -67.26949915, -10.32753537 ], [ -67.26943922, -10.32767841 ], [ -67.26939732, -10.32776037 ], [ -67.26937953, -10.32800843 ], [ -67.26935259, -10.32812884 ], [ -67.2692374, -10.3281608 ], [ -67.26908958, -10.32815023 ], [ -67.2690073, -10.3281726 ], [ -67.26891153, -10.32826006 ], [ -67.26887817, -10.32835111 ], [ -67.26887429, -10.32845861 ], [ -67.26897141, -10.32872631 ], [ -67.26905872, -10.32898418 ], [ -67.26919872, -10.32922278 ], [ -67.26928284, -10.32946434 ], [ -67.26927839, -10.3296761 ], [ -67.26921219, -10.32976372 ], [ -67.26909228, -10.33005632 ], [ -67.2688608, -10.33032225 ], [ -67.26851795, -10.33052242 ], [ -67.26818537, -10.33064771 ], [ -67.26771549, -10.33063867 ], [ -67.26731863, -10.33049969 ], [ -67.26687282, -10.33029853 ], [ -67.26658047, -10.33027741 ], [ -67.26637602, -10.33040664 ], [ -67.2663059, -10.33060827 ], [ -67.2663051, -10.3307549 ], [ -67.26634607, -10.33107442 ], [ -67.26636411, -10.33138079 ], [ -67.26637565, -10.3316741 ], [ -67.26638714, -10.33197718 ], [ -67.26639862, -10.33228025 ], [ -67.26638374, -10.33259623 ], [ -67.26631704, -10.33277507 ], [ -67.26622828, -10.33278111 ], [ -67.26603112, -10.33278005 ], [ -67.26563045, -10.33273553 ], [ -67.26522978, -10.33269102 ], [ -67.26484869, -10.33267267 ], [ -67.26445772, -10.33265753 ], [ -67.2640177, -10.33259976 ], [ -67.26361417, -10.33247702 ], [ -67.26331634, -10.33225711 ], [ -67.26325458, -10.33213296 ], [ -67.2631413, -10.33181629 ], [ -67.26311343, -10.3315066 ], [ -67.26310854, -10.33120029 ], [ -67.26311683, -10.33088754 ], [ -67.26313791, -10.33064002 ], [ -67.26301729, -10.33046342 ], [ -67.2628797, -10.33038447 ], [ -67.26261101, -10.33024292 ], [ -67.262381, -10.33024168 ], [ -67.26210843, -10.33020762 ], [ -67.26191782, -10.33020986 ], [ -67.26160585, -10.33017233 ], [ -67.26140858, -10.33019082 ], [ -67.26102447, -10.33012358 ], [ -67.26059763, -10.33005937 ], [ -67.26020045, -10.32997903 ], [ -67.25979031, -10.32986602 ], [ -67.25938018, -10.32974977 ], [ -67.2589569, -10.32963669 ], [ -67.2585237, -10.32953335 ], [ -67.25826877, -10.32928108 ], [ -67.25788582, -10.32900532 ], [ -67.25755878, -10.32872008 ], [ -67.25732066, -10.32839948 ], [ -67.25705264, -10.32813737 ], [ -67.25663246, -10.3280569 ], [ -67.25615321, -10.32796307 ], [ -67.25582489, -10.32791241 ], [ -67.25541122, -10.32784175 ], [ -67.25499424, -10.32777759 ], [ -67.25484914, -10.32787129 ], [ -67.25475007, -10.32795873 ], [ -67.25464758, -10.32807221 ], [ -67.25457078, -10.32829336 ], [ -67.2544846, -10.32842648 ], [ -67.25442032, -10.32876173 ], [ -67.25433977, -10.32906756 ], [ -67.25424648, -10.32929839 ], [ -67.25407763, -10.32952555 ], [ -67.25382088, -10.32960562 ], [ -67.25381679, -10.32960454 ], [ -67.25353747, -10.32960355 ], [ -67.25327524, -10.32948483 ], [ -67.25286919, -10.32922523 ], [ -67.25265068, -10.32892428 ], [ -67.25266555, -10.32861157 ], [ -67.25260158, -10.32829516 ], [ -67.25254423, -10.32796902 ], [ -67.2524934, -10.32765268 ], [ -67.25239961, -10.32737848 ], [ -67.25221717, -10.32709402 ], [ -67.25204478, -10.32677377 ], [ -67.25177584, -10.32666783 ], [ -67.25150969, -10.32665862 ], [ -67.25094823, -10.32625144 ], [ -67.25049932, -10.32601538 ], [ -67.25000028, -10.32540129 ], [ -67.24994598, -10.32533447 ], [ -67.24945867, -10.32480128 ], [ -67.2487385, -10.32473843 ], [ -67.2483072, -10.32482451 ], [ -67.24753512, -10.32474663 ], [ -67.24706946, -10.32433146 ], [ -67.24672174, -10.32407903 ], [ -67.24636774, -10.32362026 ], [ -67.24632443, -10.32339159 ], [ -67.2460166, -10.32278484 ], [ -67.24541676, -10.32226543 ], [ -67.24467692, -10.32228858 ], [ -67.24336057, -10.32252592 ], [ -67.24190807, -10.32261309 ], [ -67.24138876, -10.32239294 ], [ -67.24117247, -10.32187562 ], [ -67.24145065, -10.3211165 ], [ -67.24156385, -10.32046514 ], [ -67.24124498, -10.31868407 ], [ -67.24070236, -10.31773032 ], [ -67.23985982, -10.31651687 ], [ -67.23917555, -10.31640448 ], [ -67.23843316, -10.31688942 ], [ -67.23809959, -10.31775688 ], [ -67.23763009, -10.31843347 ], [ -67.23710844, -10.31863436 ], [ -67.23650893, -10.31806062 ], [ -67.23588247, -10.31740522 ], [ -67.23533714, -10.31694044 ], [ -67.23509301, -10.31650446 ], [ -67.23476707, -10.31600012 ], [ -67.23498925, -10.31545802 ], [ -67.23488225, -10.31499563 ], [ -67.23447389, -10.31453159 ], [ -67.2332418, -10.31440261 ], [ -67.23250336, -10.31418124 ], [ -67.23165594, -10.31385062 ], [ -67.23045262, -10.31347731 ], [ -67.22946611, -10.31352623 ], [ -67.22825847, -10.31392709 ], [ -67.22693919, -10.31469406 ], [ -67.22526553, -10.31514669 ], [ -67.22507475, -10.31496907 ], [ -67.2253242, -10.31445429 ], [ -67.22524399, -10.3141007 ], [ -67.2245331, -10.31385231 ], [ -67.22387563, -10.3138487 ], [ -67.22330187, -10.3135739 ], [ -67.22283647, -10.31351701 ], [ -67.22252116, -10.31356282 ], [ -67.22179197, -10.31413607 ], [ -67.22118677, -10.31458096 ], [ -67.2199354, -10.31545015 ], [ -67.21959152, -10.31570633 ], [ -67.21955787, -10.31574147 ], [ -67.21859511, -10.31938182 ], [ -67.21868333, -10.3200535 ], [ -67.21868121, -10.32043145 ], [ -67.21859865, -10.32108917 ], [ -67.21833358, -10.3214787 ], [ -67.21791045, -10.321926 ], [ -67.21728993, -10.32241784 ], [ -67.21665783, -10.32262939 ], [ -67.21596145, -10.32258645 ], [ -67.21537128, -10.32235511 ], [ -67.21500598, -10.32187087 ], [ -67.21491684, -10.32136208 ], [ -67.21468684, -10.32019436 ], [ -67.2145185, -10.31974379 ], [ -67.214177, -10.3197028 ], [ -67.21391311, -10.31988381 ], [ -67.21364847, -10.32019514 ], [ -67.2134757, -10.32053303 ], [ -67.21343362, -10.32100199 ], [ -67.21335234, -10.32143163 ], [ -67.21325677, -10.3220632 ], [ -67.21296541, -10.32245259 ], [ -67.21231671, -10.32327659 ], [ -67.21167246, -10.32331213 ], [ -67.21121295, -10.32321835 ], [ -67.21100099, -10.32351042 ], [ -67.21081662, -10.32357456 ], [ -67.21071272, -10.32335243 ], [ -67.21089945, -10.32287124 ], [ -67.21095512, -10.32232416 ], [ -67.21096989, -10.32203751 ], [ -67.21067057, -10.32150802 ], [ -67.21033076, -10.32116727 ], [ -67.20988543, -10.32089111 ], [ -67.20928271, -10.32055543 ], [ -67.20838801, -10.3207199 ], [ -67.20737453, -10.32096842 ], [ -67.2067963, -10.32095217 ], [ -67.2059954, -10.32079785 ], [ -67.2056274, -10.32079581 ], [ -67.20527186, -10.32091113 ], [ -67.20494206, -10.32112434 ], [ -67.20471663, -10.32147497 ], [ -67.20453284, -10.32143485 ], [ -67.20427263, -10.32096422 ], [ -67.20403768, -10.32067619 ], [ -67.20377504, -10.32063563 ], [ -67.20351154, -10.32074494 ], [ -67.20322061, -10.32105611 ], [ -67.20269385, -10.32123565 ], [ -67.20240381, -10.32139043 ], [ -67.20183639, -10.32178477 ], [ -67.20141588, -10.3217694 ], [ -67.20097063, -10.3214802 ], [ -67.2006048, -10.32109369 ], [ -67.20027696, -10.32096153 ], [ -67.19992128, -10.32110291 ], [ -67.19976082, -10.32158423 ], [ -67.19966689, -10.32192257 ], [ -67.19932353, -10.32220738 ], [ -67.19862616, -10.32234034 ], [ -67.19832519, -10.32210406 ], [ -67.19783734, -10.32237504 ], [ -67.19721733, -10.32276908 ], [ -67.19654651, -10.32285657 ], [ -67.19613958, -10.32276306 ], [ -67.1957993, -10.32250702 ], [ -67.19544503, -10.32240078 ], [ -67.19494484, -10.32252831 ], [ -67.19442979, -10.32295552 ], [ -67.19377125, -10.32319294 ], [ -67.19310057, -10.32325435 ], [ -67.19259062, -10.32278882 ], [ -67.19213269, -10.32242135 ], [ -67.19162092, -10.32227512 ], [ -67.19130455, -10.32243625 ], [ -67.19123638, -10.32286595 ], [ -67.19123274, -10.32350454 ], [ -67.19119964, -10.32469686 ], [ -67.19110224, -10.3256412 ], [ -67.19091216, -10.32670232 ], [ -67.19070931, -10.32769819 ], [ -67.19060152, -10.32816026 ], [ -67.19009983, -10.32854843 ], [ -67.18969096, -10.32879376 ], [ -67.18920252, -10.32916246 ], [ -67.18900351, -10.32948717 ], [ -67.18905339, -10.32995663 ], [ -67.18924604, -10.33074619 ], [ -67.18925709, -10.33111117 ], [ -67.18901577, -10.3319374 ], [ -67.18868524, -10.3322744 ], [ -67.18806199, -10.33322882 ], [ -67.1879077, -10.33351803 ], [ -67.18782283, -10.33367711 ], [ -67.18751858, -10.33401425 ], [ -67.18726751, -10.33424743 ], [ -67.1868975, -10.33459072 ], [ -67.18676278, -10.33516341 ], [ -67.18712502, -10.33617549 ], [ -67.18738265, -10.33689608 ], [ -67.18496962, -10.33745364 ], [ -67.18487811, -10.33744319 ], [ -67.1841395, -10.33699717 ], [ -67.18188573, -10.33703464 ], [ -67.18006994, -10.33796508 ], [ -67.17805367, -10.33853063 ], [ -67.17655567, -10.33857234 ], [ -67.17503828, -10.33825019 ], [ -67.17329489, -10.33760067 ], [ -67.17186634, -10.33724138 ], [ -67.16941083, -10.33713966 ], [ -67.1689184, -10.3369111 ], [ -67.16868751, -10.33655102 ], [ -67.16740064, -10.33577863 ], [ -67.16502881, -10.33434787 ], [ -67.16412162, -10.33352193 ], [ -67.16324052, -10.33271974 ], [ -67.16282835, -10.33175164 ], [ -67.1630734, -10.33097542 ], [ -67.16290258, -10.32987073 ], [ -67.16176846, -10.32896123 ], [ -67.16028663, -10.32862529 ], [ -67.15870565, -10.32836544 ], [ -67.15727608, -10.32819422 ], [ -67.15654022, -10.32846595 ], [ -67.15571903, -10.32882498 ], [ -67.15397333, -10.32858924 ], [ -67.15200424, -10.32758714 ], [ -67.15053343, -10.3268889 ], [ -67.14880379, -10.32607628 ], [ -67.14724211, -10.32468769 ], [ -67.14613419, -10.32364033 ], [ -67.14580512, -10.3236259 ], [ -67.1454286, -10.32522913 ], [ -67.14435795, -10.32646465 ], [ -67.14362326, -10.32653567 ], [ -67.14286525, -10.32626793 ], [ -67.14243866, -10.32561328 ], [ -67.14196409, -10.32450685 ], [ -67.14172336, -10.32345927 ], [ -67.1405161, -10.32208591 ], [ -67.13851561, -10.31998089 ], [ -67.13851193, -10.31845149 ], [ -67.13901263, -10.31747898 ], [ -67.13879777, -10.31648153 ], [ -67.13777188, -10.31577097 ], [ -67.13696015, -10.31617935 ], [ -67.13539752, -10.319159 ], [ -67.13460902, -10.3197862 ], [ -67.13397668, -10.31888352 ], [ -67.1336937, -10.31696233 ], [ -67.13298492, -10.31654517 ], [ -67.13227143, -10.31692983 ], [ -67.12983951, -10.3175961 ], [ -67.12819623, -10.31761088 ], [ -67.12675505, -10.31663061 ], [ -67.12675922, -10.31592599 ], [ -67.12722991, -10.31512688 ], [ -67.12796994, -10.31440223 ], [ -67.12924528, -10.3135688 ], [ -67.13111814, -10.31204887 ], [ -67.13257406, -10.31052651 ], [ -67.13394926, -10.31021857 ], [ -67.13610464, -10.31069267 ], [ -67.13745388, -10.31062755 ], [ -67.1398173, -10.30908608 ], [ -67.14051266, -10.30760789 ], [ -67.14022308, -10.30680439 ], [ -67.13940736, -10.30537886 ], [ -67.13750893, -10.30291504 ], [ -67.13688587, -10.30043427 ], [ -67.13707008, -10.29829816 ], [ -67.13580159, -10.2971494 ], [ -67.13387057, -10.29606969 ], [ -67.13060274, -10.29428294 ], [ -67.12855529, -10.29341482 ], [ -67.1271397, -10.29226491 ], [ -67.12550648, -10.29138133 ], [ -67.12422692, -10.29158799 ], [ -67.12237483, -10.29270113 ], [ -67.12067737, -10.29354758 ], [ -67.1184437, -10.29373084 ], [ -67.116488, -10.29348932 ], [ -67.1139884, -10.29297527 ], [ -67.11109568, -10.29195941 ], [ -67.11020196, -10.29086599 ], [ -67.10947757, -10.28975573 ], [ -67.10892041, -10.28959192 ], [ -67.10657895, -10.2897388 ], [ -67.10548413, -10.28916154 ], [ -67.10510966, -10.28855281 ], [ -67.10488275, -10.28735626 ], [ -67.10443638, -10.28672927 ], [ -67.10346536, -10.28652736 ], [ -67.10244527, -10.28669977 ], [ -67.10044218, -10.28747296 ], [ -67.09878563, -10.28749892 ], [ -67.09842812, -10.28706869 ], [ -67.09881666, -10.28532272 ], [ -67.09855525, -10.28387621 ], [ -67.09794548, -10.28348018 ], [ -67.09581682, -10.28418124 ], [ -67.09293478, -10.28441404 ], [ -67.09148691, -10.28567209 ], [ -67.09025713, -10.28568269 ], [ -67.08843782, -10.28583251 ], [ -67.08755169, -10.28648733 ], [ -67.08736628, -10.28737819 ], [ -67.08822476, -10.28832872 ], [ -67.0893505, -10.28974465 ], [ -67.08894949, -10.29056289 ], [ -67.087255, -10.29090966 ], [ -67.08477015, -10.29095201 ], [ -67.08409359, -10.29028797 ], [ -67.08309432, -10.28880142 ], [ -67.08212288, -10.2886708 ], [ -67.08105572, -10.28948507 ], [ -67.07944791, -10.29038533 ], [ -67.07880215, -10.28998904 ], [ -67.07841523, -10.28936414 ], [ -67.07793896, -10.28773796 ], [ -67.0761172, -10.28531889 ], [ -67.07525348, -10.28524241 ], [ -67.0743865, -10.28570107 ], [ -67.07283434, -10.28633404 ], [ -67.07183512, -10.28632988 ], [ -67.06926331, -10.28526585 ], [ -67.06389739, -10.28287784 ], [ -67.05825949, -10.27959051 ], [ -67.05694499, -10.27963954 ], [ -67.05482533, -10.27994062 ], [ -67.05393637, -10.27966072 ], [ -67.05352674, -10.27867767 ], [ -67.05341699, -10.27720614 ], [ -67.05266695, -10.27686823 ], [ -67.04930367, -10.27663229 ], [ -67.04796157, -10.27601625 ], [ -67.04757191, -10.275651 ], [ -67.04761763, -10.27465107 ], [ -67.04920336, -10.27426839 ], [ -67.05128352, -10.27394749 ], [ -67.05249644, -10.27303303 ], [ -67.05264363, -10.27162187 ], [ -67.05226035, -10.26956811 ], [ -67.05090736, -10.26750076 ], [ -67.04974975, -10.26681322 ], [ -67.04803901, -10.26595964 ], [ -67.04616283, -10.26530116 ], [ -67.04534864, -10.26574733 ], [ -67.04437165, -10.26691814 ], [ -67.04358001, -10.26691336 ], [ -67.04306858, -10.26640038 ], [ -67.04286618, -10.26486946 ], [ -67.04250222, -10.2629061 ], [ -67.04155696, -10.26213555 ], [ -67.03935899, -10.26231839 ], [ -67.0380493, -10.26287922 ], [ -67.03586168, -10.26459181 ], [ -67.03499016, -10.26470421 ], [ -67.03459943, -10.26387816 ], [ -67.03286071, -10.26020027 ], [ -67.03222145, -10.25891175 ], [ -67.0310056, -10.25710013 ], [ -67.03015669, -10.25676159 ], [ -67.0284126, -10.25716285 ], [ -67.02695283, -10.25766389 ], [ -67.02471217, -10.25835627 ], [ -67.02414226, -10.25770563 ], [ -67.02407064, -10.25648929 ], [ -67.02410161, -10.25468523 ], [ -67.02335178, -10.25432766 ], [ -67.02286294, -10.25432468 ], [ -67.02169216, -10.25482746 ], [ -67.02002968, -10.25483694 ], [ -67.01801293, -10.25453048 ], [ -67.01759441, -10.2549986 ], [ -67.0178434, -10.25633369 ], [ -67.01769766, -10.25748987 ], [ -67.01674066, -10.25862149 ], [ -67.01585096, -10.25847878 ], [ -67.01510394, -10.25767014 ], [ -67.0145779, -10.2569675 ], [ -67.01334201, -10.2552154 ], [ -67.01074234, -10.25318054 ], [ -67.01002381, -10.25098076 ], [ -67.00992716, -10.24771556 ], [ -67.00943076, -10.24686017 ], [ -67.0078864, -10.24547749 ], [ -67.00586349, -10.24421025 ], [ -67.00529543, -10.24335441 ], [ -67.00539869, -10.24212389 ], [ -67.00590987, -10.24061174 ], [ -67.00632877, -10.23857085 ], [ -67.0069224, -10.23533084 ], [ -67.0071246, -10.23355635 ], [ -67.00675757, -10.23111544 ], [ -67.00582999, -10.23044683 ], [ -67.0036824, -10.23003117 ], [ -67.00163304, -10.22933618 ], [ -67.0008693, -10.22906687 ], [ -67.0000538, -10.22958274 ], [ -67.00000408, -10.22973187 ], [ -66.99978597, -10.23038609 ], [ -67.00000286, -10.23114781 ], [ -67.00039377, -10.23252068 ], [ -67.00027239, -10.23282773 ], [ -67.000002, -10.23276737 ], [ -66.99950895, -10.23265731 ], [ -66.99934746, -10.2324976 ], [ -66.99811585, -10.23078535 ], [ -66.9954304, -10.2285196 ], [ -66.9950651, -10.22581826 ], [ -66.99565882, -10.22257093 ], [ -66.995184, -10.22209472 ], [ -66.99283914, -10.2226719 ], [ -66.98993015, -10.22177838 ], [ -66.98926735, -10.22080406 ], [ -66.98949188, -10.21929092 ], [ -66.99100654, -10.21776207 ], [ -66.99268263, -10.21715712 ], [ -66.99585689, -10.21764994 ], [ -66.99723282, -10.21919658 ], [ -66.99880921, -10.21925359 ], [ -67.00000179, -10.21883059 ], [ -67.00031762, -10.21871856 ], [ -67.00089658, -10.21782286 ], [ -67.00068631, -10.21706431 ], [ -67.00000175, -10.21510174 ], [ -66.99967713, -10.21417105 ], [ -66.99904083, -10.21231573 ], [ -66.99744033, -10.21148159 ], [ -66.99617016, -10.21139365 ], [ -66.99464551, -10.21136139 ], [ -66.99403586, -10.21094548 ], [ -66.99381186, -10.20982212 ], [ -66.99438276, -10.2090471 ], [ -66.99522209, -10.20783403 ], [ -66.99535323, -10.20718226 ], [ -66.99496293, -10.2067906 ], [ -66.99362857, -10.20588939 ], [ -66.9933433, -10.20532665 ], [ -66.99357855, -10.20465261 ], [ -66.9940415, -10.20451115 ], [ -66.99527928, -10.20423254 ], [ -66.99634428, -10.20387271 ], [ -66.99757444, -10.20296435 ], [ -66.99745432, -10.20185307 ], [ -66.99741073, -10.19958593 ], [ -66.99695391, -10.19874737 ], [ -66.99587133, -10.19822553 ], [ -66.99462869, -10.19798892 ], [ -66.99357741, -10.19800536 ], [ -66.99303164, -10.19845996 ], [ -66.99286556, -10.19915733 ], [ -66.99364134, -10.20070768 ], [ -66.9940737, -10.20176363 ], [ -66.99378959, -10.20286098 ], [ -66.99302355, -10.20344015 ], [ -66.9922149, -10.20344664 ], [ -66.99054766, -10.20221136 ], [ -66.98878517, -10.20050143 ], [ -66.98824486, -10.20008594 ], [ -66.98587384, -10.19872038 ], [ -66.98433458, -10.19734847 ], [ -66.98360527, -10.19649099 ], [ -66.98282802, -10.19518102 ], [ -66.98246716, -10.19433158 ], [ -66.98212286, -10.19397455 ], [ -66.98175395, -10.19385779 ], [ -66.98105644, -10.1945633 ], [ -66.98011716, -10.19514138 ], [ -66.97879632, -10.19577434 ], [ -66.97738496, -10.19610907 ], [ -66.97584899, -10.19605376 ], [ -66.97534372, -10.19558123 ], [ -66.97537289, -10.19461972 ], [ -66.9764321, -10.19334402 ], [ -66.97846468, -10.19157741 ], [ -66.98068631, -10.1909729 ], [ -66.98195933, -10.19059151 ], [ -66.98235587, -10.18998717 ], [ -66.98195721, -10.1890917 ], [ -66.98096682, -10.18861619 ], [ -66.97856899, -10.18785721 ], [ -66.97792955, -10.18740675 ], [ -66.97743577, -10.18694575 ], [ -66.97590013, -10.18501286 ], [ -66.9753125, -10.18478025 ], [ -66.9745836, -10.18497037 ], [ -66.97388531, -10.1858018 ], [ -66.97331341, -10.18673705 ], [ -66.9733321, -10.18743553 ], [ -66.97441552, -10.18780861 ], [ -66.97615569, -10.18844906 ], [ -66.97692546, -10.1891064 ], [ -66.97664189, -10.19011214 ], [ -66.97537861, -10.19077979 ], [ -66.97365388, -10.19135298 ], [ -66.97214691, -10.19127494 ], [ -66.97090926, -10.19154203 ], [ -66.9696501, -10.19155711 ], [ -66.96878721, -10.19101366 ], [ -66.96554585, -10.18848625 ], [ -66.96467048, -10.18735473 ], [ -66.96453601, -10.18670165 ], [ -66.96496198, -10.18510228 ], [ -66.96473438, -10.18456304 ], [ -66.96194335, -10.18207398 ], [ -66.96111312, -10.18185139 ], [ -66.96050931, -10.18235112 ], [ -66.96025949, -10.18349386 ], [ -66.95993411, -10.18467146 ], [ -66.95883286, -10.1856877 ], [ -66.95682709, -10.18629524 ], [ -66.95688451, -10.18710167 ], [ -66.95881452, -10.18857089 ], [ -66.95952486, -10.19000146 ], [ -66.95898661, -10.19102121 ], [ -66.95804764, -10.19110835 ], [ -66.95614515, -10.19022838 ], [ -66.95425752, -10.18848346 ], [ -66.95211413, -10.18614481 ], [ -66.95146678, -10.18465261 ], [ -66.9514153, -10.18291611 ], [ -66.95167691, -10.18113322 ], [ -66.95119505, -10.17821735 ], [ -66.95012504, -10.17433719 ], [ -66.94880395, -10.17175499 ], [ -66.9484378, -10.16965675 ], [ -66.94684093, -10.16783741 ], [ -66.94642166, -10.16681606 ], [ -66.94632483, -10.16658019 ], [ -66.94691313, -10.16501985 ], [ -66.94749428, -10.16174521 ], [ -66.94644793, -10.1586216 ], [ -66.94573383, -10.15809035 ], [ -66.94460081, -10.15722337 ], [ -66.94200961, -10.15546946 ], [ -66.93995428, -10.15470417 ], [ -66.93796551, -10.15483498 ], [ -66.93665097, -10.15522082 ], [ -66.93464206, -10.15567393 ], [ -66.93357631, -10.15559557 ], [ -66.93305696, -10.15485782 ], [ -66.93340618, -10.15394641 ], [ -66.93438028, -10.15140876 ], [ -66.93482493, -10.14970423 ], [ -66.93504901, -10.14857706 ], [ -66.93476551, -10.14769749 ], [ -66.93397601, -10.14765669 ], [ -66.9323783, -10.14881104 ], [ -66.93150975, -10.14898471 ], [ -66.93104278, -10.14853392 ], [ -66.929748, -10.14754048 ], [ -66.92674556, -10.14624964 ], [ -66.92563474, -10.14475577 ], [ -66.92463178, -10.14335214 ], [ -66.92417932, -10.14345676 ], [ -66.92305479, -10.14409456 ], [ -66.92133242, -10.14496144 ], [ -66.92030171, -10.14506239 ], [ -66.91823067, -10.14506718 ], [ -66.91634808, -10.14555682 ], [ -66.91480525, -10.14660393 ], [ -66.91419929, -10.14808693 ], [ -66.9132025, -10.14852844 ], [ -66.91215846, -10.14789482 ], [ -66.91100972, -10.14668728 ], [ -66.91100279, -10.14496752 ], [ -66.91114989, -10.14179046 ], [ -66.91148977, -10.13953548 ], [ -66.91262196, -10.13771547 ], [ -66.91451011, -10.13635775 ], [ -66.91651889, -10.13590497 ], [ -66.91867165, -10.13554261 ], [ -66.91936778, -10.13407881 ], [ -66.91923743, -10.13187567 ], [ -66.91857635, -10.13070766 ], [ -66.91675489, -10.13014107 ], [ -66.91493492, -10.12934171 ], [ -66.91428338, -10.12949873 ], [ -66.91405879, -10.13069693 ], [ -66.91365141, -10.13221626 ], [ -66.91234645, -10.13281674 ], [ -66.90999726, -10.13281971 ], [ -66.90929752, -10.13204535 ], [ -66.90939413, -10.13107911 ], [ -66.91001755, -10.12968649 ], [ -66.91013515, -10.12891572 ], [ -66.91152156, -10.12678728 ], [ -66.91117413, -10.12593018 ], [ -66.9104043, -10.12575512 ], [ -66.90958805, -10.12578671 ], [ -66.90780529, -10.12614309 ], [ -66.9066282, -10.12652783 ], [ -66.90480436, -10.12749679 ], [ -66.90334273, -10.12790421 ], [ -66.90270356, -10.12732405 ], [ -66.90260144, -10.12591382 ], [ -66.90252874, -10.1243505 ], [ -66.9020526, -10.12341591 ], [ -66.90095535, -10.12293089 ], [ -66.89961898, -10.12309396 ], [ -66.89808374, -10.1234151 ], [ -66.8973929, -10.12317779 ], [ -66.89695188, -10.12254985 ], [ -66.89720298, -10.12196312 ], [ -66.89806108, -10.1211964 ], [ -66.89846078, -10.12057384 ], [ -66.8983283, -10.12003368 ], [ -66.89823563, -10.11983077 ], [ -66.89736126, -10.11929813 ], [ -66.89726706, -10.11857436 ], [ -66.89757837, -10.11823315 ], [ -66.89809931, -10.11797907 ], [ -66.89854559, -10.11779807 ], [ -66.89861139, -10.11718563 ], [ -66.89799141, -10.11555873 ], [ -66.89792839, -10.11384233 ], [ -66.89845425, -10.11282834 ], [ -66.89938445, -10.11238076 ], [ -66.89958496, -10.1119653 ], [ -66.89945454, -10.11148644 ], [ -66.89844244, -10.11122258 ], [ -66.89707451, -10.1105397 ], [ -66.89585273, -10.11020096 ], [ -66.89518353, -10.11044183 ], [ -66.89463418, -10.11201948 ], [ -66.8939219, -10.11317935 ], [ -66.89219432, -10.11456561 ], [ -66.89074279, -10.11532851 ], [ -66.88970268, -10.11556699 ], [ -66.88938475, -10.11502564 ], [ -66.88947246, -10.11295475 ], [ -66.88971231, -10.11030377 ], [ -66.88987252, -10.1065909 ], [ -66.88983712, -10.10500451 ], [ -66.88974079, -10.10271182 ], [ -66.888878, -10.10041422 ], [ -66.88801949, -10.09935461 ], [ -66.88715427, -10.09932455 ], [ -66.88625977, -10.09999295 ], [ -66.88585696, -10.10109351 ], [ -66.8859987, -10.10210683 ], [ -66.88659527, -10.10352023 ], [ -66.88710218, -10.10541106 ], [ -66.88685415, -10.10741964 ], [ -66.88588063, -10.10882295 ], [ -66.88480346, -10.10906118 ], [ -66.88389133, -10.10863857 ], [ -66.88294968, -10.10781251 ], [ -66.88151054, -10.10668787 ], [ -66.88125011, -10.10492119 ], [ -66.88145417, -10.10396645 ], [ -66.88183327, -10.10271489 ], [ -66.88220365, -10.10090323 ], [ -66.88154906, -10.09891338 ], [ -66.88106427, -10.09742716 ], [ -66.8807109, -10.09664045 ], [ -66.88022916, -10.09657606 ], [ -66.87983892, -10.09669613 ], [ -66.87903584, -10.098505 ], [ -66.87834169, -10.10067002 ], [ -66.87710872, -10.10204713 ], [ -66.87604111, -10.10271439 ], [ -66.87474272, -10.10275504 ], [ -66.87380816, -10.10198909 ], [ -66.87288229, -10.09989943 ], [ -66.87246253, -10.0979306 ], [ -66.87219667, -10.09699736 ], [ -66.87205622, -10.09579527 ], [ -66.87211227, -10.09479056 ], [ -66.87242535, -10.09417974 ], [ -66.87325588, -10.09384189 ], [ -66.87427256, -10.09339494 ], [ -66.87468312, -10.09300086 ], [ -66.874999, -10.09196157 ], [ -66.87483461, -10.09063741 ], [ -66.87395265, -10.08939438 ], [ -66.8734874, -10.08870534 ], [ -66.87338691, -10.08812219 ], [ -66.87372896, -10.08706127 ], [ -66.87451457, -10.08649048 ], [ -66.87626317, -10.08554935 ], [ -66.87660592, -10.08437769 ], [ -66.87630015, -10.08331261 ], [ -66.87472579, -10.08153061 ], [ -66.87331982, -10.08132223 ], [ -66.87235843, -10.08144892 ], [ -66.87112783, -10.08175107 ], [ -66.8702066, -10.08256462 ], [ -66.86911485, -10.08382381 ], [ -66.86778659, -10.08538699 ], [ -66.86686783, -10.0858238 ], [ -66.86635784, -10.08524493 ], [ -66.86623095, -10.08415938 ], [ -66.86565454, -10.08349154 ], [ -66.86471723, -10.08335266 ], [ -66.86366562, -10.0836115 ], [ -66.86225805, -10.08364667 ], [ -66.86051382, -10.08392315 ], [ -66.85838736, -10.08457348 ], [ -66.85723598, -10.08478223 ], [ -66.85627417, -10.08468056 ], [ -66.85502869, -10.08381363 ], [ -66.8539946, -10.08250275 ], [ -66.85310012, -10.08192437 ], [ -66.85229831, -10.08188734 ], [ -66.85152226, -10.08280476 ], [ -66.85189104, -10.08369132 ], [ -66.85354602, -10.08512404 ], [ -66.85401801, -10.08566339 ], [ -66.85430802, -10.08644532 ], [ -66.85435052, -10.08689469 ], [ -66.85354385, -10.08758925 ], [ -66.85251599, -10.08777341 ], [ -66.85149549, -10.08684431 ], [ -66.8501829, -10.08642225 ], [ -66.84822468, -10.08660034 ], [ -66.84523901, -10.08689896 ], [ -66.84389458, -10.08644485 ], [ -66.84319366, -10.08570867 ], [ -66.84223779, -10.08471636 ], [ -66.84121459, -10.08420073 ], [ -66.83970636, -10.08425449 ], [ -66.83922664, -10.08402869 ], [ -66.83827185, -10.08287733 ], [ -66.8385393, -10.08125684 ], [ -66.83940137, -10.07947316 ], [ -66.84006702, -10.07827351 ], [ -66.8403469, -10.07719385 ], [ -66.840027, -10.07464707 ], [ -66.84035331, -10.07382218 ], [ -66.84135497, -10.07274722 ], [ -66.84157132, -10.07157171 ], [ -66.84098387, -10.07066133 ], [ -66.84003022, -10.07006334 ], [ -66.83834764, -10.06981377 ], [ -66.83582058, -10.06871576 ], [ -66.83499299, -10.06774018 ], [ -66.83501741, -10.0664839 ], [ -66.83561394, -10.06602658 ], [ -66.8361921, -10.06591903 ], [ -66.83755948, -10.06532361 ], [ -66.83785673, -10.06452232 ], [ -66.83752605, -10.0635977 ], [ -66.83614111, -10.06201412 ], [ -66.83427437, -10.0605228 ], [ -66.83276881, -10.06019486 ], [ -66.8319091, -10.0604278 ], [ -66.82741209, -10.06130485 ], [ -66.8257931, -10.06115107 ], [ -66.82395351, -10.06040738 ], [ -66.82284788, -10.05927879 ], [ -66.82175109, -10.05779406 ], [ -66.82011582, -10.05528635 ], [ -66.81895818, -10.05331291 ], [ -66.81805166, -10.05216184 ], [ -66.81702011, -10.05147432 ], [ -66.81617252, -10.05110294 ], [ -66.81446143, -10.05034416 ], [ -66.81294077, -10.04988881 ], [ -66.81212622, -10.05009019 ], [ -66.81071195, -10.05051025 ], [ -66.8095605, -10.05000961 ], [ -66.80889204, -10.04924179 ], [ -66.80885088, -10.04820776 ], [ -66.80896942, -10.04727651 ], [ -66.80903882, -10.04649767 ], [ -66.80865883, -10.04576357 ], [ -66.80765003, -10.04551833 ], [ -66.80599842, -10.0454597 ], [ -66.80486208, -10.04510228 ], [ -66.8035631, -10.04507777 ], [ -66.80297366, -10.04448541 ], [ -66.80333036, -10.04391523 ], [ -66.80429646, -10.04335618 ], [ -66.80631085, -10.04193886 ], [ -66.80803697, -10.04045604 ], [ -66.80893124, -10.03864979 ], [ -66.80832876, -10.03761255 ], [ -66.80679267, -10.03707782 ], [ -66.8048071, -10.0366037 ], [ -66.80246402, -10.03539146 ], [ -66.80153243, -10.03379911 ], [ -66.8006219, -10.03167051 ], [ -66.80011213, -10.03093686 ], [ -66.79889882, -10.03002579 ], [ -66.79742385, -10.02916795 ], [ -66.79661528, -10.02894659 ], [ -66.79583244, -10.02878435 ], [ -66.79437677, -10.02858622 ], [ -66.79387219, -10.02826092 ], [ -66.79385125, -10.02784461 ], [ -66.79414018, -10.02727331 ], [ -66.79432697, -10.02658354 ], [ -66.7940151, -10.02586357 ], [ -66.79304771, -10.02489177 ], [ -66.79233982, -10.02326297 ], [ -66.79161549, -10.02275664 ], [ -66.789831, -10.02215763 ], [ -66.78668495, -10.0213416 ], [ -66.78455562, -10.02066688 ], [ -66.7822497, -10.01929374 ], [ -66.78049375, -10.01813222 ], [ -66.77966662, -10.01823677 ], [ -66.77813004, -10.01927845 ], [ -66.77673884, -10.01979511 ], [ -66.7751314, -10.02037148 ], [ -66.77391457, -10.02154982 ], [ -66.77282241, -10.02253329 ], [ -66.77216895, -10.0224922 ], [ -66.77186528, -10.02180518 ], [ -66.77132169, -10.02012576 ], [ -66.77113521, -10.01853437 ], [ -66.77132458, -10.01789462 ], [ -66.77199964, -10.01657811 ], [ -66.77332438, -10.01404275 ], [ -66.77339455, -10.01279557 ], [ -66.77291199, -10.01174887 ], [ -66.77165013, -10.01049277 ], [ -66.77062819, -10.01022905 ], [ -66.76787223, -10.00921977 ], [ -66.76640394, -10.00856647 ], [ -66.76513827, -10.00787299 ], [ -66.76447846, -10.0069634 ], [ -66.76407865, -10.00590877 ], [ -66.76402736, -10.00439168 ], [ -66.76413283, -10.00339786 ], [ -66.76400703, -10.00195365 ], [ -66.7635308, -10.00125325 ], [ -66.76234309, -10.00052358 ], [ -66.76114068, -10.00010399 ], [ -66.76084196, -9.99999975 ], [ -66.7603963, -10.00010372 ], [ -66.75961896, -10.00028509 ], [ -66.75801238, -10.0007513 ], [ -66.75722695, -10.00089279 ], [ -66.75639651, -10.00148655 ], [ -66.75527049, -10.00201715 ], [ -66.75450147, -10.00264802 ], [ -66.75379823, -10.00267997 ], [ -66.75311118, -10.00214936 ], [ -66.75273524, -10.00121721 ], [ -66.7525974, -10.00045111 ], [ -66.75248936, -10.0001009 ], [ -66.75197003, -9.99841741 ], [ -66.75119265, -9.99667612 ], [ -66.7503838, -9.99592488 ], [ -66.75000023, -9.99604338 ], [ -66.74980289, -9.99610434 ], [ -66.7485121, -9.99673009 ], [ -66.74742277, -9.99704618 ], [ -66.74578469, -9.99811326 ], [ -66.74369269, -9.9991774 ], [ -66.74173553, -9.99921801 ], [ -66.73852206, -9.99620574 ], [ -66.73694632, -9.9945697 ], [ -66.73589646, -9.99325359 ], [ -66.73525305, -9.99197521 ], [ -66.73486587, -9.99137136 ], [ -66.73463507, -9.99035 ], [ -66.73475753, -9.98928539 ], [ -66.73472162, -9.98815498 ], [ -66.73418173, -9.98744355 ], [ -66.73362168, -9.98631794 ], [ -66.73265215, -9.98559598 ], [ -66.7316683, -9.98517071 ], [ -66.73077309, -9.98479932 ], [ -66.72979653, -9.98398598 ], [ -66.72882755, -9.98318791 ], [ -66.72823741, -9.98308495 ], [ -66.72767555, -9.98333226 ], [ -66.72695625, -9.98370787 ], [ -66.72588649, -9.9841648 ], [ -66.72436053, -9.9851209 ], [ -66.72347911, -9.98552583 ], [ -66.72159229, -9.98540639 ], [ -66.71992631, -9.98442849 ], [ -66.71938712, -9.98362189 ], [ -66.71934517, -9.98303562 ], [ -66.71969146, -9.98289339 ], [ -66.72044366, -9.98286049 ], [ -66.72114857, -9.9830099 ], [ -66.72177642, -9.98320445 ], [ -66.72217917, -9.98266687 ], [ -66.72271421, -9.98186384 ], [ -66.72277908, -9.981362 ], [ -66.72262316, -9.9806113 ], [ -66.72229201, -9.97968058 ], [ -66.72131206, -9.97858864 ], [ -66.71978735, -9.9771627 ], [ -66.71864459, -9.97598291 ], [ -66.7179188, -9.97552894 ], [ -66.71745412, -9.97559425 ], [ -66.71681644, -9.97571165 ], [ -66.71607397, -9.97655131 ], [ -66.71570156, -9.97736 ], [ -66.71518487, -9.97883284 ], [ -66.71467701, -9.98013832 ], [ -66.71409825, -9.9806062 ], [ -66.71358658, -9.98058747 ], [ -66.71278295, -9.98029277 ], [ -66.711889, -9.97974631 ], [ -66.71077428, -9.97917091 ], [ -66.70976792, -9.97857084 ], [ -66.70834851, -9.97855348 ], [ -66.70692629, -9.97893924 ], [ -66.70564696, -9.97864139 ], [ -66.70473843, -9.97798859 ], [ -66.70365035, -9.97668041 ], [ -66.70256037, -9.97553482 ], [ -66.70177905, -9.97490994 ], [ -66.70060023, -9.97424973 ], [ -66.69919004, -9.97376724 ], [ -66.69814499, -9.97348289 ], [ -66.69660138, -9.97327661 ], [ -66.69507238, -9.97333127 ], [ -66.69471343, -9.97295383 ], [ -66.69470158, -9.97230165 ], [ -66.69480313, -9.97188335 ], [ -66.69526769, -9.97126706 ], [ -66.6957003, -9.97052015 ], [ -66.69568844, -9.96986798 ], [ -66.69527972, -9.96955541 ], [ -66.69400139, -9.96902491 ], [ -66.69320303, -9.96872595 ], [ -66.69161427, -9.96793246 ], [ -66.69077501, -9.96807338 ], [ -66.68973727, -9.96839224 ], [ -66.68797785, -9.96849418 ], [ -66.68567334, -9.96780982 ], [ -66.68422827, -9.96762047 ], [ -66.68245565, -9.96726582 ], [ -66.68153341, -9.96752026 ], [ -66.68059575, -9.96832885 ], [ -66.67906159, -9.96911699 ], [ -66.67813659, -9.96976264 ], [ -66.67675472, -9.96993235 ], [ -66.67603422, -9.96955238 ], [ -66.67559769, -9.96852716 ], [ -66.67558692, -9.96772828 ], [ -66.67617036, -9.96657489 ], [ -66.67609673, -9.96536803 ], [ -66.67588867, -9.96457424 ], [ -66.67612523, -9.96366297 ], [ -66.67675324, -9.96317828 ], [ -66.67780867, -9.96268025 ], [ -66.67824048, -9.96204747 ], [ -66.67804614, -9.96163857 ], [ -66.67754258, -9.96126012 ], [ -66.67694094, -9.96034302 ], [ -66.67684774, -9.95957618 ], [ -66.6765563, -9.95895467 ], [ -66.676032, -9.9587228 ], [ -66.67398781, -9.95958887 ], [ -66.67231202, -9.95949569 ], [ -66.67156945, -9.95991438 ], [ -66.67123597, -9.96150965 ], [ -66.67045623, -9.96253124 ], [ -66.66976549, -9.96259163 ], [ -66.66937299, -9.96231499 ], [ -66.66911454, -9.96167741 ], [ -66.66907368, -9.96048707 ], [ -66.66951083, -9.95910446 ], [ -66.66971819, -9.95767779 ], [ -66.66938392, -9.95614307 ], [ -66.6685388, -9.95480041 ], [ -66.66818696, -9.95342858 ], [ -66.66714087, -9.95261426 ], [ -66.66561361, -9.95244058 ], [ -66.66438321, -9.95212225 ], [ -66.66419249, -9.95120801 ], [ -66.66496966, -9.95054506 ], [ -66.66623893, -9.95001595 ], [ -66.6667057, -9.94908999 ], [ -66.66670292, -9.94716634 ], [ -66.66630548, -9.94596529 ], [ -66.66577634, -9.94410318 ], [ -66.6652273, -9.94272998 ], [ -66.66472768, -9.94134083 ], [ -66.66394394, -9.94061807 ], [ -66.66237172, -9.9398409 ], [ -66.66091339, -9.93922754 ], [ -66.65962817, -9.93830565 ], [ -66.65830062, -9.93779101 ], [ -66.65727661, -9.93850113 ], [ -66.65629809, -9.93974953 ], [ -66.65643647, -9.94108725 ], [ -66.6563259, -9.94276557 ], [ -66.65586041, -9.94351219 ], [ -66.65475654, -9.9438957 ], [ -66.65402378, -9.94362974 ], [ -66.65404847, -9.94247248 ], [ -66.65360565, -9.9400404 ], [ -66.65294325, -9.93843818 ], [ -66.65250501, -9.93766892 ], [ -66.65151841, -9.93774351 ], [ -66.65080816, -9.93824387 ], [ -66.65073637, -9.93909106 ], [ -66.65091015, -9.9400704 ], [ -66.65157289, -9.94162372 ], [ -66.65169842, -9.94245599 ], [ -66.6519207, -9.94354978 ], [ -66.65173291, -9.94453139 ], [ -66.650721, -9.94584473 ], [ -66.64923086, -9.94738293 ], [ -66.6475384, -9.94825133 ], [ -66.64619033, -9.94830706 ], [ -66.64443095, -9.94842508 ], [ -66.64327915, -9.94861259 ], [ -66.64273379, -9.94903259 ], [ -66.64300837, -9.9497029 ], [ -66.64346537, -9.95014626 ], [ -66.64430153, -9.95042928 ], [ -66.64520589, -9.95037045 ], [ -66.64564657, -9.95079739 ], [ -66.6456433, -9.95125383 ], [ -66.64488464, -9.95162342 ], [ -66.64365757, -9.95153326 ], [ -66.64305067, -9.95136597 ], [ -66.64219434, -9.95160446 ], [ -66.64133323, -9.95196197 ], [ -66.64070359, -9.95221209 ], [ -66.63955625, -9.95227088 ], [ -66.6390845, -9.95220066 ], [ -66.63855105, -9.95132739 ], [ -66.63862812, -9.94999023 ], [ -66.63863437, -9.94912077 ], [ -66.63823584, -9.94824845 ], [ -66.63824449, -9.94704458 ], [ -66.63792112, -9.94510263 ], [ -66.63779484, -9.94389781 ], [ -66.63746283, -9.94315973 ], [ -66.63699445, -9.94262134 ], [ -66.63591265, -9.94138748 ], [ -66.63517925, -9.94017837 ], [ -66.63491518, -9.93937388 ], [ -66.63526016, -9.93830616 ], [ -66.63526593, -9.93750358 ], [ -66.63479468, -9.93736648 ], [ -66.6342526, -9.93769708 ], [ -66.6338416, -9.93856368 ], [ -66.63343299, -9.93909587 ], [ -66.63269094, -9.93909062 ], [ -66.63188383, -9.93875049 ], [ -66.63107914, -9.93807595 ], [ -66.63040599, -9.93787053 ], [ -66.62973285, -9.93766511 ], [ -66.62924671, -9.93725207 ], [ -66.62850157, -9.93654546 ], [ -66.62821724, -9.93621352 ], [ -66.6281115, -9.93596425 ], [ -66.62806982, -9.93577936 ], [ -66.62808646, -9.93545995 ], [ -66.62808876, -9.93514046 ], [ -66.62810509, -9.93486366 ], [ -66.62809981, -9.93460092 ], [ -66.62811573, -9.93438092 ], [ -66.62817448, -9.93418962 ], [ -66.62827724, -9.93385664 ], [ -66.62841535, -9.93359491 ], [ -66.62867584, -9.93326303 ], [ -66.62888564, -9.93300181 ], [ -66.62910168, -9.93286843 ], [ -66.629296, -9.9327633 ], [ -66.62965558, -9.93260964 ], [ -66.63037392, -9.93241591 ], [ -66.63088675, -9.93236465 ], [ -66.63121683, -9.93232439 ], [ -66.63161163, -9.93225618 ], [ -66.63207823, -9.93217428 ], [ -66.6325665, -9.93207122 ], [ -66.63301144, -9.93201046 ], [ -66.63329139, -9.93196274 ], [ -66.63388744, -9.93182494 ], [ -66.63403097, -9.93180465 ], [ -66.6342462, -9.93178487 ], [ -66.63459087, -9.93170921 ], [ -66.63481363, -9.93163977 ], [ -66.63489908, -9.9315748 ], [ -66.63504398, -9.93136282 ], [ -66.63511014, -9.93113608 ], [ -66.63504709, -9.93092972 ], [ -66.63488496, -9.93054516 ], [ -66.63460777, -9.93020949 ], [ -66.6341518, -9.92980865 ], [ -66.63388117, -9.92955823 ], [ -66.63383903, -9.92943722 ], [ -66.63383369, -9.92918157 ], [ -66.63384925, -9.92901128 ], [ -66.63393646, -9.92884858 ], [ -66.63404476, -9.92874284 ], [ -66.63411685, -9.92868655 ], [ -66.63438989, -9.92860327 ], [ -66.6345689, -9.92863294 ], [ -66.63484773, -9.92874141 ], [ -66.63509768, -9.92887808 ], [ -66.63526195, -9.92896444 ], [ -66.63541072, -9.92921401 ], [ -66.63573688, -9.92972043 ], [ -66.6358504, -9.92988454 ], [ -66.63594289, -9.9299846 ], [ -66.63642697, -9.93046374 ], [ -66.6366552, -9.93062865 ], [ -66.63691074, -9.93076549 ], [ -66.63703221, -9.93082315 ], [ -66.6372183, -9.93086707 ], [ -66.63738319, -9.93086823 ], [ -66.63752672, -9.93084794 ], [ -66.63767773, -9.9307851 ], [ -66.637793, -9.93070781 ], [ -66.6380308, -9.93053908 ], [ -66.63817616, -9.93026319 ], [ -66.63829224, -9.9300723 ], [ -66.63840293, -9.92963286 ], [ -66.63846878, -9.92944871 ], [ -66.63847025, -9.92924281 ], [ -66.6383585, -9.9288302 ], [ -66.63807795, -9.92796198 ], [ -66.63807251, -9.92772053 ], [ -66.63799701, -9.92725138 ], [ -66.63782771, -9.92686676 ], [ -66.63750224, -9.92627912 ], [ -66.63738194, -9.92605816 ], [ -66.63713358, -9.92570139 ], [ -66.63691276, -9.92550103 ], [ -66.63667792, -9.92525796 ], [ -66.63642239, -9.92490114 ], [ -66.63621785, -9.92443108 ], [ -66.63604184, -9.92398251 ], [ -66.63588575, -9.9237542 ], [ -66.63576433, -9.92368944 ], [ -66.63547127, -9.92356667 ], [ -66.63492009, -9.92344917 ], [ -66.63463308, -9.92348265 ], [ -66.63442498, -9.92350959 ], [ -66.63395855, -9.9235702 ], [ -66.63324115, -9.92363613 ], [ -66.63239812, -9.92358975 ], [ -66.63192508, -9.9235722 ], [ -66.63150955, -9.92353377 ], [ -66.63061405, -9.92344224 ], [ -66.63009098, -9.92340303 ], [ -66.62983356, -9.92330891 ], [ -66.62966217, -9.9232154 ], [ -66.62946318, -9.92297258 ], [ -66.62935805, -9.92263812 ], [ -66.62939655, -9.92226917 ], [ -66.62951442, -9.92182979 ], [ -66.629856, -9.92118608 ], [ -66.63018086, -9.92075289 ], [ -66.63043443, -9.92038547 ], [ -66.63071794, -9.91984075 ], [ -66.6309655, -9.91930997 ], [ -66.6311634, -9.91870784 ], [ -66.6314704, -9.91788638 ], [ -66.63176753, -9.91744115 ], [ -66.63190436, -9.91725285 ], [ -66.632157, -9.91701322 ], [ -66.63243725, -9.91692289 ], [ -66.63301171, -9.91679205 ], [ -66.63380104, -9.9166911 ], [ -66.6342097, -9.91668689 ], [ -66.6346471, -9.91667577 ], [ -66.63515618, -9.91666516 ], [ -66.635737, -9.91664795 ], [ -66.63627461, -9.91665884 ], [ -66.63655414, -9.91666791 ], [ -66.63693423, -9.91664928 ], [ -66.6373366, -9.91652431 ], [ -66.63754504, -9.91639328 ], [ -66.63782579, -9.91623195 ], [ -66.63792021, -9.91606221 ], [ -66.6379805, -9.91565081 ], [ -66.6380344, -9.91513286 ], [ -66.63792941, -9.91477711 ], [ -66.63768877, -9.91434229 ], [ -66.63703593, -9.91341769 ], [ -66.63657332, -9.91294581 ], [ -66.63625966, -9.91269838 ], [ -66.63549606, -9.91213736 ], [ -66.63495663, -9.91159485 ], [ -66.63421859, -9.91119787 ], [ -66.63353099, -9.91065431 ], [ -66.63294253, -9.91006248 ], [ -66.63259891, -9.90976622 ], [ -66.63215651, -9.90946926 ], [ -66.63156936, -9.90928828 ], [ -66.631142, -9.90917862 ], [ -66.63039749, -9.90903135 ], [ -66.62897998, -9.90884525 ], [ -66.62833706, -9.90852829 ], [ -66.62823986, -9.9080874 ], [ -66.62829935, -9.9077896 ], [ -66.62847302, -9.90756362 ], [ -66.62867517, -9.90736624 ], [ -66.62897849, -9.90705596 ], [ -66.62936814, -9.90670369 ], [ -66.62990299, -9.90609684 ], [ -66.63093233, -9.90451363 ], [ -66.6313962, -9.90380688 ], [ -66.6317288, -9.9034116 ], [ -66.63190301, -9.90310757 ], [ -66.63200037, -9.90256623 ], [ -66.63193654, -9.90215595 ], [ -66.63179109, -9.90195662 ], [ -66.63161875, -9.90178353 ], [ -66.63104707, -9.90143578 ], [ -66.63012758, -9.90117811 ], [ -66.62958043, -9.90113459 ], [ -66.62912684, -9.9010785 ], [ -66.62835271, -9.90103339 ], [ -66.62781986, -9.90085775 ], [ -66.62755434, -9.90064435 ], [ -66.62671706, -9.90009642 ], [ -66.62629321, -9.89961749 ], [ -66.62593661, -9.89907294 ], [ -66.62568653, -9.89856881 ], [ -66.62538371, -9.89797176 ], [ -66.62493288, -9.8975323 ], [ -66.62454777, -9.89723873 ], [ -66.62400177, -9.89703657 ], [ -66.6228807, -9.89696254 ], [ -66.62141768, -9.89699165 ], [ -66.62093731, -9.89694857 ], [ -66.62056384, -9.89689303 ], [ -66.62027076, -9.89679838 ], [ -66.61980421, -9.89668927 ], [ -66.61927147, -9.89650034 ], [ -66.6186057, -9.89624435 ], [ -66.61820514, -9.89624151 ], [ -66.61779115, -9.89625181 ], [ -66.61747051, -9.89627598 ], [ -66.61681628, -9.89627134 ], [ -66.61560147, -9.89623628 ], [ -66.61477656, -9.89625806 ], [ -66.61448898, -9.89632291 ], [ -66.61427776, -9.89633813 ], [ -66.6139315, -9.89634403 ], [ -66.61364433, -9.89635036 ], [ -66.61310362, -9.89638832 ], [ -66.61282454, -9.89644486 ], [ -66.61259583, -9.89654357 ], [ -66.61196059, -9.89680661 ], [ -66.61158778, -9.89697953 ], [ -66.61092795, -9.89714205 ], [ -66.61018421, -9.89722874 ], [ -66.60971092, -9.8972839 ], [ -66.60922821, -9.89747276 ], [ -66.60850854, -9.89773519 ], [ -66.60748716, -9.89824313 ], [ -66.60693618, -9.89853196 ], [ -66.60658954, -9.89858803 ], [ -66.60581088, -9.89883341 ], [ -66.60522763, -9.89891289 ], [ -66.60474487, -9.89911018 ], [ -66.60438081, -9.89924142 ], [ -66.60382143, -9.8995218 ], [ -66.60315259, -9.89975958 ], [ -66.60271722, -9.89988964 ], [ -66.60219351, -9.899911 ], [ -66.60149259, -9.89991435 ], [ -66.60071646, -9.89980845 ], [ -66.59999107, -9.89969453 ], [ -66.59879305, -9.89954379 ], [ -66.59836265, -9.89950726 ], [ -66.59765323, -9.89951892 ], [ -66.5970952, -9.89961529 ], [ -66.59663004, -9.89971233 ], [ -66.59593156, -9.90006642 ], [ -66.59567697, -9.90024024 ], [ -66.59527093, -9.9003377 ], [ -66.59491524, -9.90047735 ], [ -66.59449176, -9.90064996 ], [ -66.5938056, -9.90094614 ], [ -66.59280586, -9.901399 ], [ -66.59223679, -9.9017752 ], [ -66.59224959, -9.90179242 ], [ -66.5922113, -9.90181601 ], [ -66.58473982, -9.90613963 ], [ -66.58467752, -9.90617436 ], [ -66.58405885, -9.90627002 ], [ -66.58374422, -9.90618016 ], [ -66.58336809, -9.90587711 ], [ -66.58320863, -9.90526278 ], [ -66.58268786, -9.90404517 ], [ -66.58229128, -9.90309125 ], [ -66.58227466, -9.90191481 ], [ -66.58240784, -9.89924943 ], [ -66.58259089, -9.89836225 ], [ -66.58276206, -9.89737487 ], [ -66.58267983, -9.89654836 ], [ -66.58259777, -9.8956968 ], [ -66.58208743, -9.89477961 ], [ -66.58049941, -9.89348998 ], [ -66.57984761, -9.89294718 ], [ -66.57948438, -9.8926067 ], [ -66.57909795, -9.89199072 ], [ -66.57882785, -9.89098766 ], [ -66.57802876, -9.88989319 ], [ -66.57770172, -9.8897782 ], [ -66.57729663, -9.88998802 ], [ -66.57663393, -9.89093431 ], [ -66.57545162, -9.89222725 ], [ -66.57436917, -9.89331903 ], [ -66.57362167, -9.89378917 ], [ -66.57307721, -9.89408558 ], [ -66.57245544, -9.89460667 ], [ -66.57221392, -9.89486772 ], [ -66.57177191, -9.89495213 ], [ -66.57101694, -9.89472143 ], [ -66.57041375, -9.89442924 ], [ -66.5701666, -9.89373919 ], [ -66.56928176, -9.8923062 ], [ -66.56860467, -9.89177572 ], [ -66.56762531, -9.891193 ], [ -66.5663085, -9.89019487 ], [ -66.56568408, -9.88936444 ], [ -66.56550056, -9.88880963 ], [ -66.56544248, -9.88813346 ], [ -66.56539747, -9.88739481 ], [ -66.56557927, -9.88668283 ], [ -66.5658958, -9.88650993 ], [ -66.56626159, -9.88650006 ], [ -66.56721821, -9.88674475 ], [ -66.56836433, -9.88694074 ], [ -66.56901997, -9.886958 ], [ -66.56944964, -9.88683596 ], [ -66.56979222, -9.88655062 ], [ -66.56987045, -9.88620079 ], [ -66.5698607, -9.88581278 ], [ -66.56952307, -9.88542241 ], [ -66.56872146, -9.8846783 ], [ -66.56828692, -9.88374912 ], [ -66.56731932, -9.88221305 ], [ -66.56672988, -9.8817708 ], [ -66.56524716, -9.88104679 ], [ -66.56460535, -9.88086694 ], [ -66.56357089, -9.88092203 ], [ -66.56262285, -9.88122801 ], [ -66.56059716, -9.88231456 ], [ -66.55935429, -9.88326912 ], [ -66.55786278, -9.88461436 ], [ -66.55699911, -9.88544653 ], [ -66.55544425, -9.88766269 ], [ -66.55462917, -9.88874547 ], [ -66.55370512, -9.88921427 ], [ -66.55291133, -9.88912091 ], [ -66.5519221, -9.88817517 ], [ -66.55098358, -9.88719227 ], [ -66.55027092, -9.88636117 ], [ -66.54981975, -9.88598247 ], [ -66.55009373, -9.8847456 ], [ -66.55074628, -9.88347395 ], [ -66.55109452, -9.88242532 ], [ -66.55049981, -9.88099442 ], [ -66.54918135, -9.880234 ], [ -66.54850461, -9.87966595 ], [ -66.54863087, -9.87793997 ], [ -66.54863837, -9.87692641 ], [ -66.54773411, -9.87643179 ], [ -66.54693888, -9.87653862 ], [ -66.54606715, -9.87675752 ], [ -66.54553318, -9.87734314 ], [ -66.54521205, -9.87812872 ], [ -66.54500404, -9.87896516 ], [ -66.5444417, -9.8799616 ], [ -66.54376436, -9.88115731 ], [ -66.54285926, -9.8824514 ], [ -66.54231397, -9.88284764 ], [ -66.54062139, -9.88415977 ], [ -66.53897662, -9.88484864 ], [ -66.53709157, -9.88562336 ], [ -66.53499303, -9.88627133 ], [ -66.53343915, -9.88661039 ], [ -66.53224045, -9.88667669 ], [ -66.52806984, -9.88588455 ], [ -66.52692375, -9.88566336 ], [ -66.52582979, -9.88521726 ], [ -66.52476058, -9.88483392 ], [ -66.52297419, -9.88422001 ], [ -66.52196779, -9.88387468 ], [ -66.52100258, -9.88307908 ], [ -66.51906736, -9.8811723 ], [ -66.51874406, -9.88055665 ], [ -66.5185223, -9.87985412 ], [ -66.51844049, -9.87898993 ], [ -66.51851115, -9.87797668 ], [ -66.51863159, -9.8770514 ], [ -66.518724, -9.87650138 ], [ -66.51872058, -9.87527482 ], [ -66.51836698, -9.87481126 ], [ -66.5180659, -9.87459627 ], [ -66.51737199, -9.8746287 ], [ -66.5160463, -9.87481918 ], [ -66.51509875, -9.87503747 ], [ -66.5141768, -9.87520589 ], [ -66.51273742, -9.87542055 ], [ -66.51144004, -9.8751982 ], [ -66.50987858, -9.87487377 ], [ -66.50804487, -9.87385895 ], [ -66.50703353, -9.87333055 ], [ -66.50552292, -9.87295641 ], [ -66.50435026, -9.87292269 ], [ -66.50292199, -9.87333764 ], [ -66.50224783, -9.87409609 ], [ -66.50203965, -9.87494561 ], [ -66.50250981, -9.8761506 ], [ -66.50323249, -9.87731992 ], [ -66.5034927, -9.87793511 ], [ -66.50371558, -9.87846289 ], [ -66.50480297, -9.87977258 ], [ -66.50502375, -9.88060025 ], [ -66.5055745, -9.88115502 ], [ -66.50591791, -9.88244668 ], [ -66.50572204, -9.88333384 ], [ -66.50530529, -9.88340584 ], [ -66.50462483, -9.8833257 ], [ -66.50399632, -9.8830457 ], [ -66.50369459, -9.88291831 ], [ -66.50231214, -9.88226975 ], [ -66.50159574, -9.88193903 ], [ -66.50096393, -9.88209704 ], [ -66.50040647, -9.88243082 ], [ -66.49953619, -9.88352601 ], [ -66.49878614, -9.88430892 ], [ -66.49817985, -9.88442957 ], [ -66.49777646, -9.88440154 ], [ -66.49734814, -9.88433578 ], [ -66.49598011, -9.88344951 ], [ -66.49421211, -9.88208467 ], [ -66.49333908, -9.88078907 ], [ -66.49313824, -9.87899785 ], [ -66.49317313, -9.87772152 ], [ -66.49288975, -9.87575671 ], [ -66.49213193, -9.87423669 ], [ -66.49114949, -9.87240211 ], [ -66.49107458, -9.87063687 ], [ -66.49125909, -9.86958693 ], [ -66.49136339, -9.86913715 ], [ -66.49133737, -9.86838094 ], [ -66.49102561, -9.86791554 ], [ -66.48965291, -9.86765501 ], [ -66.48729715, -9.86731205 ], [ -66.48442577, -9.8667775 ], [ -66.48293695, -9.86686651 ], [ -66.48192637, -9.86708424 ], [ -66.48099259, -9.86743104 ], [ -66.47955261, -9.86769547 ], [ -66.47762158, -9.86784363 ], [ -66.47545261, -9.86776485 ], [ -66.4735362, -9.86765042 ], [ -66.47170359, -9.8681245 ], [ -66.47065127, -9.86882959 ], [ -66.46951973, -9.86999688 ], [ -66.46916313, -9.8704445 ], [ -66.46729581, -9.87319269 ], [ -66.46622031, -9.87527504 ], [ -66.46555456, -9.87655934 ], [ -66.46408327, -9.87761226 ], [ -66.46265212, -9.87836504 ], [ -66.46160109, -9.87889538 ], [ -66.45909298, -9.87957286 ], [ -66.45808314, -9.87966537 ], [ -66.45677049, -9.87976811 ], [ -66.45580033, -9.87962309 ], [ -66.45524803, -9.87926843 ], [ -66.45487609, -9.87842694 ], [ -66.45502032, -9.87771454 ], [ -66.45551617, -9.87720507 ], [ -66.45661987, -9.87638725 ], [ -66.45719034, -9.87601604 ], [ -66.45872067, -9.87548933 ], [ -66.46014922, -9.87507451 ], [ -66.46075734, -9.87472861 ], [ -66.46101114, -9.87451382 ], [ -66.46119031, -9.8741772 ], [ -66.46091666, -9.87367444 ], [ -66.46071725, -9.87335999 ], [ -66.46051649, -9.87322079 ], [ -66.45973679, -9.87291449 ], [ -66.45820088, -9.87252737 ], [ -66.45753748, -9.87185894 ], [ -66.4568245, -9.87107748 ], [ -66.45590759, -9.87056985 ], [ -66.45477339, -9.87043612 ], [ -66.45410366, -9.87059378 ], [ -66.45341921, -9.87086762 ], [ -66.45251811, -9.87158681 ], [ -66.45168345, -9.87186841 ], [ -66.45036939, -9.87215888 ], [ -66.44888067, -9.87219768 ], [ -66.44736973, -9.87184827 ], [ -66.4447272, -9.87102712 ], [ -66.44291578, -9.87038751 ], [ -66.44135229, -9.86940793 ], [ -66.44062481, -9.86887668 ], [ -66.43950088, -9.86741613 ], [ -66.43848816, -9.86625684 ], [ -66.43739705, -9.86544743 ], [ -66.43669268, -9.86519174 ], [ -66.43595861, -9.86513467 ], [ -66.43456979, -9.86531186 ], [ -66.43345659, -9.86572897 ], [ -66.43164253, -9.86706703 ], [ -66.43029598, -9.86829597 ], [ -66.4277136, -9.86949044 ], [ -66.42699011, -9.87007322 ], [ -66.42562871, -9.87197908 ], [ -66.42517096, -9.87245124 ], [ -66.42494053, -9.87288758 ], [ -66.42495032, -9.87325066 ], [ -66.42569122, -9.87529662 ], [ -66.42607424, -9.87632596 ], [ -66.42718966, -9.88058801 ], [ -66.42833022, -9.88315024 ], [ -66.42907515, -9.88468304 ], [ -66.43115, -9.88975359 ], [ -66.43182053, -9.89112308 ], [ -66.43278215, -9.89236964 ], [ -66.43315783, -9.89272299 ], [ -66.43337856, -9.89353829 ], [ -66.43345191, -9.89415238 ], [ -66.43268576, -9.89534819 ], [ -66.43096687, -9.89740039 ], [ -66.42974427, -9.89889311 ], [ -66.42894395, -9.89961299 ], [ -66.42774311, -9.89992925 ], [ -66.42669772, -9.89972096 ], [ -66.42523862, -9.89918407 ], [ -66.41847796, -9.89715518 ], [ -66.41563523, -9.89611945 ], [ -66.41501911, -9.89586436 ], [ -66.41363923, -9.89536817 ], [ -66.41261091, -9.89459672 ], [ -66.41249994, -9.89427042 ], [ -66.4123655, -9.89371864 ], [ -66.41264563, -9.89338283 ], [ -66.41326467, -9.89326242 ], [ -66.41446177, -9.89342184 ], [ -66.41633628, -9.89406211 ], [ -66.41765961, -9.89420996 ], [ -66.4190647, -9.89519709 ], [ -66.4196413, -9.89566465 ], [ -66.42054742, -9.89593446 ], [ -66.42138031, -9.89589078 ], [ -66.42296461, -9.89492659 ], [ -66.42377427, -9.89386322 ], [ -66.42445283, -9.89257915 ], [ -66.42475367, -9.89120456 ], [ -66.42481562, -9.88972801 ], [ -66.42460705, -9.88897538 ], [ -66.42434782, -9.88824739 ], [ -66.42282595, -9.88637352 ], [ -66.42241196, -9.88608246 ], [ -66.42106997, -9.88509584 ], [ -66.4191769, -9.8836043 ], [ -66.41797473, -9.88248105 ], [ -66.41689236, -9.88217234 ], [ -66.41626211, -9.88211743 ], [ -66.41530196, -9.88231033 ], [ -66.41492249, -9.88244511 ], [ -66.41311432, -9.88234891 ], [ -66.41271344, -9.88199535 ], [ -66.412074, -9.88150227 ], [ -66.41193723, -9.87963617 ], [ -66.41195973, -9.87675742 ], [ -66.41168051, -9.8757013 ], [ -66.41110484, -9.87512109 ], [ -66.4107026, -9.87494276 ], [ -66.41010951, -9.87497575 ], [ -66.40971735, -9.87512294 ], [ -66.40922379, -9.87533194 ], [ -66.40890887, -9.87527944 ], [ -66.40860753, -9.87510189 ], [ -66.40841298, -9.87417413 ], [ -66.40827896, -9.87195758 ], [ -66.40661149, -9.87066801 ], [ -66.40547258, -9.87004084 ], [ -66.40415366, -9.86934225 ], [ -66.40323836, -9.86864677 ], [ -66.40292894, -9.86789336 ], [ -66.40304705, -9.86730597 ], [ -66.40331495, -9.86692001 ], [ -66.40455566, -9.86632874 ], [ -66.4049542, -9.86599179 ], [ -66.40522298, -9.86549317 ], [ -66.4053407, -9.86495585 ], [ -66.40523218, -9.86431665 ], [ -66.40458321, -9.86343546 ], [ -66.40332504, -9.86303774 ], [ -66.40211398, -9.86306597 ], [ -66.40088776, -9.86341951 ], [ -66.3984891, -9.86370142 ], [ -66.39595338, -9.86376947 ], [ -66.39192958, -9.86522688 ], [ -66.38986819, -9.86592439 ], [ -66.38855219, -9.86646494 ], [ -66.38685733, -9.86706513 ], [ -66.38345417, -9.86793173 ], [ -66.38210299, -9.86813403 ], [ -66.38027325, -9.86824498 ], [ -66.37823157, -9.86804134 ], [ -66.37623052, -9.86748756 ], [ -66.37522364, -9.86721686 ], [ -66.37313953, -9.86676713 ], [ -66.37163981, -9.86661775 ], [ -66.37044197, -9.86657087 ], [ -66.36904363, -9.86635968 ], [ -66.36788349, -9.86606305 ], [ -66.36644654, -9.86595169 ], [ -66.3648211, -9.86575124 ], [ -66.36373787, -9.86556754 ], [ -66.36265206, -9.86570924 ], [ -66.36172751, -9.86619016 ], [ -66.3611568, -9.86658621 ], [ -66.36080187, -9.86680874 ], [ -66.36037266, -9.86685544 ], [ -66.35980792, -9.86650056 ], [ -66.35829097, -9.86534966 ], [ -66.3577352, -9.86483917 ], [ -66.35758775, -9.86434987 ], [ -66.35756448, -9.86252226 ], [ -66.3577533, -9.86098421 ], [ -66.35754728, -9.8599312 ], [ -66.35676642, -9.85821031 ], [ -66.35606905, -9.85709087 ], [ -66.35525017, -9.85539473 ], [ -66.35503034, -9.85449181 ], [ -66.35504111, -9.85314011 ], [ -66.35551187, -9.85104102 ], [ -66.35574904, -9.84976618 ], [ -66.35584387, -9.84874792 ], [ -66.35528474, -9.84769214 ], [ -66.3550226, -9.84735215 ], [ -66.3534393, -9.8466263 ], [ -66.35234214, -9.8466177 ], [ -66.35094472, -9.84630634 ], [ -66.35038022, -9.84592642 ], [ -66.35016101, -9.84494841 ], [ -66.35073748, -9.84382645 ], [ -66.35165714, -9.84236923 ], [ -66.35174177, -9.84124341 ], [ -66.35174656, -9.84064265 ], [ -66.35062058, -9.83950733 ], [ -66.34937751, -9.8388217 ], [ -66.34711209, -9.83824068 ], [ -66.34537512, -9.837814 ], [ -66.34371022, -9.83783847 ], [ -66.34264884, -9.83809297 ], [ -66.34116859, -9.83868212 ], [ -66.3402201, -9.8390126 ], [ -66.33828738, -9.83941042 ], [ -66.33635646, -9.83958295 ], [ -66.33401271, -9.83933918 ], [ -66.33159812, -9.83849405 ], [ -66.33020468, -9.83769451 ], [ -66.32915356, -9.83667239 ], [ -66.32795413, -9.8352736 ], [ -66.32667391, -9.8345125 ], [ -66.32508743, -9.83419956 ], [ -66.32242618, -9.83471174 ], [ -66.32098468, -9.83518846 ], [ -66.31980709, -9.83577991 ], [ -66.31870788, -9.83603402 ], [ -66.3173829, -9.83613616 ], [ -66.31655062, -9.83612956 ], [ -66.3149678, -9.83536602 ], [ -66.31437009, -9.83442256 ], [ -66.31422726, -9.83337007 ], [ -66.31450238, -9.8320956 ], [ -66.31523328, -9.83059946 ], [ -66.31500841, -9.83033484 ], [ -66.31402817, -9.82991402 ], [ -66.31236214, -9.83008853 ], [ -66.3102022, -9.83052195 ], [ -66.30947887, -9.83107942 ], [ -66.30886024, -9.83272663 ], [ -66.30759209, -9.83515716 ], [ -66.30713022, -9.83612974 ], [ -66.307043, -9.83755588 ], [ -66.30669431, -9.83856691 ], [ -66.30623274, -9.83950194 ], [ -66.30558383, -9.84021018 ], [ -66.30444647, -9.84050149 ], [ -66.30354067, -9.84023143 ], [ -66.30294695, -9.83879987 ], [ -66.30265497, -9.83748334 ], [ -66.30258906, -9.83628129 ], [ -66.30275256, -9.83478066 ], [ -66.3020768, -9.83413695 ], [ -66.30150874, -9.83420751 ], [ -66.30036104, -9.83577537 ], [ -66.29940827, -9.83663137 ], [ -66.29769585, -9.83785676 ], [ -66.29583483, -9.83874303 ], [ -66.29449089, -9.84042135 ], [ -66.29342246, -9.84153924 ], [ -66.29247333, -9.84194465 ], [ -66.29156325, -9.8422002 ], [ -66.29050461, -9.84211661 ], [ -66.28914456, -9.84188042 ], [ -66.28789645, -9.84183285 ], [ -66.28714015, -9.84178923 ], [ -66.28600064, -9.84234329 ], [ -66.28515764, -9.84365069 ], [ -66.28442995, -9.84473372 ], [ -66.28382159, -9.8451043 ], [ -66.28306407, -9.84521086 ], [ -66.28197066, -9.84475149 ], [ -66.28020707, -9.84297256 ], [ -66.2793422, -9.84232729 ], [ -66.27885748, -9.84145979 ], [ -66.27897957, -9.84040945 ], [ -66.27986688, -9.83831393 ], [ -66.28053455, -9.8353155 ], [ -66.28092482, -9.83385428 ], [ -66.28089435, -9.8329529 ], [ -66.27991571, -9.83234427 ], [ -66.27787478, -9.83210257 ], [ -66.27716156, -9.83142097 ], [ -66.27664395, -9.82995246 ], [ -66.27657535, -9.82908831 ], [ -66.27555337, -9.82915518 ], [ -66.27471837, -9.82948637 ], [ -66.27384647, -9.82970464 ], [ -66.27297642, -9.82969762 ], [ -66.27199872, -9.82897634 ], [ -66.27140762, -9.8272444 ], [ -66.27045792, -9.82772485 ], [ -66.27067657, -9.82874039 ], [ -66.27135712, -9.83032299 ], [ -66.27262209, -9.83294753 ], [ -66.27277795, -9.83393699 ], [ -66.2729287, -9.83551707 ], [ -66.27246982, -9.83611412 ], [ -66.27174861, -9.83640868 ], [ -66.27072722, -9.83640043 ], [ -66.26910673, -9.8356364 ], [ -66.26752283, -9.83502285 ], [ -66.2652565, -9.83459151 ], [ -66.26344318, -9.83427646 ], [ -66.26200506, -9.83389899 ], [ -66.26057529, -9.83294872 ], [ -66.25956104, -9.83207693 ], [ -66.25763458, -9.83172339 ], [ -66.25585293, -9.8321595 ], [ -66.25501669, -9.83264083 ], [ -66.25409517, -9.83428539 ], [ -66.25310543, -9.8350283 ], [ -66.25181647, -9.83535574 ], [ -66.25075789, -9.83527203 ], [ -66.24970117, -9.83496307 ], [ -66.24800852, -9.83378535 ], [ -66.24666847, -9.83114619 ], [ -66.24633672, -9.83009218 ], [ -66.24577645, -9.82922405 ], [ -66.24456845, -9.82891384 ], [ -66.24400601, -9.82830852 ], [ -66.24431734, -9.82725975 ], [ -66.24500911, -9.82595126 ], [ -66.24494433, -9.8246366 ], [ -66.24419711, -9.82350413 ], [ -66.24306696, -9.82293173 ], [ -66.24162799, -9.82310774 ], [ -66.24044789, -9.82399923 ], [ -66.23957071, -9.82485564 ], [ -66.23866892, -9.82867801 ], [ -66.23813435, -9.82927438 ], [ -66.23722806, -9.82907925 ], [ -66.23655527, -9.82809756 ], [ -66.23672248, -9.82618406 ], [ -66.23734048, -9.82464971 ], [ -66.2375002, -9.82363727 ], [ -66.23675644, -9.8220918 ], [ -66.23604709, -9.82095962 ], [ -66.23556438, -9.81986684 ], [ -66.23498646, -9.81814198 ], [ -66.23442593, -9.81731138 ], [ -66.23378819, -9.81666789 ], [ -66.2329979, -9.81617333 ], [ -66.23201349, -9.81627793 ], [ -66.23132858, -9.81676043 ], [ -66.2304833, -9.81833045 ], [ -66.22979151, -9.8196389 ], [ -66.2291419, -9.82042205 ], [ -66.22682076, -9.82205507 ], [ -66.22461839, -9.82305076 ], [ -66.22104047, -9.82568716 ], [ -66.22005071, -9.82642994 ], [ -66.2184066, -9.82851898 ], [ -66.21767596, -9.82993971 ], [ -66.21642328, -9.83045504 ], [ -66.21516902, -9.83115808 ], [ -66.21386559, -9.83178071 ], [ -66.21234119, -9.83311978 ], [ -66.21130254, -9.83517622 ], [ -66.21042181, -9.8364455 ], [ -66.2101898, -9.83704431 ], [ -66.20995654, -9.83779329 ], [ -66.2088545, -9.83838492 ], [ -66.20699654, -9.8388952 ], [ -66.20479906, -9.83929003 ], [ -66.20252784, -9.83945896 ], [ -66.20143559, -9.83888674 ], [ -66.19985443, -9.83797257 ], [ -66.19899548, -9.83665137 ], [ -66.19832092, -9.83589488 ], [ -66.19711996, -9.83475858 ], [ -66.1959152, -9.83407277 ], [ -66.19301143, -9.83299742 ], [ -66.19109022, -9.83204284 ], [ -66.19083145, -9.83132734 ], [ -66.19125832, -9.83005436 ], [ -66.19266517, -9.82920251 ], [ -66.19353991, -9.8286466 ], [ -66.19411205, -9.82808817 ], [ -66.19446198, -9.82696472 ], [ -66.19399398, -9.82414497 ], [ -66.19347234, -9.82320202 ], [ -66.19249743, -9.82218022 ], [ -66.19166686, -9.82198561 ], [ -66.19098538, -9.82205505 ], [ -66.19026258, -9.82253713 ], [ -66.18957253, -9.8236202 ], [ -66.18797429, -9.82603228 ], [ -66.18588534, -9.82702629 ], [ -66.18445083, -9.82667646 ], [ -66.18355065, -9.82576789 ], [ -66.18352076, -9.82482903 ], [ -66.18360499, -9.82381603 ], [ -66.18471176, -9.82266135 ], [ -66.18611858, -9.82180952 ], [ -66.18718592, -9.82084223 ], [ -66.18829552, -9.81934966 ], [ -66.18890863, -9.81841612 ], [ -66.19038633, -9.81812803 ], [ -66.19272987, -9.81833519 ], [ -66.19337732, -9.81781493 ], [ -66.19361092, -9.81702843 ], [ -66.19346911, -9.8159009 ], [ -66.19310541, -9.81417082 ], [ -66.19289617, -9.81206657 ], [ -66.19290281, -9.81127818 ], [ -66.1924622, -9.80969764 ], [ -66.19167549, -9.80879005 ], [ -66.1911132, -9.80818467 ], [ -66.1900592, -9.80757522 ], [ -66.18873539, -9.80756424 ], [ -66.18748341, -9.8080044 ], [ -66.18588913, -9.80866696 ], [ -66.18444709, -9.80921816 ], [ -66.18218022, -9.80889897 ], [ -66.18052553, -9.80775886 ], [ -66.17935905, -9.80703582 ], [ -66.17792368, -9.8067986 ], [ -66.17518276, -9.80729532 ], [ -66.17438593, -9.80758904 ], [ -66.17355383, -9.8075821 ], [ -66.17291434, -9.80716378 ], [ -66.17269314, -9.80648613 ], [ -66.17304436, -9.80521256 ], [ -66.17350555, -9.80435288 ], [ -66.17396673, -9.8034932 ], [ -66.17371151, -9.80236475 ], [ -66.17281618, -9.80089306 ], [ -66.17176735, -9.79968289 ], [ -66.17072234, -9.79802223 ], [ -66.16948027, -9.79729853 ], [ -66.16797187, -9.79676033 ], [ -66.16522462, -9.795123 ], [ -66.16344862, -9.79492044 ], [ -66.16201078, -9.7949835 ], [ -66.16057965, -9.7942582 ], [ -66.1589283, -9.79274262 ], [ -66.15799045, -9.79183372 ], [ -66.15583564, -9.79170304 ], [ -66.15428372, -9.79184021 ], [ -66.1526912, -9.79127132 ], [ -66.15160465, -9.79006081 ], [ -66.15024856, -9.7894112 ], [ -66.14903256, -9.79007677 ], [ -66.14781655, -9.79074235 ], [ -66.14679284, -9.79103409 ], [ -66.1461499, -9.79102868 ], [ -66.14508901, -9.79124503 ], [ -66.14466625, -9.79202988 ], [ -66.14457424, -9.79394383 ], [ -66.14438001, -9.79454289 ], [ -66.14396013, -9.79498988 ], [ -66.14327454, -9.79554726 ], [ -66.14228992, -9.79568915 ], [ -66.14168962, -9.79512094 ], [ -66.14143516, -9.79391741 ], [ -66.14125441, -9.79293976 ], [ -66.1405804, -9.79214566 ], [ -66.13899196, -9.79213228 ], [ -66.13785607, -9.79227289 ], [ -66.1369484, -9.79226523 ], [ -66.13536061, -9.79217675 ], [ -66.13441317, -9.79239401 ], [ -66.13270355, -9.79328061 ], [ -66.13088078, -9.7941287 ], [ -66.13000866, -9.79438413 ], [ -66.12887988, -9.79369881 ], [ -66.12813575, -9.79226588 ], [ -66.12731372, -9.79109509 ], [ -66.12633107, -9.7910117 ], [ -66.12519132, -9.79160273 ], [ -66.12386602, -9.79177922 ], [ -66.1229087, -9.79215222 ], [ -66.12284425, -9.79209674 ], [ -66.12202921, -9.79300187 ], [ -66.12193444, -9.79373234 ], [ -66.1223251, -9.79459855 ], [ -66.12240889, -9.79514039 ], [ -66.12230039, -9.79575373 ], [ -66.12185454, -9.79615946 ], [ -66.12130862, -9.79619871 ], [ -66.11995582, -9.7957631 ], [ -66.11822106, -9.79516336 ], [ -66.11699781, -9.79509447 ], [ -66.11614265, -9.7950872 ], [ -66.11533198, -9.79505106 ], [ -66.11489194, -9.79478407 ], [ -66.11362008, -9.79351548 ], [ -66.11332786, -9.79320587 ], [ -66.11291654, -9.79302687 ], [ -66.11244563, -9.79292048 ], [ -66.11191295, -9.79313534 ], [ -66.11135003, -9.79343767 ], [ -66.11056468, -9.79388437 ], [ -66.10959597, -9.79423303 ], [ -66.1091553, -9.79403901 ], [ -66.10889219, -9.79377332 ], [ -66.10877842, -9.79328935 ], [ -66.10900313, -9.79288145 ], [ -66.10949398, -9.79238801 ], [ -66.10982253, -9.79190781 ], [ -66.1101062, -9.79150041 ], [ -66.11021435, -9.79093052 ], [ -66.10996952, -9.79025517 ], [ -66.10956101, -9.78975406 ], [ -66.10857647, -9.78936515 ], [ -66.10726872, -9.78884174 ], [ -66.10588966, -9.78803964 ], [ -66.1048182, -9.78747434 ], [ -66.10400882, -9.78729181 ], [ -66.10310947, -9.78728413 ], [ -66.10245923, -9.78745422 ], [ -66.10198079, -9.78758135 ], [ -66.10137301, -9.7879567 ], [ -66.10052703, -9.78859347 ], [ -66.09957659, -9.78937569 ], [ -66.09867176, -9.78999732 ], [ -66.09818281, -9.79027122 ], [ -66.09776694, -9.79061893 ], [ -66.09709559, -9.79152063 ], [ -66.09679397, -9.79229376 ], [ -66.09649388, -9.79289126 ], [ -66.09627958, -9.79379687 ], [ -66.09630373, -9.79441178 ], [ -66.09640081, -9.79511667 ], [ -66.09696449, -9.7964241 ], [ -66.09796273, -9.79862804 ], [ -66.09832484, -9.79937758 ], [ -66.09865708, -9.80017077 ], [ -66.09955595, -9.80193477 ], [ -66.10033006, -9.80441575 ], [ -66.10084431, -9.80632284 ], [ -66.10096595, -9.80759722 ], [ -66.10077628, -9.80905919 ], [ -66.10050261, -9.8100082 ], [ -66.09954259, -9.81224096 ], [ -66.09917636, -9.81365752 ], [ -66.09867845, -9.81495587 ], [ -66.09815678, -9.81559538 ], [ -66.0977401, -9.81603089 ], [ -66.0972802, -9.81634894 ], [ -66.09652631, -9.81656202 ], [ -66.09540125, -9.81706463 ], [ -66.09408449, -9.81794265 ], [ -66.09353497, -9.81839165 ], [ -66.09298763, -9.81859186 ], [ -66.09242682, -9.81864558 ], [ -66.09201435, -9.81859813 ], [ -66.09157367, -9.81840408 ], [ -66.09110643, -9.81787317 ], [ -66.08997464, -9.81577052 ], [ -66.08897362, -9.81388851 ], [ -66.08779875, -9.81165376 ], [ -66.08746316, -9.8105501 ], [ -66.08715055, -9.80920091 ], [ -66.08705513, -9.80830731 ], [ -66.08694473, -9.80744283 ], [ -66.0868633, -9.80663716 ], [ -66.08647313, -9.80572638 ], [ -66.0859077, -9.80462383 ], [ -66.08474211, -9.8031432 ], [ -66.08349642, -9.80226898 ], [ -66.08217253, -9.80190633 ], [ -66.08089187, -9.80166114 ], [ -66.08031878, -9.80143667 ], [ -66.07906003, -9.80037205 ], [ -66.07853934, -9.79926607 ], [ -66.07863549, -9.79838876 ], [ -66.0792328, -9.79753039 ], [ -66.08003305, -9.79706893 ], [ -66.08069881, -9.79681121 ], [ -66.08226216, -9.79676611 ], [ -66.08434076, -9.79681326 ], [ -66.08513807, -9.79668838 ], [ -66.0858346, -9.79628456 ], [ -66.08623652, -9.79584894 ], [ -66.08638727, -9.7954697 ], [ -66.08649405, -9.79506081 ], [ -66.08620723, -9.79413629 ], [ -66.08584638, -9.79363046 ], [ -66.08473302, -9.79280129 ], [ -66.08354736, -9.7918105 ], [ -66.08253671, -9.79104075 ], [ -66.08144889, -9.79066551 ], [ -66.08008057, -9.79033176 ], [ -66.07775496, -9.78987268 ], [ -66.07525577, -9.78903156 ], [ -66.07253048, -9.78826275 ], [ -66.07088052, -9.78810216 ], [ -66.06953838, -9.78814913 ], [ -66.06857854, -9.78831647 ], [ -66.06695075, -9.78899029 ], [ -66.06541413, -9.78935754 ], [ -66.06375994, -9.78967986 ], [ -66.06171712, -9.79014629 ], [ -66.06038946, -9.79022261 ], [ -66.05916849, -9.78990469 ], [ -66.05731628, -9.78927395 ], [ -66.05550573, -9.78893628 ], [ -66.0529292, -9.78851876 ], [ -66.05214488, -9.78845638 ], [ -66.05095031, -9.78848991 ], [ -66.04997573, -9.78865707 ], [ -66.04868883, -9.78912886 ], [ -66.04714988, -9.78975944 ], [ -66.04567106, -9.79025882 ], [ -66.04457698, -9.79060054 ], [ -66.04360227, -9.79078231 ], [ -66.04220221, -9.79071157 ], [ -66.04112222, -9.79046154 ], [ -66.04000449, -9.79014445 ], [ -66.03929813, -9.78999195 ], [ -66.0385306, -9.7900877 ], [ -66.03796713, -9.79044866 ], [ -66.03725285, -9.79118883 ], [ -66.03662819, -9.79179806 ], [ -66.03531401, -9.79202075 ], [ -66.03466467, -9.79208825 ], [ -66.03430695, -9.79252418 ], [ -66.03421303, -9.79313804 ], [ -66.03408339, -9.79445408 ], [ -66.03413222, -9.79559605 ], [ -66.03414137, -9.79622545 ], [ -66.03380974, -9.79704212 ], [ -66.03360506, -9.79879871 ], [ -66.03344501, -9.80021693 ], [ -66.03304113, -9.80252576 ], [ -66.03282808, -9.80327029 ], [ -66.03136146, -9.80772317 ], [ -66.03059051, -9.80985315 ], [ -66.03021268, -9.81088895 ], [ -66.02945145, -9.81231965 ], [ -66.02919767, -9.81266867 ], [ -66.02881838, -9.81386543 ], [ -66.02819001, -9.81488437 ], [ -66.02740245, -9.81556531 ], [ -66.0261594, -9.81606663 ], [ -66.02466702, -9.8164194 ], [ -66.02316459, -9.81624521 ], [ -66.02179115, -9.81565081 ], [ -66.02095363, -9.81532147 ], [ -66.02012096, -9.81445068 ], [ -66.01958095, -9.81383125 ], [ -66.01914532, -9.81308103 ], [ -66.01707976, -9.80993096 ], [ -66.01590036, -9.80826682 ], [ -66.01181079, -9.80359501 ], [ -66.01020453, -9.80185393 ], [ -66.00877009, -9.80068513 ], [ -66.00667801, -9.79886657 ], [ -66.0058424, -9.79833235 ], [ -65.99347121, -9.80568724 ], [ -65.99183128, -9.8037864 ], [ -65.99113165, -9.80311738 ], [ -65.99063611, -9.80307296 ], [ -65.99025339, -9.80317491 ], [ -65.9899216, -9.80342377 ], [ -65.98967717, -9.8037455 ], [ -65.98940905, -9.80417805 ], [ -65.98916074, -9.80461917 ], [ -65.98868852, -9.80570476 ], [ -65.98821059, -9.80620072 ], [ -65.98747275, -9.80669915 ], [ -65.98679858, -9.80738125 ], [ -65.98484267, -9.80991832 ], [ -65.98364008, -9.81099856 ], [ -65.98326819, -9.81094067 ], [ -65.98283346, -9.8107851 ], [ -65.9825319, -9.81032113 ], [ -65.98233352, -9.8096622 ], [ -65.98258239, -9.80851732 ], [ -65.98306879, -9.80761588 ], [ -65.98354589, -9.80703395 ], [ -65.98423269, -9.80637629 ], [ -65.98450773, -9.80537859 ], [ -65.98447702, -9.80476463 ], [ -65.98414787, -9.80400608 ], [ -65.98354833, -9.80344667 ], [ -65.9830395, -9.80317273 ], [ -65.98170083, -9.80297662 ], [ -65.98051317, -9.80303705 ], [ -65.97924184, -9.8034054 ], [ -65.97760526, -9.80440376 ], [ -65.9760665, -9.80527831 ], [ -65.97427725, -9.80584812 ], [ -65.97259032, -9.80564321 ], [ -65.97108336, -9.80596463 ], [ -65.96866349, -9.8066018 ], [ -65.96720024, -9.80632081 ], [ -65.96623863, -9.80543311 ], [ -65.96553704, -9.80455524 ], [ -65.96550497, -9.80379388 ], [ -65.96583228, -9.80307826 ], [ -65.96611398, -9.80276847 ], [ -65.96678016, -9.80254104 ], [ -65.96764521, -9.80239771 ], [ -65.96878726, -9.80209851 ], [ -65.97044036, -9.80153002 ], [ -65.97155783, -9.80061035 ], [ -65.97249381, -9.80012236 ], [ -65.97313737, -9.80011625 ], [ -65.97457409, -9.80021318 ], [ -65.97537629, -9.79997214 ], [ -65.97574999, -9.79893666 ], [ -65.97573801, -9.79769599 ], [ -65.97599925, -9.79560062 ], [ -65.97623693, -9.79457941 ], [ -65.97717142, -9.79137861 ], [ -65.97724672, -9.7902832 ], [ -65.97725456, -9.78921926 ], [ -65.97713358, -9.78822552 ], [ -65.97659929, -9.78671982 ], [ -65.97576021, -9.78440635 ], [ -65.97552786, -9.78341367 ], [ -65.9754822, -9.78252973 ], [ -65.9756564, -9.78134894 ], [ -65.97601762, -9.78031375 ], [ -65.97589522, -9.77917262 ], [ -65.97544373, -9.77855048 ], [ -65.97425055, -9.77800911 ], [ -65.97238248, -9.77677405 ], [ -65.97185355, -9.77582102 ], [ -65.97094632, -9.77413463 ], [ -65.97027213, -9.77351462 ], [ -65.96952691, -9.77322692 ], [ -65.96737295, -9.77313683 ], [ -65.96637039, -9.7731095 ], [ -65.96418146, -9.77324083 ], [ -65.96310396, -9.77314049 ], [ -65.96233975, -9.77272628 ], [ -65.96125622, -9.77199959 ], [ -65.95999101, -9.77167995 ], [ -65.95847022, -9.77180491 ], [ -65.95735632, -9.7717786 ], [ -65.95627422, -9.77119929 ], [ -65.95428819, -9.76926516 ], [ -65.9525574, -9.76684959 ], [ -65.95162026, -9.76590042 ], [ -65.94920197, -9.76533372 ], [ -65.94815737, -9.76479088 ], [ -65.94773919, -9.7637631 ], [ -65.94691483, -9.76296025 ], [ -65.94583738, -9.76285989 ], [ -65.94506541, -9.76321298 ], [ -65.94435942, -9.76357393 ], [ -65.94325263, -9.76428448 ], [ -65.94198638, -9.765303 ], [ -65.94190045, -9.7679568 ], [ -65.94184668, -9.77009444 ], [ -65.94144932, -9.77124045 ], [ -65.94011627, -9.77158463 ], [ -65.93840957, -9.77167438 ], [ -65.93562527, -9.77035306 ], [ -65.93475514, -9.76994012 ], [ -65.93229556, -9.76893152 ], [ -65.93068088, -9.76699381 ], [ -65.92970178, -9.76552914 ], [ -65.92891847, -9.76513119 ], [ -65.92788061, -9.76528831 ], [ -65.92695727, -9.76577599 ], [ -65.92584553, -9.76597065 ], [ -65.9253588, -9.76553306 ], [ -65.92512908, -9.76479827 ], [ -65.9255335, -9.76438918 ], [ -65.9260503, -9.76408955 ], [ -65.92693725, -9.76367592 ], [ -65.92774923, -9.76318928 ], [ -65.92814836, -9.76222753 ], [ -65.9278087, -9.76164117 ], [ -65.92702433, -9.76113268 ], [ -65.92564367, -9.76037187 ], [ -65.92519125, -9.75963918 ], [ -65.9255494, -9.75827249 ], [ -65.92594994, -9.7574581 ], [ -65.92538371, -9.75646856 ], [ -65.92426604, -9.75603689 ], [ -65.92289136, -9.75590241 ], [ -65.92179751, -9.75602648 ], [ -65.9191718, -9.75704596 ], [ -65.91788013, -9.75783183 ], [ -65.91707131, -9.75865001 ], [ -65.9171529, -9.75942303 ], [ -65.91821106, -9.76140282 ], [ -65.91911305, -9.76257346 ], [ -65.91957003, -9.76378511 ], [ -65.91928011, -9.76452475 ], [ -65.91817748, -9.76567731 ], [ -65.91588608, -9.76673043 ], [ -65.91429498, -9.76726116 ], [ -65.91162751, -9.76780192 ], [ -65.91063096, -9.76840076 ], [ -65.90897156, -9.76955847 ], [ -65.90708211, -9.76994455 ], [ -65.90511286, -9.76974183 ], [ -65.90432714, -9.76908592 ], [ -65.90383696, -9.76827988 ], [ -65.90351702, -9.76585103 ], [ -65.9033724, -9.76397942 ], [ -65.90172887, -9.76288936 ], [ -65.89934442, -9.76195356 ], [ -65.89722747, -9.76182588 ], [ -65.89362104, -9.76119619 ], [ -65.89242294, -9.76010195 ], [ -65.89199763, -9.75830047 ], [ -65.89112871, -9.75668735 ], [ -65.89000451, -9.75555558 ], [ -65.88911376, -9.75556385 ], [ -65.88666423, -9.75558658 ], [ -65.88458792, -9.7558269 ], [ -65.88229102, -9.75629032 ], [ -65.87969547, -9.75657227 ], [ -65.87798615, -9.75636701 ], [ -65.87586928, -9.75623921 ], [ -65.87520366, -9.75650326 ], [ -65.87409577, -9.75710302 ], [ -65.87336041, -9.75784671 ], [ -65.87285154, -9.75899359 ], [ -65.87323615, -9.76042699 ], [ -65.87310739, -9.76252833 ], [ -65.87281046, -9.76408857 ], [ -65.87196926, -9.76542275 ], [ -65.8701325, -9.76746613 ], [ -65.86714345, -9.7693359 ], [ -65.86529768, -9.77042137 ], [ -65.86526952, -9.77137958 ], [ -65.86602387, -9.7726622 ], [ -65.86725764, -9.77360881 ], [ -65.86949698, -9.7749146 ], [ -65.87151398, -9.77625928 ], [ -65.87233984, -9.77724648 ], [ -65.87264713, -9.778349 ], [ -65.87273722, -9.78004302 ], [ -65.87220181, -9.78200406 ], [ -65.87154646, -9.78337335 ], [ -65.87149773, -9.78610029 ], [ -65.87318833, -9.78825858 ], [ -65.8748308, -9.78923827 ], [ -65.87632482, -9.79021932 ], [ -65.87637987, -9.79213474 ], [ -65.87558121, -9.79405802 ], [ -65.87448317, -9.79572614 ], [ -65.87282594, -9.79714148 ], [ -65.86971937, -9.7983859 ], [ -65.86552913, -9.79886649 ], [ -65.85996108, -9.79888067 ], [ -65.85728482, -9.79849987 ], [ -65.85536923, -9.79756723 ], [ -65.85240922, -9.79460991 ], [ -65.85098781, -9.7934439 ], [ -65.84942684, -9.79323709 ], [ -65.84801879, -9.79350784 ], [ -65.84568828, -9.79437651 ], [ -65.84438714, -9.79416731 ], [ -65.84390053, -9.79372962 ], [ -65.84388653, -9.79221916 ], [ -65.84436017, -9.79125691 ], [ -65.845174, -9.79095473 ], [ -65.84620815, -9.79039265 ], [ -65.84723955, -9.78953582 ], [ -65.84767743, -9.78872127 ], [ -65.84744789, -9.78798649 ], [ -65.844454, -9.78536106 ], [ -65.84157287, -9.78288196 ], [ -65.83933297, -9.78150232 ], [ -65.83655118, -9.77986327 ], [ -65.83534476, -9.77784787 ], [ -65.83473866, -9.77652703 ], [ -65.83418974, -9.7733635 ], [ -65.8335462, -9.77200615 ], [ -65.83268473, -9.77116659 ], [ -65.83096727, -9.77007692 ], [ -65.82933086, -9.76972337 ], [ -65.82814526, -9.76995521 ], [ -65.82603352, -9.77037967 ], [ -65.82421326, -9.77021198 ], [ -65.82305798, -9.76970667 ], [ -65.822566, -9.76867953 ], [ -65.82223887, -9.76751207 ], [ -65.82277654, -9.76544399 ], [ -65.82357059, -9.76300515 ], [ -65.82374153, -9.76141935 ], [ -65.82324955, -9.76039221 ], [ -65.82212733, -9.75944449 ], [ -65.82082262, -9.75883001 ], [ -65.81896396, -9.75851528 ], [ -65.81781552, -9.75874677 ], [ -65.81607804, -9.75949937 ], [ -65.81431023, -9.76098909 ], [ -65.81320839, -9.76225173 ], [ -65.81255323, -9.76365767 ], [ -65.81182081, -9.76473273 ], [ -65.81082317, -9.76522071 ], [ -65.80959845, -9.76523179 ], [ -65.80840003, -9.76406365 ], [ -65.80663513, -9.76183221 ], [ -65.80535946, -9.7603332 ], [ -65.80468569, -9.75971296 ], [ -65.8037552, -9.75942663 ], [ -65.802905, -9.75980272 ], [ -65.80254099, -9.76057969 ], [ -65.80254977, -9.76153751 ], [ -65.80282171, -9.76286138 ], [ -65.80321496, -9.76501841 ], [ -65.80378616, -9.76659748 ], [ -65.80518061, -9.76890596 ], [ -65.80664018, -9.77021911 ], [ -65.80798132, -9.77075965 ], [ -65.81035959, -9.77106975 ], [ -65.81407804, -9.77180982 ], [ -65.81508722, -9.77257438 ], [ -65.81602896, -9.77407642 ], [ -65.81596759, -9.77547699 ], [ -65.81557458, -9.77713846 ], [ -65.81491906, -9.77850757 ], [ -65.81422303, -9.77950862 ], [ -65.81305368, -9.78099912 ], [ -65.81088488, -9.78330294 ], [ -65.80975527, -9.78559737 ], [ -65.8093008, -9.78865938 ], [ -65.80886925, -9.79017382 ], [ -65.80732492, -9.79177195 ], [ -65.80591858, -9.79222672 ], [ -65.80432094, -9.79205689 ], [ -65.80215882, -9.79104475 ], [ -65.80136863, -9.78987291 ], [ -65.800541, -9.78866456 ], [ -65.79968903, -9.78885643 ], [ -65.79899227, -9.78978374 ], [ -65.79892745, -9.79081589 ], [ -65.79894695, -9.79295256 ], [ -65.79888551, -9.79435311 ], [ -65.79796502, -9.79517191 ], [ -65.79699766, -9.79492269 ], [ -65.79512343, -9.7929132 ], [ -65.79280081, -9.79057615 ], [ -65.79190166, -9.78966315 ], [ -65.79056352, -9.7894541 ], [ -65.78967646, -9.7898673 ], [ -65.78871517, -9.79028117 ], [ -65.78774651, -9.78988458 ], [ -65.78597053, -9.78822776 ], [ -65.78420372, -9.78577517 ], [ -65.78355806, -9.78415992 ], [ -65.78346976, -9.78261337 ], [ -65.78362183, -9.77892786 ], [ -65.78381602, -9.77579459 ], [ -65.78287446, -9.77429252 ], [ -65.78123213, -9.77327565 ], [ -65.77947713, -9.77211242 ], [ -65.77850939, -9.77075126 ], [ -65.77808643, -9.76913403 ], [ -65.77877581, -9.76739632 ], [ -65.77975605, -9.76499286 ], [ -65.78083653, -9.76137272 ], [ -65.78166057, -9.75812329 ], [ -65.78266603, -9.75442222 ], [ -65.78329806, -9.7504745 ], [ -65.78355831, -9.74645643 ], [ -65.78324428, -9.74458033 ], [ -65.78248427, -9.74263456 ], [ -65.7812061, -9.7408408 ], [ -65.77933554, -9.73919973 ], [ -65.77814538, -9.73891568 ], [ -65.77539264, -9.73820355 ], [ -65.77309226, -9.73826099 ], [ -65.77190948, -9.73878737 ], [ -65.77077053, -9.74005016 ], [ -65.77000566, -9.74164117 ], [ -65.77005648, -9.7431512 ], [ -65.77077092, -9.74417636 ], [ -65.77155925, -9.74516402 ], [ -65.77193839, -9.74604482 ], [ -65.77213869, -9.74742324 ], [ -65.77248975, -9.74929901 ], [ -65.77332123, -9.75094942 ], [ -65.77467828, -9.75325827 ], [ -65.77506546, -9.75502319 ], [ -65.77497456, -9.75727132 ], [ -65.77548614, -9.76047194 ], [ -65.77546309, -9.76201947 ], [ -65.77457978, -9.76283788 ], [ -65.77269347, -9.76355472 ], [ -65.76864418, -9.76507948 ], [ -65.76701897, -9.7659413 ], [ -65.76617409, -9.7669067 ], [ -65.76436263, -9.76769649 ], [ -65.76162373, -9.76853137 ], [ -65.76007138, -9.76924514 ], [ -65.75934081, -9.77054106 ], [ -65.75816987, -9.77239349 ], [ -65.75704201, -9.77490866 ], [ -65.7557597, -9.77676207 ], [ -65.75269281, -9.7803908 ], [ -65.75154308, -9.78151108 ], [ -65.75063241, -9.78239841 ], [ -65.74730652, -9.78401195 ], [ -65.74452442, -9.78418389 ], [ -65.74214328, -9.78354178 ], [ -65.74028108, -9.78282141 ], [ -65.73904845, -9.78194813 ], [ -65.73855973, -9.78125247 ], [ -65.73847792, -9.78040587 ], [ -65.73873077, -9.77963001 ], [ -65.73879673, -9.77870843 ], [ -65.73899992, -9.77653309 ], [ -65.73909441, -9.77465341 ], [ -65.7389669, -9.77284938 ], [ -65.73872771, -9.77100951 ], [ -65.73885799, -9.76898215 ], [ -65.73899419, -9.76761789 ], [ -65.73796171, -9.76684552 ], [ -65.73594553, -9.76550023 ], [ -65.73516094, -9.76491771 ], [ -65.73287645, -9.76261695 ], [ -65.72925408, -9.76010694 ], [ -65.72590043, -9.7585892 ], [ -65.72232975, -9.75769962 ], [ -65.71898604, -9.75728692 ], [ -65.71609257, -9.75742283 ], [ -65.71250027, -9.75826478 ], [ -65.70975819, -9.75873086 ], [ -65.70797404, -9.75841492 ], [ -65.70606945, -9.75758519 ], [ -65.70315442, -9.75528983 ], [ -65.70127779, -9.75291171 ], [ -65.69862717, -9.75112977 ], [ -65.69643263, -9.75055949 ], [ -65.6940246, -9.75102254 ], [ -65.69087931, -9.75204456 ], [ -65.68983836, -9.75183259 ], [ -65.68871735, -9.75095823 ], [ -65.6879687, -9.75022798 ], [ -65.68730176, -9.75034429 ], [ -65.68693818, -9.75119472 ], [ -65.6872474, -9.75259188 ], [ -65.68766908, -9.75379403 ], [ -65.68772278, -9.7556723 ], [ -65.68718569, -9.75788726 ], [ -65.68742133, -9.75935873 ], [ -65.68817389, -9.760531 ], [ -65.68911298, -9.76181218 ], [ -65.6892321, -9.76269526 ], [ -65.68857033, -9.76340093 ], [ -65.68709023, -9.76389268 ], [ -65.68608799, -9.76386454 ], [ -65.68422577, -9.7631071 ], [ -65.68314089, -9.76212187 ], [ -65.68198373, -9.76135831 ], [ -65.68094699, -9.76162516 ], [ -65.68062145, -9.76258576 ], [ -65.68096839, -9.76405627 ], [ -65.68188136, -9.76659017 ], [ -65.68286303, -9.76849724 ], [ -65.68420673, -9.76936969 ], [ -65.68603381, -9.77034848 ], [ -65.68767147, -9.77088685 ], [ -65.69045887, -9.77134156 ], [ -65.69284846, -9.77082893 ], [ -65.69436472, -9.77022634 ], [ -65.69676835, -9.76924763 ], [ -65.69872698, -9.76830962 ], [ -65.70049908, -9.7672627 ], [ -65.70175523, -9.7666255 ], [ -65.70293912, -9.76620996 ], [ -65.7048652, -9.76578792 ], [ -65.70709009, -9.76558429 ], [ -65.70857969, -9.7661607 ], [ -65.70985351, -9.76751259 ], [ -65.71049615, -9.76883318 ], [ -65.71155323, -9.77085007 ], [ -65.71208783, -9.77253998 ], [ -65.71247759, -9.77463639 ], [ -65.71211401, -9.77548686 ], [ -65.71119639, -9.77663689 ], [ -65.70949945, -9.77779372 ], [ -65.70780577, -9.77931889 ], [ -65.70647991, -9.78047245 ], [ -65.70526122, -9.78173964 ], [ -65.70401412, -9.78340825 ], [ -65.70292946, -9.78665948 ], [ -65.70237477, -9.79108493 ], [ -65.7023572, -9.7932954 ], [ -65.70277357, -9.79421274 ], [ -65.70352363, -9.79509034 ], [ -65.70608177, -9.7975425 ], [ -65.70889521, -9.80090717 ], [ -65.71013364, -9.80244362 ], [ -65.71201736, -9.80559535 ], [ -65.71288597, -9.80728236 ], [ -65.71330433, -9.80842072 ], [ -65.71312954, -9.80963793 ], [ -65.7126158, -9.8103055 ], [ -65.71172637, -9.8104606 ], [ -65.71076009, -9.81032165 ], [ -65.70737882, -9.809909 ], [ -65.70563674, -9.81018201 ], [ -65.70378462, -9.81060332 ], [ -65.70160432, -9.81169056 ], [ -65.70010952, -9.81287848 ], [ -65.69686198, -9.8150064 ], [ -65.69474808, -9.81520889 ], [ -65.69274489, -9.81533672 ], [ -65.69118255, -9.814945 ], [ -65.69062066, -9.81436045 ], [ -65.69046089, -9.8130725 ], [ -65.69161972, -9.80978391 ], [ -65.69219636, -9.8078265 ], [ -65.69240771, -9.80653534 ], [ -65.69232537, -9.80561509 ], [ -65.69160405, -9.80377943 ], [ -65.69058969, -9.80238836 ], [ -65.68794536, -9.79989327 ], [ -65.68502441, -9.79693464 ], [ -65.68359929, -9.79525241 ], [ -65.68082752, -9.79236617 ], [ -65.67913911, -9.79028098 ], [ -65.67748331, -9.7876798 ], [ -65.67517377, -9.78501959 ], [ -65.67304043, -9.78297508 ], [ -65.67192391, -9.78261633 ], [ -65.67140502, -9.78269447 ], [ -65.67066574, -9.78303237 ], [ -65.66978122, -9.7837399 ], [ -65.66756849, -9.78534294 ], [ -65.66661233, -9.78634577 ], [ -65.66617698, -9.78749146 ], [ -65.66608271, -9.78944464 ], [ -65.66568479, -9.79062685 ], [ -65.66481054, -9.79251304 ], [ -65.66393627, -9.79439924 ], [ -65.66312562, -9.79506926 ], [ -65.6611965, -9.79515948 ], [ -65.66038038, -9.79520331 ], [ -65.65785302, -9.79478292 ], [ -65.65372704, -9.79404465 ], [ -65.65049398, -9.79355656 ], [ -65.64904572, -9.79345842 ], [ -65.64793434, -9.79368892 ], [ -65.64694664, -9.79426801 ], [ -65.64632055, -9.79482552 ], [ -65.64602973, -9.79552741 ], [ -65.64582047, -9.79707526 ], [ -65.64639243, -9.79883732 ], [ -65.64748523, -9.80074217 ], [ -65.64932185, -9.80282476 ], [ -65.6521285, -9.80548804 ], [ -65.65455961, -9.80763916 ], [ -65.6551617, -9.80859111 ], [ -65.65547106, -9.81002411 ], [ -65.65500269, -9.81176216 ], [ -65.65366364, -9.81567754 ], [ -65.65271261, -9.81726933 ], [ -65.65083424, -9.81890583 ], [ -65.65076368, -9.81889046 ], [ -65.64953297, -9.81862228 ], [ -65.64807565, -9.81745614 ], [ -65.64728273, -9.81587922 ], [ -65.64439282, -9.81211035 ], [ -65.64146617, -9.80837864 ], [ -65.63855644, -9.80659873 ], [ -65.63710811, -9.8064637 ], [ -65.63630103, -9.8075386 ], [ -65.63538581, -9.80898271 ], [ -65.63503666, -9.81152687 ], [ -65.63500255, -9.81416002 ], [ -65.63503934, -9.8184319 ], [ -65.63422839, -9.82337387 ], [ -65.63349001, -9.82813106 ], [ -65.63256226, -9.83244789 ], [ -65.63075508, -9.83675555 ], [ -65.628696, -9.83898265 ], [ -65.62651077, -9.83947984 ], [ -65.62520727, -9.83893838 ], [ -65.62378396, -9.83740356 ], [ -65.62251349, -9.83638306 ], [ -65.61934178, -9.83434734 ], [ -65.61530817, -9.83132447 ], [ -65.6110171, -9.82856154 ], [ -65.60795844, -9.82670895 ], [ -65.60554157, -9.82613995 ], [ -65.60361116, -9.82604562 ], [ -65.60082258, -9.82613767 ], [ -65.59904529, -9.82659445 ], [ -65.59846098, -9.82770416 ], [ -65.59784926, -9.82995576 ], [ -65.59850381, -9.8327492 ], [ -65.59946678, -9.8369027 ], [ -65.59962863, -9.83848493 ], [ -65.59950083, -9.84091664 ], [ -65.5993309, -9.84275944 ], [ -65.59837518, -9.84383541 ], [ -65.59708522, -9.84427022 ], [ -65.59571351, -9.84442896 ], [ -65.59325792, -9.84367602 ], [ -65.59006176, -9.84311335 ], [ -65.58548834, -9.84204652 ], [ -65.58072974, -9.84101799 ], [ -65.57760511, -9.8401232 ], [ -65.57384906, -9.83915995 ], [ -65.57019278, -9.8380223 ], [ -65.56915476, -9.83814136 ], [ -65.5681594, -9.83892292 ], [ -65.56668971, -9.84066589 ], [ -65.56381799, -9.84337789 ], [ -65.56153653, -9.84567988 ], [ -65.55953345, -9.84577 ], [ -65.55871281, -9.84526117 ], [ -65.55684677, -9.84398759 ], [ -65.55549806, -9.84245197 ], [ -65.55493472, -9.84164643 ], [ -65.55417879, -9.83999546 ], [ -65.55372001, -9.83837888 ], [ -65.55348324, -9.83668684 ], [ -65.55332039, -9.83495735 ], [ -65.55426591, -9.83251032 ], [ -65.55510976, -9.83136178 ], [ -65.55738864, -9.82876521 ], [ -65.55875069, -9.82746509 ], [ -65.56066806, -9.82601307 ], [ -65.56254521, -9.8241931 ], [ -65.56416045, -9.8221175 ], [ -65.56478008, -9.82078662 ], [ -65.56583256, -9.81797912 ], [ -65.56655604, -9.81576356 ], [ -65.56650607, -9.8138087 ], [ -65.5664235, -9.81281506 ], [ -65.56585954, -9.81193589 ], [ -65.56496754, -9.81175914 ], [ -65.56330228, -9.81228848 ], [ -65.56122456, -9.81230564 ], [ -65.55962731, -9.81209787 ], [ -65.55802422, -9.81119044 ], [ -65.55735298, -9.81079089 ], [ -65.55652656, -9.80958244 ], [ -65.55539315, -9.80716127 ], [ -65.55441462, -9.80551216 ], [ -65.55340487, -9.80456301 ], [ -65.55277508, -9.80467868 ], [ -65.55222288, -9.80519879 ], [ -65.55115313, -9.80594412 ], [ -65.55059723, -9.80602236 ], [ -65.55000146, -9.80576947 ], [ -65.54725507, -9.80568159 ], [ -65.54476625, -9.8053338 ], [ -65.54171447, -9.80421726 ], [ -65.53902758, -9.80236121 ], [ -65.5379023, -9.80089743 ], [ -65.53754527, -9.79956307 ], [ -65.53701083, -9.79776301 ], [ -65.5367318, -9.7954453 ], [ -65.53607071, -9.79180501 ], [ -65.53469555, -9.78706582 ], [ -65.53350773, -9.78254607 ], [ -65.53238681, -9.7815978 ], [ -65.53127665, -9.78193834 ], [ -65.53043107, -9.7828659 ], [ -65.52944172, -9.78434702 ], [ -65.52886532, -9.78641394 ], [ -65.52806111, -9.78785671 ], [ -65.5268062, -9.78864031 ], [ -65.52491389, -9.78861895 ], [ -65.52415425, -9.78885601 ], [ -65.52245446, -9.78968005 ], [ -65.52101466, -9.79053877 ], [ -65.51876725, -9.79243518 ], [ -65.51455085, -9.79401616 ], [ -65.51288112, -9.79399291 ], [ -65.51217443, -9.79377772 ], [ -65.51112412, -9.79238693 ], [ -65.50966544, -9.79096263 ], [ -65.50820738, -9.78961199 ], [ -65.50664229, -9.78877775 ], [ -65.50422245, -9.78776631 ], [ -65.50239742, -9.78689735 ], [ -65.50052103, -9.78429805 ], [ -65.49883166, -9.78188137 ], [ -65.49802988, -9.77912607 ], [ -65.49836035, -9.77749517 ], [ -65.49926923, -9.77524154 ], [ -65.50025986, -9.77390784 ], [ -65.50265313, -9.77171577 ], [ -65.50400892, -9.76967942 ], [ -65.50477422, -9.76801611 ], [ -65.50464618, -9.76599182 ], [ -65.50365308, -9.76253844 ], [ -65.50392912, -9.76003214 ], [ -65.50428598, -9.75796561 ], [ -65.50467448, -9.7556057 ], [ -65.50545453, -9.75125407 ], [ -65.50533318, -9.75003986 ], [ -65.50365209, -9.74861743 ], [ -65.50136962, -9.74624247 ], [ -65.50075967, -9.74425895 ], [ -65.50071006, -9.74274956 ], [ -65.50084785, -9.7401998 ], [ -65.5014752, -9.73533389 ], [ -65.50088371, -9.73110395 ], [ -65.50006037, -9.7302269 ], [ -65.49928147, -9.73023325 ], [ -65.49820891, -9.73061024 ], [ -65.49343276, -9.73168024 ], [ -65.49002135, -9.73181848 ], [ -65.4852665, -9.73097336 ], [ -65.48040071, -9.7301659 ], [ -65.47887397, -9.7294418 ], [ -65.47842101, -9.72848808 ], [ -65.47848307, -9.72701465 ], [ -65.47929388, -9.72638207 ], [ -65.4808106, -9.72589107 ], [ -65.48225041, -9.72506928 ], [ -65.48329527, -9.72413345 ], [ -65.48541969, -9.72087572 ], [ -65.4864764, -9.71858406 ], [ -65.48759326, -9.71459803 ], [ -65.48750263, -9.71261028 ], [ -65.48626593, -9.71107377 ], [ -65.48540194, -9.70975515 ], [ -65.48394668, -9.70869912 ], [ -65.48297906, -9.70830194 ], [ -65.48205157, -9.70827266 ], [ -65.48083224, -9.70883492 ], [ -65.48017865, -9.71053412 ], [ -65.48019081, -9.71200695 ], [ -65.48024522, -9.71410545 ], [ -65.47992236, -9.7154337 ], [ -65.47907329, -9.71591929 ], [ -65.47618223, -9.7161637 ], [ -65.47154138, -9.71561213 ], [ -65.4687224, -9.71559812 ], [ -65.46745748, -9.71512965 ], [ -65.46626221, -9.71410827 ], [ -65.46443616, -9.71305518 ], [ -65.4608854, -9.71074937 ], [ -65.45671539, -9.70879459 ], [ -65.45249841, -9.70562502 ], [ -65.44806442, -9.70311997 ], [ -65.44508345, -9.7014133 ], [ -65.44176275, -9.6989729 ], [ -65.44012081, -9.69773413 ], [ -65.43884853, -9.69634512 ], [ -65.43795568, -9.6947377 ], [ -65.43682338, -9.69231821 ], [ -65.43557833, -9.68971565 ], [ -65.43552385, -9.6875819 ], [ -65.43534823, -9.68423484 ], [ -65.43573724, -9.68191355 ], [ -65.43635625, -9.68051032 ], [ -65.43709431, -9.68006283 ], [ -65.43827494, -9.67931741 ], [ -65.43901118, -9.67864916 ], [ -65.43961187, -9.6773529 ], [ -65.44010668, -9.67392218 ], [ -65.43821399, -9.669633 ], [ -65.43578239, -9.67153012 ], [ -65.43280275, -9.67442561 ], [ -65.42504935, -9.67846373 ], [ -65.41672714, -9.68095994 ], [ -65.40596685, -9.68457969 ], [ -65.39498397, -9.68820076 ], [ -65.38761991, -9.69239425 ], [ -65.37323795, -9.70222567 ], [ -65.36232257, -9.71445879 ], [ -65.35615635, -9.72245799 ], [ -65.35079271, -9.73354291 ], [ -65.34754386, -9.7448322 ], [ -65.34289271, -9.75579967 ], [ -65.33906373, -9.76411146 ], [ -65.33644705, -9.77097826 ], [ -65.33006318, -9.77986145 ], [ -65.32732121, -9.78496211 ], [ -65.32579949, -9.78961175 ], [ -65.32543701, -9.80032625 ], [ -65.32375124, -9.81260736 ], [ -65.3228849, -9.81570593 ], [ -65.31781771, -9.82236991 ], [ -65.31117072, -9.82617444 ], [ -65.29566702, -9.83589749 ], [ -65.29158451, -9.84045533 ], [ -65.28841447, -9.8479878 ], [ -65.28681028, -9.85661285 ], [ -65.28751609, -9.8616872 ], [ -65.28944158, -9.86886275 ], [ -65.29317091, -9.87645456 ], [ -65.29879627, -9.88458449 ], [ -65.3097693, -9.89344778 ], [ -65.32031285, -9.90430183 ], [ -65.3292145, -9.91870181 ], [ -65.33338296, -9.92884575 ], [ -65.33510605, -9.93590048 ], [ -65.33476451, -9.94959642 ], [ -65.33423095, -9.96737969 ], [ -65.33360304, -9.972685 ], [ -65.33173647, -9.97612214 ], [ -65.32482586, -9.98711223 ], [ -65.32321064, -9.99441242 ], [ -65.32060987, -10.00392838 ], [ -65.32324201, -10.01351637 ], [ -65.33120406, -10.04968174 ], [ -65.33041759, -10.06371202 ], [ -65.32845189, -10.06891652 ], [ -65.32328804, -10.0783405 ], [ -65.31645272, -10.08766594 ], [ -65.31036244, -10.0923478 ], [ -65.30759239, -10.09424498 ], [ -65.30450601, -10.09857378 ], [ -65.3026854, -10.10643804 ], [ -65.30354862, -10.11791613 ], [ -65.30449016, -10.12486623 ], [ -65.30443424, -10.132486 ], [ -65.30236639, -10.13912628 ], [ -65.30196337, -10.14498169 ], [ -65.3039191, -10.15358096 ], [ -65.30800432, -10.16449194 ], [ -65.30784553, -10.17332714 ], [ -65.30622511, -10.18029546 ], [ -65.30226392, -10.18705946 ], [ -65.29962248, -10.19149511 ], [ -65.29831442, -10.19547963 ], [ -65.29745661, -10.2001235 ], [ -65.29393331, -10.20589032 ], [ -65.29229483, -10.21042921 ], [ -65.29355013, -10.21461651 ], [ -65.29335181, -10.21804103 ], [ -65.29182236, -10.22368913 ], [ -65.29321469, -10.22735507 ], [ -65.29341183, -10.22787411 ], [ -65.29634678, -10.23326434 ], [ -65.30053089, -10.24195857 ], [ -65.30435333, -10.24679046 ], [ -65.30694802, -10.2512997 ], [ -65.31052412, -10.25282056 ], [ -65.31254371, -10.25479404 ], [ -65.31224189, -10.25932363 ], [ -65.31260536, -10.26340683 ], [ -65.31420541, -10.26902733 ], [ -65.31794105, -10.27994083 ], [ -65.32127803, -10.2947146 ], [ -65.32455358, -10.30087555 ], [ -65.32669913, -10.30483589 ], [ -65.33297872, -10.31031318 ], [ -65.34282441, -10.31576531 ], [ -65.34977476, -10.32145858 ], [ -65.35801023, -10.33531458 ], [ -65.36181687, -10.34235949 ], [ -65.36551932, -10.34575428 ], [ -65.36821324, -10.34838373 ], [ -65.37148123, -10.35332658 ], [ -65.37440215, -10.35650618 ], [ -65.37955141, -10.35955957 ], [ -65.38346194, -10.360856 ], [ -65.38548339, -10.3629384 ], [ -65.3879781, -10.36623135 ], [ -65.39076706, -10.3716558 ], [ -65.39188239, -10.37428091 ], [ -65.39224301, -10.37876583 ], [ -65.39100044, -10.3812179 ], [ -65.38619522, -10.38959377 ], [ -65.38093018, -10.39820019 ], [ -65.37943801, -10.40315551 ], [ -65.37852463, -10.40769117 ], [ -65.37846391, -10.41294679 ], [ -65.37912882, -10.41750032 ], [ -65.38006921, -10.4230514 ], [ -65.38059062, -10.42760331 ], [ -65.38198285, -10.43131272 ], [ -65.38408931, -10.43531435 ], [ -65.38577352, -10.43860088 ], [ -65.38802552, -10.44243369 ], [ -65.39071268, -10.44587365 ], [ -65.39585097, -10.44834687 ], [ -65.39636761, -10.45332498 ], [ -65.39860474, -10.45846461 ], [ -65.40357359, -10.46320894 ], [ -65.40742719, -10.46509931 ], [ -65.41202296, -10.46486702 ], [ -65.41620779, -10.46292522 ], [ -65.42094871, -10.46255235 ], [ -65.42399879, -10.46443352 ], [ -65.42540466, -10.46700655 ], [ -65.42621528, -10.4714198 ], [ -65.42760488, -10.47541334 ], [ -65.42942835, -10.47912763 ], [ -65.43054072, -10.48226565 ], [ -65.42962904, -10.48665956 ], [ -65.42469357, -10.49143439 ], [ -65.41759646, -10.49692344 ], [ -65.41468158, -10.50072634 ], [ -65.41146807, -10.50552027 ], [ -65.41040914, -10.51019648 ], [ -65.41107919, -10.514324 ], [ -65.41247516, -10.51774941 ], [ -65.41601936, -10.52162535 ], [ -65.42026988, -10.52650373 ], [ -65.42152078, -10.53006958 ], [ -65.42044701, -10.53602428 ], [ -65.41721986, -10.54195456 ], [ -65.41229298, -10.54587654 ], [ -65.40751943, -10.54894775 ], [ -65.40474567, -10.55289402 ], [ -65.40350691, -10.55910956 ], [ -65.40204316, -10.56819917 ], [ -65.39911767, -10.5732414 ], [ -65.39696207, -10.57694883 ], [ -65.3955485, -10.5817097 ], [ -65.39580833, -10.58529545 ], [ -65.39787506, -10.58920046 ], [ -65.40145226, -10.59297346 ], [ -65.40594872, -10.59556269 ], [ -65.40878392, -10.59828219 ], [ -65.4097965, -10.60202587 ], [ -65.41064601, -10.60681268 ], [ -65.41073242, -10.61233719 ], [ -65.40885557, -10.61798854 ], [ -65.40520541, -10.62042487 ], [ -65.40397038, -10.62279926 ], [ -65.403174, -10.62637293 ], [ -65.40417423, -10.63116147 ], [ -65.40564288, -10.63461183 ], [ -65.40606232, -10.63745303 ], [ -65.40496582, -10.64087398 ], [ -65.40252877, -10.64278668 ], [ -65.39903542, -10.64468721 ], [ -65.39267858, -10.64625614 ], [ -65.38544101, -10.64572483 ], [ -65.37865442, -10.64534786 ], [ -65.37366091, -10.6464843 ], [ -65.3674231, -10.65074104 ], [ -65.35981467, -10.65602659 ], [ -65.35264446, -10.66251119 ], [ -65.3492339, -10.67008439 ], [ -65.346833, -10.68155046 ], [ -65.34488272, -10.69317099 ], [ -65.3430974, -10.70359921 ], [ -65.34499257, -10.72191646 ], [ -65.34894852, -10.73438255 ], [ -65.34933102, -10.74274641 ], [ -65.34607656, -10.75226165 ], [ -65.34357227, -10.75963609 ], [ -65.34364642, -10.76617309 ], [ -65.34420187, -10.77087079 ], [ -65.34568827, -10.7745202 ], [ -65.34793618, -10.77848126 ], [ -65.35112606, -10.78048616 ], [ -65.35859432, -10.78308622 ], [ -65.36132159, -10.78538827 ], [ -65.36185723, -10.79175043 ], [ -65.35920271, -10.79610773 ], [ -65.35304461, -10.79906168 ], [ -65.34732357, -10.80383656 ], [ -65.3281772, -10.81753131 ], [ -65.31629108, -10.8257123 ], [ -65.30767795, -10.83656487 ], [ -65.29896747, -10.84780926 ], [ -65.28781107, -10.85872101 ], [ -65.27945215, -10.86618573 ], [ -65.27398713, -10.87480498 ], [ -65.26982848, -10.88912936 ], [ -65.26753449, -10.90120658 ], [ -65.26643455, -10.91571933 ], [ -65.26708114, -10.92522976 ], [ -65.2719723, -10.93815127 ], [ -65.2743348, -10.94514063 ], [ -65.27299255, -10.95450576 ], [ -65.26812859, -10.9638277 ], [ -65.25913593, -10.97264478 ], [ -65.2522959, -10.98073141 ], [ -65.25072232, -10.98407112 ], [ -65.25081998, -10.98846035 ], [ -65.25215981, -10.99150311 ], [ -65.25686262, -10.99504129 ], [ -65.26859413, -10.99987643 ], [ -65.27663386, -11.00602779 ], [ -65.28632808, -11.01462037 ], [ -65.29707594, -11.02473888 ], [ -65.30053958, -11.0294721 ], [ -65.30156806, -11.03296501 ], [ -65.30152447, -11.03644482 ], [ -65.29856526, -11.04034291 ], [ -65.29025065, -11.04807438 ], [ -65.28376321, -11.05640113 ], [ -65.27978217, -11.0653317 ], [ -65.27909575, -11.07372965 ], [ -65.28071793, -11.08311135 ], [ -65.28333856, -11.09002168 ], [ -65.28850742, -11.09428867 ], [ -65.29543404, -11.09723985 ], [ -65.30566575, -11.0988941 ], [ -65.31898282, -11.10135004 ], [ -65.32975232, -11.10644929 ], [ -65.33992768, -11.11268743 ], [ -65.35122374, -11.12218714 ], [ -65.35713489, -11.12913741 ], [ -65.36072487, -11.1360595 ], [ -65.3621879, -11.14287936 ], [ -65.36250825, -11.14823323 ], [ -65.36126896, -11.15452351 ], [ -65.35827644, -11.1617478 ], [ -65.35686492, -11.16631629 ], [ -65.35659746, -11.17223619 ], [ -65.35572802, -11.17986836 ], [ -65.35374062, -11.18404764 ], [ -65.35118465, -11.18726459 ], [ -65.34633797, -11.18796961 ], [ -65.33921271, -11.18520744 ], [ -65.33170791, -11.18186728 ], [ -65.32551668, -11.18179121 ], [ -65.32006319, -11.18459003 ], [ -65.31653471, -11.18817672 ], [ -65.31511508, -11.19331785 ], [ -65.31600265, -11.19963382 ], [ -65.31751667, -11.20232738 ], [ -65.32171055, -11.20734674 ], [ -65.3271066, -11.20913283 ], [ -65.34025465, -11.21005878 ], [ -65.34914597, -11.21093208 ], [ -65.35491263, -11.21405975 ], [ -65.35949684, -11.21889253 ], [ -65.3619454, -11.22427241 ], [ -65.36201864, -11.23386502 ], [ -65.36146608, -11.24704208 ], [ -65.35974006, -11.26116008 ], [ -65.35667088, -11.27430617 ], [ -65.35201902, -11.29010759 ], [ -65.34702286, -11.30246532 ], [ -65.34286593, -11.30967446 ], [ -65.33702062, -11.3126209 ], [ -65.32654867, -11.31401943 ], [ -65.31549849, -11.31521928 ], [ -65.30677353, -11.3162567 ], [ -65.29981519, -11.31540541 ], [ -65.29341793, -11.31608944 ], [ -65.29006587, -11.32082375 ], [ -65.2907588, -11.32713727 ], [ -65.29359576, -11.33233141 ], [ -65.29878276, -11.33545344 ], [ -65.30535441, -11.33630005 ], [ -65.31291119, -11.33582144 ], [ -65.32049002, -11.33362334 ], [ -65.32610618, -11.33350227 ], [ -65.33035023, -11.33470147 ], [ -65.33357767, -11.33970926 ], [ -65.33443825, -11.34812676 ], [ -65.33311062, -11.36110255 ], [ -65.32923642, -11.37633926 ], [ -65.32641863, -11.39972824 ], [ -65.32238026, -11.42757253 ], [ -65.31765471, -11.44852969 ], [ -65.3121434, -11.47024085 ], [ -65.31065408, -11.48050094 ], [ -65.31012994, -11.49100248 ], [ -65.30869699, -11.4969071 ], [ -65.30456979, -11.50144009 ], [ -65.29699108, -11.50325428 ], [ -65.28650706, -11.50503116 ], [ -65.27308002, -11.50963568 ], [ -65.26063883, -11.51291479 ], [ -65.24996346, -11.51449666 ], [ -65.23563361, -11.51412036 ], [ -65.22573307, -11.51571132 ], [ -65.21754238, -11.51980767 ], [ -65.21318669, -11.52681933 ], [ -65.21158368, -11.53367577 ], [ -65.21151699, -11.53864188 ], [ -65.21243926, -11.5420926 ], [ -65.21511251, -11.54499308 ], [ -65.22279638, -11.5498693 ], [ -65.22892324, -11.55529825 ], [ -65.23195352, -11.5604958 ], [ -65.23263887, -11.56719118 ], [ -65.2315628, -11.57520091 ], [ -65.22932424, -11.58319544 ], [ -65.22982337, -11.58931526 ], [ -65.23089598, -11.5960157 ], [ -65.23212846, -11.60523998 ], [ -65.23282385, -11.61117134 ], [ -65.2319718, -11.61689144 ], [ -65.22860604, -11.62219655 ], [ -65.22525045, -11.62673755 ], [ -65.22199301, -11.63834821 ], [ -65.22162619, -11.65114299 ], [ -65.22454307, -11.66474511 ], [ -65.23386754, -11.67751451 ], [ -65.24287015, -11.68546535 ], [ -65.25033828, -11.69224971 ], [ -65.25591753, -11.69537941 ], [ -65.25955367, -11.69886576 ], [ -65.26124917, -11.70251779 ], [ -65.26078445, -11.7082431 ], [ -65.25702211, -11.71411631 ], [ -65.24563324, -11.72485646 ], [ -65.23055291, -11.73612029 ], [ -65.21784445, -11.74397574 ], [ -65.20361349, -11.74970876 ], [ -65.19192303, -11.7539466 ], [ -65.18529579, -11.7565324 ], [ -65.17987369, -11.75607771 ], [ -65.17544719, -11.75372599 ], [ -65.17394671, -11.75007631 ], [ -65.17399422, -11.74663844 ], [ -65.17713235, -11.74400612 ], [ -65.18571067, -11.74049138 ], [ -65.1913946, -11.73598254 ], [ -65.19319147, -11.73218586 ], [ -65.19286414, -11.72778776 ], [ -65.18982078, -11.72354448 ], [ -65.18423172, -11.72117752 ], [ -65.1760996, -11.72049573 ], [ -65.16309606, -11.72165862 ], [ -65.15519409, -11.72117036 ], [ -65.14725347, -11.72068136 ], [ -65.13987574, -11.72153691 ], [ -65.13229359, -11.72315356 ], [ -65.12650626, -11.72116497 ], [ -65.11865139, -11.71456381 ], [ -65.11156671, -11.70835504 ], [ -65.10270622, -11.70441418 ], [ -65.09709465, -11.70376465 ], [ -65.0902775, -11.70615473 ], [ -65.08576679, -11.70991326 ], [ -65.08281161, -11.71331097 ], [ -65.08231355, -11.72113553 ], [ -65.08295656, -11.73050381 ], [ -65.08047709, -11.74135729 ], [ -65.07529211, -11.75160042 ], [ -65.06873964, -11.76255029 ], [ -65.06294224, -11.77488553 ], [ -65.06064945, -11.78612305 ], [ -65.05989881, -11.7979549 ], [ -65.06101807, -11.8145878 ], [ -65.06274772, -11.82920457 ], [ -65.06684038, -11.84129476 ], [ -65.07001585, -11.84974313 ], [ -65.0735874, -11.85762401 ], [ -65.07366366, -11.86583835 ], [ -65.06926114, -11.87532739 ], [ -65.06315711, -11.88173646 ], [ -65.05708857, -11.88566277 ], [ -65.04834119, -11.88706834 ], [ -65.03992394, -11.88710305 ], [ -65.03310749, -11.88741788 ], [ -65.02471698, -11.88845767 ], [ -65.02005964, -11.89251472 ], [ -65.01788243, -11.89636355 ], [ -65.0173497, -11.90172773 ], [ -65.01725179, -11.90844099 ], [ -65.01882457, -11.91487946 ], [ -65.02054017, -11.92191683 ], [ -65.02160201, -11.92780643 ], [ -65.0271096, -11.93153566 ], [ -65.02993161, -11.93545517 ], [ -65.0324572, -11.93892284 ], [ -65.03695899, -11.94197075 ], [ -65.03830302, -11.942813 ], [ -65.04493932, -11.94017829 ], [ -65.05276933, -11.93527468 ], [ -65.0588746, -11.93225661 ], [ -65.06423873, -11.930183 ], [ -65.06956839, -11.93049635 ], [ -65.07293123, -11.93269218 ], [ -65.07432381, -11.93700928 ], [ -65.07326117, -11.94344088 ], [ -65.06974996, -11.95150946 ], [ -65.06692455, -11.96074638 ], [ -65.06516848, -11.96648681 ], [ -65.06506818, -11.9734093 ], [ -65.06545619, -11.98009989 ], [ -65.06894428, -11.9904154 ], [ -65.07228695, -11.99404371 ], [ -65.07757643, -11.99722181 ], [ -65.08312234, -11.99944841 ], [ -65.08873042, -11.9973781 ], [ -65.09364885, -11.99267163 ], [ -65.0963986, -11.98697971 ], [ -65.09836016, -11.98043782 ], [ -65.09800794, -11.9762578 ], [ -65.09736291, -11.97051849 ], [ -65.09741779, -11.96669904 ], [ -65.09868834, -11.96265775 ], [ -65.10114711, -11.96030431 ], [ -65.10478729, -11.96011615 ], [ -65.10935629, -11.96280602 ], [ -65.11314677, -11.96906657 ], [ -65.11496349, -11.97768741 ], [ -65.12011026, -11.99405901 ], [ -65.12170883, -12.00007667 ], [ -65.46068626, -12.00003164 ], [ -66.26787172, -12.00000712 ], [ -66.26776311, -12.00060961 ], [ -66.26729046, -12.00191575 ], [ -66.26697933, -12.00245806 ], [ -66.26670338, -12.00260346 ], [ -66.26624298, -12.00273158 ], [ -66.26581938, -12.00284151 ], [ -66.26528561, -12.0030601 ], [ -66.26486255, -12.00329628 ], [ -66.26425556, -12.0036414 ], [ -66.26383279, -12.00394971 ], [ -66.26304173, -12.00436774 ], [ -66.2624892, -12.00451426 ], [ -66.26245232, -12.00451441 ], [ -66.26204638, -12.00444392 ], [ -66.26171472, -12.00449938 ], [ -66.26151259, -12.00466251 ], [ -66.26138489, -12.00498767 ], [ -66.2612597, -12.00590797 ], [ -66.26129902, -12.00648494 ], [ -66.26139357, -12.00704366 ], [ -66.26140805, -12.00744694 ], [ -66.26144341, -12.00778954 ], [ -66.26156921, -12.00813177 ], [ -66.26185333, -12.00849548 ], [ -66.26253018, -12.00871196 ], [ -66.26305613, -12.00861368 ], [ -66.26342337, -12.00822376 ], [ -66.26338707, -12.00766004 ], [ -66.26313657, -12.00722986 ], [ -66.26311392, -12.0072189 ], [ -66.26301059, -12.0068434 ], [ -66.26310002, -12.00661086 ], [ -66.26353987, -12.00637689 ], [ -66.26460055, -12.00594138 ], [ -66.26487183, -12.00594028 ], [ -66.26508687, -12.00600574 ], [ -66.26561917, -12.0062468 ], [ -66.26660458, -12.00671821 ], [ -66.26710315, -12.00700364 ], [ -66.26745371, -12.00703538 ], [ -66.2676569, -12.00696821 ], [ -66.26777257, -12.00676403 ], [ -66.26797542, -12.00665271 ], [ -66.26820134, -12.00665179 ], [ -66.26861975, -12.00676057 ], [ -66.26911718, -12.00685798 ], [ -66.26944551, -12.00703342 ], [ -66.26958181, -12.00720965 ], [ -66.26962784, -12.00740834 ], [ -66.26975342, -12.00771718 ], [ -66.26974386, -12.00812603 ], [ -66.26964301, -12.00831427 ], [ -66.26954248, -12.00857984 ], [ -66.26945268, -12.00871279 ], [ -66.26945344, -12.00888958 ], [ -66.26987453, -12.00962812 ], [ -66.27068036, -12.01051977 ], [ -66.27107713, -12.01084962 ], [ -66.27137125, -12.01094786 ], [ -66.27172129, -12.01091329 ], [ -66.27194649, -12.01074663 ], [ -66.2719689, -12.01070234 ], [ -66.27202434, -12.01045904 ], [ -66.27202415, -12.01041484 ], [ -66.27195528, -12.01016101 ], [ -66.2719326, -12.01013901 ], [ -66.27188713, -12.01007289 ], [ -66.27186449, -12.01006194 ], [ -66.27156967, -12.00979798 ], [ -66.27150175, -12.00976511 ], [ -66.27116122, -12.00937979 ], [ -66.2710019, -12.00910423 ], [ -66.2709905, -12.00908217 ], [ -66.27095558, -12.00883924 ], [ -66.27095548, -12.00881715 ], [ -66.27113532, -12.00860649 ], [ -66.27158611, -12.00836157 ], [ -66.27274766, -12.00790381 ], [ -66.27362804, -12.00773446 ], [ -66.27485448, -12.00780686 ], [ -66.27532971, -12.00814695 ], [ -66.27596258, -12.00842019 ], [ -66.27658326, -12.00848384 ], [ -66.27705673, -12.00841569 ], [ -66.27756338, -12.00819295 ], [ -66.27791295, -12.00807217 ], [ -66.27843227, -12.00813143 ], [ -66.27856858, -12.00848671 ], [ -66.27887475, -12.00886058 ], [ -66.27933865, -12.00918966 ], [ -66.27975666, -12.00934241 ], [ -66.27977936, -12.00937542 ], [ -66.28006256, -12.00965008 ], [ -66.28022218, -12.01004662 ], [ -66.28011044, -12.01028982 ], [ -66.27986289, -12.01043426 ], [ -66.27984038, -12.0104454 ], [ -66.27945714, -12.01051317 ], [ -66.27892727, -12.01058154 ], [ -66.27888206, -12.01055967 ], [ -66.27838559, -12.01052861 ], [ -66.27793401, -12.0104422 ], [ -66.27790017, -12.01044234 ], [ -66.27755049, -12.01044378 ], [ -66.27752793, -12.01044388 ], [ -66.27731404, -12.01054405 ], [ -66.27716868, -12.01084255 ], [ -66.27722631, -12.01112918 ], [ -66.27733992, -12.01131628 ], [ -66.27761306, -12.01187786 ], [ -66.27840247, -12.01303703 ], [ -66.27938134, -12.01457829 ], [ -66.28081998, -12.01564216 ], [ -66.28191588, -12.01613688 ], [ -66.28279211, -12.01641855 ], [ -66.28340119, -12.01674886 ], [ -66.28371841, -12.01703284 ], [ -66.28403696, -12.01762586 ], [ -66.28418505, -12.01814827 ], [ -66.28426136, -12.01893249 ], [ -66.28433645, -12.01943143 ], [ -66.28446066, -12.02004904 ], [ -66.2844379, -12.02040574 ], [ -66.28422039, -12.02069193 ], [ -66.28380748, -12.02076495 ], [ -66.28373435, -12.02071771 ], [ -66.28327129, -12.02043433 ], [ -66.28314946, -12.02036351 ], [ -66.28283296, -12.02024595 ], [ -66.28244427, -12.02029509 ], [ -66.28225084, -12.02053364 ], [ -66.28225167, -12.02072383 ], [ -66.28247134, -12.02093689 ], [ -66.28298466, -12.02160045 ], [ -66.28364434, -12.0223823 ], [ -66.28393339, -12.02279361 ], [ -66.28411865, -12.02343038 ], [ -66.284329, -12.02383752 ], [ -66.28446112, -12.024245 ], [ -66.28438489, -12.02470433 ], [ -66.28373462, -12.02506403 ], [ -66.28326607, -12.02524448 ], [ -66.28324, -12.02524458 ], [ -66.28258676, -12.02491577 ], [ -66.28250842, -12.02489059 ], [ -66.2819059, -12.02423005 ], [ -66.28187971, -12.02420465 ], [ -66.28106915, -12.02367248 ], [ -66.28052009, -12.02331772 ], [ -66.28018126, -12.02334462 ], [ -66.27953086, -12.02367881 ], [ -66.27890841, -12.02444641 ], [ -66.2786238, -12.02495761 ], [ -66.2783909, -12.02536657 ], [ -66.27836604, -12.02564719 ], [ -66.27854997, -12.02597795 ], [ -66.27915053, -12.02617949 ], [ -66.2798281, -12.02610019 ], [ -66.27988025, -12.02609998 ], [ -66.28089676, -12.02601929 ], [ -66.28167905, -12.02604156 ], [ -66.28233186, -12.02626838 ], [ -66.28301086, -12.02652058 ], [ -66.28356004, -12.02690082 ], [ -66.28426533, -12.02720393 ], [ -66.28546612, -12.02753047 ], [ -66.28596218, -12.02768143 ], [ -66.28625031, -12.02798624 ], [ -66.286539, -12.02841858 ], [ -66.28667114, -12.02882605 ], [ -66.28675213, -12.02946325 ], [ -66.28670164, -12.02984598 ], [ -66.28646874, -12.03025497 ], [ -66.28600075, -12.03056292 ], [ -66.28545386, -12.03071819 ], [ -66.28462051, -12.03095115 ], [ -66.28402137, -12.03108113 ], [ -66.28326611, -12.03128826 ], [ -66.2827979, -12.03154521 ], [ -66.28248688, -12.03198003 ], [ -66.28228005, -12.03238891 ], [ -66.28212614, -12.0329761 ], [ -66.2820763, -12.03351186 ], [ -66.28191608, -12.03383048 ], [ -66.2818865, -12.03428291 ], [ -66.28195071, -12.03454992 ], [ -66.28209902, -12.03481659 ], [ -66.28240441, -12.03494896 ], [ -66.28274111, -12.03502982 ], [ -66.28279362, -12.03501932 ], [ -66.28328678, -12.03482197 ], [ -66.28364286, -12.03452237 ], [ -66.28388287, -12.03412047 ], [ -66.28403773, -12.0334722 ], [ -66.28392024, -12.03304093 ], [ -66.28381314, -12.03257878 ], [ -66.28381301, -12.03254794 ], [ -66.28389593, -12.03228032 ], [ -66.28452568, -12.03207211 ], [ -66.28582816, -12.0318714 ], [ -66.28625953, -12.03197241 ], [ -66.28653375, -12.03218715 ], [ -66.28679857, -12.03265893 ], [ -66.28696909, -12.03320306 ], [ -66.28724776, -12.03444577 ], [ -66.28768325, -12.03549252 ], [ -66.28801137, -12.03601544 ], [ -66.28868316, -12.03627147 ], [ -66.28935282, -12.03621172 ], [ -66.28942564, -12.03621141 ], [ -66.29021199, -12.0361939 ], [ -66.29056193, -12.03629215 ], [ -66.29097045, -12.03646137 ], [ -66.29129177, -12.03667368 ], [ -66.29154045, -12.03692902 ], [ -66.29160038, -12.03731334 ], [ -66.29142741, -12.03772712 ], [ -66.29097674, -12.03823706 ], [ -66.29047076, -12.03877084 ], [ -66.29015149, -12.03902855 ], [ -66.28964214, -12.03911612 ], [ -66.28901562, -12.03904751 ], [ -66.2889718, -12.03901921 ], [ -66.28895718, -12.03900502 ], [ -66.28862074, -12.03866458 ], [ -66.28834274, -12.03836663 ], [ -66.28774274, -12.03769969 ], [ -66.2867209, -12.03714843 ], [ -66.28567133, -12.03692488 ], [ -66.28486977, -12.0368 ], [ -66.28436021, -12.03684484 ], [ -66.28390916, -12.0369464 ], [ -66.28363287, -12.03704724 ], [ -66.28340065, -12.03723337 ], [ -66.28335806, -12.03748993 ], [ -66.28340262, -12.03768915 ], [ -66.28360843, -12.03812986 ], [ -66.2843984, -12.03893847 ], [ -66.28642838, -12.0402262 ], [ -66.28718729, -12.04059338 ], [ -66.2879754, -12.04097467 ], [ -66.28809295, -12.04121633 ], [ -66.28810893, -12.04154385 ], [ -66.28798002, -12.04204292 ], [ -66.28764659, -12.04240039 ], [ -66.28716106, -12.04311417 ], [ -66.28695151, -12.04400205 ], [ -66.28642255, -12.04504776 ], [ -66.28573342, -12.04606804 ], [ -66.28453781, -12.04716866 ], [ -66.28416583, -12.04750934 ], [ -66.2837145, -12.04800687 ], [ -66.28358282, -12.04839873 ], [ -66.28361006, -12.04852905 ], [ -66.28371822, -12.04886774 ], [ -66.28401693, -12.04908488 ], [ -66.28463751, -12.04917421 ], [ -66.28505121, -12.04922764 ], [ -66.28550305, -12.04940957 ], [ -66.28603021, -12.04962794 ], [ -66.28665247, -12.05010324 ], [ -66.28758117, -12.05190062 ], [ -66.28788514, -12.05265293 ], [ -66.28819007, -12.05362581 ], [ -66.28836249, -12.0543787 ], [ -66.28846213, -12.05526662 ], [ -66.28866395, -12.05633512 ], [ -66.28866576, -12.05675583 ], [ -66.2885428, -12.05733483 ], [ -66.28849101, -12.05779083 ], [ -66.28829642, -12.05838766 ], [ -66.2880286, -12.05863418 ], [ -66.28754431, -12.05856608 ], [ -66.28747231, -12.05849625 ], [ -66.28745431, -12.0584788 ], [ -66.28725508, -12.05800632 ], [ -66.2867484, -12.05690403 ], [ -66.28669431, -12.05683413 ], [ -66.28597336, -12.05592555 ], [ -66.28541518, -12.05534937 ], [ -66.28469665, -12.05500173 ], [ -66.28421373, -12.05524916 ], [ -66.28337397, -12.0558837 ], [ -66.28273168, -12.05658756 ], [ -66.28239375, -12.05720252 ], [ -66.28216276, -12.05767679 ], [ -66.28211094, -12.05813278 ], [ -66.28220246, -12.05857066 ], [ -66.28252928, -12.05953348 ], [ -66.28287395, -12.06047869 ], [ -66.28298415, -12.0610918 ], [ -66.28313026, -12.06172229 ], [ -66.28425274, -12.06346728 ], [ -66.28478703, -12.06393175 ], [ -66.28528338, -12.06410919 ], [ -66.28548605, -12.06428785 ], [ -66.28567092, -12.06459222 ], [ -66.28558124, -12.06507722 ], [ -66.28517877, -12.06538403 ], [ -66.28393307, -12.0659456 ], [ -66.28299939, -12.06650589 ], [ -66.28248708, -12.06688495 ], [ -66.28219557, -12.06738873 ], [ -66.28214166, -12.0676582 ], [ -66.28225288, -12.06790903 ], [ -66.2824918, -12.06797984 ], [ -66.28306057, -12.06792364 ], [ -66.2840137, -12.06761456 ], [ -66.28505953, -12.06752048 ], [ -66.2854456, -12.06766248 ], [ -66.28592654, -12.06852206 ], [ -66.28600431, -12.06952691 ], [ -66.285695, -12.07015643 ], [ -66.28544106, -12.07085754 ], [ -66.28476019, -12.07348524 ], [ -66.28481327, -12.0745296 ], [ -66.28491326, -12.07519392 ], [ -66.28518309, -12.0758338 ], [ -66.28540322, -12.07621273 ], [ -66.28564785, -12.07663905 ], [ -66.28593969, -12.07675654 ], [ -66.28644982, -12.07682565 ], [ -66.28720242, -12.07682253 ], [ -66.28783466, -12.07705731 ], [ -66.28844231, -12.07722098 ], [ -66.2890468, -12.07752279 ], [ -66.28979924, -12.07779393 ], [ -66.29063117, -12.07791781 ], [ -66.29084237, -12.07811283 ], [ -66.29110455, -12.07851334 ], [ -66.29172814, -12.07909845 ], [ -66.29175832, -12.07912771 ], [ -66.29244083, -12.07943832 ], [ -66.29286234, -12.07962266 ], [ -66.29297377, -12.07990626 ], [ -66.29283571, -12.08040639 ], [ -66.29254604, -12.0805937 ], [ -66.29221573, -12.08065385 ], [ -66.29214561, -12.08065414 ], [ -66.29209553, -12.08065435 ], [ -66.29146396, -12.08053943 ], [ -66.29101137, -12.08012013 ], [ -66.29072852, -12.07957277 ], [ -66.29045675, -12.07927026 ], [ -66.2903865, -12.07924117 ], [ -66.28996444, -12.07892947 ], [ -66.28964276, -12.07866634 ], [ -66.28941115, -12.07838325 ], [ -66.28907028, -12.0783161 ], [ -66.28868027, -12.07846465 ], [ -66.28843151, -12.07884768 ], [ -66.28836385, -12.07941608 ], [ -66.2880959, -12.07999511 ], [ -66.28780707, -12.08037831 ], [ -66.28751761, -12.0806146 ], [ -66.28723752, -12.08070392 ], [ -66.28671654, -12.08068648 ], [ -66.28647622, -12.08070708 ], [ -66.2863971, -12.08094249 ], [ -66.28648869, -12.08127514 ], [ -66.28649879, -12.08129469 ], [ -66.28674073, -12.08164633 ], [ -66.28676089, -12.08167562 ], [ -66.28731428, -12.08224145 ], [ -66.28762426, -12.08258893 ], [ -66.28797059, -12.08272273 ], [ -66.28857976, -12.08286897 ], [ -66.28916143, -12.08305589 ], [ -66.28964666, -12.08332435 ], [ -66.28983371, -12.08365455 ], [ -66.29046767, -12.08448398 ], [ -66.29067553, -12.08457778 ], [ -66.29114592, -12.08461639 ], [ -66.29154676, -12.08456063 ], [ -66.29186484, -12.0845593 ], [ -66.29212784, -12.08461231 ], [ -66.29226785, -12.0850039 ], [ -66.29231093, -12.08536887 ], [ -66.29234159, -12.08605846 ], [ -66.2921079, -12.08638399 ], [ -66.29185961, -12.08653379 ], [ -66.29145877, -12.08658955 ], [ -66.29107059, -12.08637478 ], [ -66.29062761, -12.08628196 ], [ -66.29028198, -12.08631044 ], [ -66.28990946, -12.08651484 ], [ -66.28910826, -12.08673454 ], [ -66.28862421, -12.08673656 ], [ -66.28818153, -12.08671135 ], [ -66.28753087, -12.08656529 ], [ -66.28722678, -12.08660712 ], [ -66.28688161, -12.0867438 ], [ -66.28659228, -12.08700194 ], [ -66.28638612, -12.08730033 ], [ -66.28623545, -12.08763906 ], [ -66.28600302, -12.08826212 ], [ -66.28607344, -12.08855936 ], [ -66.28642026, -12.08880135 ], [ -66.28693234, -12.08888036 ], [ -66.28701532, -12.08888002 ], [ -66.28754023, -12.08872907 ], [ -66.28798152, -12.0884297 ], [ -66.28800889, -12.08836197 ], [ -66.2882426, -12.08803643 ], [ -66.28827008, -12.08799575 ], [ -66.28853168, -12.08772418 ], [ -66.28912626, -12.08769466 ], [ -66.28952768, -12.08777414 ], [ -66.289722, -12.08793561 ], [ -66.28977855, -12.08821938 ], [ -66.28980757, -12.08853031 ], [ -66.28961542, -12.08886921 ], [ -66.28939572, -12.08923527 ], [ -66.28888477, -12.08987994 ], [ -66.28851087, -12.09017245 ], [ -66.28829182, -12.09037575 ], [ -66.28822801, -12.09057842 ], [ -66.28826852, -12.09097041 ], [ -66.28829456, -12.09100825 ], [ -66.28882618, -12.09128434 ], [ -66.290147, -12.09156981 ], [ -66.29023757, -12.09156943 ], [ -66.2910914, -12.09156589 ], [ -66.29194606, -12.09175208 ], [ -66.29284081, -12.09222906 ], [ -66.2937234, -12.0928832 ], [ -66.29446277, -12.09332288 ], [ -66.29523957, -12.09344615 ], [ -66.29580848, -12.09361634 ], [ -66.29647308, -12.09366623 ], [ -66.29681356, -12.09350678 ], [ -66.29704477, -12.09299664 ], [ -66.29716769, -12.09236405 ], [ -66.29716738, -12.09229382 ], [ -66.2969681, -12.09189082 ], [ -66.29693196, -12.09183831 ], [ -66.29655397, -12.09162919 ], [ -66.29617535, -12.09127962 ], [ -66.29615724, -12.09124458 ], [ -66.29599342, -12.09073609 ], [ -66.29591983, -12.09033257 ], [ -66.29568494, -12.08999995 ], [ -66.29554052, -12.08982497 ], [ -66.29539541, -12.08949198 ], [ -66.29548451, -12.08933359 ], [ -66.29577173, -12.08931483 ], [ -66.29627396, -12.08918983 ], [ -66.29663261, -12.08908299 ], [ -66.29727947, -12.08918564 ], [ -66.29808894, -12.08951585 ], [ -66.29821494, -12.08958557 ], [ -66.29913321, -12.09016113 ], [ -66.30025077, -12.09113967 ], [ -66.30068347, -12.09154167 ], [ -66.30090087, -12.09197971 ], [ -66.30081278, -12.09236634 ], [ -66.30056202, -12.09250785 ], [ -66.30013216, -12.09275546 ], [ -66.29880543, -12.09321751 ], [ -66.29803533, -12.09367725 ], [ -66.29767728, -12.09392455 ], [ -66.29751721, -12.09427638 ], [ -66.29762648, -12.09462708 ], [ -66.29786244, -12.0952055 ], [ -66.29807914, -12.09548552 ], [ -66.29818688, -12.09548507 ], [ -66.29863578, -12.09548318 ], [ -66.29903127, -12.09558687 ], [ -66.29951732, -12.09586578 ], [ -66.29987882, -12.09640856 ], [ -66.30004189, -12.09674148 ], [ -66.30023632, -12.09829719 ], [ -66.30054949, -12.09958875 ], [ -66.300706, -12.10021949 ], [ -66.30144556, -12.10057719 ], [ -66.30240101, -12.1010843 ], [ -66.30298749, -12.10159297 ], [ -66.30317304, -12.10183272 ], [ -66.30308225, -12.10216382 ], [ -66.30286859, -12.10252552 ], [ -66.3028393, -12.10285637 ], [ -66.30284101, -12.10324722 ], [ -66.30268819, -12.10345832 ], [ -66.30204312, -12.10361136 ], [ -66.30102841, -12.10361562 ], [ -66.30050567, -12.10361781 ], [ -66.3001054, -12.10349922 ], [ -66.30007438, -12.10343922 ], [ -66.29985677, -12.10289894 ], [ -66.29936241, -12.10235982 ], [ -66.29899329, -12.10233129 ], [ -66.29813349, -12.10260548 ], [ -66.29742717, -12.1028189 ], [ -66.29705936, -12.10309104 ], [ -66.29703032, -12.10348202 ], [ -66.2970336, -12.10423366 ], [ -66.29719011, -12.1048644 ], [ -66.29737619, -12.10522442 ], [ -66.29777713, -12.10549334 ], [ -66.2983004, -12.10561141 ], [ -66.29900764, -12.10560845 ], [ -66.29965325, -12.10557568 ], [ -66.30082226, -12.10569104 ], [ -66.30119204, -12.10586988 ], [ -66.30134697, -12.10613983 ], [ -66.30162609, -12.10667984 ], [ -66.30206054, -12.10758001 ], [ -66.30218684, -12.10833115 ], [ -66.30228159, -12.10890201 ], [ -66.30252983, -12.1094121 ], [ -66.30305364, -12.10965043 ], [ -66.30376236, -12.10997819 ], [ -66.30437841, -12.11021614 ], [ -66.30459419, -12.1103355 ], [ -66.30490262, -12.11054468 ], [ -66.30496532, -12.11081502 ], [ -66.30490567, -12.11123621 ], [ -66.30492502, -12.11149995 ], [ -66.30490011, -12.11175455 ], [ -66.30477125, -12.11204775 ], [ -66.30447283, -12.1122526 ], [ -66.30423869, -12.11227903 ], [ -66.30417363, -12.1122793 ], [ -66.30396518, -12.11222928 ], [ -66.30264463, -12.11083515 ], [ -66.30237068, -12.1106836 ], [ -66.30204545, -12.11071042 ], [ -66.300617, -12.11141625 ], [ -66.29927985, -12.11217259 ], [ -66.29855274, -12.11255735 ], [ -66.29803294, -12.11273768 ], [ -66.2977607, -12.11298058 ], [ -66.29770997, -12.11328617 ], [ -66.29776337, -12.11359134 ], [ -66.29799807, -12.11369216 ], [ -66.29807616, -12.11369183 ], [ -66.29872716, -12.11375272 ], [ -66.299392, -12.11400443 ], [ -66.29966735, -12.11447408 ], [ -66.29989088, -12.11499484 ], [ -66.30014182, -12.11583361 ], [ -66.30049621, -12.11651925 ], [ -66.30058875, -12.1168497 ], [ -66.30063841, -12.11716456 ], [ -66.30089921, -12.11732875 ], [ -66.30109426, -12.11732794 ], [ -66.30148364, -12.11716103 ], [ -66.30220958, -12.11664943 ], [ -66.30329977, -12.11617445 ], [ -66.30380656, -12.11609604 ], [ -66.30419727, -12.11623425 ], [ -66.30439309, -12.11641142 ], [ -66.30439405, -12.11662755 ], [ -66.30422601, -12.1168571 ], [ -66.30379781, -12.11706231 ], [ -66.30352536, -12.11720332 ], [ -66.30318783, -12.11733187 ], [ -66.30316194, -12.1173574 ], [ -66.30303252, -12.11749779 ], [ -66.30302042, -12.11770127 ], [ -66.30345147, -12.11814443 ], [ -66.30392199, -12.11868913 ], [ -66.30444608, -12.1195896 ], [ -66.30451284, -12.11998344 ], [ -66.30439743, -12.12035263 ], [ -66.30398256, -12.12063407 ], [ -66.3032297, -12.12094237 ], [ -66.30285373, -12.12119822 ], [ -66.30254297, -12.12150467 ], [ -66.30231031, -12.12182349 ], [ -66.30239606, -12.12217381 ], [ -66.30251594, -12.12244023 ], [ -66.30295614, -12.12267049 ], [ -66.3031938, -12.12272752 ], [ -66.30344373, -12.12287734 ], [ -66.30344506, -12.12317908 ], [ -66.30357731, -12.1235615 ], [ -66.30385165, -12.12386208 ], [ -66.30400733, -12.12417478 ], [ -66.30409186, -12.12449937 ], [ -66.30400963, -12.124697 ], [ -66.30367727, -12.1246984 ], [ -66.30365348, -12.1246869 ], [ -66.3028102, -12.12457439 ], [ -66.30234711, -12.12454152 ], [ -66.30170859, -12.12445225 ], [ -66.30119447, -12.12482639 ], [ -66.30123185, -12.12548021 ], [ -66.30172157, -12.12610531 ], [ -66.30238562, -12.12669612 ], [ -66.30272951, -12.12727148 ], [ -66.30272385, -12.12784674 ], [ -66.30209076, -12.12842162 ], [ -66.30127332, -12.12891052 ], [ -66.30011535, -12.12942321 ], [ -66.29938721, -12.12919102 ], [ -66.29886429, -12.12901382 ], [ -66.29822305, -12.12900756 ], [ -66.29790182, -12.12951004 ], [ -66.29867092, -12.13084765 ], [ -66.29903284, -12.13144531 ], [ -66.29964244, -12.13250823 ], [ -66.29976624, -12.133019 ], [ -66.29932934, -12.13349771 ], [ -66.29896528, -12.13390459 ], [ -66.29879591, -12.13421526 ], [ -66.29847969, -12.13440735 ], [ -66.298164, -12.13471866 ], [ -66.29809217, -12.13502893 ], [ -66.29797169, -12.13536326 ], [ -66.29788285, -12.13572491 ], [ -66.29777419, -12.13603003 ], [ -66.29774749, -12.13620936 ], [ -66.2978948, -12.13636108 ], [ -66.29817019, -12.13645849 ], [ -66.29865599, -12.13646542 ], [ -66.29923254, -12.13626587 ], [ -66.2995243, -12.13591519 ], [ -66.29977031, -12.13558261 ], [ -66.29977023, -12.13556469 ], [ -66.2999249, -12.13530419 ], [ -66.29996066, -12.13509794 ], [ -66.30005102, -12.13480186 ], [ -66.30028845, -12.13460373 ], [ -66.30052687, -12.13462961 ], [ -66.30081169, -12.13478971 ], [ -66.300978, -12.13509367 ], [ -66.30104499, -12.13573856 ], [ -66.30113924, -12.13632957 ], [ -66.30110396, -12.13664334 ], [ -66.30110482, -12.13684047 ], [ -66.30115167, -12.13707324 ], [ -66.30128026, -12.13713543 ], [ -66.30166564, -12.13723238 ], [ -66.30197735, -12.137249 ], [ -66.30225262, -12.13731954 ], [ -66.30241862, -12.13755182 ], [ -66.30244765, -12.13790117 ], [ -66.30261593, -12.13857316 ], [ -66.30277968, -12.13915459 ], [ -66.30272328, -12.13949206 ], [ -66.30256123, -12.14001274 ], [ -66.30241898, -12.14018812 ], [ -66.30217798, -12.14026778 ], [ -66.30189191, -12.14026024 ], [ -66.30125501, -12.13974732 ], [ -66.30054614, -12.13912984 ], [ -66.30023194, -12.13882529 ], [ -66.30001711, -12.13875628 ], [ -66.29975788, -12.13875736 ], [ -66.29961529, -12.13885409 ], [ -66.29959825, -12.13904641 ], [ -66.29965303, -12.13930835 ], [ -66.29965396, -12.13951809 ], [ -66.29959291, -12.13986789 ], [ -66.29935302, -12.14020098 ], [ -66.29887273, -12.14075355 ], [ -66.29866002, -12.14117392 ], [ -66.29848311, -12.14160288 ], [ -66.29834522, -12.1417677 ], [ -66.29825868, -12.14199912 ], [ -66.29818944, -12.14217914 ], [ -66.2982426, -12.14232441 ], [ -66.29831312, -12.14243537 ], [ -66.29834821, -12.14245234 ], [ -66.29854106, -12.14251143 ], [ -66.29902252, -12.14250942 ], [ -66.29964322, -12.14231854 ], [ -66.30038581, -12.14197311 ], [ -66.30073528, -12.14181759 ], [ -66.30110305, -12.14184172 ], [ -66.30143641, -12.14200293 ], [ -66.30169997, -12.14221579 ], [ -66.30208721, -12.14268486 ], [ -66.30324839, -12.14396373 ], [ -66.30353159, -12.14443457 ], [ -66.30394886, -12.14547706 ], [ -66.3041214, -12.14606965 ], [ -66.30424461, -12.14648445 ], [ -66.30424644, -12.14689977 ], [ -66.30419929, -12.14722035 ], [ -66.30400691, -12.14763649 ], [ -66.3037528, -12.14781555 ], [ -66.30342545, -12.14789999 ], [ -66.30310939, -12.14779452 ], [ -66.30309715, -12.14777084 ], [ -66.30295055, -12.14755786 ], [ -66.3029131, -12.14732069 ], [ -66.30291122, -12.14689351 ], [ -66.30292169, -12.14651375 ], [ -66.30295696, -12.14625254 ], [ -66.30288298, -12.14599179 ], [ -66.30248103, -12.14567308 ], [ -66.30210398, -12.14549667 ], [ -66.30169091, -12.14541533 ], [ -66.30154552, -12.14547527 ], [ -66.30146159, -12.14571296 ], [ -66.30136789, -12.14648466 ], [ -66.30135747, -12.1468763 ], [ -66.30130969, -12.14705449 ], [ -66.30116424, -12.14710257 ], [ -66.3009095, -12.14713924 ], [ -66.30043627, -12.14717682 ], [ -66.30007259, -12.14728515 ], [ -66.29978163, -12.14736943 ], [ -66.29929657, -12.14747826 ], [ -66.29889569, -12.14740874 ], [ -66.29844532, -12.14712583 ], [ -66.29824964, -12.14679438 ], [ -66.29807887, -12.14660523 ], [ -66.29783594, -12.14657065 ], [ -66.29749233, -12.14658559 ], [ -66.29725637, -12.14666624 ], [ -66.29707762, -12.14678648 ], [ -66.29694773, -12.14689855 ], [ -66.29686705, -12.14708211 ], [ -66.29676199, -12.14728171 ], [ -66.29672205, -12.1474651 ], [ -66.296788, -12.14764009 ], [ -66.29689453, -12.14777507 ], [ -66.29704977, -12.14787002 ], [ -66.29737592, -12.14791645 ], [ -66.2979871, -12.14792186 ], [ -66.29865512, -12.14787923 ], [ -66.29893217, -12.14787808 ], [ -66.29909556, -12.14797299 ], [ -66.2992595, -12.14819536 ], [ -66.29949766, -12.14861657 ], [ -66.29971988, -12.14911753 ], [ -66.29978647, -12.1494359 ], [ -66.29981179, -12.14963495 ], [ -66.29992356, -12.15008149 ], [ -66.3000416, -12.15033818 ], [ -66.30005754, -12.15063816 ], [ -66.29986911, -12.15099616 ], [ -66.29960717, -12.15125443 ], [ -66.29924298, -12.15152743 ], [ -66.29887865, -12.15177184 ], [ -66.29876211, -12.15185806 ], [ -66.29871901, -12.15202969 ], [ -66.29869104, -12.15231557 ], [ -66.29875044, -12.15252964 ], [ -66.29902944, -12.15282852 ], [ -66.30001123, -12.15341021 ], [ -66.30050878, -12.15355101 ], [ -66.30102019, -12.15352029 ], [ -66.30156038, -12.15338943 ], [ -66.30205687, -12.15328734 ], [ -66.30233455, -12.15328617 ], [ -66.30253966, -12.15339961 ], [ -66.30254042, -12.15357106 ], [ -66.30241008, -12.15384308 ], [ -66.30187214, -12.1544883 ], [ -66.30096993, -12.15539223 ], [ -66.3006201, -12.15560803 ], [ -66.30054994, -12.15583005 ], [ -66.30055122, -12.15612324 ], [ -66.30078939, -12.15758814 ], [ -66.30084702, -12.1582942 ], [ -66.30082157, -12.15870743 ], [ -66.30056408, -12.159055 ], [ -66.30016973, -12.1592832 ], [ -66.29962539, -12.15949871 ], [ -66.29922982, -12.15944707 ], [ -66.2992025, -12.15943385 ], [ -66.29872437, -12.1592093 ], [ -66.29839527, -12.15877091 ], [ -66.29810685, -12.15827902 ], [ -66.29784725, -12.15814685 ], [ -66.2974928, -12.15814834 ], [ -66.29700232, -12.15821702 ], [ -66.29660779, -12.15840524 ], [ -66.2965264, -12.15849887 ], [ -66.29640417, -12.158606 ], [ -66.29635016, -12.15872616 ], [ -66.29641995, -12.15909902 ], [ -66.29679378, -12.1604168 ], [ -66.29687639, -12.16060304 ], [ -66.29697252, -12.16076255 ], [ -66.29704085, -12.16080225 ], [ -66.29734205, -12.16109417 ], [ -66.29769784, -12.1613992 ], [ -66.29872617, -12.16213627 ], [ -66.29922003, -12.16262363 ], [ -66.29936403, -12.16284152 ], [ -66.29946326, -12.16304212 ], [ -66.29943716, -12.16320829 ], [ -66.29926795, -12.16335757 ], [ -66.29908028, -12.16337583 ], [ -66.29877627, -12.16336837 ], [ -66.2984809, -12.16329095 ], [ -66.29819416, -12.16314357 ], [ -66.29795223, -12.16302223 ], [ -66.29771978, -12.1630232 ], [ -66.29729134, -12.1631823 ], [ -66.29697916, -12.16334966 ], [ -66.29667572, -12.16347328 ], [ -66.29655984, -12.16355242 ], [ -66.29648896, -12.1637013 ], [ -66.29655224, -12.16385835 ], [ -66.29723453, -12.16450224 ], [ -66.29812344, -12.1653725 ], [ -66.29843777, -12.16569456 ], [ -66.29852802, -12.16588645 ], [ -66.29854666, -12.16606117 ], [ -66.29840461, -12.166289 ], [ -66.29802002, -12.16625565 ], [ -66.2975638, -12.16619638 ], [ -66.29754588, -12.16618771 ], [ -66.29715184, -12.16604078 ], [ -66.29677589, -12.16593748 ], [ -66.29648972, -12.1659212 ], [ -66.29615896, -12.16593132 ], [ -66.29580194, -12.16607265 ], [ -66.29574887, -12.16620397 ], [ -66.29574948, -12.16634381 ], [ -66.29583059, -12.16649206 ], [ -66.29583074, -12.16652701 ], [ -66.29597433, -12.16664877 ], [ -66.29632339, -12.1667347 ], [ -66.29679833, -12.1669222 ], [ -66.29701845, -12.16709106 ], [ -66.29713813, -12.16728714 ], [ -66.29724903, -12.16756367 ], [ -66.29728665, -12.16780477 ], [ -66.29722352, -12.16800162 ], [ -66.29721442, -12.16801058 ], [ -66.29708693, -12.16811834 ], [ -66.29689505, -12.16813702 ], [ -66.29686763, -12.16813713 ], [ -66.29657509, -12.16812942 ], [ -66.29652927, -12.1681028 ], [ -66.29614494, -12.16800612 ], [ -66.29609006, -12.16799741 ], [ -66.29579724, -12.16792715 ], [ -66.29563283, -12.16795464 ], [ -66.29561462, -12.16797259 ], [ -66.29543224, -12.16807164 ], [ -66.29541399, -12.16808065 ], [ -66.29519599, -12.16839431 ], [ -66.29513305, -12.16863582 ], [ -66.29513426, -12.16891282 ], [ -66.29515383, -12.16920761 ], [ -66.29523792, -12.16962723 ], [ -66.29544089, -12.17005529 ], [ -66.2957369, -12.17047745 ], [ -66.29603195, -12.17071136 ], [ -66.29658573, -12.1710313 ], [ -66.29691591, -12.17115185 ], [ -66.29711192, -12.17115103 ], [ -66.29715693, -12.17125535 ], [ -66.29710438, -12.1714646 ], [ -66.29665431, -12.17245062 ], [ -66.29636289, -12.17304407 ], [ -66.29623023, -12.17327107 ], [ -66.29603433, -12.17329802 ], [ -66.29590023, -12.17319406 ], [ -66.29574714, -12.17282021 ], [ -66.29574695, -12.17277666 ], [ -66.29560102, -12.17200214 ], [ -66.29562653, -12.17172333 ], [ -66.29565272, -12.1716013 ], [ -66.29563452, -12.17151428 ], [ -66.29557189, -12.17145358 ], [ -66.29532273, -12.17152429 ], [ -66.29469138, -12.17180562 ], [ -66.29450465, -12.17189349 ], [ -66.29419282, -12.17189479 ], [ -66.29370215, -12.17174878 ], [ -66.29317556, -12.17154194 ], [ -66.2928989, -12.17143858 ], [ -66.29267604, -12.17141338 ], [ -66.29234267, -12.17152451 ], [ -66.29216769, -12.17158234 ], [ -66.29206306, -12.17170269 ], [ -66.2920341, -12.17175991 ], [ -66.29205235, -12.17192543 ], [ -66.29215262, -12.17214771 ], [ -66.29239937, -12.17247215 ], [ -66.29287469, -12.17296695 ], [ -66.29388264, -12.17370507 ], [ -66.2940176, -12.17384725 ], [ -66.29410064, -12.17413242 ], [ -66.29414824, -12.17433208 ], [ -66.29418267, -12.17476441 ], [ -66.29429202, -12.17515616 ], [ -66.2943811, -12.17538538 ], [ -66.29446997, -12.17556676 ], [ -66.29459798, -12.17574798 ], [ -66.29475502, -12.17585256 ], [ -66.29521487, -12.17583151 ], [ -66.29575281, -12.1757623 ], [ -66.29661792, -12.17570769 ], [ -66.29746557, -12.1754888 ], [ -66.29774311, -12.17493558 ], [ -66.29803185, -12.17499237 ], [ -66.29819413, -12.17519305 ], [ -66.29869415, -12.17610431 ], [ -66.29876779, -12.17657631 ], [ -66.2986473, -12.17690258 ], [ -66.29859123, -12.17709352 ], [ -66.29842926, -12.17722927 ], [ -66.29812055, -12.17727029 ], [ -66.29808803, -12.17727043 ], [ -66.2978768, -12.17729515 ], [ -66.29769019, -12.17737538 ], [ -66.29743074, -12.17752744 ], [ -66.29729272, -12.17756774 ], [ -66.29730985, -12.17776632 ], [ -66.29741602, -12.17787711 ], [ -66.29750616, -12.17804359 ], [ -66.29749122, -12.17834559 ], [ -66.29748385, -12.17852043 ], [ -66.29755767, -12.17867109 ], [ -66.29781806, -12.17873357 ], [ -66.29863876, -12.17866656 ], [ -66.29870375, -12.17865834 ], [ -66.29930449, -12.17848102 ], [ -66.29983271, -12.17844703 ], [ -66.30067825, -12.17848322 ], [ -66.3012374, -12.17852219 ], [ -66.30175687, -12.1786253 ], [ -66.30203174, -12.17877731 ], [ -66.30213113, -12.17911193 ], [ -66.30215283, -12.17959046 ], [ -66.3019982, -12.18006015 ], [ -66.3016576, -12.18054977 ], [ -66.30133801, -12.18136477 ], [ -66.3011063, -12.18212197 ], [ -66.30086311, -12.18249633 ], [ -66.30065798, -12.18284298 ], [ -66.30072283, -12.18321352 ], [ -66.30081356, -12.18371991 ], [ -66.30085346, -12.18416472 ], [ -66.30095479, -12.18432473 ], [ -66.30178748, -12.18555011 ], [ -66.30225791, -12.18554813 ], [ -66.30263939, -12.18560995 ], [ -66.30288379, -12.1858547 ], [ -66.30283698, -12.1862751 ], [ -66.30273367, -12.18675915 ], [ -66.30255571, -12.18687089 ], [ -66.30223142, -12.18690396 ], [ -66.30188277, -12.18692921 ], [ -66.30186653, -12.18692927 ], [ -66.3015986, -12.18686697 ], [ -66.30159042, -12.18685115 ], [ -66.30151693, -12.18674047 ], [ -66.30150865, -12.18670085 ], [ -66.30147565, -12.18657415 ], [ -66.30147558, -12.18655829 ], [ -66.30147544, -12.18652658 ], [ -66.30141811, -12.18639997 ], [ -66.30124695, -12.1862104 ], [ -66.30098688, -12.18609258 ], [ -66.30072703, -12.18602231 ], [ -66.30056481, -12.18602299 ], [ -66.3004271, -12.18606321 ], [ -66.30024132, -12.18623841 ], [ -66.29999112, -12.18652487 ], [ -66.29990261, -12.18668381 ], [ -66.29984656, -12.18685053 ], [ -66.29990403, -12.18700886 ], [ -66.29991217, -12.18701676 ], [ -66.3001563, -12.18719808 ], [ -66.30066826, -12.18741792 ], [ -66.30121168, -12.18741564 ], [ -66.30170617, -12.18735014 ], [ -66.30217659, -12.18734817 ], [ -66.30251743, -12.18738638 ], [ -66.30254186, -12.18741007 ], [ -66.30294822, -12.18759072 ], [ -66.3034672, -12.18803638 ], [ -66.30370258, -12.18823912 ], [ -66.30383356, -12.18839986 ], [ -66.30382554, -12.18855269 ], [ -66.3038176, -12.1887225 ], [ -66.30374027, -12.18890958 ], [ -66.30357571, -12.18901213 ], [ -66.30326378, -12.18917473 ], [ -66.3027684, -12.18909193 ], [ -66.30236866, -12.18903418 ], [ -66.30235125, -12.18902576 ], [ -66.30231644, -12.18900894 ], [ -66.30195956, -12.18882368 ], [ -66.30191603, -12.18879839 ], [ -66.30168076, -12.18862112 ], [ -66.30143745, -12.18858818 ], [ -66.30098616, -12.18865798 ], [ -66.30049178, -12.18880436 ], [ -66.30024944, -12.18899213 ], [ -66.30024172, -12.18921287 ], [ -66.30024284, -12.18946753 ], [ -66.30028689, -12.18961166 ], [ -66.30038305, -12.18975556 ], [ -66.30054862, -12.18988221 ], [ -66.3008963, -12.18994865 ], [ -66.301296, -12.18999791 ], [ -66.30148751, -12.19009897 ], [ -66.30156376, -12.19020756 ], [ -66.30163607, -12.19031056 ], [ -66.30167159, -12.19048868 ], [ -66.30165483, -12.19062457 ], [ -66.30145605, -12.19084611 ], [ -66.30114348, -12.1908644 ], [ -66.30094389, -12.1908992 ], [ -66.30081771, -12.1910008 ], [ -66.30047456, -12.19129623 ], [ -66.30022882, -12.19156869 ], [ -66.30023625, -12.19203487 ], [ -66.30052368, -12.19244402 ], [ -66.30089688, -12.19278231 ], [ -66.3011724, -12.19316745 ], [ -66.30142559, -12.19327592 ], [ -66.30177471, -12.19344472 ], [ -66.30187531, -12.19368753 ], [ -66.30186801, -12.19391457 ], [ -66.30176132, -12.19417448 ], [ -66.30154677, -12.19442671 ], [ -66.30082629, -12.19469729 ], [ -66.3000453, -12.1948136 ], [ -66.29945815, -12.19491313 ], [ -66.29894559, -12.19503661 ], [ -66.29868134, -12.19516715 ], [ -66.29843358, -12.19528952 ], [ -66.29831005, -12.19542755 ], [ -66.2983023, -12.19554892 ], [ -66.29836112, -12.1957509 ], [ -66.29851104, -12.19596868 ], [ -66.29885965, -12.19620181 ], [ -66.29932384, -12.19636973 ], [ -66.30013515, -12.19643104 ], [ -66.30064863, -12.19651788 ], [ -66.30079788, -12.19658196 ], [ -66.3010057, -12.19679141 ], [ -66.30111377, -12.1969042 ], [ -66.30117322, -12.19712655 ], [ -66.30111918, -12.19725425 ], [ -66.30081119, -12.19751693 ], [ -66.30024409, -12.19780262 ], [ -66.29985836, -12.19797645 ], [ -66.29963188, -12.19817183 ], [ -66.29954731, -12.19832774 ], [ -66.29945761, -12.19861143 ], [ -66.29944484, -12.19914061 ], [ -66.2994459, -12.19938082 ], [ -66.2994596, -12.19970507 ], [ -66.29957094, -12.19987276 ], [ -66.29970706, -12.20008838 ], [ -66.29984261, -12.2001719 ], [ -66.30015051, -12.20032675 ], [ -66.30066694, -12.20039665 ], [ -66.30147786, -12.20036922 ], [ -66.30168703, -12.2004284 ], [ -66.3018106, -12.20058402 ], [ -66.30193449, -12.20081171 ], [ -66.30205832, -12.20102739 ], [ -66.30215757, -12.20124317 ], [ -66.30219512, -12.20139915 ], [ -66.3020975, -12.2015557 ], [ -66.30172959, -12.20172539 ], [ -66.30127492, -12.20172731 ], [ -66.30063581, -12.20170597 ], [ -66.30038978, -12.20164694 ], [ -66.30013146, -12.20158797 ], [ -66.29993484, -12.2015888 ], [ -66.29986163, -12.20170922 ], [ -66.29992512, -12.20217738 ], [ -66.29991388, -12.20241765 ], [ -66.29991472, -12.20260982 ], [ -66.29994019, -12.20281391 ], [ -66.30010088, -12.20302943 ], [ -66.30060598, -12.20331558 ], [ -66.30125865, -12.20362511 ], [ -66.30183724, -12.2037883 ], [ -66.30308193, -12.20381329 ], [ -66.30410237, -12.20382412 ], [ -66.30476754, -12.20390443 ], [ -66.30533218, -12.20397762 ], [ -66.3054566, -12.20414332 ], [ -66.30567471, -12.20452018 ], [ -66.30565252, -12.20474695 ], [ -66.30557625, -12.2049815 ], [ -66.30543767, -12.20511052 ], [ -66.3052603, -12.20520949 ], [ -66.30499005, -12.20527863 ], [ -66.30497458, -12.20527869 ], [ -66.30468057, -12.20521948 ], [ -66.30444816, -12.20510713 ], [ -66.30429299, -12.20497933 ], [ -66.30408414, -12.20494999 ], [ -66.30386786, -12.20498867 ], [ -66.30368307, -12.20515568 ], [ -66.30346036, -12.20548905 ], [ -66.30339401, -12.20581824 ], [ -66.30345516, -12.2059877 ], [ -66.30360723, -12.20623059 ], [ -66.30390248, -12.20641384 ], [ -66.30458979, -12.20646998 ], [ -66.30499739, -12.20644613 ], [ -66.3051635, -12.20644542 ], [ -66.30531482, -12.20651859 ], [ -66.30538335, -12.20665113 ], [ -66.30539195, -12.20688723 ], [ -66.30531045, -12.20724179 ], [ -66.30525122, -12.20750769 ], [ -66.30531256, -12.20772144 ], [ -66.3055778, -12.20794171 ], [ -66.30668205, -12.20837247 ], [ -66.30709965, -12.20858825 ], [ -66.30727653, -12.20880758 ], [ -66.30739021, -12.20905468 ], [ -66.30743333, -12.20926083 ], [ -66.30744829, -12.20946021 ], [ -66.30742077, -12.20960474 ], [ -66.30730829, -12.20962585 ], [ -66.30715339, -12.20960588 ], [ -66.30712519, -12.20959224 ], [ -66.30710402, -12.20957857 ], [ -66.30698391, -12.20946904 ], [ -66.30695565, -12.20944165 ], [ -66.30694152, -12.20942795 ], [ -66.30672981, -12.2092913 ], [ -66.30670867, -12.20928451 ], [ -66.30644808, -12.20923059 ], [ -66.3064129, -12.20923073 ], [ -66.30611046, -12.20925952 ], [ -66.30607533, -12.20927342 ], [ -66.3056327, -12.20942659 ], [ -66.30544309, -12.20950991 ], [ -66.30523308, -12.20975838 ], [ -66.30516338, -12.20990998 ], [ -66.30515695, -12.21004756 ], [ -66.30524248, -12.21029478 ], [ -66.30546849, -12.2104864 ], [ -66.30609644, -12.2108689 ], [ -66.30684604, -12.21117223 ], [ -66.30743075, -12.21145824 ], [ -66.30804416, -12.2120326 ], [ -66.30845843, -12.21258096 ], [ -66.30881766, -12.21310272 ], [ -66.30932761, -12.21355677 ], [ -66.30966697, -12.21372625 ], [ -66.3098532, -12.21381626 ], [ -66.3099003, -12.21396137 ], [ -66.30989157, -12.21408854 ], [ -66.30966943, -12.21428018 ], [ -66.3093542, -12.21443589 ], [ -66.30892864, -12.21485542 ], [ -66.30863184, -12.21497473 ], [ -66.30841009, -12.21525718 ], [ -66.30814109, -12.21535821 ], [ -66.30811321, -12.21535833 ], [ -66.30789955, -12.21536831 ], [ -66.30787159, -12.21535027 ], [ -66.30770335, -12.21512395 ], [ -66.30751499, -12.21455262 ], [ -66.30748528, -12.21413502 ], [ -66.30741899, -12.21385378 ], [ -66.30723261, -12.21372743 ], [ -66.30706504, -12.21365548 ], [ -66.30685138, -12.21366546 ], [ -66.3066849, -12.21383871 ], [ -66.30649062, -12.21403023 ], [ -66.30641773, -12.21435746 ], [ -66.30619685, -12.2148397 ], [ -66.30590156, -12.21530408 ], [ -66.30563318, -12.21555041 ], [ -66.30535479, -12.21563331 ], [ -66.3051136, -12.21572515 ], [ -66.3050864, -12.21587964 ], [ -66.30509642, -12.21604306 ], [ -66.30518997, -12.21618797 ], [ -66.3053579, -12.21634165 ], [ -66.30539515, -12.21635965 ], [ -66.30579524, -12.2164851 ], [ -66.30612983, -12.21650185 ], [ -66.3061577, -12.21650173 ], [ -66.30637133, -12.21648267 ], [ -66.30655716, -12.21648189 ], [ -66.3067154, -12.21654479 ], [ -66.30679978, -12.21671698 ], [ -66.30683903, -12.21718905 ], [ -66.3067701, -12.21742289 ], [ -66.30668244, -12.21763106 ], [ -66.3064613, -12.21770992 ], [ -66.30611611, -12.21778064 ], [ -66.30579688, -12.21771271 ], [ -66.30577912, -12.21770413 ], [ -66.30559271, -12.21761833 ], [ -66.305371, -12.21756731 ], [ -66.30519416, -12.21764598 ], [ -66.30507968, -12.21780231 ], [ -66.30509824, -12.21799272 ], [ -66.30582823, -12.21879488 ], [ -66.30677904, -12.21944891 ], [ -66.30734689, -12.21964567 ], [ -66.30793211, -12.21976441 ], [ -66.30833984, -12.21981464 ], [ -66.30886276, -12.21986439 ], [ -66.30898625, -12.21994437 ], [ -66.30922404, -12.22025843 ], [ -66.30913258, -12.2206369 ], [ -66.30897587, -12.22084061 ], [ -66.30876885, -12.22100251 ], [ -66.30875452, -12.22100257 ], [ -66.30844657, -12.22102488 ], [ -66.30842508, -12.22102497 ], [ -66.30839642, -12.22102508 ], [ -66.3080165, -12.22097067 ], [ -66.30778689, -12.22088763 ], [ -66.30777969, -12.22088065 ], [ -66.30751371, -12.22067173 ], [ -66.30749935, -12.22066479 ], [ -66.30716047, -12.22016911 ], [ -66.30681556, -12.21993251 ], [ -66.30654278, -12.21980764 ], [ -66.30622052, -12.21983699 ], [ -66.30597034, -12.21996407 ], [ -66.3058351, -12.2201607 ], [ -66.30576445, -12.22038504 ], [ -66.30576528, -12.22057407 ], [ -66.30615018, -12.22175572 ], [ -66.3063099, -12.22223816 ], [ -66.30653662, -12.22254131 ], [ -66.30681659, -12.22260322 ], [ -66.30766241, -12.22250152 ], [ -66.30812864, -12.22251357 ], [ -66.3083368, -12.22255475 ], [ -66.30850206, -12.22262414 ], [ -66.30860323, -12.22279895 ], [ -66.3085611, -12.2230024 ], [ -66.30810545, -12.22376131 ], [ -66.30772821, -12.22440775 ], [ -66.30749212, -12.22454191 ], [ -66.30732007, -12.22455666 ], [ -66.3070612, -12.22440355 ], [ -66.30704677, -12.22438258 ], [ -66.30676553, -12.2240333 ], [ -66.30649247, -12.2239153 ], [ -66.3061197, -12.22395191 ], [ -66.30554636, -12.22404545 ], [ -66.3046785, -12.22403509 ], [ -66.30413303, -12.22394626 ], [ -66.3040012, -12.22403048 ], [ -66.3039063, -12.224189 ], [ -66.30389305, -12.22451966 ], [ -66.30405733, -12.22508675 ], [ -66.30449962, -12.22532925 ], [ -66.30497095, -12.22548538 ], [ -66.30531674, -12.22551987 ], [ -66.30536086, -12.22551968 ], [ -66.30577974, -12.22545323 ], [ -66.30580177, -12.22544596 ], [ -66.3061541, -12.22530073 ], [ -66.30638908, -12.22522068 ], [ -66.30654383, -12.2252919 ], [ -66.3067296, -12.22572954 ], [ -66.30705701, -12.2265978 ], [ -66.30724597, -12.22712447 ], [ -66.30727742, -12.22742609 ], [ -66.30723347, -12.22770596 ], [ -66.30708416, -12.228001 ], [ -66.30697944, -12.22816336 ], [ -66.30687462, -12.22830364 ], [ -66.30668636, -12.22830443 ], [ -66.30636208, -12.22820276 ], [ -66.30592361, -12.22782188 ], [ -66.30571051, -12.22731494 ], [ -66.30555022, -12.22682985 ], [ -66.30539805, -12.22647721 ], [ -66.305058, -12.22621367 ], [ -66.30457551, -12.22609794 ], [ -66.30428944, -12.22612121 ], [ -66.30398106, -12.22621083 ], [ -66.30381602, -12.22635873 ], [ -66.30380856, -12.22637348 ], [ -66.30378649, -12.22649134 ], [ -66.30380982, -12.22666052 ], [ -66.30382498, -12.22668253 ], [ -66.30398369, -12.22680699 ], [ -66.30431591, -12.22700432 ], [ -66.30433098, -12.22700425 ], [ -66.30448276, -12.22726858 ], [ -66.30480996, -12.22803265 ], [ -66.30546085, -12.22876591 ], [ -66.30580618, -12.22921738 ], [ -66.30605771, -12.22969757 ], [ -66.3062387, -12.23013431 ], [ -66.30619614, -12.2306345 ], [ -66.30605641, -12.23085384 ], [ -66.30585231, -12.23097971 ], [ -66.30569881, -12.2309741 ], [ -66.30568599, -12.2309679 ], [ -66.30557691, -12.23088711 ], [ -66.30557675, -12.23084961 ], [ -66.30555679, -12.23067469 ], [ -66.3055566, -12.23063094 ], [ -66.30554894, -12.23034348 ], [ -66.30551597, -12.23011861 ], [ -66.30551593, -12.23010611 ], [ -66.30531701, -12.22995694 ], [ -66.30459354, -12.22977249 ], [ -66.30373549, -12.22952609 ], [ -66.30372907, -12.22951986 ], [ -66.30369709, -12.22952 ], [ -66.30322279, -12.22928449 ], [ -66.30278182, -12.22895801 ], [ -66.30247982, -12.22876531 ], [ -66.30233556, -12.22864551 ], [ -66.30212301, -12.22855944 ], [ -66.30194515, -12.22858025 ], [ -66.30187045, -12.22871435 ], [ -66.30185694, -12.22875454 ], [ -66.30183755, -12.22901549 ], [ -66.30183762, -12.22902887 ], [ -66.30190173, -12.22960385 ], [ -66.30184789, -12.22981144 ], [ -66.3017731, -12.22992547 ], [ -66.30154718, -12.22991304 ], [ -66.30139593, -12.22975983 ], [ -66.30129867, -12.22943247 ], [ -66.30129853, -12.22939903 ], [ -66.30112643, -12.22917233 ], [ -66.3011058, -12.22915234 ], [ -66.30083826, -12.22901299 ], [ -66.30073329, -12.22890416 ], [ -66.30062506, -12.22889348 ], [ -66.30039673, -12.22875534 ], [ -66.30023149, -12.22872265 ], [ -66.29995861, -12.22881282 ], [ -66.29973724, -12.22896397 ], [ -66.29973734, -12.22898622 ], [ -66.29973316, -12.22933121 ], [ -66.29975277, -12.22990978 ], [ -66.29976543, -12.23019905 ], [ -66.29963507, -12.23033314 ], [ -66.29949834, -12.23031145 ], [ -66.29949265, -12.23031147 ], [ -66.29926998, -12.23016775 ], [ -66.29925845, -12.23013441 ], [ -66.29914936, -12.22992344 ], [ -66.29912639, -12.22987902 ], [ -66.298995, -12.22977942 ], [ -66.29881295, -12.229808 ], [ -66.29880164, -12.22982474 ], [ -66.29856917, -12.23004271 ], [ -66.29812165, -12.23055647 ], [ -66.29784995, -12.23091927 ], [ -66.29782226, -12.23109743 ], [ -66.29786041, -12.23139581 ], [ -66.29816092, -12.23178047 ], [ -66.29834412, -12.23218647 ], [ -66.29847461, -12.23273871 ], [ -66.29856208, -12.23321812 ], [ -66.29867045, -12.23359315 ], [ -66.2987893, -12.2339264 ], [ -66.29885498, -12.23430161 ], [ -66.29883551, -12.23472933 ], [ -66.29867721, -12.23513675 ], [ -66.29841205, -12.23551335 ], [ -66.29830601, -12.23567024 ], [ -66.29804072, -12.23601554 ], [ -66.29797396, -12.23619557 ], [ -66.29790145, -12.23642444 ], [ -66.29790228, -12.23661382 ], [ -66.2980299, -12.23676348 ], [ -66.29807005, -12.23677637 ], [ -66.2983452, -12.23690944 ], [ -66.29859044, -12.23705866 ], [ -66.29870289, -12.23720842 ], [ -66.29874569, -12.23740629 ], [ -66.2986765, -12.23756365 ], [ -66.29866256, -12.23757054 ], [ -66.29850891, -12.23759167 ], [ -66.29845997, -12.23758504 ], [ -66.29844597, -12.23757828 ], [ -66.29830591, -12.23751057 ], [ -66.29828494, -12.23751066 ], [ -66.29818052, -12.23759987 ], [ -66.29811829, -12.23775037 ], [ -66.29809747, -12.2377846 ], [ -66.29809054, -12.23779829 ], [ -66.29801437, -12.23795568 ], [ -66.29795258, -12.23820861 ], [ -66.29800893, -12.23831081 ], [ -66.29849121, -12.23833612 ], [ -66.29854723, -12.23836319 ], [ -66.29864779, -12.23837873 ], [ -66.29876614, -12.23827154 ], [ -66.29889851, -12.23815811 ], [ -66.29902808, -12.23806071 ], [ -66.29920571, -12.23806074 ], [ -66.29920345, -12.23821704 ], [ -66.29908572, -12.23838942 ], [ -66.29892301, -12.23861728 ], [ -66.29894106, -12.23893519 ], [ -66.29904811, -12.23944693 ], [ -66.29905198, -12.24032786 ], [ -66.29902477, -12.2406777 ], [ -66.29882013, -12.24093594 ], [ -66.29850837, -12.24116246 ], [ -66.29781065, -12.24159168 ], [ -66.29747359, -12.24168157 ], [ -66.29724282, -12.24161014 ], [ -66.29709436, -12.24153837 ], [ -66.29709393, -12.24144185 ], [ -66.29708458, -12.2411845 ], [ -66.29710914, -12.24115223 ], [ -66.2971074, -12.2407581 ], [ -66.29710617, -12.24047659 ], [ -66.29698173, -12.2402519 ], [ -66.29673468, -12.24022075 ], [ -66.29654611, -12.24039045 ], [ -66.29596329, -12.24074679 ], [ -66.29554392, -12.24083702 ], [ -66.29501012, -12.24111272 ], [ -66.29429545, -12.24143313 ], [ -66.29400979, -12.24152477 ], [ -66.29387597, -12.24170621 ], [ -66.29380953, -12.24190381 ], [ -66.29381021, -12.24206002 ], [ -66.29390351, -12.24223229 ], [ -66.29408044, -12.24228912 ], [ -66.29411409, -12.24228897 ], [ -66.29434139, -12.24232092 ], [ -66.29436667, -12.24232903 ], [ -66.29440039, -12.24234534 ], [ -66.29461111, -12.2424349 ], [ -66.29490816, -12.24302564 ], [ -66.29500196, -12.24331302 ], [ -66.29507889, -12.24359224 ], [ -66.29507973, -12.24378135 ], [ -66.29492872, -12.24388064 ], [ -66.29465949, -12.24388176 ], [ -66.29463426, -12.24388187 ], [ -66.29431441, -12.24385031 ], [ -66.294306, -12.24385035 ], [ -66.29405327, -12.2437774 ], [ -66.29390949, -12.24360534 ], [ -66.29388415, -12.24358078 ], [ -66.29374861, -12.24336758 ], [ -66.29347799, -12.24304805 ], [ -66.2932249, -12.24289289 ], [ -66.29303111, -12.24282791 ], [ -66.29267849, -12.24300205 ], [ -66.29210065, -12.24362111 ], [ -66.29207551, -12.24364589 ], [ -66.29168111, -12.24388596 ], [ -66.29096746, -12.24403468 ], [ -66.2906548, -12.244181 ], [ -66.29030047, -12.24422276 ], [ -66.29006967, -12.24423178 ], [ -66.29004493, -12.24423188 ], [ -66.28964959, -12.24432214 ], [ -66.28955164, -12.24454814 ], [ -66.28955174, -12.24457232 ], [ -66.28954461, -12.24483017 ], [ -66.28967859, -12.24530497 ], [ -66.289862, -12.24577151 ], [ -66.2898787, -12.24581979 ], [ -66.28992122, -12.24611773 ], [ -66.28992132, -12.24614189 ], [ -66.2898394, -12.24626308 ], [ -66.28970753, -12.2462717 ], [ -66.28964981, -12.24627193 ], [ -66.28921251, -12.24619318 ], [ -66.28917945, -12.2461772 ], [ -66.28851871, -12.245906 ], [ -66.28816339, -12.24572217 ], [ -66.28794054, -12.24566669 ], [ -66.28792405, -12.24566676 ], [ -66.28777589, -12.24572377 ], [ -66.28766095, -12.24583705 ], [ -66.28774399, -12.24597368 ], [ -66.28795884, -12.24608558 ], [ -66.28796708, -12.24608555 ], [ -66.28811643, -12.24630247 ], [ -66.28815046, -12.24654404 ], [ -66.2880939, -12.24681015 ], [ -66.288094, -12.24683433 ], [ -66.2879058, -12.24716545 ], [ -66.28769686, -12.24745829 ], [ -66.28757722, -12.24771842 ], [ -66.2874817, -12.24797058 ], [ -66.28735455, -12.24835663 ], [ -66.28717821, -12.24853832 ], [ -66.28712991, -12.24853852 ], [ -66.2870977, -12.24853865 ], [ -66.28688825, -12.24850805 ], [ -66.28684788, -12.24848461 ], [ -66.28667019, -12.2483516 ], [ -66.28662987, -12.24833602 ], [ -66.28633864, -12.24801466 ], [ -66.28609602, -12.24776389 ], [ -66.28587022, -12.24767827 ], [ -66.28582993, -12.24767057 ], [ -66.28550766, -12.24761683 ], [ -66.2851537, -12.24768124 ], [ -66.28504971, -12.24783903 ], [ -66.28495412, -12.24807545 ], [ -66.28495508, -12.24829574 ], [ -66.2850607, -12.24851561 ], [ -66.2852871, -12.24874284 ], [ -66.28549748, -12.24898587 ], [ -66.28557936, -12.24930024 ], [ -66.2856133, -12.24970135 ], [ -66.28555854, -12.25007137 ], [ -66.28534198, -12.2502611 ], [ -66.28530183, -12.25028487 ], [ -66.28521344, -12.25032457 ], [ -66.28461696, -12.25045723 ], [ -66.28436281, -12.25036971 ], [ -66.28410843, -12.25022906 ], [ -66.28392637, -12.25004381 ], [ -66.28391624, -12.24979586 ], [ -66.28391612, -12.24976929 ], [ -66.28387902, -12.24957459 ], [ -66.28386977, -12.24953035 ], [ -66.28374212, -12.24935373 ], [ -66.28370587, -12.24935388 ], [ -66.28343383, -12.24931957 ], [ -66.28298148, -12.24950744 ], [ -66.28268335, -12.24973009 ], [ -66.2824661, -12.24979299 ], [ -66.28227544, -12.24971406 ], [ -66.28225715, -12.24967871 ], [ -66.28222973, -12.24962568 ], [ -66.28189302, -12.24930821 ], [ -66.28142927, -12.24895585 ], [ -66.28063962, -12.24869338 ], [ -66.28004044, -12.24846556 ], [ -66.27961385, -12.2483256 ], [ -66.27939625, -12.24830877 ], [ -66.2792198, -12.24845179 ], [ -66.2790949, -12.24863656 ], [ -66.27897234, -12.2493618 ], [ -66.27905115, -12.25014763 ], [ -66.27904023, -12.25052847 ], [ -66.27904038, -12.25056532 ], [ -66.27886546, -12.2508117 ], [ -66.2786399, -12.25097231 ], [ -66.27862738, -12.25098465 ], [ -66.27835126, -12.25108405 ], [ -66.27797379, -12.25099962 ], [ -66.27764608, -12.25079214 ], [ -66.27763339, -12.25076762 ], [ -66.27760799, -12.25070631 ], [ -66.27744304, -12.25035076 ], [ -66.27731527, -12.24987222 ], [ -66.27725115, -12.24957767 ], [ -66.2770539, -12.24940889 ], [ -66.27659382, -12.2493272 ], [ -66.27572748, -12.24924717 ], [ -66.27529987, -12.24925937 ], [ -66.27493651, -12.2492922 ], [ -66.274627, -12.24941885 ], [ -66.27446735, -12.24958667 ], [ -66.27436237, -12.25003636 ], [ -66.27449604, -12.25128957 ], [ -66.27448708, -12.25169708 ], [ -66.27446745, -12.25210463 ], [ -66.27438318, -12.25239752 ], [ -66.27424531, -12.25265928 ], [ -66.27405313, -12.25272276 ], [ -66.27389231, -12.25261893 ], [ -66.27384933, -12.25256687 ], [ -66.27344099, -12.25208794 ], [ -66.27319361, -12.25174417 ], [ -66.27311788, -12.25153551 ], [ -66.27317044, -12.25132634 ], [ -66.27329789, -12.2511273 ], [ -66.27329735, -12.25100194 ], [ -66.27319026, -12.25096058 ], [ -66.27306228, -12.25103423 ], [ -66.27290249, -12.25117072 ], [ -66.27272074, -12.25117146 ], [ -66.27251697, -12.25102603 ], [ -66.27242022, -12.25090104 ], [ -66.27240863, -12.25069212 ], [ -66.27242902, -12.25046218 ], [ -66.27243918, -12.25033677 ], [ -66.27243882, -12.25025319 ], [ -66.27244902, -12.25013821 ], [ -66.2724271, -12.25001293 ], [ -66.27238384, -12.24989818 ], [ -66.27224486, -12.24989874 ], [ -66.2720207, -12.24998324 ], [ -66.27174352, -12.25017244 ], [ -66.27160533, -12.25036107 ], [ -66.27154172, -12.25048671 ], [ -66.27155295, -12.25061204 ], [ -66.27164984, -12.25076836 ], [ -66.27202499, -12.25098624 ], [ -66.27223927, -12.25108984 ], [ -66.2723044, -12.25131943 ], [ -66.27230457, -12.25136122 ], [ -66.27224149, -12.25161224 ], [ -66.27194383, -12.25201048 ], [ -66.27181591, -12.25230229 ], [ -66.27173209, -12.25250241 ], [ -66.27179527, -12.25282204 ], [ -66.27186334, -12.25319145 ], [ -66.27189661, -12.25347342 ], [ -66.27187598, -12.25365113 ], [ -66.27166467, -12.253719 ], [ -66.27139597, -12.25374199 ], [ -66.27137358, -12.25374209 ], [ -66.2711043, -12.25363373 ], [ -66.27109307, -12.25362284 ], [ -66.27081236, -12.25345981 ], [ -66.27081232, -12.25344886 ], [ -66.27058799, -12.25337316 ], [ -66.27015148, -12.25344061 ], [ -66.27014033, -12.2534516 ], [ -66.26992879, -12.25374798 ], [ -66.26990653, -12.2537809 ], [ -66.2697516, -12.25421933 ], [ -66.26960796, -12.2546796 ], [ -66.26958729, -12.25508465 ], [ -66.2696558, -12.25539083 ], [ -66.26984732, -12.25565272 ], [ -66.26990351, -12.25569628 ], [ -66.27012817, -12.25584859 ], [ -66.27044201, -12.25590203 ], [ -66.2704644, -12.25590194 ], [ -66.27081198, -12.25598808 ], [ -66.27083446, -12.25600987 ], [ -66.27099216, -12.25621719 ], [ -66.27098226, -12.25652368 ], [ -66.27097111, -12.25653468 ], [ -66.27077072, -12.25682006 ], [ -66.27045772, -12.25696362 ], [ -66.2700444, -12.25721705 ], [ -66.26983212, -12.25733831 ], [ -66.269821, -12.25736024 ], [ -66.26973239, -12.25759045 ], [ -66.26972203, -12.25778751 ], [ -66.26977924, -12.25807185 ], [ -66.26993753, -12.25842145 ], [ -66.27025343, -12.25904615 ], [ -66.2704223, -12.2592316 ], [ -66.27055792, -12.25950479 ], [ -66.27074864, -12.25955876 ], [ -66.27099519, -12.2595687 ], [ -66.2711741, -12.25948037 ], [ -66.27153134, -12.25917232 ], [ -66.27170996, -12.2590183 ], [ -66.27194527, -12.25901734 ], [ -66.27228173, -12.25909261 ], [ -66.2723154, -12.25910342 ], [ -66.27262988, -12.25927733 ], [ -66.27267498, -12.25934284 ], [ -66.27293372, -12.25958267 ], [ -66.27297873, -12.25962629 ], [ -66.27302378, -12.25968085 ], [ -66.27331539, -12.25974535 ], [ -66.27342833, -12.25995293 ], [ -66.27343973, -12.25999668 ], [ -66.27346359, -12.26033602 ], [ -66.27331886, -12.26055561 ], [ -66.27329664, -12.2605995 ], [ -66.27328553, -12.26062144 ], [ -66.27327447, -12.26065434 ], [ -66.27302809, -12.26068819 ], [ -66.27266963, -12.26071156 ], [ -66.2725799, -12.26069002 ], [ -66.27222073, -12.26054914 ], [ -66.27218707, -12.26053833 ], [ -66.27214211, -12.26050567 ], [ -66.27158121, -12.26035466 ], [ -66.27157001, -12.26035472 ], [ -66.27128988, -12.26035586 ], [ -66.27108862, -12.26045523 ], [ -66.27099964, -12.26060888 ], [ -66.27098885, -12.26070747 ], [ -66.27113937, -12.26115245 ], [ -66.27130666, -12.2613768 ], [ -66.27164926, -12.2616182 ], [ -66.2718622, -12.26176119 ], [ -66.27199229, -12.26193169 ], [ -66.27203111, -12.26226489 ], [ -66.27202473, -12.26229153 ], [ -66.27183091, -12.26272558 ], [ -66.27167452, -12.26278953 ], [ -66.27131525, -12.26285459 ], [ -66.27127836, -12.2628548 ], [ -66.27074242, -12.26266854 ], [ -66.26980986, -12.26246646 ], [ -66.26921923, -12.26238863 ], [ -66.2691639, -12.26238893 ], [ -66.26889591, -12.26229129 ], [ -66.26884979, -12.26229155 ], [ -66.26862796, -12.26220267 ], [ -66.2685817, -12.26217588 ], [ -66.26838784, -12.26214091 ], [ -66.26807452, -12.2621787 ], [ -66.26783555, -12.26231519 ], [ -66.26778142, -12.26252274 ], [ -66.26778477, -12.26309945 ], [ -66.2680287, -12.26381901 ], [ -66.26836496, -12.26455608 ], [ -66.26878458, -12.26515322 ], [ -66.26897856, -12.2654263 ], [ -66.26918837, -12.26566797 ], [ -66.26921355, -12.26586365 ], [ -66.26920672, -12.26606735 ], [ -66.26904749, -12.26625623 ], [ -66.26872787, -12.26643032 ], [ -66.26870382, -12.26643046 ], [ -66.26867982, -12.26643843 ], [ -66.2683754, -12.26647144 ], [ -66.26835937, -12.26647153 ], [ -66.26808692, -12.26648871 ], [ -66.26805486, -12.26648888 ], [ -66.26784644, -12.26649004 ], [ -66.2677983, -12.26648248 ], [ -66.26758088, -12.26631135 ], [ -66.26756465, -12.2662801 ], [ -66.26738636, -12.26594427 ], [ -66.26737793, -12.26587382 ], [ -66.26737775, -12.26584249 ], [ -66.26731996, -12.26555298 ], [ -66.26727055, -12.26532609 ], [ -66.2670042, -12.26501424 ], [ -66.26676314, -12.26491374 ], [ -66.26649092, -12.26497008 ], [ -66.26594158, -12.26562327 ], [ -66.265657, -12.26631416 ], [ -66.26552861, -12.26652772 ], [ -66.26543753, -12.26691327 ], [ -66.26528448, -12.26694262 ], [ -66.26513065, -12.26683653 ], [ -66.26490137, -12.26630308 ], [ -66.26472411, -12.26593332 ], [ -66.26455437, -12.26559916 ], [ -66.26431961, -12.26537944 ], [ -66.26419516, -12.26530883 ], [ -66.26404223, -12.26535958 ], [ -66.26398485, -12.26553101 ], [ -66.26409018, -12.26607941 ], [ -66.26418058, -12.26657086 ], [ -66.26433599, -12.26694788 ], [ -66.26443991, -12.26725387 ], [ -66.26458014, -12.26753115 ], [ -66.26475616, -12.26768703 ], [ -66.26501935, -12.26777826 ], [ -66.26531132, -12.26779803 ], [ -66.2653405, -12.26779787 ], [ -66.26583573, -12.26763828 ], [ -66.26590127, -12.26761653 ], [ -66.26609747, -12.26747998 ], [ -66.26618433, -12.2673583 ], [ -66.26618403, -12.26730839 ], [ -66.26626317, -12.26711545 ], [ -66.26626297, -12.26707981 ], [ -66.2663858, -12.26687237 ], [ -66.26657533, -12.26684281 ], [ -66.26661919, -12.26685682 ], [ -66.26706482, -12.26695417 ], [ -66.2673062, -12.26705977 ], [ -66.26737285, -12.26723052 ], [ -66.26732995, -12.26738048 ], [ -66.26719949, -12.26753092 ], [ -66.26704731, -12.26771 ], [ -66.26690238, -12.26788192 ], [ -66.26683796, -12.26809616 ], [ -66.26684679, -12.2683599 ], [ -66.26686154, -12.26838835 ], [ -66.26700978, -12.26878679 ], [ -66.26719367, -12.26907275 ], [ -66.26730359, -12.26920253 ], [ -66.26734078, -12.26933865 ], [ -66.26727533, -12.26955831 ], [ -66.26705791, -12.26971955 ], [ -66.26703368, -12.26972561 ], [ -66.26700952, -12.26974352 ], [ -66.26677962, -12.26984556 ], [ -66.26658569, -12.26987626 ], [ -66.26655537, -12.26987643 ], [ -66.26642162, -12.26982383 ], [ -66.26640942, -12.26981204 ], [ -66.26635408, -12.26968195 ], [ -66.26631038, -12.26946882 ], [ -66.2663513, -12.26920188 ], [ -66.2663503, -12.26902999 ], [ -66.26635006, -12.26898851 ], [ -66.26628864, -12.26885846 ], [ -66.26626425, -12.26883489 ], [ -66.26608208, -12.26880033 ], [ -66.26606395, -12.26881228 ], [ -66.26584005, -12.26890243 ], [ -66.26535588, -12.26908884 ], [ -66.26531949, -12.26908905 ], [ -66.26529526, -12.2690951 ], [ -66.26482873, -12.26918659 ], [ -66.26479841, -12.26918675 ], [ -66.26459824, -12.26918787 ], [ -66.26444702, -12.26925983 ], [ -66.26441744, -12.26939038 ], [ -66.26450949, -12.26957361 ], [ -66.26468107, -12.26987494 ], [ -66.26468724, -12.26989269 ], [ -66.26473352, -12.27003732 ], [ -66.2648677, -12.27068 ], [ -66.26487483, -12.2708637 ], [ -66.26503302, -12.27122373 ], [ -66.26516393, -12.27130192 ], [ -66.26544403, -12.27139749 ], [ -66.26569276, -12.27143861 ], [ -66.26608436, -12.27147894 ], [ -66.26625227, -12.27150836 ], [ -66.26630891, -12.27163552 ], [ -66.26613042, -12.27192181 ], [ -66.26575342, -12.27225777 ], [ -66.26540063, -12.27248432 ], [ -66.26514042, -12.27260716 ], [ -66.26511558, -12.2726073 ], [ -66.26502917, -12.2727049 ], [ -66.26503678, -12.27294767 ], [ -66.26506869, -12.27309319 ], [ -66.26532048, -12.27324591 ], [ -66.26601797, -12.27430187 ], [ -66.26631927, -12.27485181 ], [ -66.26633847, -12.27488269 ], [ -66.26695049, -12.27541853 ], [ -66.26696956, -12.27542462 ], [ -66.26700134, -12.27543684 ], [ -66.26702674, -12.27544289 ], [ -66.26777666, -12.27569286 ], [ -66.26824592, -12.27583391 ], [ -66.26826364, -12.27583381 ], [ -66.26871291, -12.27588328 ], [ -66.26887287, -12.2759632 ], [ -66.26891556, -12.27619387 ], [ -66.26889367, -12.27649416 ], [ -66.26880143, -12.2768872 ], [ -66.26873866, -12.27726854 ], [ -66.26873893, -12.27731471 ], [ -66.26870526, -12.27762084 ], [ -66.26888375, -12.27854127 ], [ -66.26900984, -12.27903928 ], [ -66.26909963, -12.27934833 ], [ -66.26885574, -12.2797796 ], [ -66.2686902, -12.28006427 ], [ -66.26856795, -12.28022832 ], [ -66.2684364, -12.28030643 ], [ -66.26841891, -12.28032372 ], [ -66.26826176, -12.28053955 ], [ -66.26824476, -12.28064283 ], [ -66.2682542, -12.28075456 ], [ -66.26836031, -12.28083996 ], [ -66.26871243, -12.28086381 ], [ -66.26873003, -12.2808637 ], [ -66.26915241, -12.28086137 ], [ -66.26943374, -12.28081682 ], [ -66.26964494, -12.28081564 ], [ -66.26980368, -12.28087495 ], [ -66.26989267, -12.28104643 ], [ -66.26976167, -12.28121912 ], [ -66.26947213, -12.28136691 ], [ -66.26885852, -12.28177444 ], [ -66.26871321, -12.28193796 ], [ -66.26870881, -12.28200333 ], [ -66.26874303, -12.2821385 ], [ -66.2689254, -12.28228218 ], [ -66.26936078, -12.28240112 ], [ -66.26986746, -12.28245899 ], [ -66.27007308, -12.28249519 ], [ -66.27017831, -12.28251795 ], [ -66.27023628, -12.28262965 ], [ -66.27023709, -12.28276967 ], [ -66.27010416, -12.28291044 ], [ -66.26971851, -12.28313195 ], [ -66.26947104, -12.28329201 ], [ -66.26916167, -12.2834851 ], [ -66.26910464, -12.28353676 ], [ -66.26910043, -12.2836348 ], [ -66.26918389, -12.28381103 ], [ -66.26937627, -12.28391272 ], [ -66.26961163, -12.28395977 ], [ -66.26963641, -12.28396568 ], [ -66.26982242, -12.28403719 ], [ -66.26994688, -12.28416344 ], [ -66.26995402, -12.28432662 ], [ -66.26981289, -12.28452689 ], [ -66.26942427, -12.28472248 ], [ -66.26922074, -12.28483243 ], [ -66.26914501, -12.28493195 ], [ -66.26911652, -12.28499412 ], [ -66.26916937, -12.28515171 ], [ -66.26975601, -12.28580815 ], [ -66.27018574, -12.28627376 ], [ -66.27023839, -12.28639751 ], [ -66.27024505, -12.28654971 ], [ -66.27015921, -12.28667423 ], [ -66.26989508, -12.28690123 ], [ -66.26965898, -12.28698712 ], [ -66.26943426, -12.28704475 ], [ -66.26925, -12.28711344 ], [ -66.26912505, -12.2871866 ], [ -66.26902235, -12.28740598 ], [ -66.26900848, -12.28777333 ], [ -66.26906814, -12.28840595 ], [ -66.26920777, -12.28903815 ], [ -66.2695725, -12.28961822 ], [ -66.26984275, -12.28970563 ], [ -66.27017524, -12.28981318 ], [ -66.27055985, -12.28988896 ], [ -66.27098069, -12.28996453 ], [ -66.27117029, -12.29016177 ], [ -66.27112182, -12.29055157 ], [ -66.27057447, -12.29115658 ], [ -66.27009942, -12.29173288 ], [ -66.26982604, -12.29208851 ], [ -66.26966625, -12.29217162 ], [ -66.26959599, -12.2922689 ], [ -66.26958979, -12.29242119 ], [ -66.26968416, -12.29281515 ], [ -66.26996348, -12.29334649 ], [ -66.27014184, -12.29356696 ], [ -66.27017017, -12.29356681 ], [ -66.27041123, -12.29360699 ], [ -66.27043956, -12.29360684 ], [ -66.27065205, -12.29360566 ], [ -66.2706733, -12.29360554 ], [ -66.27111196, -12.29352005 ], [ -66.27114736, -12.29351987 ], [ -66.27148695, -12.29344877 ], [ -66.27172052, -12.29341979 ], [ -66.27184133, -12.29348833 ], [ -66.27185698, -12.29374431 ], [ -66.27171074, -12.2941742 ], [ -66.2716554, -12.29440289 ], [ -66.27165641, -12.29457591 ], [ -66.27216209, -12.29516554 ], [ -66.27259414, -12.29552958 ], [ -66.27265926, -12.2957169 ], [ -66.2726328, -12.29588686 ], [ -66.27247787, -12.29598603 ], [ -66.27190202, -12.29606073 ], [ -66.27150839, -12.2960093 ], [ -66.27148095, -12.29600945 ], [ -66.27107873, -12.29605636 ], [ -66.27106044, -12.29605646 ], [ -66.27080426, -12.29604895 ], [ -66.27068587, -12.29613899 ], [ -66.27068686, -12.29630879 ], [ -66.27088965, -12.2965758 ], [ -66.27148832, -12.29727854 ], [ -66.27157179, -12.2974747 ], [ -66.2714905, -12.2976539 ], [ -66.27124425, -12.2977804 ], [ -66.27073273, -12.29790837 ], [ -66.2704397, -12.29785638 ], [ -66.27021133, -12.29791127 ], [ -66.270075, -12.29806397 ], [ -66.27003955, -12.2982608 ], [ -66.27008884, -12.29956831 ], [ -66.27007386, -12.30014074 ], [ -66.27019555, -12.30060509 ], [ -66.27017823, -12.3007751 ], [ -66.27010626, -12.30099013 ], [ -66.27000636, -12.30112483 ], [ -66.26986048, -12.301224 ], [ -66.26955855, -12.30124356 ], [ -66.26923747, -12.30112014 ], [ -66.26900845, -12.30108564 ], [ -66.26877968, -12.30109585 ], [ -66.26867963, -12.30120373 ], [ -66.26869897, -12.30138247 ], [ -66.26887349, -12.30148882 ], [ -66.2689295, -12.30167631 ], [ -66.26890324, -12.30188214 ], [ -66.26872179, -12.30216038 ], [ -66.268494, -12.30234051 ], [ -66.26847575, -12.30234955 ], [ -66.26832056, -12.30242195 ], [ -66.26821141, -12.30253881 ], [ -66.26821213, -12.30266401 ], [ -66.26821312, -12.30283393 ], [ -66.26826475, -12.30299959 ], [ -66.26870616, -12.3030159 ], [ -66.26885944, -12.30297755 ], [ -66.26908969, -12.30297628 ], [ -66.26935504, -12.30299537 ], [ -66.2694566, -12.30341844 ], [ -66.26968548, -12.30443387 ], [ -66.26999904, -12.30509784 ], [ -66.27020062, -12.3056777 ], [ -66.27028903, -12.30596771 ], [ -66.27029035, -12.30619767 ], [ -66.27007214, -12.30645336 ], [ -66.26916427, -12.3067665 ], [ -66.26863087, -12.30681686 ], [ -66.26834032, -12.30691327 ], [ -66.26800119, -12.3069981 ], [ -66.26791697, -12.30711708 ], [ -66.26795432, -12.30728278 ], [ -66.26808899, -12.30749535 ], [ -66.26825989, -12.30768402 ], [ -66.26849254, -12.30806194 ], [ -66.26866482, -12.30848761 ], [ -66.26871348, -12.30851104 ], [ -66.26892139, -12.30880615 ], [ -66.26911703, -12.30907764 ], [ -66.26922784, -12.30936145 ], [ -66.26915631, -12.30957515 ], [ -66.26904742, -12.30962316 ], [ -66.26893867, -12.30969487 ], [ -66.26892709, -12.30978973 ], [ -66.26904928, -12.30994312 ], [ -66.26958413, -12.31014162 ], [ -66.27029989, -12.31016135 ], [ -66.27079767, -12.31024155 ], [ -66.27095583, -12.31032363 ], [ -66.27105356, -12.31044159 ], [ -66.2709944, -12.31078636 ], [ -66.27087162, -12.3109519 ], [ -66.27064752, -12.31110703 ], [ -66.27032167, -12.31117478 ], [ -66.27008518, -12.31113213 ], [ -66.27006268, -12.31113225 ], [ -66.26983769, -12.3111335 ], [ -66.26981526, -12.31114462 ], [ -66.26972577, -12.31123304 ], [ -66.26968179, -12.31140915 ], [ -66.26968371, -12.31173887 ], [ -66.26969719, -12.31212348 ], [ -66.26964202, -12.31231064 ], [ -66.26959779, -12.31244277 ], [ -66.26954244, -12.31259696 ], [ -66.26958877, -12.31282752 ], [ -66.26960009, -12.31283844 ], [ -66.2697689, -12.3128485 ], [ -66.27012908, -12.31287947 ], [ -66.27016282, -12.31287928 ], [ -66.27021901, -12.31286798 ], [ -66.27054455, -12.31274527 ], [ -66.2712401, -12.31241167 ], [ -66.2714314, -12.31242161 ], [ -66.27148771, -12.31243229 ], [ -66.27167946, -12.31251915 ], [ -66.27175885, -12.31262862 ], [ -66.27175956, -12.31274952 ], [ -66.27170427, -12.31291469 ], [ -66.27161497, -12.31303609 ], [ -66.271481, -12.3132127 ], [ -66.27138059, -12.31335613 ], [ -66.27123466, -12.31341191 ], [ -66.2711228, -12.31352244 ], [ -66.27107844, -12.31363259 ], [ -66.27109078, -12.31381937 ], [ -66.27123881, -12.31412632 ], [ -66.27129601, -12.31429087 ], [ -66.27130848, -12.31449963 ], [ -66.27107644, -12.31473289 ], [ -66.27092874, -12.31481818 ], [ -66.27078153, -12.31498791 ], [ -66.27068358, -12.31513324 ], [ -66.27069691, -12.31530209 ], [ -66.27085808, -12.31540979 ], [ -66.27111833, -12.3155652 ], [ -66.27132975, -12.3158174 ], [ -66.27140567, -12.31613069 ], [ -66.27145661, -12.31639585 ], [ -66.27137177, -12.31667383 ], [ -66.27131136, -12.31690341 ], [ -66.27133732, -12.31712044 ], [ -66.27147401, -12.31726448 ], [ -66.27168487, -12.31742016 ], [ -66.27184541, -12.31741927 ], [ -66.27201788, -12.31734592 ], [ -66.27204251, -12.31733371 ], [ -66.27216474, -12.31711586 ], [ -66.27218832, -12.31692267 ], [ -66.27218691, -12.31668137 ], [ -66.27232135, -12.31643932 ], [ -66.27306211, -12.316399 ], [ -66.27384018, -12.31640675 ], [ -66.27400136, -12.31651443 ], [ -66.27408914, -12.31674319 ], [ -66.27407841, -12.31702077 ], [ -66.27400593, -12.31729868 ], [ -66.27394537, -12.31750413 ], [ -66.27378588, -12.317686 ], [ -66.27367579, -12.3178676 ], [ -66.27366379, -12.31792799 ], [ -66.27359097, -12.31814558 ], [ -66.273641, -12.31825389 ], [ -66.27367825, -12.31828988 ], [ -66.27380259, -12.31843397 ], [ -66.27411147, -12.31845638 ], [ -66.27417323, -12.31845605 ], [ -66.27508631, -12.31831824 ], [ -66.27555518, -12.31824324 ], [ -66.27577798, -12.31832647 ], [ -66.27590259, -12.31851883 ], [ -66.27591621, -12.31873593 ], [ -66.2759057, -12.3190497 ], [ -66.27563506, -12.31923219 ], [ -66.27542525, -12.31925749 ], [ -66.27527712, -12.31927037 ], [ -66.27520345, -12.31934318 ], [ -66.27517987, -12.31953636 ], [ -66.27531811, -12.31994583 ], [ -66.27575544, -12.32081214 ], [ -66.27608847, -12.32135515 ], [ -66.27626879, -12.32146144 ], [ -66.2764888, -12.32152849 ], [ -66.27711838, -12.32164201 ], [ -66.27750941, -12.32193242 ], [ -66.27775178, -12.32240897 ], [ -66.27777186, -12.32242836 ], [ -66.27815405, -12.32291387 ], [ -66.27840663, -12.32342937 ], [ -66.27857867, -12.32382829 ], [ -66.27857884, -12.32385754 ], [ -66.27858123, -12.32426715 ], [ -66.27860154, -12.32432556 ], [ -66.27871374, -12.32473456 ], [ -66.2789243, -12.32488943 ], [ -66.27921379, -12.32488782 ], [ -66.27928367, -12.32488743 ], [ -66.27964317, -12.32490493 ], [ -66.27968316, -12.32491447 ], [ -66.27994329, -12.32501055 ], [ -66.28009428, -12.32522428 ], [ -66.28014517, -12.3253898 ], [ -66.27994654, -12.3258609 ], [ -66.27980119, -12.32648358 ], [ -66.27969633, -12.32707958 ], [ -66.27969865, -12.32747651 ], [ -66.279809, -12.3278199 ], [ -66.27997245, -12.32797777 ], [ -66.28017583, -12.32801633 ], [ -66.28044638, -12.32796189 ], [ -66.28052749, -12.32793498 ], [ -66.28098672, -12.32772071 ], [ -66.28100026, -12.32772063 ], [ -66.2816631, -12.32758462 ], [ -66.28175791, -12.32758409 ], [ -66.28240781, -12.32755399 ], [ -66.28292246, -12.32755112 ], [ -66.28343796, -12.32769378 ], [ -66.28346512, -12.32770686 ], [ -66.2836422, -12.32787788 ], [ -66.28376541, -12.32810213 ], [ -66.28378058, -12.3283799 ], [ -66.28359159, -12.32848681 ], [ -66.28323947, -12.32848878 ], [ -66.28319884, -12.328489 ], [ -66.28284671, -12.32849097 ], [ -66.28277899, -12.32849134 ], [ -66.28257631, -12.32857187 ], [ -66.28229314, -12.32878515 ], [ -66.28203659, -12.3289189 ], [ -66.28202313, -12.3289322 ], [ -66.28182044, -12.32901273 ], [ -66.28159129, -12.32919925 ], [ -66.28147026, -12.32934547 ], [ -66.28143094, -12.32957062 ], [ -66.28150036, -12.32986133 ], [ -66.28150052, -12.32988779 ], [ -66.28165112, -12.33016482 ], [ -66.28167844, -12.33020436 ], [ -66.28185544, -12.33036214 ], [ -66.28220842, -12.33050572 ], [ -66.28224913, -12.33051873 ], [ -66.28246675, -12.33067629 ], [ -66.28256241, -12.33082131 ], [ -66.28304721, -12.33185324 ], [ -66.28312615, -12.33228211 ], [ -66.28316622, -12.33259918 ], [ -66.28320651, -12.3329536 ], [ -66.28326546, -12.33323325 ], [ -66.28345849, -12.33356815 ], [ -66.28347759, -12.33356804 ], [ -66.2837846, -12.33379031 ], [ -66.2840345, -12.33405022 ], [ -66.2842854, -12.33447812 ], [ -66.28415329, -12.33475884 ], [ -66.28394434, -12.33496533 ], [ -66.28377381, -12.33520894 ], [ -66.28375689, -12.33558233 ], [ -66.28394882, -12.33573058 ], [ -66.28431249, -12.33584054 ], [ -66.28465782, -12.33608125 ], [ -66.28477442, -12.33641659 ], [ -66.28473873, -12.33684609 ], [ -66.28454953, -12.33716447 ], [ -66.28416928, -12.3374839 ], [ -66.28399885, -12.33774617 ], [ -66.28396196, -12.33797037 ], [ -66.28404046, -12.33832458 ], [ -66.28405978, -12.3383618 ], [ -66.28430969, -12.33862172 ], [ -66.2847129, -12.33895546 ], [ -66.28499218, -12.33934788 ], [ -66.28505006, -12.33966489 ], [ -66.28506241, -12.33986179 ], [ -66.28493991, -12.33998285 ], [ -66.28490643, -12.34000492 ], [ -66.28486169, -12.34001611 ], [ -66.28468254, -12.34002805 ], [ -66.28461533, -12.34002843 ], [ -66.28435739, -12.33997516 ], [ -66.28434612, -12.33996428 ], [ -66.28427885, -12.33995371 ], [ -66.28423405, -12.33995397 ], [ -66.28396483, -12.33988981 ], [ -66.28394237, -12.339879 ], [ -66.2839087, -12.33986824 ], [ -66.28363955, -12.33981503 ], [ -66.28358341, -12.33979346 ], [ -66.28328098, -12.33979515 ], [ -66.28312436, -12.33982886 ], [ -66.28302412, -12.3399279 ], [ -66.28302425, -12.33994978 ], [ -66.28298041, -12.34011418 ], [ -66.28296959, -12.34017989 ], [ -66.28296966, -12.34019083 ], [ -66.28315093, -12.34053998 ], [ -66.28339922, -12.34085594 ], [ -66.28397176, -12.34107158 ], [ -66.28434179, -12.34113517 ], [ -66.284858, -12.34129642 ], [ -66.2852398, -12.34145842 ], [ -66.28537473, -12.34154521 ], [ -66.28539847, -12.34177487 ], [ -66.28523168, -12.34198371 ], [ -66.28520947, -12.34201666 ], [ -66.28494161, -12.3421823 ], [ -66.28491921, -12.34218243 ], [ -66.28463988, -12.34230437 ], [ -66.28441662, -12.34243693 ], [ -66.28430551, -12.34259075 ], [ -66.28429534, -12.34276588 ], [ -66.2842954, -12.34277683 ], [ -66.28439679, -12.34287475 ], [ -66.28443046, -12.3428855 ], [ -66.28463227, -12.3429172 ], [ -66.28467708, -12.34291695 ], [ -66.28471068, -12.34291676 ], [ -66.28501363, -12.3430026 ], [ -66.28515982, -12.34310027 ], [ -66.28518242, -12.34313297 ], [ -66.28519368, -12.34314385 ], [ -66.2853073, -12.34341678 ], [ -66.28530915, -12.34373412 ], [ -66.28523235, -12.34400812 ], [ -66.28517776, -12.34424916 ], [ -66.28501757, -12.34481513 ], [ -66.28500769, -12.34499701 ], [ -66.28497672, -12.34531806 ], [ -66.28497772, -12.34548919 ], [ -66.2850553, -12.34564918 ], [ -66.28513226, -12.34570224 ], [ -66.28536174, -12.34562608 ], [ -66.2859397, -12.3452271 ], [ -66.28626657, -12.34495788 ], [ -66.28656232, -12.34497761 ], [ -66.28673799, -12.34506219 ], [ -66.28680476, -12.34524365 ], [ -66.28697087, -12.34556358 ], [ -66.28702574, -12.34558467 ], [ -66.2874095, -12.34567877 ], [ -66.2874862, -12.34568904 ], [ -66.28783655, -12.34568707 ], [ -66.28789129, -12.34568677 ], [ -66.28793509, -12.34568653 ], [ -66.2883729, -12.34566268 ], [ -66.28865751, -12.34565039 ], [ -66.2889747, -12.34559513 ], [ -66.28900754, -12.34559494 ], [ -66.28924841, -12.34559359 ], [ -66.28931466, -12.34568948 ], [ -66.28923928, -12.34590382 ], [ -66.28922847, -12.34592527 ], [ -66.28910973, -12.34621472 ], [ -66.28910991, -12.34624681 ], [ -66.28923362, -12.34680229 ], [ -66.28923387, -12.34684507 ], [ -66.28943549, -12.34761405 ], [ -66.28967945, -12.34813678 ], [ -66.28979226, -12.34833744 ], [ -66.28988933, -12.34848311 ], [ -66.29010333, -12.34851323 ], [ -66.2901241, -12.34840868 ], [ -66.29017632, -12.34819952 ], [ -66.2901867, -12.34814724 ], [ -66.29021743, -12.34791731 ], [ -66.29023856, -12.34787542 ], [ -66.29029109, -12.34771847 ], [ -66.29041951, -12.34773864 ], [ -66.29053746, -12.34780064 ], [ -66.2910081, -12.34783976 ], [ -66.29130632, -12.34765011 ], [ -66.29174198, -12.34719859 ], [ -66.29197643, -12.34707195 ], [ -66.29213666, -12.34705016 ], [ -66.29235145, -12.34721605 ], [ -66.29236233, -12.34724732 ], [ -66.29250297, -12.3475285 ], [ -66.29252466, -12.3475806 ], [ -66.29254628, -12.34762226 ], [ -66.29275087, -12.34787174 ], [ -66.29279382, -12.34790283 ], [ -66.29317941, -12.34802598 ], [ -66.29324362, -12.34803606 ], [ -66.29326506, -12.34804638 ], [ -66.29331863, -12.34806697 ], [ -66.29387552, -12.34823093 ], [ -66.29390771, -12.34825164 ], [ -66.29425054, -12.34837502 ], [ -66.29429343, -12.34839567 ], [ -66.29474292, -12.34847668 ], [ -66.29477512, -12.34849739 ], [ -66.2950648, -12.34867329 ], [ -66.29509928, -12.3490804 ], [ -66.29509947, -12.34911173 ], [ -66.29510107, -12.34938324 ], [ -66.29501715, -12.34965525 ], [ -66.29499589, -12.34967626 ], [ -66.29478326, -12.34987589 ], [ -66.29476206, -12.34990733 ], [ -66.29472029, -12.35007466 ], [ -66.29472035, -12.35008511 ], [ -66.29484968, -12.35026192 ], [ -66.29488194, -12.35029307 ], [ -66.29491407, -12.35030333 ], [ -66.29516058, -12.35040638 ], [ -66.29521422, -12.35043741 ], [ -66.2952356, -12.35043729 ], [ -66.29547116, -12.35049863 ], [ -66.29550329, -12.35050888 ], [ -66.29552468, -12.35050877 ], [ -66.29582439, -12.35056975 ], [ -66.29583507, -12.35056968 ], [ -66.29603839, -12.35059987 ], [ -66.29609183, -12.35059957 ], [ -66.29624138, -12.35057784 ], [ -66.29629459, -12.35053577 ], [ -66.29646421, -12.35029461 ], [ -66.29646385, -12.35023195 ], [ -66.29652508, -12.34974075 ], [ -66.29652484, -12.34969898 ], [ -66.29650302, -12.349626 ], [ -66.2965029, -12.34960512 ], [ -66.29650142, -12.34935447 ], [ -66.29650086, -12.34926049 ], [ -66.29650037, -12.34917694 ], [ -66.29672308, -12.34887283 ], [ -66.29693479, -12.34851655 ], [ -66.29719106, -12.34846289 ], [ -66.29721257, -12.34848366 ], [ -66.29726683, -12.34861911 ], [ -66.29732158, -12.34883812 ], [ -66.2973539, -12.34887971 ], [ -66.29740803, -12.34899428 ], [ -66.29733511, -12.34931844 ], [ -66.2973246, -12.34934984 ], [ -66.29740167, -12.34972538 ], [ -66.29775583, -12.35051587 ], [ -66.29785301, -12.35082579 ], [ -66.29795019, -12.35113571 ], [ -66.29798234, -12.35119762 ], [ -66.29815806, -12.35135187 ], [ -66.2984914, -12.3512879 ], [ -66.29853898, -12.3512721 ], [ -66.29861825, -12.35124061 ], [ -66.2989831, -12.35112989 ], [ -66.29901479, -12.35111419 ], [ -66.29950641, -12.35094066 ], [ -66.29982423, -12.35093887 ], [ -66.30006297, -12.35099961 ], [ -66.30004883, -12.35129465 ], [ -66.29986053, -12.35169932 ], [ -66.29970355, -12.35202621 ], [ -66.29956173, -12.35222882 ], [ -66.29948394, -12.35250868 ], [ -66.29954861, -12.35269461 ], [ -66.29959638, -12.35270986 ], [ -66.29991421, -12.35270807 ], [ -66.29996178, -12.35269228 ], [ -66.30021578, -12.35264428 ], [ -66.30053389, -12.35268907 ], [ -66.30102625, -12.35263972 ], [ -66.30183498, -12.35234021 ], [ -66.30219949, -12.3521674 ], [ -66.30235804, -12.35201517 ], [ -66.30264057, -12.35186786 ], [ -66.30285033, -12.35202695 ], [ -66.30309245, -12.35260841 ], [ -66.303111, -12.35322026 ], [ -66.30308444, -12.35377411 ], [ -66.3029378, -12.35419748 ], [ -66.30298454, -12.35453234 ], [ -66.30322005, -12.35460785 ], [ -66.30349223, -12.35460631 ], [ -66.30361211, -12.3546269 ], [ -66.30373263, -12.35475385 ], [ -66.30373276, -12.35477512 ], [ -66.30382099, -12.35496606 ], [ -66.30399633, -12.3551565 ], [ -66.3042142, -12.35517653 ], [ -66.30450702, -12.35498344 ], [ -66.30453955, -12.35496198 ], [ -66.30478914, -12.35482231 ], [ -66.30514773, -12.35470328 ], [ -66.30546345, -12.3547015 ], [ -66.30573557, -12.35468932 ], [ -66.30584495, -12.35477378 ], [ -66.3057588, -12.3549338 ], [ -66.30549851, -12.35510544 ], [ -66.30517241, -12.35519238 ], [ -66.30503194, -12.35537397 ], [ -66.30501124, -12.3555549 ], [ -66.30501156, -12.35560808 ], [ -66.30501169, -12.35562934 ], [ -66.30508948, -12.35589479 ], [ -66.30508973, -12.35593733 ], [ -66.30509131, -12.35620321 ], [ -66.30509151, -12.35623511 ], [ -66.30497319, -12.3564804 ], [ -66.30495167, -12.35652306 ], [ -66.30484394, -12.35671511 ], [ -66.30481153, -12.35675784 ], [ -66.30470436, -12.3570456 ], [ -66.30454821, -12.35726437 ], [ -66.30453714, -12.35765787 ], [ -66.30456538, -12.35789377 ], [ -66.30457921, -12.35795927 ], [ -66.30472781, -12.3581158 ], [ -66.30486277, -12.35823307 ], [ -66.30501139, -12.3583896 ], [ -66.30516829, -12.35870898 ], [ -66.30517042, -12.35906782 ], [ -66.30501375, -12.35919688 ], [ -66.3046602, -12.35931422 ], [ -66.30434632, -12.35948261 ], [ -66.30433327, -12.3594955 ], [ -66.30423014, -12.35980367 ], [ -66.30419269, -12.36012428 ], [ -66.30419284, -12.36014992 ], [ -66.30426049, -12.36049557 ], [ -66.30430008, -12.3605338 ], [ -66.30465515, -12.36067276 ], [ -66.30473395, -12.36068513 ], [ -66.30515462, -12.36082372 ], [ -66.30518087, -12.36082358 ], [ -66.30525966, -12.36083594 ], [ -66.30531214, -12.36083564 ], [ -66.30581031, -12.36076874 ], [ -66.3058364, -12.36074296 ], [ -66.30588872, -12.36071703 ], [ -66.30595417, -12.36069103 ], [ -66.30649101, -12.36050855 ], [ -66.30689658, -12.36031401 ], [ -66.3072502, -12.36020947 ], [ -66.30751405, -12.36045148 ], [ -66.30762137, -12.36084817 ], [ -66.30760855, -12.36089951 ], [ -66.30758682, -12.36165577 ], [ -66.30757385, -12.36168148 ], [ -66.30747271, -12.36232286 ], [ -66.30752809, -12.36280956 ], [ -66.30762176, -12.36311662 ], [ -66.30782044, -12.36344178 ], [ -66.30798251, -12.36380896 ], [ -66.30829155, -12.3639299 ], [ -66.3086462, -12.36403944 ], [ -66.30876131, -12.36419494 ], [ -66.30868324, -12.3645077 ], [ -66.30864912, -12.36453021 ], [ -66.30820743, -12.36514621 ], [ -66.30802659, -12.36545956 ], [ -66.30799493, -12.36589476 ], [ -66.30799506, -12.36591707 ], [ -66.30808814, -12.36620657 ], [ -66.30810088, -12.36642958 ], [ -66.30799891, -12.36656401 ], [ -66.30770281, -12.36669954 ], [ -66.30752063, -12.36678982 ], [ -66.30743206, -12.36688629 ], [ -66.30735508, -12.36697188 ], [ -66.30726909, -12.36717106 ], [ -66.30726041, -12.36734142 ], [ -66.30726048, -12.36735088 ], [ -66.30731988, -12.36756815 ], [ -66.30755533, -12.36806828 ], [ -66.30758467, -12.36811542 ], [ -66.30760438, -12.36817207 ], [ -66.30790194, -12.36934361 ], [ -66.30786787, -12.37012911 ], [ -66.30786804, -12.3701575 ], [ -66.30778408, -12.37069729 ], [ -66.30791891, -12.37124799 ], [ -66.30822247, -12.37131594 ], [ -66.30845491, -12.37141912 ], [ -66.30866922, -12.37147016 ], [ -66.30899092, -12.37159026 ], [ -66.30909906, -12.37178126 ], [ -66.3089763, -12.37213033 ], [ -66.30894095, -12.37218278 ], [ -66.30849764, -12.37260335 ], [ -66.30846207, -12.37262098 ], [ -66.30824933, -12.37283121 ], [ -66.30823181, -12.37288357 ], [ -66.30810885, -12.37319779 ], [ -66.30821989, -12.37387649 ], [ -66.30824125, -12.37446861 ], [ -66.30824156, -12.37452086 ], [ -66.3081183, -12.37478284 ], [ -66.30785226, -12.37502822 ], [ -66.30783443, -12.37502831 ], [ -66.30753241, -12.37522164 ], [ -66.30719422, -12.37532807 ], [ -66.3068919, -12.37546914 ], [ -66.30662576, -12.37569709 ], [ -66.30660804, -12.37571461 ], [ -66.30657382, -12.37595867 ], [ -66.30662763, -12.37601062 ], [ -66.30714539, -12.3761122 ], [ -66.30723465, -12.37612911 ], [ -66.30727032, -12.3761289 ], [ -66.30768099, -12.37621367 ], [ -66.30791447, -12.37649105 ], [ -66.3079519, -12.37678695 ], [ -66.30788244, -12.37710089 ], [ -66.30774277, -12.37746658 ], [ -66.3074614, -12.3776475 ], [ -66.30720861, -12.37788344 ], [ -66.30716838, -12.37824231 ], [ -66.30716855, -12.37826989 ], [ -66.30722634, -12.37849027 ], [ -66.30725467, -12.3785039 ], [ -66.30743899, -12.378627 ], [ -66.30746732, -12.37864063 ], [ -66.30775032, -12.37873558 ], [ -66.30816027, -12.37880223 ], [ -66.30843138, -12.37895151 ], [ -66.30865343, -12.37924734 ], [ -66.30856078, -12.37965518 ], [ -66.3082932, -12.37978084 ], [ -66.30813852, -12.37989207 ], [ -66.30819599, -12.38005727 ], [ -66.30847925, -12.38019361 ], [ -66.30854986, -12.38019321 ], [ -66.30860635, -12.38019289 ], [ -66.30903001, -12.38019048 ], [ -66.309426, -12.38028479 ], [ -66.30965368, -12.38057318 ], [ -66.30975484, -12.38095884 ], [ -66.30979737, -12.38098618 ], [ -66.31009444, -12.38106726 ], [ -66.31020741, -12.38106663 ], [ -66.31023566, -12.38106647 ], [ -66.31065883, -12.38098129 ], [ -66.31071531, -12.38098097 ], [ -66.31074357, -12.38098081 ], [ -66.31135016, -12.38086701 ], [ -66.31137833, -12.38085305 ], [ -66.31154631, -12.38060381 ], [ -66.31154556, -12.38047967 ], [ -66.3115454, -12.38045207 ], [ -66.31152913, -12.38009352 ], [ -66.31155664, -12.37996921 ], [ -66.3115706, -12.37994154 ], [ -66.31172461, -12.37971997 ], [ -66.31183677, -12.37958138 ], [ -66.31189301, -12.37953968 ], [ -66.3120757, -12.3793869 ], [ -66.31214631, -12.3793865 ], [ -66.3125116, -12.37906716 ], [ -66.31258171, -12.37898399 ], [ -66.31283451, -12.37874806 ], [ -66.31308723, -12.37869682 ], [ -66.31323147, -12.37894008 ], [ -66.31326842, -12.37914906 ], [ -66.31321696, -12.37949803 ], [ -66.31300424, -12.37974332 ], [ -66.31282993, -12.380015 ], [ -66.31276538, -12.38026042 ], [ -66.31282788, -12.3806483 ], [ -66.31293993, -12.38085066 ], [ -66.31307906, -12.38094461 ], [ -66.31327286, -12.38091643 ], [ -66.31352217, -12.38090148 ], [ -66.31382762, -12.381008 ], [ -66.31384309, -12.38127857 ], [ -66.3136783, -12.38152311 ], [ -66.31333241, -12.38160628 ], [ -66.313028, -12.38167568 ], [ -66.31290411, -12.38181172 ], [ -66.31280858, -12.38205586 ], [ -66.31279603, -12.38227246 ], [ -66.31279626, -12.38231306 ], [ -66.31289471, -12.3825561 ], [ -66.31313105, -12.38269007 ], [ -66.31315892, -12.38271698 ], [ -66.31332599, -12.38285136 ], [ -66.3133823, -12.38299991 ], [ -66.31338302, -12.3831217 ], [ -66.31331505, -12.38333862 ], [ -66.31328741, -12.38335231 ], [ -66.31315048, -12.38362376 ], [ -66.31313695, -12.38367796 ], [ -66.31304166, -12.38396271 ], [ -66.31304174, -12.38397624 ], [ -66.31302974, -12.38428757 ], [ -66.31302999, -12.38432817 ], [ -66.31319891, -12.38477381 ], [ -66.31322695, -12.38482778 ], [ -66.3132408, -12.3848277 ], [ -66.31343582, -12.38500252 ], [ -66.31349132, -12.38501574 ], [ -66.31378261, -12.3850682 ], [ -66.31382417, -12.38506796 ], [ -66.31417071, -12.38509305 ], [ -66.31418465, -12.38510651 ], [ -66.31439353, -12.38528125 ], [ -66.3143676, -12.38557913 ], [ -66.31431396, -12.38587717 ], [ -66.31430116, -12.38611651 ], [ -66.31430327, -12.38646942 ], [ -66.31460495, -12.38656182 ], [ -66.31491803, -12.38654826 ], [ -66.31533844, -12.38635764 ], [ -66.31587867, -12.38606045 ], [ -66.31591473, -12.38604848 ], [ -66.31629881, -12.38582277 ], [ -66.31653856, -12.38563317 ], [ -66.31682797, -12.38569034 ], [ -66.31686431, -12.38572542 ], [ -66.3169377, -12.38591323 ], [ -66.31693798, -12.38596028 ], [ -66.31693806, -12.38597205 ], [ -66.31687988, -12.38631354 ], [ -66.31686812, -12.38636067 ], [ -66.31686861, -12.38644301 ], [ -66.31679825, -12.38676105 ], [ -66.31681065, -12.3868198 ], [ -66.31683487, -12.38684319 ], [ -66.31705272, -12.3870184 ], [ -66.31711293, -12.38701805 ], [ -66.31745074, -12.38711024 ], [ -66.31747498, -12.38713364 ], [ -66.31760866, -12.38733287 ], [ -66.31760901, -12.38739168 ], [ -66.31760915, -12.38741521 ], [ -66.31761127, -12.38776813 ], [ -66.31761133, -12.38777988 ], [ -66.31781708, -12.3879434 ], [ -66.31786539, -12.38796666 ], [ -66.31791371, -12.38798991 ], [ -66.31813086, -12.38804749 ], [ -66.31817904, -12.38804721 ], [ -66.31822721, -12.38804694 ], [ -66.31855241, -12.38804508 ], [ -66.31862467, -12.38804466 ], [ -66.31869694, -12.38804425 ], [ -66.31873307, -12.38804405 ], [ -66.31915448, -12.38801811 ], [ -66.31919061, -12.3880179 ], [ -66.31938375, -12.38808738 ], [ -66.31939586, -12.38809909 ], [ -66.31951779, -12.38834543 ], [ -66.319518, -12.38838072 ], [ -66.31948448, -12.38881619 ], [ -66.31949674, -12.38885142 ], [ -66.31958367, -12.3892862 ], [ -66.31982582, -12.38949658 ], [ -66.31987422, -12.38953159 ], [ -66.31992254, -12.38955484 ], [ -66.32028437, -12.38963513 ], [ -66.32034474, -12.38965832 ], [ -66.32036883, -12.38965818 ], [ -66.32089979, -12.38981985 ], [ -66.3209119, -12.38983155 ], [ -66.32157884, -12.39011524 ], [ -66.32194402, -12.39037429 ], [ -66.32233034, -12.39059143 ], [ -66.32236261, -12.39062258 ], [ -66.32262046, -12.39081957 ], [ -66.3228381, -12.39114344 ], [ -66.32296218, -12.3914038 ], [ -66.32296388, -12.39168662 ], [ -66.32305541, -12.39208858 ], [ -66.32316854, -12.39238164 ], [ -66.32328135, -12.39262031 ], [ -66.32348273, -12.39277144 ], [ -66.32377256, -12.39281329 ], [ -66.32392822, -12.39276888 ], [ -66.32408323, -12.3926157 ], [ -66.3240597, -12.39240916 ], [ -66.32437175, -12.39243999 ], [ -66.32465063, -12.39251455 ], [ -66.32487363, -12.39255678 ], [ -66.32511852, -12.39253361 ], [ -66.32514066, -12.39251173 ], [ -66.3253503, -12.39218418 ], [ -66.32538312, -12.3920861 ], [ -66.32552489, -12.3915849 ], [ -66.32562342, -12.3913015 ], [ -66.32586765, -12.39116956 ], [ -66.32590106, -12.39116937 ], [ -66.32636881, -12.39116668 ], [ -66.32681416, -12.39114237 ], [ -66.32684758, -12.39114217 ], [ -66.32714874, -12.39121659 ], [ -66.32724432, -12.39136939 ], [ -66.3272213, -12.39150944 ], [ -66.32706732, -12.39170852 ], [ -66.32687753, -12.39190781 ], [ -66.32685533, -12.39218776 ], [ -66.32716765, -12.39251241 ], [ -66.32720346, -12.3925122 ], [ -66.32745449, -12.39256906 ], [ -66.32754998, -12.39256851 ], [ -66.32759772, -12.39256823 ], [ -66.3280747, -12.39248388 ], [ -66.32809844, -12.39246042 ], [ -66.32859815, -12.39218939 ], [ -66.32895569, -12.39209406 ], [ -66.32929891, -12.39207106 ], [ -66.32966164, -12.39222486 ], [ -66.32970539, -12.39242207 ], [ -66.32970558, -12.39245325 ], [ -66.3298461, -12.39281621 ], [ -66.32987821, -12.3928472 ], [ -66.33027385, -12.3931671 ], [ -66.33028462, -12.39318782 ], [ -66.33044643, -12.39355064 ], [ -66.33044655, -12.39357143 ], [ -66.33055603, -12.39408006 ], [ -66.33060049, -12.39439159 ], [ -66.33075115, -12.39467133 ], [ -66.33100728, -12.39479458 ], [ -66.3310392, -12.39479439 ], [ -66.33110304, -12.39479402 ], [ -66.33139034, -12.39479237 ], [ -66.33146464, -12.39476076 ], [ -66.33151784, -12.39476045 ], [ -66.33160272, -12.39471839 ], [ -66.33196362, -12.39457081 ], [ -66.33198489, -12.39457068 ], [ -66.33233717, -12.39475573 ], [ -66.33240114, -12.39477614 ], [ -66.33243307, -12.39477596 ], [ -66.33304079, -12.39496992 ], [ -66.33307278, -12.39498014 ], [ -66.33309412, -12.3949904 ], [ -66.33349917, -12.39510239 ], [ -66.33377634, -12.39518394 ], [ -66.33381966, -12.39530841 ], [ -66.33377835, -12.39551651 ], [ -66.33358795, -12.39570468 ], [ -66.33354551, -12.39572572 ], [ -66.33351372, -12.39574668 ], [ -66.33301454, -12.39590546 ], [ -66.33298261, -12.39590564 ], [ -66.33277056, -12.39603159 ], [ -66.33275991, -12.39603165 ], [ -66.33270812, -12.39623038 ], [ -66.33269752, -12.39627105 ], [ -66.33288763, -12.39635731 ], [ -66.33316035, -12.39632173 ], [ -66.3334529, -12.39624813 ], [ -66.33377593, -12.39633825 ], [ -66.33376063, -12.39659535 ], [ -66.33362155, -12.39688082 ], [ -66.33330682, -12.39722192 ], [ -66.33305044, -12.39756361 ], [ -66.33279247, -12.39798182 ], [ -66.33269039, -12.39853529 ], [ -66.33264721, -12.39895556 ], [ -66.33272036, -12.39941521 ], [ -66.33288924, -12.39998834 ], [ -66.33352936, -12.40020718 ], [ -66.33408653, -12.40022865 ], [ -66.33490155, -12.40003521 ], [ -66.33578695, -12.40011462 ], [ -66.33660646, -12.39987407 ], [ -66.33693908, -12.39968611 ], [ -66.33753002, -12.39891368 ], [ -66.33815501, -12.39872281 ], [ -66.33875802, -12.39872872 ], [ -66.33909745, -12.39885249 ], [ -66.33921943, -12.39926868 ], [ -66.33902044, -12.39970653 ], [ -66.33881015, -12.40010042 ], [ -66.33877925, -12.40046906 ], [ -66.33875475, -12.40096599 ], [ -66.33875048, -12.40138664 ], [ -66.33892727, -12.40185025 ], [ -66.33967005, -12.40235782 ], [ -66.34074963, -12.40341744 ], [ -66.34141502, -12.40413776 ], [ -66.34177733, -12.40438034 ], [ -66.34177323, -12.40480941 ], [ -66.34152417, -12.40536385 ], [ -66.34139502, -12.40610955 ], [ -66.34151023, -12.40673812 ], [ -66.34202233, -12.40759539 ], [ -66.34294439, -12.40838937 ], [ -66.34393334, -12.40879275 ], [ -66.34431876, -12.40855836 ], [ -66.34467716, -12.40843777 ], [ -66.34516891, -12.40865632 ], [ -66.3453606, -12.40889185 ], [ -66.34577378, -12.40896103 ], [ -66.3461588, -12.40908938 ], [ -66.34640754, -12.40941542 ], [ -66.346403, -12.40986355 ], [ -66.34593947, -12.41010412 ], [ -66.34535274, -12.41176463 ], [ -66.34488444, -12.41347654 ], [ -66.34480734, -12.41467732 ], [ -66.3448082, -12.41467865 ], [ -66.34480806, -12.41468091 ], [ -66.34605043, -12.41660098 ], [ -66.34628725, -12.41722194 ], [ -66.3465832, -12.41800122 ], [ -66.34643835, -12.4194272 ], [ -66.34605463, -12.4204443 ], [ -66.34605648, -12.42044654 ], [ -66.34672036, -12.42124583 ], [ -66.34780358, -12.42178042 ], [ -66.3482617, -12.42256025 ], [ -66.34864165, -12.42320699 ], [ -66.34948062, -12.42471487 ], [ -66.34948166, -12.42471504 ], [ -66.35128636, -12.42498549 ], [ -66.35310955, -12.42489491 ], [ -66.35368018, -12.42555998 ], [ -66.35368019, -12.42556043 ], [ -66.35368101, -12.42556138 ], [ -66.35372524, -12.42710475 ], [ -66.35389756, -12.42788186 ], [ -66.35394835, -12.42811088 ], [ -66.35368072, -12.42908333 ], [ -66.35368266, -12.42908395 ], [ -66.35433411, -12.42929211 ], [ -66.35452764, -12.42935295 ], [ -66.35441977, -12.42999726 ], [ -66.35474301, -12.43075617 ], [ -66.35509582, -12.43158105 ], [ -66.35627188, -12.43377846 ], [ -66.35651197, -12.43408285 ], [ -66.35700979, -12.434714 ], [ -66.35767386, -12.43546474 ], [ -66.35746444, -12.43726013 ], [ -66.35746562, -12.43726408 ], [ -66.35768511, -12.43799405 ], [ -66.3593875, -12.43758607 ], [ -66.36025648, -12.43737872 ], [ -66.36029775, -12.43736879 ], [ -66.36055907, -12.43764815 ], [ -66.36112864, -12.43825705 ], [ -66.36218224, -12.43831293 ], [ -66.36286344, -12.43851177 ], [ -66.36320775, -12.43975179 ], [ -66.36406061, -12.44024922 ], [ -66.36417465, -12.44031572 ], [ -66.36464062, -12.44126617 ], [ -66.36484736, -12.44168785 ], [ -66.36528101, -12.44435599 ], [ -66.36593235, -12.44579878 ], [ -66.36593244, -12.44579883 ], [ -66.36692086, -12.44622399 ], [ -66.36773076, -12.44727081 ], [ -66.36882881, -12.44714599 ], [ -66.36944796, -12.4479651 ], [ -66.37003397, -12.44802501 ], [ -66.37063114, -12.44891618 ], [ -66.37309673, -12.44958158 ], [ -66.37427696, -12.45037001 ], [ -66.37515699, -12.4514175 ], [ -66.37588545, -12.45200681 ], [ -66.37617429, -12.45224047 ], [ -66.37789686, -12.45332324 ], [ -66.37801321, -12.45342553 ], [ -66.37908217, -12.45436898 ], [ -66.38188488, -12.45571623 ], [ -66.38302496, -12.45657379 ], [ -66.38342072, -12.45687309 ], [ -66.38448409, -12.45730267 ], [ -66.38518498, -12.45758582 ], [ -66.38690836, -12.45698815 ], [ -66.38730002, -12.45714234 ], [ -66.38799162, -12.45741342 ], [ -66.38893206, -12.45770742 ], [ -66.3903322, -12.45801235 ], [ -66.3910554, -12.45820601 ], [ -66.39112634, -12.459079 ], [ -66.39031723, -12.45986695 ], [ -66.3897902, -12.46068399 ], [ -66.38931953, -12.46214371 ], [ -66.38894438, -12.46380765 ], [ -66.38872735, -12.46505478 ], [ -66.38750179, -12.46613031 ], [ -66.38684865, -12.46788584 ], [ -66.38782121, -12.46904888 ], [ -66.38981156, -12.46911331 ], [ -66.39051777, -12.46945441 ], [ -66.39143494, -12.46978852 ], [ -66.39143409, -12.46978998 ], [ -66.39054368, -12.47134286 ], [ -66.39054473, -12.47134551 ], [ -66.39066671, -12.47165423 ], [ -66.39105338, -12.47262993 ], [ -66.39114929, -12.4725627 ], [ -66.39225842, -12.47178528 ], [ -66.3923209, -12.47193606 ], [ -66.3926459, -12.472725 ], [ -66.39334752, -12.47453236 ], [ -66.39334916, -12.4745366 ], [ -66.39235171, -12.47521008 ], [ -66.39223621, -12.47528869 ], [ -66.39232939, -12.47698893 ], [ -66.39232957, -12.47699219 ], [ -66.39391063, -12.47796308 ], [ -66.39440822, -12.47800128 ], [ -66.39494022, -12.47804372 ], [ -66.39503034, -12.47949011 ], [ -66.39507516, -12.4804159 ], [ -66.39593714, -12.48243105 ], [ -66.39779369, -12.48300669 ], [ -66.3984733, -12.48479554 ], [ -66.39894548, -12.48681745 ], [ -66.39949664, -12.48948361 ], [ -66.40058126, -12.49179735 ], [ -66.40118601, -12.49324148 ], [ -66.40152708, -12.49422806 ], [ -66.40196584, -12.49551298 ], [ -66.4033966, -12.49574834 ], [ -66.40409245, -12.49700695 ], [ -66.40435801, -12.49734208 ], [ -66.40598743, -12.50001264 ], [ -66.40632885, -12.50078379 ], [ -66.40661555, -12.50112396 ], [ -66.40757429, -12.50115326 ], [ -66.40786098, -12.50149342 ], [ -66.40798582, -12.50192845 ], [ -66.40799341, -12.5023425 ], [ -66.40786125, -12.50278202 ], [ -66.40770531, -12.50319893 ], [ -66.4074321, -12.50359488 ], [ -66.40718142, -12.50394441 ], [ -66.40700295, -12.50440773 ], [ -66.40672849, -12.50473467 ], [ -66.40643278, -12.50517703 ], [ -66.40618167, -12.50550355 ], [ -66.40595478, -12.50587569 ], [ -66.40570537, -12.50629422 ], [ -66.40557235, -12.50668772 ], [ -66.40578978, -12.50707511 ], [ -66.40621119, -12.50711379 ], [ -66.40663511, -12.50729049 ], [ -66.4069898, -12.50751442 ], [ -66.40743836, -12.50775971 ], [ -66.40793028, -12.50782017 ], [ -66.40837419, -12.50781244 ], [ -66.40881812, -12.5078047 ], [ -66.4092854, -12.50779655 ], [ -66.4097047, -12.5077202 ], [ -66.41014734, -12.50764345 ], [ -66.41056791, -12.50763611 ], [ -66.41099353, -12.50790481 ], [ -66.41132695, -12.50824416 ], [ -66.41149895, -12.50870138 ], [ -66.41164631, -12.50908998 ], [ -66.41195723, -12.50947575 ], [ -66.41231276, -12.50974567 ], [ -66.41271418, -12.50996877 ], [ -66.41309266, -12.5102153 ], [ -66.41338063, -12.51062446 ], [ -66.4136444, -12.51098804 ], [ -66.41388437, -12.51132901 ], [ -66.41410141, -12.5116934 ], [ -66.41436561, -12.51207997 ], [ -66.41451298, -12.51246859 ], [ -66.41456857, -12.51295083 ], [ -66.41457702, -12.51341091 ], [ -66.41451453, -12.51382619 ], [ -66.41440573, -12.5142653 ], [ -66.41427399, -12.51472781 ], [ -66.41418854, -12.51516651 ], [ -66.41419614, -12.51558058 ], [ -66.41420459, -12.51604065 ], [ -66.41437574, -12.51645185 ], [ -66.41464036, -12.51686143 ], [ -66.41497297, -12.51715476 ], [ -66.41535146, -12.51740128 ], [ -66.41577625, -12.51762398 ], [ -66.41619937, -12.51775465 ], [ -66.41662459, -12.51800036 ], [ -66.4169334, -12.51827109 ], [ -66.41705867, -12.51872912 ], [ -66.41708964, -12.51914278 ], [ -66.41712103, -12.51957945 ], [ -66.4172221, -12.51999187 ], [ -66.41755387, -12.5202392 ], [ -66.41797529, -12.52027786 ], [ -66.41839503, -12.52022451 ], [ -66.41886065, -12.52012434 ], [ -66.41935006, -12.52004676 ], [ -66.41981694, -12.52001559 ], [ -66.42023753, -12.52000825 ], [ -66.42066149, -12.52018492 ], [ -66.42085518, -12.52054971 ], [ -66.42088615, -12.52096337 ], [ -66.42089376, -12.52137744 ], [ -66.42085464, -12.52179232 ], [ -66.42081552, -12.5222072 ], [ -66.4208244, -12.52269028 ], [ -66.42069138, -12.52308379 ], [ -66.42060553, -12.52349948 ], [ -66.42059104, -12.52398296 ], [ -66.4206696, -12.52444181 ], [ -66.42086413, -12.52485262 ], [ -66.4210353, -12.52526382 ], [ -66.4213233, -12.52567298 ], [ -66.42174813, -12.52589567 ], [ -66.42219208, -12.52588792 ], [ -66.42253581, -12.52551374 ], [ -66.42280858, -12.52509477 ], [ -66.42289359, -12.52463306 ], [ -66.42307291, -12.52421574 ], [ -66.42332359, -12.52386619 ], [ -66.42366816, -12.52353801 ], [ -66.42408663, -12.52341564 ], [ -66.42450721, -12.52340829 ], [ -66.42493161, -12.52360797 ], [ -66.42498596, -12.52402122 ], [ -66.42478412, -12.52448496 ], [ -66.42465155, -12.52490149 ], [ -66.42484566, -12.52528927 ], [ -66.42526625, -12.52528194 ], [ -66.42552963, -12.52562248 ], [ -66.42581595, -12.52593963 ], [ -66.42623696, -12.52595528 ], [ -66.42666093, -12.52613196 ], [ -66.42683212, -12.52654316 ], [ -66.42727777, -12.52662742 ], [ -66.42763292, -12.52687432 ], [ -66.42768727, -12.52728757 ], [ -66.42755554, -12.5277501 ], [ -66.42763325, -12.52816295 ], [ -66.42796674, -12.52850227 ], [ -66.42841281, -12.52860953 ], [ -66.4288572, -12.52862476 ], [ -66.42932071, -12.52840955 ], [ -66.42978509, -12.52824036 ], [ -66.43022734, -12.52814057 ], [ -66.43064837, -12.52815621 ], [ -66.43104899, -12.52833329 ], [ -66.43145088, -12.52857938 ], [ -66.43173848, -12.52896554 ], [ -66.43190925, -12.52935373 ], [ -66.43208086, -12.52978795 ], [ -66.43220532, -12.53019996 ], [ -66.43223673, -12.53063663 ], [ -66.43229237, -12.53111889 ], [ -66.43234673, -12.53153214 ], [ -66.43235477, -12.5319692 ], [ -66.43233902, -12.53238369 ], [ -66.43234707, -12.53282076 ], [ -66.43247195, -12.53325578 ], [ -66.43278293, -12.53364153 ], [ -66.43302296, -12.5339825 ], [ -66.43335644, -12.53432182 ], [ -66.43368994, -12.53466116 ], [ -66.43397585, -12.53495529 ], [ -66.43433314, -12.53531722 ], [ -66.43461906, -12.53561136 ], [ -66.43488244, -12.5359519 ], [ -66.43514584, -12.53629247 ], [ -66.43538588, -12.53663343 ], [ -66.43558045, -12.53704423 ], [ -66.43570491, -12.53745624 ], [ -66.43587611, -12.53786746 ], [ -66.43600143, -12.53832548 ], [ -66.43615053, -12.5388061 ], [ -66.436275, -12.53921813 ], [ -66.43632936, -12.53963138 ], [ -66.43612625, -12.54002613 ], [ -66.43587599, -12.54039869 ], [ -66.43588362, -12.54081276 ], [ -66.43614702, -12.54115331 ], [ -66.43661608, -12.54123714 ], [ -66.43706048, -12.54125237 ], [ -66.43743776, -12.54142985 ], [ -66.43787464, -12.54159961 ], [ -66.43837749, -12.54192951 ], [ -66.43854946, -12.54225625 ], [ -66.43854563, -12.54262418 ], [ -66.43834668, -12.54307662 ], [ -66.43801634, -12.54365181 ], [ -66.43800144, -12.54411229 ], [ -66.43791644, -12.544574 ], [ -66.43771462, -12.54503777 ], [ -66.43748729, -12.54538691 ], [ -66.43730798, -12.54580426 ], [ -66.43733897, -12.54621792 ], [ -66.43741671, -12.54663076 ], [ -66.43709549, -12.54695854 ], [ -66.43682142, -12.5473085 ], [ -66.43661831, -12.54770325 ], [ -66.43643856, -12.54809759 ], [ -66.43633019, -12.54855972 ], [ -66.43617382, -12.54895364 ], [ -66.43601787, -12.54937057 ], [ -66.43579095, -12.54974272 ], [ -66.43544636, -12.55007091 ], [ -66.43514935, -12.55044428 ], [ -66.43478181, -12.55079589 ], [ -66.43441341, -12.55110149 ], [ -66.43411556, -12.55142884 ], [ -66.43393623, -12.55184618 ], [ -66.43382699, -12.55226229 ], [ -66.43376494, -12.55270059 ], [ -66.43358476, -12.55307192 ], [ -66.43333489, -12.55346748 ], [ -66.43310756, -12.55381662 ], [ -66.43285728, -12.55418918 ], [ -66.4326312, -12.55460733 ], [ -66.43259293, -12.55506822 ], [ -66.43290308, -12.55540797 ], [ -66.43301977, -12.55552466 ], [ -66.43323533, -12.5556783 ], [ -66.43354505, -12.55599503 ], [ -66.4338773, -12.55626535 ], [ -66.43429921, -12.55632701 ], [ -66.43456263, -12.55666757 ], [ -66.43461698, -12.55708081 ], [ -66.43468782, -12.55724435 ], [ -66.43486489, -12.5574733 ], [ -66.43495123, -12.55758492 ], [ -66.43519139, -12.55780713 ], [ -66.43518839, -12.5582293 ], [ -66.43515989, -12.55863608 ], [ -66.43523847, -12.55909493 ], [ -66.43556868, -12.55933957 ], [ -66.43601601, -12.55942649 ], [ -66.43643962, -12.55958016 ], [ -66.43686197, -12.55966481 ], [ -66.43712581, -12.56002838 ], [ -66.4370867, -12.56044327 ], [ -66.43676545, -12.56077104 ], [ -66.43660949, -12.56118798 ], [ -66.43678027, -12.56157617 ], [ -66.43690475, -12.5619882 ], [ -66.43679594, -12.56242731 ], [ -66.43668671, -12.56284342 ], [ -66.43671855, -12.56330309 ], [ -66.43698282, -12.56368966 ], [ -66.43707539, -12.56376081 ], [ -66.43724625, -12.56403021 ], [ -66.43750925, -12.56434777 ], [ -66.43779518, -12.56464191 ], [ -66.43815208, -12.56498084 ], [ -66.43859908, -12.56513409 ], [ -66.43904353, -12.56514933 ], [ -66.4394642, -12.56514196 ], [ -66.43988739, -12.56527262 ], [ -66.4401045, -12.56563701 ], [ -66.44022898, -12.56604902 ], [ -66.44027614, -12.56619002 ], [ -66.4403305, -12.56648446 ], [ -66.44050215, -12.56691867 ], [ -66.44062748, -12.5673767 ], [ -66.44065847, -12.56779037 ], [ -66.44071284, -12.56820362 ], [ -66.44072089, -12.56864069 ], [ -66.44070515, -12.56905518 ], [ -66.44057384, -12.5695407 ], [ -66.44053472, -12.56995558 ], [ -66.44063583, -12.57036802 ], [ -66.44094177, -12.57067934 ], [ -66.44146185, -12.57079077 ], [ -66.44181792, -12.57108369 ], [ -66.44208177, -12.57144724 ], [ -66.44223004, -12.57188186 ], [ -66.44220673, -12.57200112 ], [ -66.4422381, -12.57231894 ], [ -66.44201075, -12.57266809 ], [ -66.44166443, -12.57290427 ], [ -66.44138991, -12.57323122 ], [ -66.44164875, -12.57499627 ], [ -66.44133748, -12.57571043 ], [ -66.44078642, -12.57606373 ], [ -66.4405342, -12.57695774 ], [ -66.44045975, -12.57833154 ], [ -66.44074971, -12.57976859 ], [ -66.4406156, -12.5810223 ], [ -66.44041236, -12.58311201 ], [ -66.44020793, -12.58532122 ], [ -66.44043942, -12.58651867 ], [ -66.44031028, -12.58727042 ], [ -66.44025227, -12.58889876 ], [ -66.44058456, -12.58916909 ], [ -66.44087095, -12.58948623 ], [ -66.44111144, -12.58985021 ], [ -66.4413528, -12.59026019 ], [ -66.44145981, -12.59070663 ], [ -66.44149947, -12.59076666 ], [ -66.44168682, -12.5910849 ], [ -66.44183575, -12.59150725 ], [ -66.44186573, -12.59161166 ], [ -66.44199048, -12.59191125 ], [ -66.44203697, -12.59202287 ], [ -66.44214725, -12.59232991 ], [ -66.44251871, -12.59263296 ], [ -66.44287354, -12.59285687 ], [ -66.44320626, -12.59315019 ], [ -66.44337749, -12.5935614 ], [ -66.44348412, -12.5939695 ], [ -66.44350961, -12.5943875 ], [ -66.44351723, -12.59480156 ], [ -66.44350189, -12.59523905 ], [ -66.44353374, -12.59569871 ], [ -66.44363485, -12.59611115 ], [ -66.44378229, -12.59649976 ], [ -66.44399445, -12.59691153 ], [ -66.44402291, -12.59702758 ], [ -66.44417034, -12.5974162 ], [ -66.44429855, -12.5978714 ], [ -66.44446936, -12.5982596 ], [ -66.44458548, -12.5983754 ], [ -66.44466053, -12.59868146 ], [ -66.44468661, -12.59878783 ], [ -66.44483103, -12.59911608 ], [ -66.44485741, -12.59917604 ], [ -66.44489042, -12.59954087 ], [ -66.44480498, -12.59997958 ], [ -66.44469479, -12.6003659 ], [ -66.44470336, -12.60080976 ], [ -66.44480533, -12.60126821 ], [ -66.44493067, -12.60172623 ], [ -66.4451934, -12.60218464 ], [ -66.44531874, -12.60264267 ], [ -66.44539933, -12.60305269 ], [ -66.44545454, -12.60351195 ], [ -66.44553314, -12.6039708 ], [ -66.44563553, -12.60445225 ], [ -66.44578297, -12.60484087 ], [ -66.44590831, -12.60529889 ], [ -66.44600943, -12.60571133 ], [ -66.44615772, -12.60614595 ], [ -66.44630517, -12.60653456 ], [ -66.44639751, -12.60662776 ], [ -66.44651907, -12.60698401 ], [ -66.4465458, -12.60706238 ], [ -66.44666952, -12.60738842 ], [ -66.44669326, -12.60745099 ], [ -66.44688146, -12.60775801 ], [ -66.44695842, -12.60788356 ], [ -66.44703563, -12.60813908 ], [ -66.44732373, -12.60851872 ], [ -66.44758805, -12.60890529 ], [ -66.44785152, -12.60924584 ], [ -66.44816175, -12.60958559 ], [ -66.4484248, -12.60990315 ], [ -66.44866658, -12.61033613 ], [ -66.44881289, -12.61081956 ], [ -66.44884589, -12.61118441 ], [ -66.44881153, -12.6116178 ], [ -66.44913799, -12.61207914 ], [ -66.4495172, -12.61265302 ], [ -66.44996404, -12.61365281 ], [ -66.45016157, -12.61549026 ], [ -66.4516919, -12.61732739 ], [ -66.45287162, -12.61917066 ], [ -66.45388264, -12.62074073 ], [ -66.45284676, -12.62268547 ], [ -66.45295307, -12.62424029 ], [ -66.4548836, -12.62593205 ], [ -66.45605211, -12.6271474 ], [ -66.45691839, -12.62815966 ], [ -66.45800867, -12.62867206 ], [ -66.45858572, -12.6293947 ], [ -66.45894231, -12.63025867 ], [ -66.45893451, -12.63104746 ], [ -66.45870341, -12.6322644 ], [ -66.45927551, -12.633489 ], [ -66.45999294, -12.6347867 ], [ -66.46100529, -12.63580035 ], [ -66.46179292, -12.63738557 ], [ -66.46255489, -12.63861197 ], [ -66.46304904, -12.64033783 ], [ -66.46280874, -12.64248698 ], [ -66.46279032, -12.64435138 ], [ -66.46343477, -12.64564838 ], [ -66.46407781, -12.6470888 ], [ -66.46464924, -12.64838511 ], [ -66.46559146, -12.64911122 ], [ -66.46652803, -12.650411 ], [ -66.46673295, -12.65184725 ], [ -66.46701018, -12.65335589 ], [ -66.46787869, -12.65415302 ], [ -66.46904072, -12.65480951 ], [ -66.47005765, -12.65536899 ], [ -66.47096399, -12.65603499 ], [ -66.47199322, -12.65658263 ], [ -66.47308037, -12.65742963 ], [ -66.47355662, -12.65850988 ], [ -66.47354897, -12.65928672 ], [ -66.47305683, -12.65981991 ], [ -66.47268345, -12.66065304 ], [ -66.47297595, -12.66185107 ], [ -66.47357627, -12.66269345 ], [ -66.47429713, -12.66365649 ], [ -66.47477398, -12.66467698 ], [ -66.47561951, -12.6653424 ], [ -66.47603492, -12.66642207 ], [ -66.47657087, -12.66762241 ], [ -66.47661902, -12.66891374 ], [ -66.47697417, -12.66993307 ], [ -66.47726846, -12.67095183 ], [ -66.47719525, -12.67220615 ], [ -66.47693946, -12.67345874 ], [ -66.47717348, -12.67441717 ], [ -66.4781437, -12.67478495 ], [ -66.4790513, -12.67533143 ], [ -66.47959081, -12.67617322 ], [ -66.48000801, -12.67707362 ], [ -66.4799986, -12.67802973 ], [ -66.48040934, -12.67958746 ], [ -66.48112791, -12.68078953 ], [ -66.48203319, -12.68157503 ], [ -66.48287526, -12.68259898 ], [ -66.48322985, -12.68367807 ], [ -66.48309814, -12.68469279 ], [ -66.48364179, -12.68511628 ], [ -66.48363122, -12.68619192 ], [ -66.48313139, -12.68750196 ], [ -66.48311729, -12.68893614 ], [ -66.48347013, -12.6901945 ], [ -66.48406936, -12.69115639 ], [ -66.48509523, -12.69206255 ], [ -66.48581385, -12.69326462 ], [ -66.48585886, -12.69487865 ], [ -66.48644225, -12.69745398 ], [ -66.48688399, -12.69957855 ], [ -66.48708408, -12.70151677 ], [ -66.48714655, -12.7025931 ], [ -66.48786496, -12.70381907 ], [ -66.48814232, -12.70532772 ], [ -66.48827713, -12.70647645 ], [ -66.48863388, -12.70734041 ], [ -66.48993664, -12.70857192 ], [ -66.49058204, -12.7097972 ], [ -66.49122815, -12.71095076 ], [ -66.4914339, -12.71231531 ], [ -66.49251053, -12.71426182 ], [ -66.49424317, -12.71635797 ], [ -66.49698721, -12.71961113 ], [ -66.50221137, -12.72324625 ], [ -66.50613761, -12.72500397 ], [ -66.51370248, -12.72565109 ], [ -66.51578143, -13.57114369 ], [ -66.52024337, -14.20043885 ], [ -66.52107145, -14.31072819 ], [ -66.53147056, -15.56552982 ], [ -66.65034891, -15.63441743 ], [ -66.65141008, -15.63422783 ], [ -66.65271078, -15.63420614 ], [ -66.65412973, -15.63418248 ], [ -66.65525205, -15.63410645 ], [ -66.65596763, -15.63443836 ], [ -66.65669034, -15.63517131 ], [ -66.65764751, -15.63578572 ], [ -66.65949357, -15.63649989 ], [ -66.66009908, -15.63729209 ], [ -66.66094108, -15.63808033 ], [ -66.66119389, -15.63899303 ], [ -66.66103488, -15.64002723 ], [ -66.66063019, -15.64054976 ], [ -66.65963527, -15.64113947 ], [ -66.65852108, -15.64167386 ], [ -66.6577076, -15.64248976 ], [ -66.65724988, -15.64335702 ], [ -66.65750473, -15.64438431 ], [ -66.65822953, -15.64523182 ], [ -66.6590155, -15.64619292 ], [ -66.65985958, -15.64709574 ], [ -66.661037, -15.64678952 ], [ -66.66221136, -15.64631141 ], [ -66.66261299, -15.645617 ], [ -66.66259564, -15.64464306 ], [ -66.66281377, -15.64360787 ], [ -66.66309306, -15.64268628 ], [ -66.66356095, -15.64239191 ], [ -66.66439278, -15.64260723 ], [ -66.66523074, -15.64316628 ], [ -66.66577614, -15.64390215 ], [ -66.66638271, -15.64475161 ], [ -66.66651731, -15.64566627 ], [ -66.66594138, -15.64653553 ], [ -66.66483127, -15.64729911 ], [ -66.66401474, -15.64794317 ], [ -66.66320229, -15.64881638 ], [ -66.66274051, -15.64945449 ], [ -66.66275767, -15.65041697 ], [ -66.66376499, -15.65383857 ], [ -66.66451539, -15.65611831 ], [ -66.66502215, -15.65800098 ], [ -66.66600298, -15.659933 ], [ -66.6666178, -15.66124077 ], [ -66.66692675, -15.66198059 ], [ -66.66770567, -15.6625406 ], [ -66.66864766, -15.66229558 ], [ -66.66893205, -15.66166042 ], [ -66.66921644, -15.66102527 ], [ -66.66962421, -15.66067459 ], [ -66.67039494, -15.66077627 ], [ -66.67117535, -15.66208125 ], [ -66.67178611, -15.66315983 ], [ -66.67233365, -15.66401025 ], [ -66.67340619, -15.66445069 ], [ -66.67404842, -15.66398145 ], [ -66.67486394, -15.66328006 ], [ -66.67514728, -15.66258762 ], [ -66.67554889, -15.66189319 ], [ -66.67618803, -15.66125207 ], [ -66.6768405, -15.66135572 ], [ -66.67748784, -15.66117292 ], [ -66.67795574, -15.66087852 ], [ -66.67884781, -15.66115005 ], [ -66.67927095, -15.6616587 ], [ -66.67939947, -15.6622296 ], [ -66.67929148, -15.66280449 ], [ -66.67906625, -15.66343865 ], [ -66.67884308, -15.66418739 ], [ -66.67903279, -15.66487188 ], [ -66.67957317, -15.66532124 ], [ -66.68046218, -15.6654209 ], [ -66.68152446, -15.66528841 ], [ -66.68259291, -15.66549964 ], [ -66.68307829, -15.66617915 ], [ -66.682796, -15.66692889 ], [ -66.68238928, -15.66733688 ], [ -66.6822854, -15.66814092 ], [ -66.682416, -15.66882641 ], [ -66.68295846, -15.66939033 ], [ -66.68344384, -15.67006984 ], [ -66.68404852, -15.67080463 ], [ -66.68554626, -15.6725215 ], [ -66.68621935, -15.6737709 ], [ -66.68711869, -15.6744434 ], [ -66.6884474, -15.67596826 ], [ -66.68946502, -15.67663875 ], [ -66.69030422, -15.67725496 ], [ -66.6905012, -15.67834044 ], [ -66.69139335, -15.67861191 ], [ -66.69221915, -15.67848334 ], [ -66.69299716, -15.67898595 ], [ -66.69301057, -15.6797307 ], [ -66.69267331, -15.6807106 ], [ -66.69222087, -15.68186437 ], [ -66.69176223, -15.6826744 ], [ -66.69160133, -15.68359402 ], [ -66.69149956, -15.68451263 ], [ -66.69233261, -15.68478509 ], [ -66.69362945, -15.68453394 ], [ -66.69421357, -15.68412292 ], [ -66.69449273, -15.68320131 ], [ -66.69501461, -15.68261942 ], [ -66.69590162, -15.68260442 ], [ -66.69661123, -15.68259241 ], [ -66.69726067, -15.68252412 ], [ -66.69809991, -15.68314028 ], [ -66.69905535, -15.68363985 ], [ -66.69971203, -15.68397257 ], [ -66.70049008, -15.68447514 ], [ -66.70103573, -15.68521087 ], [ -66.70128778, -15.68606618 ], [ -66.70118916, -15.68715666 ], [ -66.7008447, -15.68773555 ], [ -66.69990474, -15.6880953 ], [ -66.6987853, -15.68834349 ], [ -66.69760052, -15.68824894 ], [ -66.69677883, -15.68860668 ], [ -66.69631814, -15.68930215 ], [ -66.69621722, -15.69026659 ], [ -66.69564549, -15.69136508 ], [ -66.69525323, -15.69257514 ], [ -66.69491596, -15.69355504 ], [ -66.69475508, -15.69447466 ], [ -66.69482971, -15.69533298 ], [ -66.69531108, -15.69578328 ], [ -66.69608297, -15.69594213 ], [ -66.69750228, -15.6959181 ], [ -66.69921314, -15.69565989 ], [ -66.70057123, -15.69552227 ], [ -66.70234121, -15.69526304 ], [ -66.70441101, -15.69522793 ], [ -66.70559375, -15.69520786 ], [ -66.70689683, -15.69530035 ], [ -66.70750375, -15.69614962 ], [ -66.70776415, -15.69746321 ], [ -66.70820507, -15.69894565 ], [ -66.70870618, -15.70048438 ], [ -66.70896349, -15.7016261 ], [ -66.70933492, -15.70253667 ], [ -66.71005912, -15.70332663 ], [ -66.71118275, -15.70330752 ], [ -66.71172124, -15.7036422 ], [ -66.71284384, -15.70356579 ], [ -66.71306897, -15.70293161 ], [ -66.71257508, -15.70179392 ], [ -66.71262176, -15.70110547 ], [ -66.71313946, -15.70029439 ], [ -66.71390514, -15.70010945 ], [ -66.71456085, -15.70038481 ], [ -66.71580067, -15.7002491 ], [ -66.71622295, -15.70070035 ], [ -66.71700701, -15.70120274 ], [ -66.71772602, -15.70170623 ], [ -66.71820142, -15.70215083 ], [ -66.71893626, -15.70299083 ], [ -66.71920409, -15.70348768 ], [ -66.71929102, -15.7042025 ], [ -66.71948429, -15.70466481 ], [ -66.71978583, -15.704982 ], [ -66.72045505, -15.70518549 ], [ -66.72127406, -15.70549386 ], [ -66.72182979, -15.70555601 ], [ -66.72184281, -15.70627209 ], [ -66.72144404, -15.70670867 ], [ -66.72104527, -15.70714526 ], [ -66.72075478, -15.70743673 ], [ -66.72068996, -15.70793925 ], [ -66.72088454, -15.70847316 ], [ -66.72107911, -15.70900707 ], [ -66.72082753, -15.70940533 ], [ -66.72027374, -15.70945059 ], [ -66.71957536, -15.70967739 ], [ -66.71917658, -15.71011397 ], [ -66.71896066, -15.71043999 ], [ -66.7189354, -15.7110851 ], [ -66.7193459, -15.71129299 ], [ -66.71997687, -15.71142549 ], [ -66.7204613, -15.71163212 ], [ -66.72058065, -15.71209568 ], [ -66.72036993, -15.71270813 ], [ -66.71993679, -15.71328857 ], [ -66.71928186, -15.71387278 ], [ -66.71851344, -15.71431567 ], [ -66.71788961, -15.71457701 ], [ -66.7168312, -15.71534001 ], [ -66.71610363, -15.71599709 ], [ -66.71560564, -15.71708003 ], [ -66.715107, -15.71812717 ], [ -66.71438591, -15.71914229 ], [ -66.71365767, -15.71976356 ], [ -66.71295924, -15.71999035 ], [ -66.71218298, -15.72000357 ], [ -66.7113743, -15.72026804 ], [ -66.71078481, -15.72038552 ], [ -66.7102738, -15.72075237 ], [ -66.70969665, -15.72155014 ], [ -66.70901054, -15.7224572 ], [ -66.70817449, -15.72311611 ], [ -66.70771068, -15.72363974 ], [ -66.70728145, -15.72389537 ], [ -66.70679099, -15.72403742 ], [ -66.70648178, -15.72438651 ], [ -66.70649148, -15.72492119 ], [ -66.70651846, -15.72532187 ], [ -66.70616739, -15.72553796 ], [ -66.70549708, -15.72554935 ], [ -66.70462684, -15.72541133 ], [ -66.7037182, -15.72533127 ], [ -66.70304719, -15.72530447 ], [ -66.70250001, -15.72558119 ], [ -66.70160749, -15.72617322 ], [ -66.70118239, -15.72665798 ], [ -66.70103538, -15.72725264 ], [ -66.70104644, -15.72786371 ], [ -66.70135151, -15.72837427 ], [ -66.70183541, -15.72895821 ], [ -66.70204259, -15.72950864 ], [ -66.70197376, -15.73006376 ], [ -66.7016877, -15.73060347 ], [ -66.7013425, -15.73114418 ], [ -66.70070191, -15.73170902 ], [ -66.70009693, -15.73206313 ], [ -66.69939027, -15.73224704 ], [ -66.69894129, -15.73250299 ], [ -66.69881123, -15.73294454 ], [ -66.69901288, -15.73318944 ], [ -66.69986621, -15.73348058 ], [ -66.70077419, -15.73352246 ], [ -66.70139023, -15.73377942 ], [ -66.70193052, -15.73420958 ], [ -66.70241028, -15.73456436 ], [ -66.70265345, -15.73492316 ], [ -66.70266383, -15.73549604 ], [ -66.70253447, -15.73597578 ], [ -66.70228888, -15.73657211 ], [ -66.70162337, -15.73685084 ], [ -66.70057598, -15.73673493 ], [ -66.69948984, -15.73665787 ], [ -66.69838468, -15.73661933 ], [ -66.69737845, -15.73659821 ], [ -66.6966524, -15.73680155 ], [ -66.69610897, -15.73728832 ], [ -66.69562586, -15.73783901 ], [ -66.69551689, -15.73835661 ], [ -66.69544632, -15.73881626 ], [ -66.69529722, -15.73929633 ], [ -66.69524359, -15.73960287 ], [ -66.69536846, -15.73996369 ], [ -66.69576832, -15.74026253 ], [ -66.69640341, -15.74048098 ], [ -66.6971357, -15.74062136 ], [ -66.69824261, -15.74075538 ], [ -66.69895276, -15.74076242 ], [ -66.69950864, -15.7409631 ], [ -66.69979263, -15.74139761 ], [ -66.69993895, -15.74185357 ], [ -66.69982999, -15.74237117 ], [ -66.69950587, -15.74298794 ], [ -66.69909942, -15.74341508 ], [ -66.69838261, -15.74413021 ], [ -66.6976925, -15.74523073 ], [ -66.69711862, -15.74621467 ], [ -66.69679587, -15.74690782 ], [ -66.69660837, -15.74744585 ], [ -66.69663812, -15.7479993 ], [ -66.69664849, -15.74857218 ], [ -66.69677613, -15.74908577 ], [ -66.69720127, -15.7496898 ], [ -66.69758041, -15.74993169 ], [ -66.69824943, -15.74984391 ], [ -66.69881467, -15.74947137 ], [ -66.69918688, -15.74933133 ], [ -66.69979882, -15.74935914 ], [ -66.70033604, -15.74961743 ], [ -66.70081481, -15.74991492 ], [ -66.70126831, -15.7499072 ], [ -66.70162635, -15.75007303 ], [ -66.70188856, -15.7503933 ], [ -66.70214836, -15.7505799 ], [ -66.70242787, -15.75076616 ], [ -66.70290179, -15.7507963 ], [ -66.70353172, -15.75072828 ], [ -66.70390115, -15.75043547 ], [ -66.70434981, -15.75016041 ], [ -66.70466321, -15.75004046 ], [ -66.70499841, -15.75003476 ], [ -66.70517968, -15.75024179 ], [ -66.70526549, -15.75062236 ], [ -66.70533885, -15.75140428 ], [ -66.70525378, -15.7521507 ], [ -66.705067, -15.75272693 ], [ -66.70485773, -15.75315073 ], [ -66.7046495, -15.75363181 ], [ -66.70481487, -15.75404924 ], [ -66.70517361, -15.75425325 ], [ -66.70535731, -15.75459395 ], [ -66.70550297, -15.75501171 ], [ -66.70574617, -15.7553705 ], [ -66.70620177, -15.75547734 ], [ -66.70667119, -15.75525923 ], [ -66.70719491, -15.75477277 ], [ -66.70764079, -15.75434493 ], [ -66.7080666, -15.75389834 ], [ -66.70845437, -15.7535288 ], [ -66.70870584, -15.75325709 ], [ -66.70907875, -15.75315523 ], [ -66.70957516, -15.75333778 ], [ -66.71001555, -15.7536932 ], [ -66.71021967, -15.75407176 ], [ -66.71022592, -15.75441548 ], [ -66.71035082, -15.75477628 ], [ -66.71067291, -15.75513372 ], [ -66.71086708, -15.75561558 ], [ -66.71117257, -15.75614522 ], [ -66.71133483, -15.75639077 ], [ -66.71146078, -15.75680886 ], [ -66.71139059, -15.75728759 ], [ -66.71130069, -15.75776667 ], [ -66.71129035, -15.75828258 ], [ -66.71149587, -15.75873751 ], [ -66.7119612, -15.75937903 ], [ -66.71248396, -15.75992405 ], [ -66.71302157, -15.7602014 ], [ -66.71352113, -15.7605558 ], [ -66.71388267, -15.76091256 ], [ -66.71418401, -15.76121303 ], [ -66.71425081, -15.76163213 ], [ -66.71437643, -15.76203111 ], [ -66.71475456, -15.76221567 ], [ -66.71495557, -15.76242235 ], [ -66.71494316, -15.7628237 ], [ -66.7147339, -15.7632475 ], [ -66.71413097, -15.76371624 ], [ -66.71348999, -15.76426203 ], [ -66.71282615, -15.76463629 ], [ -66.71275736, -15.76519141 ], [ -66.7130826, -15.7657207 ], [ -66.71355317, -15.76610711 ], [ -66.7144211, -15.76637881 ], [ -66.71558176, -15.76647836 ], [ -66.71686654, -15.76662354 ], [ -66.71782696, -15.76655937 ], [ -66.71858363, -15.76649668 ], [ -66.71927949, -15.76643902 ], [ -66.72057803, -15.76598702 ], [ -66.72153235, -15.76558867 ], [ -66.7223211, -15.76557517 ], [ -66.72294341, -15.76589879 ], [ -66.72308234, -15.76675597 ], [ -66.72280573, -15.76781128 ], [ -66.72235397, -15.76872633 ], [ -66.72144084, -15.7700313 ], [ -66.7204636, -15.77052556 ], [ -66.71929089, -15.77111867 ], [ -66.71826477, -15.77163764 ], [ -66.71731651, -15.77237016 ], [ -66.71673798, -15.77309636 ], [ -66.71625935, -15.77389248 ], [ -66.7162644, -15.77484508 ], [ -66.71668483, -15.77559001 ], [ -66.71750088, -15.77571931 ], [ -66.71820732, -15.77592211 ], [ -66.71913169, -15.7759063 ], [ -66.71978939, -15.77546526 ], [ -66.71999751, -15.77470958 ], [ -66.71998444, -15.7739935 ], [ -66.72019648, -15.77345265 ], [ -66.7209003, -15.77351223 ], [ -66.72139273, -15.77414847 ], [ -66.72170029, -15.77478787 ], [ -66.72207919, -15.7752828 ], [ -66.72260402, -15.77566777 ], [ -66.72364192, -15.77579325 ], [ -66.72445078, -15.77552868 ], [ -66.72525767, -15.77515671 ], [ -66.72592059, -15.77500208 ], [ -66.72655177, -15.77513452 ], [ -66.7269683, -15.7756646 ], [ -66.72742902, -15.77658788 ], [ -66.7278158, -15.77751243 ], [ -66.72797811, -15.77829758 ], [ -66.72788487, -15.77926618 ], [ -66.72715716, -15.77992333 ], [ -66.72623868, -15.78026142 ], [ -66.72561731, -15.78066604 ], [ -66.72540462, -15.78117109 ], [ -66.72559605, -15.78152596 ], [ -66.72608, -15.78169673 ], [ -66.72685648, -15.78168341 ], [ -66.72770299, -15.781454 ], [ -66.72833222, -15.78147902 ], [ -66.72900564, -15.78189724 ], [ -66.72942417, -15.78253472 ], [ -66.72954367, -15.78319763 ], [ -66.72940272, -15.78391634 ], [ -66.72904334, -15.78448958 ], [ -66.72834174, -15.78488962 ], [ -66.72785856, -15.78543513 ], [ -66.72752999, -15.78600784 ], [ -66.7275431, -15.78672391 ], [ -66.72770973, -15.7874075 ], [ -66.72793689, -15.78803036 ], [ -66.72803972, -15.78859566 ], [ -66.72798956, -15.78922329 ], [ -66.72756527, -15.78961856 ], [ -66.72689173, -15.78986889 ], [ -66.72624573, -15.78993967 ], [ -66.72572626, -15.79018735 ], [ -66.72561064, -15.79060717 ], [ -66.72568662, -15.79105355 ], [ -66.72559719, -15.7915565 ], [ -66.72560244, -15.79184292 ], [ -66.72597745, -15.79212301 ], [ -66.7263001, -15.79223685 ], [ -66.72647878, -15.79256806 ], [ -66.72633918, -15.79302411 ], [ -66.72590418, -15.79350911 ], [ -66.72509505, -15.79376176 ], [ -66.72430707, -15.79382303 ], [ -66.72342528, -15.79414855 ], [ -66.72257163, -15.7946646 ], [ -66.72162636, -15.79556424 ], [ -66.72099806, -15.79626744 ], [ -66.72059512, -15.79715778 ], [ -66.72024541, -15.7982621 ], [ -66.72027774, -15.79868178 ], [ -66.72011303, -15.79911438 ], [ -66.71974412, -15.79916846 ], [ -66.71931892, -15.79884147 ], [ -66.7191134, -15.79839134 ], [ -66.71875998, -15.79794374 ], [ -66.71806492, -15.797693 ], [ -66.7172479, -15.79751598 ], [ -66.71667915, -15.79743021 ], [ -66.7161381, -15.7975111 ], [ -66.71567668, -15.79790103 ], [ -66.71549254, -15.79862049 ], [ -66.71547922, -15.79924151 ], [ -66.71561817, -15.8000987 ], [ -66.71570129, -15.80059869 ], [ -66.71561314, -15.80117324 ], [ -66.71525424, -15.80177631 ], [ -66.71499439, -15.80240155 ], [ -66.71490755, -15.80304771 ], [ -66.71499328, -15.80369092 ], [ -66.71527432, -15.80422573 ], [ -66.71550536, -15.80472318 ], [ -66.71595348, -15.80495427 ], [ -66.71667278, -15.80518072 ], [ -66.71741718, -15.80543061 ], [ -66.71801061, -15.80551595 ], [ -66.71863087, -15.80572021 ], [ -66.719031, -15.80602375 ], [ -66.71930873, -15.80637714 ], [ -66.71939274, -15.80692486 ], [ -66.71917749, -15.80729148 ], [ -66.71928396, -15.80771944 ], [ -66.71977878, -15.80780646 ], [ -66.72056114, -15.80743489 ], [ -66.72069946, -15.80690723 ], [ -66.72044463, -15.80645795 ], [ -66.72003707, -15.80574863 ], [ -66.71994827, -15.80493835 ], [ -66.71990135, -15.80372144 ], [ -66.72010751, -15.80285835 ], [ -66.72060995, -15.80201405 ], [ -66.72099173, -15.80131508 ], [ -66.72150332, -15.80097203 ], [ -66.7219462, -15.80091668 ], [ -66.72244581, -15.80126626 ], [ -66.72253156, -15.80190946 ], [ -66.72266574, -15.80250408 ], [ -66.72289679, -15.80300152 ], [ -66.72310144, -15.80340391 ], [ -66.72318632, -15.80399937 ], [ -66.72312503, -15.80469285 ], [ -66.72369555, -15.80487407 ], [ -66.72435419, -15.80448074 ], [ -66.72494018, -15.80416028 ], [ -66.72538088, -15.80398558 ], [ -66.72597692, -15.80421411 ], [ -66.72669229, -15.8042257 ], [ -66.72733458, -15.8042863 ], [ -66.7279579, -15.80465761 ], [ -66.72794419, -15.80525476 ], [ -66.72770553, -15.80568864 ], [ -66.72766935, -15.80640556 ], [ -66.72782646, -15.80690426 ], [ -66.72834899, -15.80715793 ], [ -66.72923739, -15.80719041 ], [ -66.72989339, -15.80665385 ], [ -66.7299335, -15.80615175 ], [ -66.73019725, -15.80574132 ], [ -66.73076689, -15.80587478 ], [ -66.73107105, -15.8063232 ], [ -66.73149409, -15.80653082 ], [ -66.73240363, -15.80637191 ], [ -66.73298479, -15.80578888 ], [ -66.73327011, -15.80521094 ], [ -66.73459753, -15.80471056 ], [ -66.73520902, -15.8044374 ], [ -66.73599046, -15.80401804 ], [ -66.73656984, -15.80333953 ], [ -66.73741821, -15.802537 ], [ -66.73772422, -15.80174381 ], [ -66.73808479, -15.8012362 ], [ -66.73864785, -15.80101162 ], [ -66.73923599, -15.80081047 ], [ -66.73977176, -15.8004431 ], [ -66.74020496, -15.7998626 ], [ -66.7407667, -15.7995664 ], [ -66.74155249, -15.79938572 ], [ -66.74218905, -15.79913599 ], [ -66.74257557, -15.79869955 ], [ -66.74293218, -15.79797712 ], [ -66.74324255, -15.79742261 ], [ -66.74390288, -15.79712471 ], [ -66.7445654, -15.79694615 ], [ -66.74494161, -15.79728964 ], [ -66.74517797, -15.79807348 ], [ -66.74548368, -15.79860541 ], [ -66.74619416, -15.79902292 ], [ -66.74686306, -15.79919044 ], [ -66.74763893, -15.79914123 ], [ -66.74815595, -15.79909649 ], [ -66.74842337, -15.79955746 ], [ -66.7482497, -15.8001693 ], [ -66.74855344, -15.80059382 ], [ -66.74915234, -15.80097743 ], [ -66.7498252, -15.80135975 ], [ -66.75067833, -15.80148827 ], [ -66.75148722, -15.80122359 ], [ -66.75177578, -15.80082464 ], [ -66.75225451, -15.80070893 ], [ -66.75299341, -15.80066033 ], [ -66.75372569, -15.80025372 ], [ -66.75412452, -15.79981705 ], [ -66.75415225, -15.79931518 ], [ -66.75398981, -15.79853008 ], [ -66.75397924, -15.79795724 ], [ -66.75396669, -15.797277 ], [ -66.75429419, -15.79698482 ], [ -66.75510637, -15.79689914 ], [ -66.75584921, -15.79706536 ], [ -66.7567307, -15.79672778 ], [ -66.75697963, -15.79618627 ], [ -66.75745437, -15.79585573 ], [ -66.75808099, -15.79573744 ], [ -66.7582203, -15.79526945 ], [ -66.75846591, -15.79454892 ], [ -66.75868116, -15.79418706 ], [ -66.75922076, -15.79436394 ], [ -66.75966778, -15.79453527 ], [ -66.75996822, -15.79478076 ], [ -66.76022837, -15.79484788 ], [ -66.76060144, -15.79502049 ], [ -66.76089726, -15.79501536 ], [ -66.76115212, -15.79479607 ], [ -66.76117983, -15.7942942 ], [ -66.76116925, -15.79372136 ], [ -66.7612346, -15.79325465 ], [ -66.76133891, -15.79289471 ], [ -66.76155415, -15.79253284 ], [ -66.76195956, -15.79245419 ], [ -66.76251618, -15.79255199 ], [ -66.76314808, -15.7927201 ], [ -66.76352049, -15.7928569 ], [ -66.76393185, -15.79310047 ], [ -66.7644515, -15.7931989 ], [ -66.7649685, -15.79315412 ], [ -66.76518506, -15.79286385 ], [ -66.76521541, -15.79250519 ], [ -66.76521011, -15.79221878 ], [ -66.76520415, -15.79189656 ], [ -66.7657132, -15.79142216 ], [ -66.76618924, -15.7911632 ], [ -66.76644145, -15.7908007 ], [ -66.76688118, -15.79057819 ], [ -66.76728856, -15.79060693 ], [ -66.76773227, -15.79059923 ], [ -66.76798778, -15.79041573 ], [ -66.76805709, -15.79016384 ], [ -66.76812508, -15.78984034 ], [ -66.76837728, -15.78947783 ], [ -66.76870541, -15.78922144 ], [ -66.76929436, -15.78906796 ], [ -66.76976575, -15.78855839 ], [ -66.77031109, -15.78804754 ], [ -66.77070853, -15.78753925 ], [ -66.77099571, -15.78706869 ], [ -66.77131986, -15.78659749 ], [ -66.77119766, -15.78599079 ], [ -66.77111708, -15.78563405 ], [ -66.77136728, -15.78516414 ], [ -66.77188293, -15.78504774 ], [ -66.77229163, -15.78514808 ], [ -66.77284359, -15.78499524 ], [ -66.77357644, -15.78462438 ], [ -66.77401747, -15.78447347 ], [ -66.7743053, -15.78403871 ], [ -66.77462811, -15.7834959 ], [ -66.77491394, -15.78295373 ], [ -66.77523742, -15.78244673 ], [ -66.77589431, -15.78196974 ], [ -66.77659216, -15.78170692 ], [ -66.77721473, -15.78137378 ], [ -66.77780165, -15.78111288 ], [ -66.77837686, -15.78081876 ], [ -66.77892702, -15.78057044 ], [ -66.77960209, -15.78040947 ], [ -66.78008897, -15.78007272 ], [ -66.78048342, -15.77973757 ], [ -66.78078488, -15.77937419 ], [ -66.78096033, -15.77886379 ], [ -66.78116881, -15.77847219 ], [ -66.78172062, -15.77831336 ], [ -66.78218832, -15.77860366 ], [ -66.78219995, -15.77923019 ], [ -66.78233649, -15.77994407 ], [ -66.78259571, -15.78062597 ], [ -66.7829446, -15.78115709 ], [ -66.78338205, -15.78147775 ], [ -66.78403129, -15.78158582 ], [ -66.78461669, -15.78157563 ], [ -66.78525984, -15.78135551 ], [ -66.78596404, -15.78110449 ], [ -66.78623857, -15.78095048 ], [ -66.78676068, -15.78085185 ], [ -66.78733721, -15.7803643 ], [ -66.78785377, -15.77996732 ], [ -66.78812385, -15.77957464 ], [ -66.78829707, -15.7789449 ], [ -66.78856881, -15.77864172 ], [ -66.78915309, -15.77857185 ], [ -66.7895922, -15.778982 ], [ -66.78972765, -15.77963621 ], [ -66.78961551, -15.78023504 ], [ -66.78959247, -15.78065325 ], [ -66.78987587, -15.78097659 ], [ -66.79037106, -15.78108733 ], [ -66.79096312, -15.78143513 ], [ -66.79134006, -15.78181652 ], [ -66.79172145, -15.78243658 ], [ -66.79173089, -15.78294376 ], [ -66.7921381, -15.78329478 ], [ -66.79281649, -15.78331278 ], [ -66.79339745, -15.78306388 ], [ -66.79394648, -15.78275586 ], [ -66.79437116, -15.78239031 ], [ -66.79452021, -15.78211912 ], [ -66.79448273, -15.78176165 ], [ -66.7939881, -15.78168076 ], [ -66.79361615, -15.78156788 ], [ -66.79324198, -15.78133566 ], [ -66.7928073, -15.78116419 ], [ -66.7926785, -15.780868 ], [ -66.79263881, -15.78039119 ], [ -66.79306571, -15.78014499 ], [ -66.79349871, -15.78022696 ], [ -66.79371772, -15.7804022 ], [ -66.79426897, -15.78021351 ], [ -66.79466394, -15.77990817 ], [ -66.79518494, -15.77974985 ], [ -66.79568068, -15.77989041 ], [ -66.79605373, -15.78006295 ], [ -66.79643068, -15.78044434 ], [ -66.79644069, -15.78098135 ], [ -66.79620644, -15.781642 ], [ -66.79574773, -15.78266162 ], [ -66.79531073, -15.78302738 ], [ -66.79540602, -15.78417171 ], [ -66.79542337, -15.78510253 ], [ -66.83396996, -15.73955412 ], [ -66.83976679, -15.73380178 ], [ -66.85353095, -15.71634234 ], [ -66.87349496, -15.69398023 ], [ -66.88968316, -15.66254269 ], [ -66.90690914, -15.64022455 ], [ -66.90650285, -15.63829648 ], [ -66.90617999, -15.63686868 ], [ -66.90622821, -15.63550596 ], [ -66.90605596, -15.63421883 ], [ -66.90565241, -15.63243407 ], [ -66.90563482, -15.63150258 ], [ -66.90532011, -15.63050468 ], [ -66.90470774, -15.62941172 ], [ -66.90474711, -15.62888539 ], [ -66.90497825, -15.62806895 ], [ -66.90482135, -15.62759388 ], [ -66.90436779, -15.62707629 ], [ -66.90445105, -15.62626248 ], [ -66.90483368, -15.62563449 ], [ -66.90521721, -15.62505428 ], [ -66.90570293, -15.62466339 ], [ -66.90628904, -15.6243663 ], [ -66.9064234, -15.62364715 ], [ -66.90685802, -15.62316159 ], [ -66.90684449, -15.62244507 ], [ -66.90668759, -15.62197 ], [ -66.90667316, -15.62120571 ], [ -66.90622232, -15.62083142 ], [ -66.90568938, -15.62067959 ], [ -66.90525694, -15.62062752 ], [ -66.90497291, -15.62027417 ], [ -66.90481099, -15.61985893 ], [ -66.90449953, -15.61968525 ], [ -66.90415558, -15.61942255 ], [ -66.90402447, -15.61900676 ], [ -66.90374889, -15.61910124 ], [ -66.9035708, -15.61946278 ], [ -66.90326891, -15.61979665 ], [ -66.90286785, -15.61977388 ], [ -66.90267568, -15.61938903 ], [ -66.90242303, -15.61906499 ], [ -66.90195866, -15.61895375 ], [ -66.90152117, -15.61863297 ], [ -66.90123771, -15.61830947 ], [ -66.90122814, -15.61780192 ], [ -66.90121858, -15.61729438 ], [ -66.90102811, -15.61699909 ], [ -66.90068754, -15.61691552 ], [ -66.90022655, -15.61698341 ], [ -66.8999739, -15.61665936 ], [ -66.90002877, -15.6163 ], [ -66.90008195, -15.61585108 ], [ -66.89986124, -15.61558619 ], [ -66.89949042, -15.61553302 ], [ -66.89920641, -15.61517966 ], [ -66.89913636, -15.61473291 ], [ -66.89897446, -15.61431766 ], [ -66.8988736, -15.61387146 ], [ -66.89905282, -15.61356963 ], [ -66.89917065, -15.61328084 ], [ -66.8992552, -15.61286123 ], [ -66.89961702, -15.61243671 ], [ -66.89942487, -15.61205185 ], [ -66.89908206, -15.61184886 ], [ -66.89867707, -15.61161709 ], [ -66.89854485, -15.61114158 ], [ -66.89856442, -15.61054392 ], [ -66.8984955, -15.61015689 ], [ -66.89848539, -15.60961948 ], [ -66.89853711, -15.60909293 ], [ -66.89861998, -15.60858375 ], [ -66.89879301, -15.60795352 ], [ -66.89949144, -15.60740359 ], [ -66.8997877, -15.60677117 ], [ -66.89977589, -15.6061442 ], [ -66.89973497, -15.60560735 ], [ -66.89951034, -15.60513347 ], [ -66.89952878, -15.6044761 ], [ -66.89961333, -15.60405649 ], [ -66.89991409, -15.60366292 ], [ -66.90024508, -15.60323895 ], [ -66.90061362, -15.6031727 ], [ -66.90104096, -15.60295609 ], [ -66.90143918, -15.60282958 ], [ -66.90181334, -15.60306189 ], [ -66.90206878, -15.60353522 ], [ -66.90232141, -15.60385927 ], [ -66.90265941, -15.60364423 ], [ -66.90310181, -15.60259111 ], [ -66.90342604, -15.60180887 ], [ -66.90356207, -15.60085077 ], [ -66.90385775, -15.6001885 ], [ -66.90415624, -15.5996755 ], [ -66.9047096, -15.59960598 ], [ -66.9053565, -15.59959453 ], [ -66.90596922, -15.5994045 ], [ -66.90642341, -15.59897834 ], [ -66.9067202, -15.59837578 ], [ -66.90677168, -15.59783729 ], [ -66.90660865, -15.59736233 ], [ -66.90659853, -15.59682493 ], [ -66.90668194, -15.59634561 ], [ -66.90691768, -15.59577399 ], [ -66.90700053, -15.59526481 ], [ -66.9069596, -15.59472796 ], [ -66.90694857, -15.5941428 ], [ -66.90712383, -15.59363198 ], [ -66.90761162, -15.59335456 ], [ -66.90804288, -15.59334692 ], [ -66.90850437, -15.59330889 ], [ -66.90890087, -15.59309281 ], [ -66.9091383, -15.59261076 ], [ -66.90931524, -15.59218951 ], [ -66.90992737, -15.59196961 ], [ -66.91048239, -15.59198964 ], [ -66.91106653, -15.59191957 ], [ -66.91136274, -15.59128715 ], [ -66.91147412, -15.590658 ], [ -66.91146173, -15.59000119 ], [ -66.9114146, -15.58913593 ], [ -66.91135372, -15.58852178 ], [ -66.91159282, -15.5881293 ], [ -66.91208229, -15.58794144 ], [ -66.91237962, -15.58736873 ], [ -66.91221007, -15.58675322 ], [ -66.9118053, -15.58643913 ], [ -66.91128292, -15.58627575 ], [ -66.91120965, -15.58583484 ], [ -66.91159458, -15.58544092 ], [ -66.91234391, -15.58500788 ], [ -66.9129189, -15.58487465 ], [ -66.91344045, -15.58500853 ], [ -66.91420301, -15.58504749 ], [ -66.91470968, -15.58465036 ], [ -66.91492283, -15.58421372 ], [ -66.9150593, -15.5836492 ], [ -66.91525912, -15.58317158 ], [ -66.91573038, -15.58259825 ], [ -66.91614407, -15.58214452 ], [ -66.91649441, -15.58160389 ], [ -66.91678222, -15.58100586 ], [ -66.91709882, -15.58034803 ], [ -66.91736281, -15.57998681 ], [ -66.91781438, -15.57979778 ], [ -66.91820673, -15.57966935 ], [ -66.91872247, -15.57959672 ], [ -66.91926535, -15.57940528 ], [ -66.91967985, -15.57898105 ], [ -66.91966496, -15.57845004 ], [ -66.91950533, -15.57818855 ], [ -66.91910141, -15.57790397 ], [ -66.91887512, -15.57743758 ], [ -66.91882731, -15.57681887 ], [ -66.91921834, -15.57664325 ], [ -66.91979411, -15.57653951 ], [ -66.92033698, -15.57634807 ], [ -66.92088811, -15.57645163 ], [ -66.92144008, -15.57658469 ], [ -66.92192124, -15.57636535 ], [ -66.92227156, -15.57582472 ], [ -66.92262932, -15.57554959 ], [ -66.92307756, -15.57524255 ], [ -66.92321566, -15.57473704 ], [ -66.92310532, -15.57406094 ], [ -66.92309373, -15.57364793 ], [ -66.92280409, -15.57309465 ], [ -66.92236808, -15.57275188 ], [ -66.92199708, -15.572555 ], [ -66.92171572, -15.57229672 ], [ -66.92185045, -15.57190707 ], [ -66.92203037, -15.57138667 ], [ -66.92243346, -15.57071333 ], [ -66.92265416, -15.570038 ], [ -66.92305689, -15.56939413 ], [ -66.92348933, -15.56880952 ], [ -66.92407134, -15.56843283 ], [ -66.92472664, -15.56802747 ], [ -66.92539604, -15.56797589 ], [ -66.92633901, -15.5679273 ], [ -66.92682037, -15.56791703 ], [ -66.92725124, -15.56790784 ], [ -66.92777072, -15.5676778 ], [ -66.92829055, -15.56741829 ], [ -66.92887048, -15.56721837 ], [ -66.92926528, -15.56725217 ], [ -66.92962694, -15.56752134 ], [ -66.92971469, -15.56781698 ], [ -66.92983215, -15.56817188 ], [ -66.93028534, -15.56841259 ], [ -66.93086321, -15.56838945 ], [ -66.93123106, -15.56812827 ], [ -66.93148075, -15.56757112 ], [ -66.93172941, -15.56710236 ], [ -66.93194802, -15.5666038 ], [ -66.93210755, -15.56595726 ], [ -66.93244533, -15.56566628 ], [ -66.93281008, -15.56567027 ], [ -66.93326464, -15.56579312 ], [ -66.93381039, -15.56591696 ], [ -66.93429637, -15.56595175 ], [ -66.93460444, -15.5656015 ], [ -66.93459017, -15.56510434 ], [ -66.93466321, -15.56428289 ], [ -66.93471816, -15.56367265 ], [ -66.93477445, -15.5631092 ], [ -66.93493768, -15.56181061 ], [ -66.93450738, -15.56093982 ], [ -66.9345911, -15.56068051 ], [ -66.93514155, -15.56010156 ], [ -66.9360364, -15.55950308 ], [ -66.9365895, -15.55906349 ], [ -66.93647053, -15.55880812 ], [ -66.9358779, -15.55872324 ], [ -66.93547448, -15.55822915 ], [ -66.9354241, -15.55775101 ], [ -66.93530815, -15.55725337 ], [ -66.93467274, -15.55621438 ], [ -66.93385684, -15.55474891 ], [ -66.93327082, -15.55392659 ], [ -66.93293752, -15.55376541 ], [ -66.93216127, -15.55373952 ], [ -66.93173803, -15.55370674 ], [ -66.93135435, -15.55376226 ], [ -66.93110261, -15.5537211 ], [ -66.93110601, -15.5533301 ], [ -66.93122101, -15.55286182 ], [ -66.93141701, -15.5523551 ], [ -66.93175698, -15.55152695 ], [ -66.93221455, -15.55109079 ], [ -66.93269338, -15.55052772 ], [ -66.93305105, -15.54998322 ], [ -66.93337804, -15.54948733 ], [ -66.93376357, -15.54921676 ], [ -66.93421943, -15.5489761 ], [ -66.93474477, -15.54886307 ], [ -66.93529968, -15.5488285 ], [ -66.9358751, -15.54875498 ], [ -66.93646042, -15.5487011 ], [ -66.93677342, -15.54865477 ], [ -66.93694551, -15.54857797 ], [ -66.93696797, -15.54831421 ], [ -66.93695212, -15.54781553 ], [ -66.93688476, -15.54744351 ], [ -66.93664582, -15.54708964 ], [ -66.93645788, -15.54666777 ], [ -66.93643128, -15.5462472 ], [ -66.93668631, -15.54590713 ], [ -66.93711412, -15.54541207 ], [ -66.93774519, -15.54473291 ], [ -66.93822399, -15.54416983 ], [ -66.9385008, -15.5436442 ], [ -66.93862704, -15.54303914 ], [ -66.93876251, -15.54253192 ], [ -66.93904635, -15.54235827 ], [ -66.93948076, -15.54226404 ], [ -66.93987526, -15.54212062 ], [ -66.94015859, -15.54200561 ], [ -66.94049267, -15.54185192 ], [ -66.94082819, -15.54153205 ], [ -66.94105297, -15.54119173 ], [ -66.94122767, -15.5408119 ], [ -66.9411903, -15.54046945 ], [ -66.94102252, -15.54004774 ], [ -66.94072376, -15.53961519 ], [ -66.94069588, -15.53934125 ], [ -66.94098963, -15.53918722 ], [ -66.9413437, -15.53905324 ], [ -66.94159669, -15.53894777 ], [ -66.94188129, -15.53868613 ], [ -66.94209623, -15.53831641 ], [ -66.94237445, -15.5376246 ], [ -66.94255438, -15.53663872 ], [ -66.94279336, -15.53581951 ], [ -66.94313056, -15.53530414 ], [ -66.94363721, -15.53501498 ], [ -66.94405152, -15.53491081 ], [ -66.94452598, -15.53484623 ], [ -66.94492004, -15.53475166 ], [ -66.94548601, -15.53459984 ], [ -66.94597165, -15.53440826 ], [ -66.94618439, -15.53429267 ], [ -66.94631917, -15.53386364 ], [ -66.94659082, -15.53276119 ], [ -66.9468297, -15.53195175 ], [ -66.94707521, -15.53154316 ], [ -66.94734954, -15.53130099 ], [ -66.94770964, -15.53163627 ], [ -66.94798938, -15.53187127 ], [ -66.94809529, -15.53216243 ], [ -66.94831403, -15.53253958 ], [ -66.9485792, -15.53292211 ], [ -66.94901863, -15.53285058 ], [ -66.94929838, -15.53273773 ], [ -66.9495955, -15.53240479 ], [ -66.94982651, -15.53195619 ], [ -66.94992498, -15.53131133 ], [ -66.94993203, -15.53049054 ], [ -66.94991379, -15.53021011 ], [ -66.94990006, -15.53000479 ], [ -66.94986509, -15.52986937 ], [ -66.94956272, -15.52901105 ], [ -66.94942841, -15.52841936 ], [ -66.94932044, -15.52776782 ], [ -66.94944063, -15.52699801 ], [ -66.94955066, -15.52620809 ], [ -66.94967317, -15.52576862 ], [ -66.95003141, -15.52553127 ], [ -66.95044768, -15.52514924 ], [ -66.95083741, -15.52485207 ], [ -66.95133356, -15.52478601 ], [ -66.95166161, -15.52505893 ], [ -66.95190204, -15.52531613 ], [ -66.95218982, -15.5254686 ], [ -66.95245296, -15.52548574 ], [ -66.95272697, -15.5254379 ], [ -66.95303875, -15.52520016 ], [ -66.95330609, -15.52472683 ], [ -66.95366174, -15.52418914 ], [ -66.95411405, -15.5238174 ], [ -66.95450176, -15.52375546 ], [ -66.95479487, -15.52388795 ], [ -66.95521403, -15.5243446 ], [ -66.95540651, -15.52480381 ], [ -66.95560036, -15.52507564 ], [ -66.95573294, -15.52526691 ], [ -66.95594326, -15.52542376 ], [ -66.95618527, -15.52549578 ], [ -66.95639197, -15.52547241 ], [ -66.95654304, -15.52531346 ], [ -66.95676839, -15.52491987 ], [ -66.95684894, -15.52455514 ], [ -66.95697784, -15.52397058 ], [ -66.95691416, -15.52356965 ], [ -66.95638748, -15.52297982 ], [ -66.95587805, -15.52218491 ], [ -66.95607566, -15.52201632 ], [ -66.95645274, -15.52198933 ], [ -66.95683498, -15.52196237 ], [ -66.95711411, -15.52191957 ], [ -66.95741599, -15.52163169 ], [ -66.95772576, -15.52102356 ], [ -66.95812269, -15.52048619 ], [ -66.95849256, -15.52009375 ], [ -66.95883014, -15.51985622 ], [ -66.95896559, -15.51971215 ], [ -66.9590806, -15.5195429 ], [ -66.95912902, -15.51931305 ], [ -66.95913991, -15.51909797 ], [ -66.95880354, -15.51873985 ], [ -66.95845923, -15.51855691 ], [ -66.95838914, -15.51830108 ], [ -66.9583906, -15.51813092 ], [ -66.95861435, -15.5179225 ], [ -66.95875006, -15.51774841 ], [ -66.95896362, -15.51752489 ], [ -66.95902202, -15.51733516 ], [ -66.95898333, -15.51702954 ], [ -66.95892843, -15.51680887 ], [ -66.95885447, -15.51640286 ], [ -66.9590403, -15.51579873 ], [ -66.95934878, -15.51534073 ], [ -66.95971813, -15.51500835 ], [ -66.96004575, -15.51472568 ], [ -66.9605017, -15.51452914 ], [ -66.96079255, -15.51432125 ], [ -66.96081516, -15.51409119 ], [ -66.96086499, -15.51369619 ], [ -66.96089387, -15.51333605 ], [ -66.96112346, -15.51304759 ], [ -66.96159719, -15.5125809 ], [ -66.96207109, -15.51209419 ], [ -66.96242541, -15.51170663 ], [ -66.96267684, -15.5112782 ], [ -66.96276646, -15.51105869 ], [ -66.96276479, -15.51064825 ], [ -66.96270123, -15.51023231 ], [ -66.96251856, -15.50986047 ], [ -66.96222601, -15.50966292 ], [ -66.9618824, -15.5093999 ], [ -66.96189153, -15.5089345 ], [ -66.96191298, -15.50823395 ], [ -66.96207474, -15.50742441 ], [ -66.96211935, -15.50703436 ], [ -66.96231259, -15.50677063 ], [ -66.96267458, -15.50669345 ], [ -66.9630504, -15.50681158 ], [ -66.96337442, -15.50706887 ], [ -66.96364087, -15.50718168 ], [ -66.96413993, -15.50737587 ], [ -66.96470863, -15.50772289 ], [ -66.9652081, -15.50802507 ], [ -66.96543304, -15.50828213 ], [ -66.96566472, -15.50835406 ], [ -66.96579431, -15.50829002 ], [ -66.96598085, -15.50820643 ], [ -66.96624034, -15.50804333 ], [ -66.96643353, -15.5077846 ], [ -66.96650851, -15.50746487 ], [ -66.96661634, -15.50692518 ], [ -66.96673631, -15.50617035 ], [ -66.96696187, -15.50574671 ], [ -66.96726802, -15.50555896 ], [ -66.96752166, -15.5054759 ], [ -66.96779057, -15.50541798 ], [ -66.96809048, -15.50535771 ], [ -66.96835505, -15.50532459 ], [ -66.96898692, -15.50522071 ], [ -66.96929899, -15.50504061 ], [ -66.96945445, -15.50462862 ], [ -66.96958982, -15.50424851 ], [ -66.96984248, -15.50406153 ], [ -66.97005858, -15.50389988 ], [ -66.9702586, -15.50370025 ], [ -66.97062316, -15.50309041 ], [ -66.97087, -15.50279733 ], [ -66.97139008, -15.50242732 ], [ -66.97181026, -15.50206187 ], [ -66.97232693, -15.50174636 ], [ -66.97265764, -15.50149902 ], [ -66.97293434, -15.50116112 ], [ -66.97325172, -15.50079769 ], [ -66.97356616, -15.50048056 ], [ -66.97383323, -15.500286 ], [ -66.97417057, -15.49975187 ], [ -66.97463229, -15.49945641 ], [ -66.97489893, -15.49941345 ], [ -66.97527321, -15.49949428 ], [ -66.9756744, -15.49987855 ], [ -66.97588289, -15.50013588 ], [ -66.97625373, -15.50062236 ], [ -66.97712024, -15.50148568 ], [ -66.97747138, -15.50181218 ], [ -66.97793785, -15.50195112 ], [ -66.97814459, -15.50191588 ], [ -66.97832685, -15.50178619 ], [ -66.97847178, -15.50158655 ], [ -66.978513, -15.50119349 ], [ -66.97842211, -15.50098172 ], [ -66.9782285, -15.50045977 ], [ -66.97819131, -15.49987349 ], [ -66.97819598, -15.49931949 ], [ -66.97821709, -15.49881562 ], [ -66.97830663, -15.49818937 ], [ -66.97851789, -15.49761737 ], [ -66.97883926, -15.49747649 ], [ -66.97935203, -15.49737316 ], [ -66.9797274, -15.49732287 ], [ -66.98012007, -15.49721944 ], [ -66.98068492, -15.49718293 ], [ -66.98165335, -15.49724797 ], [ -66.98307623, -15.49738222 ], [ -66.9833208, -15.49735549 ], [ -66.98390678, -15.49731098 ], [ -66.9843823, -15.49737617 ], [ -66.98494275, -15.49736012 ], [ -66.98536485, -15.49726517 ], [ -66.98563804, -15.49684141 ], [ -66.98600213, -15.49612761 ], [ -66.98621663, -15.49565857 ], [ -66.98646281, -15.49523571 ], [ -66.98642422, -15.49501514 ], [ -66.98622383, -15.49480115 ], [ -66.98573202, -15.49461633 ], [ -66.98524023, -15.49443152 ], [ -66.98412725, -15.49406086 ], [ -66.98385618, -15.49359458 ], [ -66.98394135, -15.49308391 ], [ -66.98428365, -15.49277195 ], [ -66.98473818, -15.49257887 ], [ -66.98535563, -15.49205502 ], [ -66.98580682, -15.4912955 ], [ -66.98636176, -15.49070201 ], [ -66.98679242, -15.49046154 ], [ -66.98707632, -15.49036151 ], [ -66.98731196, -15.49022963 ], [ -66.9877509, -15.48996563 ], [ -66.98812032, -15.48970107 ], [ -66.98835577, -15.48959279 ], [ -66.98880035, -15.48961989 ], [ -66.98911416, -15.48981117 ], [ -66.98941883, -15.49012824 ], [ -66.98997328, -15.49055741 ], [ -66.99044937, -15.49068702 ], [ -66.99075693, -15.49065797 ], [ -66.99109758, -15.49054266 ], [ -66.99141343, -15.49049007 ], [ -66.99177787, -15.49043 ], [ -66.99208637, -15.49029083 ], [ -66.99237211, -15.48997053 ], [ -66.99247915, -15.48974325 ], [ -66.99262668, -15.4895084 ], [ -66.99287929, -15.48928225 ], [ -66.99343877, -15.48872533 ], [ -66.99357868, -15.48843554 ], [ -66.99351667, -15.48811271 ], [ -66.99333474, -15.48762384 ], [ -66.99323349, -15.48715919 ], [ -66.99317938, -15.48686001 ], [ -66.9932225, -15.48653801 ], [ -66.99331363, -15.48627928 ], [ -66.99360632, -15.48618627 ], [ -66.99397929, -15.48623571 ], [ -66.9942148, -15.4862055 ], [ -66.99468578, -15.48615294 ], [ -66.99505904, -15.48615505 ], [ -66.99556992, -15.48621316 ], [ -66.99599244, -15.48612088 ], [ -66.99638183, -15.48613886 ], [ -66.99665664, -15.48632185 ], [ -66.99722018, -15.48649293 ], [ -66.99797763, -15.48686109 ], [ -66.99849297, -15.48721183 ], [ -66.9988268, -15.48754014 ], [ -66.99920085, -15.48758506 ], [ -66.9994541, -15.48758113 ], [ -66.99968049, -15.48746467 ], [ -67.00011612, -15.4873387 ], [ -67.00066182, -15.48721869 ], [ -67.00098762, -15.48704929 ], [ -67.00115944, -15.48685225 ], [ -67.00123814, -15.48657978 ], [ -67.00150972, -15.48627093 ], [ -67.00175097, -15.48615132 ], [ -67.00222839, -15.4858744 ], [ -67.00248782, -15.48558662 ], [ -67.00277807, -15.48511582 ], [ -67.00282999, -15.48472082 ], [ -67.00275386, -15.48419012 ], [ -67.0027175, -15.48364036 ], [ -67.00280169, -15.48282131 ], [ -67.00293463, -15.48213556 ], [ -67.00300562, -15.481866 ], [ -67.00306911, -15.48119146 ], [ -67.00296234, -15.48081484 ], [ -67.00269652, -15.48051446 ], [ -67.00219284, -15.48021276 ], [ -67.00167981, -15.47981458 ], [ -67.00153294, -15.47951488 ], [ -67.00148505, -15.479235 ], [ -67.00148632, -15.47902291 ], [ -67.00159719, -15.478715 ], [ -67.00199748, -15.47807128 ], [ -67.00210996, -15.47749343 ], [ -67.00227598, -15.47692277 ], [ -67.00248578, -15.47664451 ], [ -67.00271431, -15.47654944 ], [ -67.00294238, -15.47653145 ], [ -67.00357576, -15.47668918 ], [ -67.00446597, -15.47699286 ], [ -67.0051005, -15.47695788 ], [ -67.00565702, -15.47671047 ], [ -67.0063533, -15.4762904 ], [ -67.00683917, -15.47625459 ], [ -67.00723435, -15.47646878 ], [ -67.00778885, -15.4765586 ], [ -67.0079877, -15.47645371 ], [ -67.00811757, -15.476281 ], [ -67.00853704, -15.47574376 ], [ -67.00884531, -15.47557204 ], [ -67.00931216, -15.47540121 ], [ -67.00958175, -15.47506547 ], [ -67.01005614, -15.47477244 ], [ -67.01154843, -15.47367496 ], [ -67.01253906, -15.47285916 ], [ -67.01286821, -15.47247388 ], [ -67.0132052, -15.47211809 ], [ -67.01349882, -15.47191796 ], [ -67.01381494, -15.47190137 ], [ -67.01402196, -15.47198965 ], [ -67.01424244, -15.47219264 ], [ -67.01452338, -15.4725427 ], [ -67.0148009, -15.47267264 ], [ -67.01515426, -15.4727388 ], [ -67.01546547, -15.47277785 ], [ -67.0158863, -15.47278019 ], [ -67.01613083, -15.47263072 ], [ -67.01652014, -15.47234201 ], [ -67.01713209, -15.4718606 ], [ -67.0175552, -15.4714751 ], [ -67.01802254, -15.47110063 ], [ -67.0184018, -15.47063948 ], [ -67.01844819, -15.47028422 ], [ -67.01841693, -15.46995007 ], [ -67.01833043, -15.46959407 ], [ -67.01830634, -15.46936547 ], [ -67.0184636, -15.46898951 ], [ -67.01864186, -15.46880746 ], [ -67.01899655, -15.4687556 ], [ -67.01950635, -15.46869381 ], [ -67.02006043, -15.46863228 ], [ -67.02040423, -15.46854804 ], [ -67.02071583, -15.46829137 ], [ -67.0208505, -15.46799065 ], [ -67.02086327, -15.46770002 ], [ -67.02080967, -15.46739825 ], [ -67.02084473, -15.46708621 ], [ -67.02093491, -15.46681754 ], [ -67.02141394, -15.46633568 ], [ -67.02178077, -15.46610084 ], [ -67.02273283, -15.46615993 ], [ -67.02328773, -15.46658775 ], [ -67.02360559, -15.46701994 ], [ -67.02428876, -15.46760256 ], [ -67.02485278, -15.4676873 ], [ -67.02505889, -15.46766618 ], [ -67.02537976, -15.46758631 ], [ -67.02551824, -15.4673867 ], [ -67.0256569, -15.4671574 ], [ -67.02571412, -15.46650465 ], [ -67.02564113, -15.46594023 ], [ -67.02559758, -15.46556151 ], [ -67.02561562, -15.46508665 ], [ -67.02568167, -15.46422615 ], [ -67.02595074, -15.46387142 ], [ -67.02626069, -15.46383895 ], [ -67.02657306, -15.46390746 ], [ -67.02689102, -15.46432479 ], [ -67.02725484, -15.46472754 ], [ -67.02761255, -15.46487051 ], [ -67.02803223, -15.46485055 ], [ -67.02835314, -15.46476326 ], [ -67.02843766, -15.46465983 ], [ -67.02853744, -15.46455647 ], [ -67.02862243, -15.46437142 ], [ -67.02860058, -15.46419319 ], [ -67.02848044, -15.46386599 ], [ -67.02827648, -15.46352047 ], [ -67.02807221, -15.46322993 ], [ -67.02736741, -15.46243199 ], [ -67.02728572, -15.46205306 ], [ -67.02740912, -15.46182367 ], [ -67.02759939, -15.46163919 ], [ -67.02809557, -15.46158254 ], [ -67.02884218, -15.46174991 ], [ -67.02922182, -15.46205626 ], [ -67.02972248, -15.46254139 ], [ -67.03014116, -15.4626921 ], [ -67.03058421, -15.46259064 ], [ -67.03076073, -15.46240607 ], [ -67.03083747, -15.46220093 ], [ -67.03093112, -15.46183803 ], [ -67.03128495, -15.46133563 ], [ -67.03134818, -15.46095772 ], [ -67.0313906, -15.4602237 ], [ -67.03165323, -15.45966147 ], [ -67.0322597, -15.4590047 ], [ -67.03304651, -15.45881617 ], [ -67.03380323, -15.45879601 ], [ -67.03422989, -15.4588368 ], [ -67.03532814, -15.45894277 ], [ -67.03638658, -15.45909467 ], [ -67.03663973, -15.45906529 ], [ -67.0368772, -15.45901275 ], [ -67.03715562, -15.45871432 ], [ -67.0372691, -15.45823042 ], [ -67.03720733, -15.45797629 ], [ -67.03700282, -15.45779828 ], [ -67.0364729, -15.45784154 ], [ -67.03612552, -15.45776274 ], [ -67.03590493, -15.45763079 ], [ -67.03583481, -15.45745352 ], [ -67.03577196, -15.45725083 ], [ -67.03575146, -15.45669698 ], [ -67.03592818, -15.45621342 ], [ -67.03633499, -15.45558499 ], [ -67.03659698, -15.45539414 ], [ -67.03715904, -15.45525877 ], [ -67.03800475, -15.45528645 ], [ -67.03873161, -15.45535962 ], [ -67.03960157, -15.45529513 ], [ -67.04006172, -15.45501308 ], [ -67.04062151, -15.45472841 ], [ -67.04099434, -15.4545074 ], [ -67.04165086, -15.45444174 ], [ -67.04225098, -15.45456036 ], [ -67.04293015, -15.45467941 ], [ -67.04323903, -15.4545811 ], [ -67.04369872, -15.45437594 ], [ -67.04393088, -15.4538696 ], [ -67.04391636, -15.45364649 ], [ -67.04379942, -15.45336129 ], [ -67.04342201, -15.45300546 ], [ -67.04286231, -15.45273325 ], [ -67.0417239, -15.45274246 ], [ -67.04062444, -15.45285186 ], [ -67.04032436, -15.45279639 ], [ -67.03993093, -15.45247894 ], [ -67.03979806, -15.45221673 ], [ -67.03972692, -15.45194402 ], [ -67.03965209, -15.45121298 ], [ -67.03968736, -15.45058252 ], [ -67.03986379, -15.4501451 ], [ -67.04004689, -15.44992306 ], [ -67.0404031, -15.44984039 ], [ -67.0406954, -15.44987274 ], [ -67.04116912, -15.44997529 ], [ -67.04192662, -15.45021782 ], [ -67.04259019, -15.45029833 ], [ -67.0431442, -15.45018596 ], [ -67.04346128, -15.45003386 ], [ -67.04354433, -15.44989816 ], [ -67.04365655, -15.44962958 ], [ -67.04378471, -15.44933802 ], [ -67.04411892, -15.44895529 ], [ -67.04486888, -15.44775957 ], [ -67.04535523, -15.44703925 ], [ -67.04578403, -15.44670318 ], [ -67.0461175, -15.44645118 ], [ -67.04669489, -15.44639277 ], [ -67.04701042, -15.44650984 ], [ -67.0471903, -15.44684921 ], [ -67.04701422, -15.4472251 ], [ -67.04681431, -15.44762395 ], [ -67.04682023, -15.44797008 ], [ -67.04695965, -15.44847074 ], [ -67.04733568, -15.44906496 ], [ -67.04788603, -15.44959091 ], [ -67.04854042, -15.44989439 ], [ -67.0496681, -15.45037729 ], [ -67.05032267, -15.45065 ], [ -67.05046691, -15.45062405 ], [ -67.05050439, -15.45051982 ], [ -67.0505661, -15.45015185 ], [ -67.0506008, -15.44954463 ], [ -67.05067065, -15.44923992 ], [ -67.0507786, -15.44891285 ], [ -67.05084993, -15.44872144 ], [ -67.05089605, -15.44847423 ], [ -67.05095525, -15.44817141 ], [ -67.05100249, -15.44772623 ], [ -67.05104469, -15.44704594 ], [ -67.05108086, -15.44630375 ], [ -67.05111947, -15.44592482 ], [ -67.0511532, -15.4456095 ], [ -67.05123748, -15.44538723 ], [ -67.05141707, -15.44524591 ], [ -67.05175669, -15.44503739 ], [ -67.05235156, -15.44485499 ], [ -67.05264576, -15.44476996 ], [ -67.05282469, -15.44474617 ], [ -67.05308012, -15.44474135 ], [ -67.05333524, -15.44479222 ], [ -67.05350711, -15.44488594 ], [ -67.05370406, -15.44506022 ], [ -67.05377966, -15.44524004 ], [ -67.05381035, -15.44545673 ], [ -67.05381957, -15.44563536 ], [ -67.05383777, -15.44580249 ], [ -67.0538692, -15.44588927 ], [ -67.05392606, -15.44599475 ], [ -67.05402759, -15.44610666 ], [ -67.05416736, -15.44623113 ], [ -67.0542757, -15.44626884 ], [ -67.05446058, -15.44631932 ], [ -67.05475402, -15.44637039 ], [ -67.05502202, -15.44640276 ], [ -67.05536685, -15.44639842 ], [ -67.05571203, -15.44633221 ], [ -67.05621131, -15.44611836 ], [ -67.05667297, -15.44578056 ], [ -67.05695504, -15.44558411 ], [ -67.05712772, -15.44553554 ], [ -67.05719817, -15.4454988 ], [ -67.05733875, -15.44548099 ], [ -67.05746648, -15.44547549 ], [ -67.05777953, -15.44544623 ], [ -67.05808616, -15.44542312 ], [ -67.05834833, -15.44535647 ], [ -67.05869997, -15.44527792 ], [ -67.05899411, -15.44520526 ], [ -67.05924341, -15.44515709 ], [ -67.05989061, -15.44509391 ], [ -67.06027456, -15.44494747 ], [ -67.06092106, -15.44466635 ], [ -67.06191425, -15.44405297 ], [ -67.06260696, -15.44350606 ], [ -67.06319056, -15.44305754 ], [ -67.06348602, -15.44274979 ], [ -67.06377565, -15.44234301 ], [ -67.06383256, -15.44215461 ], [ -67.06384679, -15.44189485 ], [ -67.06379102, -15.44169698 ], [ -67.06361306, -15.44165249 ], [ -67.06328138, -15.44171793 ], [ -67.06277696, -15.441887 ], [ -67.06228536, -15.44204382 ], [ -67.06191544, -15.44211514 ], [ -67.06164146, -15.44213164 ], [ -67.06127186, -15.44215978 ], [ -67.06074978, -15.4421436 ], [ -67.06007744, -15.44210872 ], [ -67.05956182, -15.44208025 ], [ -67.05918012, -15.44202808 ], [ -67.05897687, -15.44195871 ], [ -67.05887609, -15.44181605 ], [ -67.0588388, -15.44169854 ], [ -67.05881488, -15.44150091 ], [ -67.05881695, -15.4412356 ], [ -67.05894658, -15.44094654 ], [ -67.05966395, -15.44042117 ], [ -67.06034161, -15.44008679 ], [ -67.06122209, -15.43987729 ], [ -67.06181576, -15.43969654 ], [ -67.06216692, -15.43958188 ], [ -67.06263255, -15.43948657 ], [ -67.06298917, -15.43948918 ], [ -67.06359351, -15.43957383 ], [ -67.06422508, -15.43976553 ], [ -67.06478374, -15.43999176 ], [ -67.06514605, -15.4400808 ], [ -67.0655413, -15.44002817 ], [ -67.06588695, -15.43980239 ], [ -67.06599067, -15.43956868 ], [ -67.06596736, -15.43929084 ], [ -67.06576699, -15.43885127 ], [ -67.06545205, -15.4384047 ], [ -67.06535816, -15.43819422 ], [ -67.06531484, -15.43803346 ], [ -67.06530287, -15.43793465 ], [ -67.06530397, -15.43779274 ], [ -67.06534994, -15.43761414 ], [ -67.06543436, -15.43740496 ], [ -67.06558705, -15.43726238 ], [ -67.06587418, -15.43719043 ], [ -67.06626909, -15.43718098 ], [ -67.06672787, -15.43714732 ], [ -67.06698307, -15.43708749 ], [ -67.06718766, -15.43698409 ], [ -67.06736764, -15.43676944 ], [ -67.06760681, -15.43631457 ], [ -67.06778809, -15.43593333 ], [ -67.0679357, -15.43578633 ], [ -67.06813441, -15.43562118 ], [ -67.06832664, -15.43546832 ], [ -67.06867865, -15.43524259 ], [ -67.0691145, -15.43488173 ], [ -67.0695636, -15.43445308 ], [ -67.06979395, -15.43403928 ], [ -67.06996914, -15.43362098 ], [ -67.07009971, -15.43320851 ], [ -67.07010847, -15.43290006 ], [ -67.07004619, -15.43272066 ], [ -67.06995124, -15.43264592 ], [ -67.06979247, -15.43258923 ], [ -67.06949974, -15.4325624 ], [ -67.06919456, -15.43249847 ], [ -67.06857852, -15.43228417 ], [ -67.06778551, -15.43189581 ], [ -67.06738013, -15.43161518 ], [ -67.06719049, -15.43143485 ], [ -67.06711494, -15.43132323 ], [ -67.06707122, -15.43121185 ], [ -67.0670662, -15.43103904 ], [ -67.06714386, -15.43087917 ], [ -67.0672851, -15.43073212 ], [ -67.06743884, -15.430616 ], [ -67.06837261, -15.42997414 ], [ -67.06894299, -15.42950936 ], [ -67.06940521, -15.42903145 ], [ -67.06977855, -15.42851585 ], [ -67.07018997, -15.42801906 ], [ -67.07043357, -15.42781104 ], [ -67.07083023, -15.42757329 ], [ -67.07134113, -15.42738573 ], [ -67.07188386, -15.42719841 ], [ -67.0723882, -15.42703548 ], [ -67.07269419, -15.42699452 ], [ -67.07329936, -15.42696808 ], [ -67.07410161, -15.42695074 ], [ -67.07498045, -15.42694479 ], [ -67.07588329, -15.42713031 ], [ -67.07625175, -15.42724406 ], [ -67.07662022, -15.42735781 ], [ -67.07675988, -15.42741435 ], [ -67.07688671, -15.42748315 ], [ -67.0770709, -15.4275462 ], [ -67.07722928, -15.42765224 ], [ -67.07734951, -15.42775184 ], [ -67.07750162, -15.4278455 ], [ -67.07778151, -15.42788456 ], [ -67.07809324, -15.42792384 ], [ -67.07903586, -15.42790601 ], [ -67.07980693, -15.42783757 ], [ -67.08028471, -15.4277856 ], [ -67.08062269, -15.42772635 ], [ -67.08085264, -15.42763546 ], [ -67.08099391, -15.42748223 ], [ -67.08114214, -15.42725499 ], [ -67.0812204, -15.42701491 ], [ -67.08127315, -15.42678082 ], [ -67.08128769, -15.42654644 ], [ -67.08125766, -15.42631175 ], [ -67.08104952, -15.42605108 ], [ -67.08072681, -15.42578341 ], [ -67.0806264, -15.4255914 ], [ -67.0805845, -15.42524555 ], [ -67.08049787, -15.42462084 ], [ -67.080437, -15.42425634 ], [ -67.08045092, -15.42410218 ], [ -67.08056078, -15.42389318 ], [ -67.08086116, -15.42375344 ], [ -67.08120549, -15.42369423 ], [ -67.08167065, -15.42365441 ], [ -67.08204002, -15.42365091 ], [ -67.08229502, -15.42361574 ], [ -67.08272944, -15.42343377 ], [ -67.0832223, -15.42310413 ], [ -67.08349706, -15.42298272 ], [ -67.08405884, -15.42280167 ], [ -67.08437565, -15.42256632 ], [ -67.08479881, -15.42219298 ], [ -67.08530084, -15.42149935 ], [ -67.08557311, -15.42087193 ], [ -67.08584595, -15.42017047 ], [ -67.08624656, -15.4194144 ], [ -67.08661495, -15.41870745 ], [ -67.08666701, -15.41842832 ], [ -67.08663962, -15.4178481 ], [ -67.08646765, -15.41619317 ], [ -67.08636184, -15.4150447 ], [ -67.08631984, -15.41471489 ], [ -67.08624504, -15.41450456 ], [ -67.08609959, -15.41437392 ], [ -67.08582023, -15.41426701 ], [ -67.08513308, -15.41419417 ], [ -67.08470699, -15.41412322 ], [ -67.08455498, -15.41401722 ], [ -67.08451135, -15.4138935 ], [ -67.08450014, -15.41369596 ], [ -67.08452651, -15.41357891 ], [ -67.08484111, -15.41324181 ], [ -67.08578227, -15.41257603 ], [ -67.0862568, -15.41214135 ], [ -67.08682053, -15.41161105 ], [ -67.08704471, -15.41143989 ], [ -67.0872296, -15.41141037 ], [ -67.08747773, -15.41143684 ], [ -67.08771666, -15.41183348 ], [ -67.08806431, -15.41216919 ], [ -67.08831825, -15.41226975 ], [ -67.08852842, -15.4122651 ], [ -67.08875769, -15.41226058 ], [ -67.08942791, -15.41204945 ], [ -67.09025085, -15.41185175 ], [ -67.09167575, -15.41148937 ], [ -67.09229847, -15.41124395 ], [ -67.09261471, -15.41110739 ], [ -67.09271072, -15.41104329 ], [ -67.09284507, -15.41096095 ], [ -67.09299873, -15.41085098 ], [ -67.09305681, -15.41074959 ], [ -67.0931057, -15.41060185 ], [ -67.09311688, -15.41038905 ], [ -67.09312784, -15.41020402 ], [ -67.09310081, -15.40999093 ], [ -67.0929688, -15.40976785 ], [ -67.09249394, -15.40941272 ], [ -67.09113355, -15.40869949 ], [ -67.09068419, -15.40838592 ], [ -67.09046643, -15.40813445 ], [ -67.09040149, -15.40788408 ], [ -67.09040297, -15.40768972 ], [ -67.09045214, -15.40750496 ], [ -67.09065483, -15.40722874 ], [ -67.09092381, -15.40702706 ], [ -67.09134574, -15.40680795 ], [ -67.09203495, -15.40660928 ], [ -67.09287619, -15.40651352 ], [ -67.09334424, -15.40650762 ], [ -67.09406012, -15.4065683 ], [ -67.09485142, -15.4067591 ], [ -67.09573717, -15.40708941 ], [ -67.09616526, -15.40731461 ], [ -67.09649729, -15.40761318 ], [ -67.09674342, -15.40790187 ], [ -67.09680865, -15.40811523 ], [ -67.09683625, -15.40825426 ], [ -67.09685408, -15.40842099 ], [ -67.09687998, -15.40878215 ], [ -67.09681999, -15.40913344 ], [ -67.09667257, -15.40967847 ], [ -67.09660367, -15.4099464 ], [ -67.09659179, -15.41025175 ], [ -67.09657086, -15.41049225 ], [ -67.09654964, -15.41076977 ], [ -67.09663432, -15.41093698 ], [ -67.09703292, -15.41127305 ], [ -67.0974328, -15.41144252 ], [ -67.09768049, -15.41152759 ], [ -67.09802397, -15.41157633 ], [ -67.09852048, -15.41159841 ], [ -67.09882646, -15.41155432 ], [ -67.09934812, -15.41140027 ], [ -67.09991234, -15.41131175 ], [ -67.10040997, -15.41118574 ], [ -67.1006689, -15.41104875 ], [ -67.10086098, -15.41091129 ], [ -67.10092011, -15.41067106 ], [ -67.1009532, -15.41008818 ], [ -67.10085334, -15.40940254 ], [ -67.10064681, -15.40892901 ], [ -67.10000171, -15.40835055 ], [ -67.09968163, -15.40773737 ], [ -67.09965615, -15.40732068 ], [ -67.0996683, -15.40697831 ], [ -67.09975722, -15.4065902 ], [ -67.10021243, -15.40576043 ], [ -67.10061722, -15.40528202 ], [ -67.10097112, -15.40481727 ], [ -67.10121164, -15.4045876 ], [ -67.10155673, -15.40442346 ], [ -67.1017863, -15.40437882 ], [ -67.10188187, -15.40437026 ], [ -67.10198658, -15.40441728 ], [ -67.10207198, -15.40449194 ], [ -67.10212858, -15.4045849 ], [ -67.10220386, -15.40473353 ], [ -67.10228708, -15.4050951 ], [ -67.10239129, -15.40520691 ], [ -67.10276293, -15.40532063 ], [ -67.10380199, -15.40558721 ], [ -67.10414525, -15.40566372 ], [ -67.10452756, -15.40562942 ], [ -67.10504569, -15.40531841 ], [ -67.10585839, -15.40394509 ], [ -67.10620136, -15.40279982 ], [ -67.10630555, -15.40165284 ], [ -67.10626039, -15.40103001 ], [ -67.10614978, -15.40050164 ], [ -67.10616444, -15.39982607 ], [ -67.10646401, -15.39936542 ], [ -67.10688571, -15.39917405 ], [ -67.1075357, -15.39910462 ], [ -67.1080984, -15.39921045 ], [ -67.10902952, -15.39985572 ], [ -67.10961356, -15.40020529 ], [ -67.11050043, -15.40038746 ], [ -67.1108156, -15.4003897 ], [ -67.11137072, -15.40023629 ], [ -67.11206594, -15.3997229 ], [ -67.11242269, -15.39909761 ], [ -67.11272211, -15.39858788 ], [ -67.11296609, -15.39784352 ], [ -67.11311604, -15.39692498 ], [ -67.11315764, -15.39646548 ], [ -67.11315934, -15.39623992 ], [ -67.11310402, -15.39598794 ], [ -67.11286815, -15.3956566 ], [ -67.11253642, -15.39539398 ], [ -67.11188906, -15.39525926 ], [ -67.11120306, -15.39519366 ], [ -67.11072714, -15.39508617 ], [ -67.11032742, -15.39498791 ], [ -67.11008077, -15.39482132 ], [ -67.10994788, -15.3947423 ], [ -67.10984392, -15.39462011 ], [ -67.10977856, -15.39443745 ], [ -67.10973226, -15.39425494 ], [ -67.10977325, -15.39387801 ], [ -67.10990093, -15.39338442 ], [ -67.11011552, -15.39274395 ], [ -67.11042349, -15.39236442 ], [ -67.11088388, -15.39200332 ], [ -67.11142915, -15.39176427 ], [ -67.11179216, -15.39167142 ], [ -67.1121544, -15.39168267 ], [ -67.11262032, -15.3918508 ], [ -67.11336163, -15.39216838 ], [ -67.11433927, -15.39275656 ], [ -67.11486175, -15.39301185 ], [ -67.11537542, -15.39317165 ], [ -67.11675501, -15.39356313 ], [ -67.11722727, -15.39369103 ], [ -67.11757965, -15.39374558 ], [ -67.11786632, -15.39366084 ], [ -67.11811525, -15.3935238 ], [ -67.1183267, -15.39329973 ], [ -67.11841472, -15.39300539 ], [ -67.11838834, -15.39271023 ], [ -67.11821998, -15.39227527 ], [ -67.11790795, -15.39192604 ], [ -67.11737671, -15.39156659 ], [ -67.11674008, -15.3912758 ], [ -67.11628401, -15.39106436 ], [ -67.11586692, -15.39074041 ], [ -67.11559252, -15.39046085 ], [ -67.11545147, -15.39019959 ], [ -67.11542482, -15.38993914 ], [ -67.11552205, -15.38968823 ], [ -67.11591712, -15.3891358 ], [ -67.11644606, -15.38853226 ], [ -67.11666755, -15.38823885 ], [ -67.11676445, -15.38803132 ], [ -67.11680487, -15.38772797 ], [ -67.1165142, -15.38707525 ], [ -67.11571341, -15.38579429 ], [ -67.11425681, -15.38423974 ], [ -67.11322619, -15.38309595 ], [ -67.11268741, -15.38247617 ], [ -67.11227295, -15.38180522 ], [ -67.11189807, -15.38094369 ], [ -67.11139906, -15.3801073 ], [ -67.1110624, -15.37923737 ], [ -67.11071495, -15.37853219 ], [ -67.11032891, -15.37788747 ], [ -67.10986844, -15.3769993 ], [ -67.10959695, -15.37633803 ], [ -67.10937357, -15.37561638 ], [ -67.10926114, -15.37535532 ], [ -67.10903449, -15.37506742 ], [ -67.1086281, -15.37459606 ], [ -67.1079184, -15.3738883 ], [ -67.10750215, -15.37346025 ], [ -67.1070757, -15.37311888 ], [ -67.10647819, -15.37270688 ], [ -67.10617516, -15.37243579 ], [ -67.10582728, -15.37179133 ], [ -67.10567835, -15.37131312 ], [ -67.10568071, -15.37100082 ], [ -67.10570208, -15.37069733 ], [ -67.10578004, -15.37047232 ], [ -67.10596478, -15.36999648 ], [ -67.10601552, -15.3695891 ], [ -67.10596376, -15.36886866 ], [ -67.10578135, -15.36777425 ], [ -67.10560625, -15.36697487 ], [ -67.10555977, -15.36681838 ], [ -67.10533635, -15.3661054 ], [ -67.10483753, -15.36525166 ], [ -67.10400775, -15.36403986 ], [ -67.10296077, -15.36255758 ], [ -67.10210084, -15.36155378 ], [ -67.10162769, -15.36109061 ], [ -67.10108715, -15.36071371 ], [ -67.10049817, -15.36044058 ], [ -67.09949881, -15.36022524 ], [ -67.09896774, -15.36040128 ], [ -67.09832266, -15.36061139 ], [ -67.0979354, -15.36076478 ], [ -67.09769829, -15.36091925 ], [ -67.09726799, -15.36109185 ], [ -67.09701001, -15.36116809 ], [ -67.09666639, -15.36122419 ], [ -67.09630133, -15.36128014 ], [ -67.0960654, -15.36127846 ], [ -67.09544369, -15.36123497 ], [ -67.09495127, -15.36111433 ], [ -67.09450264, -15.36087689 ], [ -67.09396939, -15.36048267 ], [ -67.09362859, -15.36016792 ], [ -67.09341679, -15.35981504 ], [ -67.09333397, -15.35942406 ], [ -67.09336165, -15.35860443 ], [ -67.09360514, -15.35761067 ], [ -67.09382541, -15.35685097 ], [ -67.09382882, -15.35640204 ], [ -67.09383119, -15.35608974 ], [ -67.09370458, -15.35581556 ], [ -67.09342755, -15.35557933 ], [ -67.09259361, -15.35524153 ], [ -67.09153031, -15.35501404 ], [ -67.09101675, -15.3548542 ], [ -67.09039685, -15.35457648 ], [ -67.08992694, -15.35431936 ], [ -67.08939357, -15.35394466 ], [ -67.08911639, -15.35372795 ], [ -67.08875506, -15.35329592 ], [ -67.0885647, -15.3529432 ], [ -67.08841726, -15.35259079 ], [ -67.08833444, -15.35219979 ], [ -67.08823181, -15.35159395 ], [ -67.08806798, -15.35057775 ], [ -67.0881834, -15.34950499 ], [ -67.08827514, -15.34872486 ], [ -67.08841141, -15.34773034 ], [ -67.08848423, -15.34661824 ], [ -67.0884245, -15.3460127 ], [ -67.08832158, -15.34544589 ], [ -67.08796205, -15.34477964 ], [ -67.08725247, -15.3440029 ], [ -67.08654535, -15.34320242 ], [ -67.08605064, -15.34261972 ], [ -67.08577071, -15.34221159 ], [ -67.08555385, -15.34151095 ], [ -67.08516544, -15.34073844 ], [ -67.08489285, -15.34038883 ], [ -67.0844057, -15.33992315 ], [ -67.08403247, -15.33939211 ], [ -67.08373032, -15.33878288 ], [ -67.08338415, -15.33787515 ], [ -67.08326797, -15.33736912 ], [ -67.08325262, -15.33709647 ], [ -67.08326597, -15.33686267 ], [ -67.08339341, -15.33660248 ], [ -67.08350688, -15.33642025 ], [ -67.08359181, -15.33623813 ], [ -67.08364803, -15.33601716 ], [ -67.08357486, -15.33556292 ], [ -67.08345822, -15.33494002 ], [ -67.08337016, -15.33433 ], [ -67.08338152, -15.33358975 ], [ -67.08336442, -15.33287558 ], [ -67.08343328, -15.33223901 ], [ -67.08350285, -15.33178423 ], [ -67.08399295, -15.32952106 ], [ -67.08411946, -15.32902693 ], [ -67.08417383, -15.32833819 ], [ -67.08411463, -15.32780577 ], [ -67.08414138, -15.32735098 ], [ -67.08428185, -15.32677884 ], [ -67.08467768, -15.32581601 ], [ -67.08508805, -15.32491809 ], [ -67.08546986, -15.32402027 ], [ -67.08588083, -15.32327824 ], [ -67.08600666, -15.32294821 ], [ -67.08609126, -15.32268807 ], [ -67.08614732, -15.32242803 ], [ -67.0861467, -15.32227214 ], [ -67.08610348, -15.32216837 ], [ -67.08604592, -15.32205166 ], [ -67.0859168, -15.32188326 ], [ -67.08574532, -15.32183194 ], [ -67.08548841, -15.32183289 ], [ -67.08520332, -15.3219249 ], [ -67.08466162, -15.3220958 ], [ -67.08386226, -15.32207281 ], [ -67.08281983, -15.32194677 ], [ -67.0819048, -15.32154746 ], [ -67.0813475, -15.32138064 ], [ -67.08110461, -15.32131658 ], [ -67.080876, -15.32125248 ], [ -67.08067587, -15.32117528 ], [ -67.08056077, -15.32094186 ], [ -67.08053167, -15.32079906 ], [ -67.08053105, -15.32064318 ], [ -67.08058747, -15.32047408 ], [ -67.08080034, -15.3201615 ], [ -67.08121229, -15.3196663 ], [ -67.0815097, -15.3190806 ], [ -67.08165063, -15.31862537 ], [ -67.08172009, -15.31814445 ], [ -67.08163366, -15.31746228 ], [ -67.0814451, -15.3166965 ], [ -67.08143552, -15.31665515 ], [ -67.08127863, -15.31594103 ], [ -67.08125543, -15.31519939 ], [ -67.08138876, -15.31454988 ], [ -67.08172234, -15.31387573 ], [ -67.08211944, -15.31266308 ], [ -67.08229491, -15.31224778 ], [ -67.08261127, -15.31197677 ], [ -67.08330861, -15.31190928 ], [ -67.08397129, -15.3119026 ], [ -67.08448106, -15.31155912 ], [ -67.08473804, -15.31086223 ], [ -67.08479649, -15.31007351 ], [ -67.08488592, -15.30891239 ], [ -67.08499056, -15.3082757 ], [ -67.0853832, -15.30759728 ], [ -67.08547859, -15.3072784 ], [ -67.08559704, -15.30670684 ], [ -67.08566431, -15.30631326 ], [ -67.08567827, -15.30605594 ], [ -67.08583828, -15.30566677 ], [ -67.08605526, -15.30530401 ], [ -67.08655963, -15.30472206 ], [ -67.08702142, -15.3041008 ], [ -67.08735327, -15.30366077 ], [ -67.08759826, -15.30337625 ], [ -67.0878442, -15.30296165 ], [ -67.08807499, -15.30266402 ], [ -67.0882333, -15.302509 ], [ -67.08843458, -15.30234126 ], [ -67.08860718, -15.30218633 ], [ -67.08882228, -15.30208372 ], [ -67.08908682, -15.30185098 ], [ -67.08948989, -15.30142453 ], [ -67.09004114, -15.30092062 ], [ -67.09052385, -15.30067468 ], [ -67.09104641, -15.30045732 ], [ -67.0918849, -15.30038248 ], [ -67.09235749, -15.30024258 ], [ -67.09287285, -15.30011599 ], [ -67.09333059, -15.30005405 ], [ -67.09375927, -15.30005695 ], [ -67.0940587, -15.30015003 ], [ -67.09444303, -15.30036077 ], [ -67.09465615, -15.30053132 ], [ -67.09486975, -15.30063683 ], [ -67.09504048, -15.30074206 ], [ -67.09518282, -15.30082107 ], [ -67.09539717, -15.30082252 ], [ -67.09554006, -15.30082348 ], [ -67.0957545, -15.30081193 ], [ -67.09599798, -15.30073552 ], [ -67.09615591, -15.30063252 ], [ -67.09631384, -15.30052952 ], [ -67.09652876, -15.30045292 ], [ -67.09667183, -15.30042787 ], [ -67.0968435, -15.30040301 ], [ -67.09715825, -15.30035311 ], [ -67.09742919, -15.30043298 ], [ -67.09798565, -15.30055382 ], [ -67.09829965, -15.30060797 ], [ -67.09859964, -15.300623 ], [ -67.09952819, -15.30066829 ], [ -67.09987096, -15.30069662 ], [ -67.10017076, -15.30073766 ], [ -67.10048467, -15.30080483 ], [ -67.10074124, -15.30089761 ], [ -67.10105505, -15.30097778 ], [ -67.10116937, -15.30097855 ], [ -67.10135523, -15.3009668 ], [ -67.10152699, -15.30092892 ], [ -67.10182818, -15.30077484 ], [ -67.10213013, -15.30051671 ], [ -67.10263473, -15.29989569 ], [ -67.10314044, -15.29911858 ], [ -67.103733, -15.29818595 ], [ -67.10425234, -15.29749998 ], [ -67.10507185, -15.29680303 ], [ -67.10555636, -15.2964247 ], [ -67.10587213, -15.29623168 ], [ -67.10604499, -15.29603772 ], [ -67.10607467, -15.29588181 ], [ -67.10606234, -15.29560855 ], [ -67.1059366, -15.29520445 ], [ -67.10545549, -15.29453777 ], [ -67.10494756, -15.29362376 ], [ -67.1043141, -15.29227963 ], [ -67.10399082, -15.29152296 ], [ -67.10396503, -15.29113253 ], [ -67.1039667, -15.29089838 ], [ -67.10409734, -15.29061307 ], [ -67.10425647, -15.29034097 ], [ -67.1044014, -15.29005575 ], [ -67.10471733, -15.28983672 ], [ -67.10486124, -15.2896946 ], [ -67.10506193, -15.28960488 ], [ -67.10521921, -15.28959293 ], [ -67.105519, -15.28963397 ], [ -67.10573269, -15.28972646 ], [ -67.1059602, -15.28988409 ], [ -67.10623095, -15.28998997 ], [ -67.10645883, -15.29009557 ], [ -67.10672995, -15.29014942 ], [ -67.10692982, -15.29017678 ], [ -67.1072298, -15.2901918 ], [ -67.10752959, -15.29023283 ], [ -67.10808677, -15.29024958 ], [ -67.10835845, -15.29022538 ], [ -67.10855886, -15.29017468 ], [ -67.10880289, -15.29002021 ], [ -67.10898994, -15.28983935 ], [ -67.10914906, -15.28956723 ], [ -67.10935187, -15.28917833 ], [ -67.10959886, -15.28860761 ], [ -67.11015113, -15.28652952 ], [ -67.110312, -15.28601026 ], [ -67.11038492, -15.2858026 ], [ -67.11048642, -15.28559514 ], [ -67.11056003, -15.28543984 ], [ -67.11070603, -15.28522036 ], [ -67.11089545, -15.28496238 ], [ -67.11111311, -15.2847308 ], [ -67.11146036, -15.28443576 ], [ -67.11172004, -15.28426982 ], [ -67.11195078, -15.28412953 ], [ -67.11215326, -15.28396286 ], [ -67.11231249, -15.28382167 ], [ -67.11241541, -15.28361465 ], [ -67.11253315, -15.28336878 ], [ -67.11265019, -15.28317496 ], [ -67.11272468, -15.28295457 ], [ -67.1128283, -15.28269549 ], [ -67.11311127, -15.28186581 ], [ -67.1132313, -15.2814507 ], [ -67.11330791, -15.28107409 ], [ -67.11341117, -15.28084105 ], [ -67.11348549, -15.28063367 ], [ -67.11366236, -15.28024532 ], [ -67.11379404, -15.28002565 ], [ -67.11389643, -15.2798577 ], [ -67.11404207, -15.27966426 ], [ -67.11417287, -15.27950968 ], [ -67.1143035, -15.27936812 ], [ -67.11450492, -15.27927955 ], [ -67.11466292, -15.27922948 ], [ -67.11479196, -15.27920508 ], [ -67.11489206, -15.27920636 ], [ -67.11502076, -15.279208 ], [ -67.11517804, -15.27921 ], [ -67.11533551, -15.27919898 ], [ -67.11552193, -15.2791623 ], [ -67.1156944, -15.2790994 ], [ -67.11585327, -15.27898424 ], [ -67.1160697, -15.27884378 ], [ -67.11651825, -15.27845888 ], [ -67.11697244, -15.27783682 ], [ -67.11726141, -15.27761916 ], [ -67.11753503, -15.27747941 ], [ -67.11772232, -15.27737764 ], [ -67.11792409, -15.27726302 ], [ -67.11809692, -15.27717408 ], [ -67.11822648, -15.27711063 ], [ -67.11838448, -15.27706057 ], [ -67.11858484, -15.27705009 ], [ -67.1187566, -15.27703926 ], [ -67.11894249, -15.27704162 ], [ -67.11919847, -15.27714904 ], [ -67.11962322, -15.27746693 ], [ -67.12006351, -15.27769387 ], [ -67.12046161, -15.2778682 ], [ -67.12070364, -15.27794939 ], [ -67.12087505, -15.2779646 ], [ -67.12113261, -15.27795485 ], [ -67.1214193, -15.27790641 ], [ -67.12179214, -15.27783303 ], [ -67.12202162, -15.27778386 ], [ -67.12226576, -15.27770885 ], [ -67.12245218, -15.27767216 ], [ -67.12278158, -15.27763728 ], [ -67.12368384, -15.27754458 ], [ -67.12416984, -15.27756377 ], [ -67.12462793, -15.27753053 ], [ -67.1249005, -15.27746889 ], [ -67.12511586, -15.27740652 ], [ -67.12560484, -15.2772044 ], [ -67.12593705, -15.27696123 ], [ -67.12611162, -15.2767421 ], [ -67.12621452, -15.27653509 ], [ -67.1262175, -15.27631379 ], [ -67.12612354, -15.27585688 ], [ -67.1260409, -15.27562148 ], [ -67.12600169, -15.27534755 ], [ -67.12599019, -15.27513908 ], [ -67.12602405, -15.2747489 ], [ -67.12620195, -15.27428243 ], [ -67.12640547, -15.27403763 ], [ -67.12665083, -15.27387148 ], [ -67.12688084, -15.27378326 ], [ -67.12732463, -15.27374982 ], [ -67.12755341, -15.27375272 ], [ -67.12771071, -15.27375471 ], [ -67.12803958, -15.27375889 ], [ -67.12828161, -15.27384008 ], [ -67.12852399, -15.27389524 ], [ -67.1287526, -15.27391115 ], [ -67.12905305, -15.27390194 ], [ -67.12938246, -15.27386705 ], [ -67.12969791, -15.27380595 ], [ -67.13004126, -15.27379728 ], [ -67.13034154, -15.27380109 ], [ -67.13069902, -15.27380562 ], [ -67.1308563, -15.27380761 ], [ -67.13194601, -15.27402869 ], [ -67.13241718, -15.27408673 ], [ -67.13275896, -15.27419522 ], [ -67.13300047, -15.27431546 ], [ -67.13322697, -15.27448759 ], [ -67.13355219, -15.27476513 ], [ -67.13383607, -15.27492496 ], [ -67.1341067, -15.27500652 ], [ -67.13436356, -15.27504882 ], [ -67.13469227, -15.27506601 ], [ -67.13493535, -15.27506908 ], [ -67.13522204, -15.27502063 ], [ -67.13550993, -15.27488104 ], [ -67.13568432, -15.27467493 ], [ -67.13581651, -15.27441619 ], [ -67.13589219, -15.27410466 ], [ -67.13585437, -15.27372659 ], [ -67.13573371, -15.27312613 ], [ -67.13532935, -15.27235282 ], [ -67.1347963, -15.27157788 ], [ -67.13421967, -15.27100811 ], [ -67.13383658, -15.27078192 ], [ -67.13353805, -15.27064794 ], [ -67.13330997, -15.27059297 ], [ -67.13308048, -15.27064215 ], [ -67.13276399, -15.27078136 ], [ -67.13233188, -15.27101026 ], [ -67.13187099, -15.27125182 ], [ -67.13138099, -15.27153205 ], [ -67.13112151, -15.27168501 ], [ -67.13090545, -15.27179946 ], [ -67.13071816, -15.27190125 ], [ -67.13053105, -15.27199002 ], [ -67.1303157, -15.27205239 ], [ -67.13007245, -15.27206233 ], [ -67.12984418, -15.27202037 ], [ -67.12961751, -15.27186126 ], [ -67.12949214, -15.27161228 ], [ -67.1293966, -15.27127255 ], [ -67.12934431, -15.27090732 ], [ -67.12932183, -15.27045132 ], [ -67.1293048, -15.26959178 ], [ -67.12941644, -15.26873385 ], [ -67.12982778, -15.26811349 ], [ -67.13013795, -15.26754381 ], [ -67.13047678, -15.26697457 ], [ -67.1308044, -15.26620935 ], [ -67.1311046, -15.26536541 ], [ -67.13132046, -15.26441577 ], [ -67.13142558, -15.26411713 ], [ -67.13157412, -15.26379303 ], [ -67.13185311, -15.26337952 ], [ -67.13201577, -15.26306869 ], [ -67.13220418, -15.26294099 ], [ -67.13239197, -15.26285244 ], [ -67.13259284, -15.2628424 ], [ -67.13276506, -15.26283194 ], [ -67.13295097, -15.26286084 ], [ -67.13319277, -15.26298195 ], [ -67.13407416, -15.26345204 ], [ -67.13539138, -15.26446386 ], [ -67.13608666, -15.2649181 ], [ -67.13638475, -15.26510532 ], [ -67.13662718, -15.26518727 ], [ -67.13681351, -15.26519007 ], [ -67.13700089, -15.26512761 ], [ -67.13723292, -15.2649614 ], [ -67.13739308, -15.26480717 ], [ -67.13748595, -15.2643778 ], [ -67.13748138, -15.26376423 ], [ -67.13736608, -15.26290099 ], [ -67.13726625, -15.26189155 ], [ -67.13740438, -15.26131928 ], [ -67.13755935, -15.26059063 ], [ -67.13756309, -15.26035573 ], [ -67.13758095, -15.26013409 ], [ -67.13759943, -15.2598733 ], [ -67.13760234, -15.2596906 ], [ -67.13753234, -15.25958512 ], [ -67.13744738, -15.25951858 ], [ -67.13731901, -15.2594775 ], [ -67.1371603, -15.25954039 ], [ -67.13704397, -15.25964307 ], [ -67.13691248, -15.25979773 ], [ -67.13663703, -15.2599894 ], [ -67.13649204, -15.26009165 ], [ -67.13630446, -15.26016715 ], [ -67.13613226, -15.26017763 ], [ -67.13593159, -15.26017462 ], [ -67.13547625, -15.25995893 ], [ -67.13471182, -15.25934701 ], [ -67.13430115, -15.25902757 ], [ -67.13415886, -15.25896017 ], [ -67.13401593, -15.25893192 ], [ -67.13387261, -15.25892977 ], [ -67.13364099, -15.25906988 ], [ -67.13349454, -15.25926347 ], [ -67.13337717, -15.2594314 ], [ -67.13328805, -15.25962586 ], [ -67.13321368, -15.25979444 ], [ -67.13315323, -15.25998932 ], [ -67.13302111, -15.26018314 ], [ -67.13284683, -15.26032411 ], [ -67.13271742, -15.26034827 ], [ -67.13245984, -15.2603183 ], [ -67.13179054, -15.26003412 ], [ -67.13103733, -15.25961816 ], [ -67.1305147, -15.25912734 ], [ -67.13032174, -15.25864147 ], [ -67.13027232, -15.25814471 ], [ -67.13036851, -15.25750655 ], [ -67.13070524, -15.2570678 ], [ -67.1313893, -15.25642542 ], [ -67.13286706, -15.25545558 ], [ -67.13398055, -15.25472393 ], [ -67.13489412, -15.25407192 ], [ -67.13536233, -15.2534785 ], [ -67.1357788, -15.25253187 ], [ -67.13594601, -15.25193393 ], [ -67.13615487, -15.25138841 ], [ -67.13638476, -15.25097642 ], [ -67.13652933, -15.2506158 ], [ -67.13649445, -15.25015302 ], [ -67.13616915, -15.24973269 ], [ -67.13576168, -15.24954519 ], [ -67.13506352, -15.24941769 ], [ -67.13466709, -15.24942158 ], [ -67.13449552, -15.2493929 ], [ -67.13426599, -15.24940251 ], [ -67.13407905, -15.24943886 ], [ -67.1337332, -15.24955115 ], [ -67.13351634, -15.24966538 ], [ -67.13331278, -15.24984507 ], [ -67.13316778, -15.24994731 ], [ -67.13302238, -15.25007566 ], [ -67.13292081, -15.25015246 ], [ -67.13279078, -15.25021577 ], [ -67.13264682, -15.25025277 ], [ -67.13244597, -15.2502628 ], [ -67.1322021, -15.2502722 ], [ -67.13167738, -15.25016112 ], [ -67.13113503, -15.25000938 ], [ -67.13080622, -15.24995224 ], [ -67.13053286, -15.2500134 ], [ -67.13012739, -15.25026837 ], [ -67.12970737, -15.25053617 ], [ -67.12895251, -15.25112527 ], [ -67.12831459, -15.25157254 ], [ -67.12795378, -15.25172375 ], [ -67.12776662, -15.25177315 ], [ -67.12756597, -15.25177014 ], [ -67.12732231, -15.25176647 ], [ -67.12699537, -15.25159187 ], [ -67.12680283, -15.2510799 ], [ -67.12678105, -15.25064882 ], [ -67.12689116, -15.25003697 ], [ -67.12722438, -15.24891942 ], [ -67.12784258, -15.24791056 ], [ -67.12869092, -15.24685296 ], [ -67.12937962, -15.2458138 ], [ -67.13007944, -15.24417962 ], [ -67.13056633, -15.24331237 ], [ -67.13084571, -15.24287276 ], [ -67.13097928, -15.2425876 ], [ -67.13104097, -15.2423144 ], [ -67.13100712, -15.24173956 ], [ -67.13084366, -15.24120192 ], [ -67.13057905, -15.24071498 ], [ -67.13048643, -15.24023062 ], [ -67.13057139, -15.23939669 ], [ -67.13090747, -15.23809641 ], [ -67.13126681, -15.23713587 ], [ -67.13157734, -15.23654009 ], [ -67.132118, -15.23589555 ], [ -67.13288879, -15.23520224 ], [ -67.13314966, -15.23502341 ], [ -67.13329527, -15.23488201 ], [ -67.13341303, -15.23468799 ], [ -67.13348801, -15.23448026 ], [ -67.13354867, -15.23427231 ], [ -67.13355261, -15.23402436 ], [ -67.13368948, -15.2335304 ], [ -67.13385461, -15.23306296 ], [ -67.1339298, -15.23284218 ], [ -67.13401765, -15.23272602 ], [ -67.13411943, -15.23263618 ], [ -67.1342644, -15.23253393 ], [ -67.13437988, -15.23248344 ], [ -67.13452319, -15.23248559 ], [ -67.1347095, -15.23248838 ], [ -67.13486714, -15.23249075 ], [ -67.13501004, -15.232519 ], [ -67.13516624, -15.23261272 ], [ -67.13536479, -15.23274622 ], [ -67.13554799, -15.23294477 ], [ -67.13573035, -15.23319551 ], [ -67.13595095, -15.23374705 ], [ -67.13622823, -15.2343386 ], [ -67.13649306, -15.23481249 ], [ -67.13673358, -15.23501189 ], [ -67.13691719, -15.23518434 ], [ -67.1370873, -15.23530436 ], [ -67.13725866, -15.2353461 ], [ -67.13744476, -15.23536194 ], [ -67.13767428, -15.23535233 ], [ -67.13797731, -15.23522633 ], [ -67.13825169, -15.23509991 ], [ -67.13852627, -15.23496044 ], [ -67.13877364, -15.23472918 ], [ -67.13896327, -15.23452318 ], [ -67.13908082, -15.23434219 ], [ -67.13914209, -15.2340951 ], [ -67.13917594, -15.23376928 ], [ -67.13911174, -15.2332984 ], [ -67.13901909, -15.23281404 ], [ -67.13850708, -15.23165769 ], [ -67.13815937, -15.23098677 ], [ -67.13797742, -15.23070992 ], [ -67.13775082, -15.23053683 ], [ -67.13742203, -15.23047969 ], [ -67.1371919, -15.23052845 ], [ -67.13685959, -15.23069317 ], [ -67.13649882, -15.2308444 ], [ -67.13611125, -15.23087775 ], [ -67.1357673, -15.2308726 ], [ -67.13531202, -15.23065691 ], [ -67.13582604, -15.22950081 ], [ -67.13682474, -15.2273104 ], [ -67.1362721, -15.22569481 ], [ -67.1362525, -15.22469893 ], [ -67.13646975, -15.22272623 ], [ -67.13659352, -15.22215374 ], [ -67.13687928, -15.22130956 ], [ -67.13717606, -15.2206744 ], [ -67.13770958, -15.21957287 ], [ -67.13813656, -15.21886134 ], [ -67.1383839, -15.21863009 ], [ -67.13874465, -15.21847885 ], [ -67.13907447, -15.21847073 ], [ -67.13960321, -15.21859317 ], [ -67.14008924, -15.21868912 ], [ -67.14058973, -15.21877215 ], [ -67.14119101, -15.21880397 ], [ -67.14172873, -15.21877812 ], [ -67.14230268, -15.21867924 ], [ -67.14280607, -15.21847533 ], [ -67.14306493, -15.21837344 ], [ -67.14335323, -15.21819357 ], [ -67.14358449, -15.21798706 ], [ -67.14370118, -15.21777948 ], [ -67.14376136, -15.21749307 ], [ -67.14379278, -15.21721945 ], [ -67.14373943, -15.21682762 ], [ -67.14349898, -15.21652532 ], [ -67.14272233, -15.21641584 ], [ -67.14200232, -15.21610372 ], [ -67.14191595, -15.21540175 ], [ -67.14204162, -15.21513584 ], [ -67.14235499, -15.21479541 ], [ -67.14271657, -15.2145743 ], [ -67.14312141, -15.21419987 ], [ -67.14368445, -15.21376173 ], [ -67.14424854, -15.21321925 ], [ -67.14468413, -15.21263641 ], [ -67.14490252, -15.21228629 ], [ -67.14493405, -15.21199963 ], [ -67.14482548, -15.21135699 ], [ -67.14450331, -15.2106365 ], [ -67.1442387, -15.20989046 ], [ -67.14421268, -15.20962934 ], [ -67.14421492, -15.20940761 ], [ -67.14427498, -15.20913425 ], [ -67.1444362, -15.20877055 ], [ -67.14458218, -15.20849801 ], [ -67.14472672, -15.20836895 ], [ -67.14487072, -15.20829205 ], [ -67.14502865, -15.20825442 ], [ -67.14560258, -15.20815553 ], [ -67.14607532, -15.20814698 ], [ -67.146477, -15.20808557 ], [ -67.14672138, -15.20799659 ], [ -67.14696616, -15.20786847 ], [ -67.1471396, -15.20771359 ], [ -67.14728452, -15.2075454 ], [ -67.14740068, -15.20738997 ], [ -67.14750435, -15.20705181 ], [ -67.14753891, -15.20646515 ], [ -67.14747715, -15.20548625 ], [ -67.14729899, -15.20468887 ], [ -67.14730306, -15.20428454 ], [ -67.14736376, -15.20394597 ], [ -67.14764073, -15.20346597 ], [ -67.14800468, -15.20288244 ], [ -67.14821805, -15.20270649 ], [ -67.14847701, -15.20259155 ], [ -67.14879196, -15.20260758 ], [ -67.14900664, -15.20262267 ], [ -67.14922213, -15.20255949 ], [ -67.14939556, -15.20240461 ], [ -67.14948332, -15.20222282 ], [ -67.14950001, -15.20198818 ], [ -67.14948818, -15.20174024 ], [ -67.14932013, -15.20136036 ], [ -67.14923774, -15.20100738 ], [ -67.14929765, -15.20074707 ], [ -67.14937201, -15.20047385 ], [ -67.14947489, -15.20021394 ], [ -67.14964884, -15.20000688 ], [ -67.14985131, -15.19981314 ], [ -67.15003893, -15.19967144 ], [ -67.15036888, -15.19932984 ], [ -67.15072125, -15.19847227 ], [ -67.151002, -15.19761402 ], [ -67.15119315, -15.19712015 ], [ -67.15136802, -15.1968218 ], [ -67.15154158, -15.19665386 ], [ -67.15171421, -15.19657724 ], [ -67.15184324, -15.19656542 ], [ -67.1519871, -15.19650155 ], [ -67.15204478, -15.19646297 ], [ -67.15214516, -15.19645088 ], [ -67.15228837, -15.19645224 ], [ -67.15244446, -15.1965972 ], [ -67.15254261, -15.19680683 ], [ -67.15268189, -15.19719947 ], [ -67.15278545, -15.19829617 ], [ -67.15312025, -15.19918635 ], [ -67.15320159, -15.19964366 ], [ -67.15342327, -15.20038928 ], [ -67.15355032, -15.2005731 ], [ -67.15399206, -15.20079904 ], [ -67.15422094, -15.20082729 ], [ -67.15453666, -15.20076505 ], [ -67.15488221, -15.20058571 ], [ -67.15538711, -15.20022525 ], [ -67.15580701, -15.19977267 ], [ -67.15611273, -15.19927989 ], [ -67.15620101, -15.19904592 ], [ -67.15624607, -15.19883765 ], [ -67.15624934, -15.19851157 ], [ -67.15606709, -15.19811853 ], [ -67.1559123, -15.19784313 ], [ -67.15543232, -15.19714725 ], [ -67.15524981, -15.19678028 ], [ -67.15525229, -15.19653247 ], [ -67.1553562, -15.19616822 ], [ -67.15543265, -15.1956863 ], [ -67.15593448, -15.19420401 ], [ -67.15638862, -15.19319086 ], [ -67.15648875, -15.19260311 ], [ -67.15649202, -15.19227704 ], [ -67.15656793, -15.1918473 ], [ -67.156585, -15.19157353 ], [ -67.15668891, -15.19120928 ], [ -67.15679176, -15.19094936 ], [ -67.15687926, -15.19079366 ], [ -67.15700945, -15.19066445 ], [ -67.15715357, -15.1905745 ], [ -67.15731188, -15.19049774 ], [ -67.15745508, -15.19049909 ], [ -67.15776831, -15.19068467 ], [ -67.15802386, -15.19090883 ], [ -67.15836416, -15.19125119 ], [ -67.1586904, -15.19156733 ], [ -67.15893189, -15.19176528 ], [ -67.15924526, -15.19193781 ], [ -67.15963035, -15.19209798 ], [ -67.16003068, -15.19216697 ], [ -67.16031748, -15.19213055 ], [ -67.16054753, -15.19204141 ], [ -67.16082093, -15.19191355 ], [ -67.1609657, -15.19175838 ], [ -67.16096831, -15.19149752 ], [ -67.16088526, -15.19120976 ], [ -67.16076068, -15.19077814 ], [ -67.16052844, -15.18965414 ], [ -67.16030362, -15.18922155 ], [ -67.15993468, -15.18887892 ], [ -67.15969162, -15.1888375 ], [ -67.15940495, -15.18886088 ], [ -67.15916098, -15.18891076 ], [ -67.15890282, -15.18894745 ], [ -67.15865924, -15.18895819 ], [ -67.15811623, -15.18883568 ], [ -67.15787475, -15.18863772 ], [ -67.15777711, -15.18837592 ], [ -67.15785133, -15.18811574 ], [ -67.15798766, -15.18737351 ], [ -67.15799145, -15.18699526 ], [ -67.1579097, -15.18657707 ], [ -67.15758569, -15.1860392 ], [ -67.15725023, -15.18521425 ], [ -67.15705497, -15.18469063 ], [ -67.15707256, -15.1843647 ], [ -67.15717567, -15.18407869 ], [ -67.15734845, -15.18373096 ], [ -67.15753683, -15.18351099 ], [ -67.15778158, -15.18338286 ], [ -67.15799704, -15.18331967 ], [ -67.1582548, -15.18332211 ], [ -67.15862712, -15.18332562 ], [ -67.15895583, -15.18339394 ], [ -67.15929808, -15.18354065 ], [ -67.15961156, -15.18370014 ], [ -67.15997984, -15.18410799 ], [ -67.16012056, -15.18435716 ], [ -67.16026064, -15.18467154 ], [ -67.16040136, -15.18492071 ], [ -67.1605279, -15.18515669 ], [ -67.16082588, -15.18543344 ], [ -67.16118206, -15.18561941 ], [ -67.1615234, -15.18585742 ], [ -67.16167975, -15.1859763 ], [ -67.16185134, -15.18600401 ], [ -67.16213709, -15.18607192 ], [ -67.16242376, -15.18604853 ], [ -67.16282603, -15.18592188 ], [ -67.164708, -15.18533957 ], [ -67.16567032, -15.18506165 ], [ -67.16630198, -15.18491106 ], [ -67.16668966, -15.18481035 ], [ -67.16689171, -15.18465572 ], [ -67.16708008, -15.18443574 ], [ -67.16718267, -15.18420191 ], [ -67.16718527, -15.18394105 ], [ -67.16714542, -15.18362761 ], [ -67.16687932, -15.18302508 ], [ -67.16679925, -15.18243733 ], [ -67.16683413, -15.18181153 ], [ -67.16690895, -15.18123429 ], [ -67.16702546, -15.18103972 ], [ -67.1672133, -15.18087191 ], [ -67.16734271, -15.18082095 ], [ -67.16751598, -15.1806791 ], [ -67.16788243, -15.17983466 ], [ -67.16820643, -15.17893765 ], [ -67.16815461, -15.1783893 ], [ -67.16807181, -15.17807546 ], [ -67.16783123, -15.17778623 ], [ -67.16764845, -15.17744536 ], [ -67.16755159, -15.1771053 ], [ -67.16753921, -15.17690952 ], [ -67.16754129, -15.17670082 ], [ -67.16760066, -15.17649267 ], [ -67.16783406, -15.17606441 ], [ -67.1683899, -15.17489564 ], [ -67.16874924, -15.17439539 ], [ -67.16903927, -15.17403287 ], [ -67.1691421, -15.17377296 ], [ -67.16906008, -15.17338085 ], [ -67.16891831, -15.17323604 ], [ -67.16871849, -15.17316894 ], [ -67.16830387, -15.17309983 ], [ -67.16786334, -15.17275654 ], [ -67.16761117, -15.17219326 ], [ -67.16760491, -15.17138446 ], [ -67.16779755, -15.17073406 ], [ -67.16801352, -15.17049299 ], [ -67.16818716, -15.170312 ], [ -67.1683741, -15.17023549 ], [ -67.16861237, -15.17015232 ], [ -67.16891289, -15.17019111 ], [ -67.16919228, -15.17028167 ], [ -67.16946647, -15.17048012 ], [ -67.16972792, -15.17071842 ], [ -67.16999988, -15.17091601 ], [ -67.1702855, -15.17099696 ], [ -67.17101423, -15.17116033 ], [ -67.17168647, -15.17124489 ], [ -67.1721594, -15.17121019 ], [ -67.17239045, -15.1710167 ], [ -67.17256682, -15.17056179 ], [ -67.17257369, -15.16987051 ], [ -67.17245, -15.16934757 ], [ -67.17209761, -15.16882902 ], [ -67.1718996, -15.16857932 ], [ -67.1718008, -15.1684349 ], [ -67.17177372, -15.16827811 ], [ -67.17173257, -15.16809511 ], [ -67.1716913, -15.16792515 ], [ -67.17165002, -15.16775518 ], [ -67.17165235, -15.16752041 ], [ -67.17159754, -15.16727205 ], [ -67.17152789, -15.16707573 ], [ -67.17145941, -15.16676203 ], [ -67.17133274, -15.16653909 ], [ -67.1712489, -15.16632959 ], [ -67.17122181, -15.1661728 ], [ -67.17119473, -15.16601602 ], [ -67.17118223, -15.16583328 ], [ -67.17115437, -15.16575476 ], [ -67.1710415, -15.16558413 ], [ -67.1707879, -15.16516432 ], [ -67.17074741, -15.1649161 ], [ -67.17073569, -15.16465511 ], [ -67.17078059, -15.16445987 ], [ -67.17093952, -15.16431786 ], [ -67.17111213, -15.16424122 ], [ -67.17128447, -15.16419066 ], [ -67.17148611, -15.16407515 ], [ -67.17163033, -15.16397215 ], [ -67.17171676, -15.16392078 ], [ -67.17186073, -15.16384386 ], [ -67.17201928, -15.163741 ], [ -67.17216389, -15.16359886 ], [ -67.17248344, -15.1631453 ], [ -67.17268895, -15.1626385 ], [ -67.17303597, -15.16230259 ], [ -67.17333849, -15.16212281 ], [ -67.17361184, -15.16199493 ], [ -67.17382714, -15.16194477 ], [ -67.17401354, -15.16192042 ], [ -67.17425735, -15.16188357 ], [ -67.17455753, -15.16193855 ], [ -67.17472832, -15.16204451 ], [ -67.17488401, -15.16222859 ], [ -67.17495341, -15.16245099 ], [ -67.1749663, -15.1625946 ], [ -67.17505002, -15.16281713 ], [ -67.17519063, -15.16307934 ], [ -67.17543185, -15.16330335 ], [ -67.17573151, -15.16341051 ], [ -67.17606124, -15.16337446 ], [ -67.17635738, -15.16316173 ], [ -67.17684758, -15.16282716 ], [ -67.17735172, -15.16253186 ], [ -67.17787237, -15.16201494 ], [ -67.17819022, -15.16173094 ], [ -67.17855853, -15.16069083 ], [ -67.17873642, -15.1600794 ], [ -67.17885769, -15.15940224 ], [ -67.17880518, -15.1589191 ], [ -67.17909633, -15.15843918 ], [ -67.17935936, -15.15790681 ], [ -67.1795953, -15.15721766 ], [ -67.17981036, -15.15668679 ], [ -67.1798261, -15.15654344 ], [ -67.17995651, -15.15638813 ], [ -67.18007184, -15.15631094 ], [ -67.18017232, -15.15628579 ], [ -67.18032982, -15.15628726 ], [ -67.1804587, -15.15628846 ], [ -67.18060123, -15.15635501 ], [ -67.18074287, -15.15651287 ], [ -67.18084142, -15.15668336 ], [ -67.18085381, -15.15687915 ], [ -67.18086645, -15.15704884 ], [ -67.18095056, -15.15723225 ], [ -67.18107774, -15.15740301 ], [ -67.18123396, -15.15753491 ], [ -67.18150512, -15.15762875 ], [ -67.18169099, -15.15765657 ], [ -67.18193442, -15.15765884 ], [ -67.18213487, -15.15766071 ], [ -67.18233508, -15.15768866 ], [ -67.18253502, -15.15774271 ], [ -67.18277779, -15.15781019 ], [ -67.18302069, -15.15786463 ], [ -67.18359241, -15.15797432 ], [ -67.18405035, -15.15800466 ], [ -67.18443541, -15.15816478 ], [ -67.18470708, -15.15820645 ], [ -67.18497913, -15.15820899 ], [ -67.18532317, -15.15817305 ], [ -67.1856383, -15.15816294 ], [ -67.18591074, -15.15812635 ], [ -67.1861263, -15.15805008 ], [ -67.18641383, -15.15793536 ], [ -67.1865445, -15.15775396 ], [ -67.18661815, -15.15754592 ], [ -67.18662111, -15.15724594 ], [ -67.18659556, -15.15693263 ], [ -67.18640012, -15.15642208 ], [ -67.18632154, -15.15567782 ], [ -67.18634267, -15.15498666 ], [ -67.18647522, -15.15455507 ], [ -67.18657725, -15.1543734 ], [ -67.18659299, -15.15423006 ], [ -67.18653661, -15.15413822 ], [ -67.18640878, -15.15403268 ], [ -67.18632338, -15.15397971 ], [ -67.18631112, -15.15377088 ], [ -67.18632711, -15.15360145 ], [ -67.18640089, -15.15338038 ], [ -67.18641752, -15.15314574 ], [ -67.18641945, -15.15295009 ], [ -67.1863076, -15.15267512 ], [ -67.18615203, -15.152478 ], [ -67.18606818, -15.15226852 ], [ -67.18607088, -15.15199461 ], [ -67.18623622, -15.15120044 ], [ -67.18647175, -15.1505504 ], [ -67.18668999, -15.15020024 ], [ -67.18689212, -15.15003253 ], [ -67.18707877, -15.1499821 ], [ -67.18727921, -15.14998396 ], [ -67.18740795, -15.1499982 ], [ -67.18760815, -15.15002615 ], [ -67.18780847, -15.15004105 ], [ -67.18806671, -15.14999128 ], [ -67.18832586, -15.14985019 ], [ -67.18873049, -15.14947566 ], [ -67.189051, -15.14891773 ], [ -67.18936328, -15.14846526 ], [ -67.18959469, -15.1482326 ], [ -67.18982531, -15.14807821 ], [ -67.18999803, -15.14798851 ], [ -67.19017036, -15.14793793 ], [ -67.19034217, -15.14793952 ], [ -67.19051335, -15.14800633 ], [ -67.19069846, -15.1481124 ], [ -67.19088318, -15.14825761 ], [ -67.19103709, -15.14862428 ], [ -67.1911639, -15.14883417 ], [ -67.1913049, -15.14905723 ], [ -67.19148911, -15.14925461 ], [ -67.19170184, -15.14946529 ], [ -67.19187134, -15.14970167 ], [ -67.19205311, -15.15014687 ], [ -67.19209274, -15.15048638 ], [ -67.19203201, -15.15083803 ], [ -67.19195797, -15.15108519 ], [ -67.19194174, -15.1512807 ], [ -67.19195361, -15.15152866 ], [ -67.19206598, -15.15175145 ], [ -67.19250523, -15.15222513 ], [ -67.1935695, -15.15321333 ], [ -67.19447883, -15.15393921 ], [ -67.19513351, -15.15434965 ], [ -67.19544659, -15.15454821 ], [ -67.19561713, -15.15468024 ], [ -67.19577349, -15.15479909 ], [ -67.1959448, -15.15485285 ], [ -67.19611662, -15.15485444 ], [ -67.19623129, -15.15484246 ], [ -67.19644697, -15.15475314 ], [ -67.19654823, -15.15464973 ], [ -67.19662135, -15.15449387 ], [ -67.19665102, -15.15438978 ], [ -67.19645324, -15.15411402 ], [ -67.19641259, -15.15387884 ], [ -67.19648675, -15.15361864 ], [ -67.19670536, -15.15322933 ], [ -67.19720191, -15.15224255 ], [ -67.19755566, -15.1512153 ], [ -67.1976587, -15.15092928 ], [ -67.19773234, -15.15072124 ], [ -67.19769129, -15.1505252 ], [ -67.19747947, -15.15022321 ], [ -67.19729474, -15.15007802 ], [ -67.19716587, -15.15007683 ], [ -67.19703637, -15.15014085 ], [ -67.19686366, -15.15023056 ], [ -67.19666281, -15.15026784 ], [ -67.19641953, -15.15025254 ], [ -67.19593488, -15.1500263 ], [ -67.19526513, -15.14969398 ], [ -67.19480874, -15.14950713 ], [ -67.19462376, -15.14938803 ], [ -67.19451024, -15.14928261 ], [ -67.19439749, -15.14909895 ], [ -67.19435632, -15.14891595 ], [ -67.19446039, -15.14852557 ], [ -67.19459067, -15.14838329 ], [ -67.19476389, -15.14824141 ], [ -67.19483766, -15.14802033 ], [ -67.19485415, -15.14779873 ], [ -67.19476417, -15.14675434 ], [ -67.19468377, -15.14619268 ], [ -67.19431918, -15.14540664 ], [ -67.19424925, -15.14510509 ], [ -67.19438132, -15.14478021 ], [ -67.19465656, -15.14445664 ], [ -67.19494548, -15.14419843 ], [ -67.19523362, -15.14401847 ], [ -67.19546399, -15.14389016 ], [ -67.19568029, -15.14373563 ], [ -67.19586847, -15.14352865 ], [ -67.19599912, -15.14334725 ], [ -67.19601651, -15.14303434 ], [ -67.19580686, -15.14251061 ], [ -67.19556692, -15.1421562 ], [ -67.19522687, -15.1417878 ], [ -67.19481537, -15.1414057 ], [ -67.1946892, -15.1411306 ], [ -67.19463475, -15.14084311 ], [ -67.19463731, -15.14058225 ], [ -67.19464089, -15.14021703 ], [ -67.19457288, -15.13985117 ], [ -67.19446001, -15.13968054 ], [ -67.19426136, -15.13949607 ], [ -67.1941187, -15.13944258 ], [ -67.19388884, -15.13951871 ], [ -67.19367268, -15.13966021 ], [ -67.19341227, -15.13993173 ], [ -67.19316682, -15.14013816 ], [ -67.19293608, -15.14030561 ], [ -67.19264755, -15.14052469 ], [ -67.19238804, -15.14070491 ], [ -67.19215806, -15.14079408 ], [ -67.19167113, -15.14080261 ], [ -67.19130094, -15.14059047 ], [ -67.19098825, -15.14035277 ], [ -67.19066331, -15.13990625 ], [ -67.19063852, -15.13951468 ], [ -67.19062741, -15.13918846 ], [ -67.19067472, -15.1387454 ], [ -67.19092248, -15.13830418 ], [ -67.19168912, -15.13751557 ], [ -67.19210791, -15.13715421 ], [ -67.19248195, -15.13697506 ], [ -67.19308559, -15.13674584 ], [ -67.19373165, -15.1365692 ], [ -67.19423519, -15.13632603 ], [ -67.19476826, -15.1359918 ], [ -67.195202, -15.13556535 ], [ -67.19546163, -15.13537209 ], [ -67.19647214, -15.13453354 ], [ -67.19692019, -15.13410721 ], [ -67.19700814, -15.13389931 ], [ -67.19701044, -15.13366453 ], [ -67.19689859, -15.13338956 ], [ -67.19663104, -15.13293054 ], [ -67.19654795, -15.13264279 ], [ -67.19657926, -15.13236914 ], [ -67.19666772, -15.13210907 ], [ -67.19688567, -15.13178497 ], [ -67.19710272, -15.13155218 ], [ -67.19739098, -15.13135917 ], [ -67.19763603, -15.13119186 ], [ -67.19789553, -15.13101163 ], [ -67.19874674, -15.13035423 ], [ -67.19923797, -15.12990221 ], [ -67.1995114, -15.12976124 ], [ -67.19981155, -15.12981619 ], [ -67.20003819, -15.13006613 ], [ -67.20022151, -15.1303548 ], [ -67.20047717, -15.13056587 ], [ -67.20077617, -15.13073821 ], [ -67.20124811, -15.13079474 ], [ -67.2015636, -15.13074548 ], [ -67.20180865, -15.13057815 ], [ -67.20204077, -15.13026722 ], [ -67.20222881, -15.13007329 ], [ -67.20243027, -15.12997079 ], [ -67.20260271, -15.12990716 ], [ -67.20277476, -15.12988266 ], [ -67.2029752, -15.12988451 ], [ -67.20323278, -15.12989992 ], [ -67.20346108, -15.1299803 ], [ -67.20371713, -15.13015223 ], [ -67.204072, -15.13046857 ], [ -67.2042998, -15.13060111 ], [ -67.20451417, -15.13064223 ], [ -67.20471435, -15.13067015 ], [ -67.20498778, -15.13052919 ], [ -67.20524714, -15.13036199 ], [ -67.20556478, -15.13009098 ], [ -67.20594211, -15.12957267 ], [ -67.20605894, -15.12933895 ], [ -67.20590399, -15.12907662 ], [ -67.20570445, -15.12898347 ], [ -67.20540405, -15.12895463 ], [ -67.20507502, -15.12892551 ], [ -67.20444647, -15.12877623 ], [ -67.20413405, -15.12851246 ], [ -67.20389537, -15.12802762 ], [ -67.20371461, -15.12747808 ], [ -67.20371652, -15.12728243 ], [ -67.20384753, -15.12706188 ], [ -67.2043252, -15.12653145 ], [ -67.20467237, -15.1261694 ], [ -67.20473154, -15.12597427 ], [ -67.20486358, -15.12564938 ], [ -67.20502348, -15.125403 ], [ -67.20531439, -15.12493608 ], [ -67.20544692, -15.124559 ], [ -67.20546468, -15.12420696 ], [ -67.20551119, -15.12384214 ], [ -67.20545659, -15.1235677 ], [ -67.20540086, -15.12341065 ], [ -67.20529141, -15.12288786 ], [ -67.20528103, -15.12248339 ], [ -67.2053843, -15.12217127 ], [ -67.20558779, -15.12186007 ], [ -67.20584714, -15.12169288 ], [ -67.2061787, -15.12146113 ], [ -67.20639498, -15.12130658 ], [ -67.20663988, -15.1211523 ], [ -67.20715869, -15.12080487 ], [ -67.20744795, -15.1205075 ], [ -67.20766675, -15.12009209 ], [ -67.20774114, -15.11980579 ], [ -67.20774431, -15.1194797 ], [ -67.20779373, -15.11881488 ], [ -67.20788357, -15.11841132 ], [ -67.20792894, -15.11816389 ], [ -67.20803206, -15.11786482 ], [ -67.20814913, -15.117605 ], [ -67.20832258, -15.11743701 ], [ -67.20852491, -15.11724321 ], [ -67.20875599, -15.11703661 ], [ -67.20900128, -15.1168432 ], [ -67.20924617, -15.11668891 ], [ -67.20953376, -15.11656111 ], [ -67.20980767, -15.11636796 ], [ -67.2103698, -15.11598177 ], [ -67.21089, -15.11549085 ], [ -67.21136915, -15.11480388 ], [ -67.21152966, -15.11449228 ], [ -67.21183798, -15.1137046 ], [ -67.21227215, -15.11322592 ], [ -67.21264714, -15.11294238 ], [ -67.2131515, -15.11260784 ], [ -67.2137406, -15.11239148 ], [ -67.21422809, -15.11231768 ], [ -67.21445727, -15.11230673 ], [ -67.21472978, -15.11225705 ], [ -67.21497404, -15.11216798 ], [ -67.21530418, -15.11207969 ], [ -67.21576368, -15.1119404 ], [ -67.21606407, -15.11196924 ], [ -67.21622002, -15.1121272 ], [ -67.21627513, -15.11234946 ], [ -67.2162726, -15.11261033 ], [ -67.21608308, -15.11296081 ], [ -67.2160224, -15.11331246 ], [ -67.21601823, -15.11374289 ], [ -67.21601583, -15.11399071 ], [ -67.2160261, -15.11440824 ], [ -67.21616521, -15.11482694 ], [ -67.21634638, -15.11533734 ], [ -67.21662866, -15.11575735 ], [ -67.21695148, -15.11642558 ], [ -67.21713203, -15.1170012 ], [ -67.2172724, -15.11728946 ], [ -67.2174138, -15.11747338 ], [ -67.21768466, -15.11759326 ], [ -67.2181006, -15.11751879 ], [ -67.21840275, -15.11736502 ], [ -67.21876748, -15.11666395 ], [ -67.21902896, -15.11627499 ], [ -67.21923166, -15.11604205 ], [ -67.21933326, -15.11589948 ], [ -67.21940636, -15.11574361 ], [ -67.21938151, -15.11535205 ], [ -67.21905767, -15.11478817 ], [ -67.21889144, -15.11421269 ], [ -67.21876702, -15.11375498 ], [ -67.21874053, -15.11353298 ], [ -67.21877245, -15.11319411 ], [ -67.2189175, -15.11299977 ], [ -67.21917746, -15.11276734 ], [ -67.21943755, -15.11252187 ], [ -67.21966811, -15.11236744 ], [ -67.21989818, -15.11226518 ], [ -67.22015738, -15.11211101 ], [ -67.22041671, -15.1119438 ], [ -67.22071974, -15.11169872 ], [ -67.22140204, -15.1107266 ], [ -67.22173794, -15.1100435 ], [ -67.22208605, -15.10957707 ], [ -67.22257809, -15.10903367 ], [ -67.22288186, -15.10871033 ], [ -67.2231413, -15.10853007 ], [ -67.22332817, -15.1084535 ], [ -67.22360054, -15.10841685 ], [ -67.22381528, -15.10841881 ], [ -67.22408652, -15.10849955 ], [ -67.22437207, -15.10858042 ], [ -67.22462875, -15.10868711 ], [ -67.22494269, -15.10879434 ], [ -67.22531288, -15.10900642 ], [ -67.22552522, -15.1092562 ], [ -67.22565092, -15.10958347 ], [ -67.22566146, -15.1099749 ], [ -67.22551213, -15.11061274 ], [ -67.22532187, -15.11104148 ], [ -67.22521738, -15.11148404 ], [ -67.22504307, -15.11174336 ], [ -67.22484001, -15.11201544 ], [ -67.2247099, -15.11214471 ], [ -67.22460667, -15.11245684 ], [ -67.22460465, -15.11266553 ], [ -67.2246584, -15.11303127 ], [ -67.22475457, -15.11344958 ], [ -67.22483807, -15.11369819 ], [ -67.224877, -15.11411597 ], [ -67.22483027, -15.11450689 ], [ -67.22469866, -15.11479267 ], [ -67.22456615, -15.11516976 ], [ -67.22432954, -15.11595029 ], [ -67.22428344, -15.11627598 ], [ -67.22430968, -15.11652407 ], [ -67.2245213, -15.11684951 ], [ -67.22487744, -15.11703539 ], [ -67.22519101, -15.11718174 ], [ -67.22551864, -15.1173543 ], [ -67.22601897, -15.11743713 ], [ -67.22650534, -15.1174807 ], [ -67.22694902, -15.11749778 ], [ -67.2274212, -15.11752817 ], [ -67.2278797, -15.11749321 ], [ -67.22848312, -15.11727694 ], [ -67.22913112, -15.11689149 ], [ -67.22966723, -15.11623108 ], [ -67.22991714, -15.11555503 ], [ -67.23028321, -15.11471045 ], [ -67.23092618, -15.11335964 ], [ -67.23144909, -15.1125817 ], [ -67.23169384, -15.11244044 ], [ -67.23196635, -15.11239073 ], [ -67.23229562, -15.11239372 ], [ -67.23273727, -15.11261949 ], [ -67.23313575, -15.11287096 ], [ -67.23377658, -15.11322898 ], [ -67.23450481, -15.11343126 ], [ -67.23505976, -15.1137885 ], [ -67.23570649, -15.11418891 ], [ -67.23626207, -15.11448093 ], [ -67.23656182, -15.11457496 ], [ -67.23693292, -15.11469573 ], [ -67.23727475, -15.11488144 ], [ -67.23748862, -15.1149747 ], [ -67.23781777, -15.11499073 ], [ -67.23816223, -15.11490253 ], [ -67.2384655, -15.11463133 ], [ -67.23859785, -15.11426728 ], [ -67.23860073, -15.11396728 ], [ -67.23860348, -15.11368032 ], [ -67.23850702, -15.1132881 ], [ -67.23841118, -15.11283067 ], [ -67.23825771, -15.11241184 ], [ -67.23806054, -15.1120709 ], [ -67.23774784, -15.11183326 ], [ -67.23752104, -15.1115964 ], [ -67.23735163, -15.11134701 ], [ -67.23725455, -15.11102001 ], [ -67.23735133, -15.10988599 ], [ -67.23737015, -15.10941655 ], [ -67.23737378, -15.10903829 ], [ -67.2372767, -15.10871129 ], [ -67.23712311, -15.10830551 ], [ -67.23690962, -15.10817313 ], [ -67.23658036, -15.10817015 ], [ -67.23636562, -15.1081682 ], [ -67.23610681, -15.10828326 ], [ -67.23584662, -15.1085418 ], [ -67.23545571, -15.10899482 ], [ -67.23519489, -15.10931858 ], [ -67.23503466, -15.10960411 ], [ -67.23476003, -15.10987556 ], [ -67.23457318, -15.10995213 ], [ -67.23427242, -15.10996245 ], [ -67.23346193, -15.10938113 ], [ -67.23319507, -15.10884387 ], [ -67.23318414, -15.10849157 ], [ -67.23324329, -15.10829643 ], [ -67.23343115, -15.10811551 ], [ -67.23363307, -15.1079608 ], [ -67.23395015, -15.10774192 ], [ -67.23418045, -15.10761356 ], [ -67.23442495, -15.10749837 ], [ -67.2347414, -15.10734471 ], [ -67.23502897, -15.10721687 ], [ -67.23531665, -15.10707598 ], [ -67.23596524, -15.10662529 ], [ -67.23665774, -15.10597129 ], [ -67.2373097, -15.10516842 ], [ -67.23787226, -15.10472999 ], [ -67.23837968, -15.1040693 ], [ -67.23867249, -15.10339361 ], [ -67.23901049, -15.10248354 ], [ -67.23918952, -15.10172856 ], [ -67.23932263, -15.10122892 ], [ -67.23953961, -15.10099607 ], [ -67.23987074, -15.1008034 ], [ -67.2402158, -15.10064998 ], [ -67.24048829, -15.10060026 ], [ -67.24081754, -15.10060324 ], [ -67.24111803, -15.100619 ], [ -67.24144729, -15.10062197 ], [ -67.24174853, -15.10055947 ], [ -67.24209446, -15.10031474 ], [ -67.24232564, -15.10009507 ], [ -67.24247016, -15.09995288 ], [ -67.24315355, -15.09938364 ], [ -67.24343722, -15.09880055 ], [ -67.24412843, -15.09421508 ], [ -67.24411573, -15.09404538 ], [ -67.24413279, -15.09375855 ], [ -67.24423561, -15.09348553 ], [ -67.24436693, -15.09322582 ], [ -67.24445407, -15.09309615 ], [ -67.24458552, -15.0928234 ], [ -67.24471709, -15.09253761 ], [ -67.24484904, -15.09221267 ], [ -67.24496517, -15.09204414 ], [ -67.2450248, -15.09179682 ], [ -67.24499941, -15.09145742 ], [ -67.24457346, -15.09108832 ], [ -67.24420252, -15.09095453 ], [ -67.24390204, -15.09093878 ], [ -67.24362969, -15.09097546 ], [ -67.24327369, -15.09077658 ], [ -67.24279148, -15.09030261 ], [ -67.24255038, -15.09006563 ], [ -67.24252487, -15.08973928 ], [ -67.24252799, -15.08941319 ], [ -67.2425728, -15.08921792 ], [ -67.24257442, -15.08904835 ], [ -67.24257617, -15.08886574 ], [ -67.24236332, -15.08866815 ], [ -67.24200596, -15.08861274 ], [ -67.24179149, -15.08858472 ], [ -67.24149026, -15.08864723 ], [ -67.24121655, -15.08882737 ], [ -67.24095714, -15.08900766 ], [ -67.24060922, -15.08946109 ], [ -67.24021624, -15.09013587 ], [ -67.23985201, -15.09079787 ], [ -67.23978951, -15.09134518 ], [ -67.239758, -15.09164493 ], [ -67.23964024, -15.09198303 ], [ -67.23952372, -15.09219069 ], [ -67.23939352, -15.09233301 ], [ -67.2392785, -15.09238415 ], [ -67.23903515, -15.09238195 ], [ -67.23870604, -15.09236593 ], [ -67.23836324, -15.09228456 ], [ -67.23802094, -15.09215101 ], [ -67.2377934, -15.09199242 ], [ -67.23766644, -15.0917956 ], [ -67.23762524, -15.0916126 ], [ -67.23762775, -15.09135173 ], [ -67.23768801, -15.0910392 ], [ -67.23783428, -15.0907144 ], [ -67.23802187, -15.09055956 ], [ -67.23841048, -15.09034131 ], [ -67.23858413, -15.09014721 ], [ -67.23880322, -15.08969263 ], [ -67.23892161, -15.08928931 ], [ -67.23885253, -15.08902778 ], [ -67.23865413, -15.08881727 ], [ -67.23834146, -15.08857964 ], [ -67.23807298, -15.08821196 ], [ -67.23783514, -15.08763583 ], [ -67.23772575, -15.08710001 ], [ -67.23776087, -15.086422 ], [ -67.23776487, -15.08600461 ], [ -67.237738, -15.08582173 ], [ -67.23762473, -15.08569026 ], [ -67.2374969, -15.08558474 ], [ -67.23731168, -15.08549175 ], [ -67.23715436, -15.08547729 ], [ -67.23698221, -15.08551486 ], [ -67.23681032, -15.08552636 ], [ -67.23665286, -15.08552494 ], [ -67.23649553, -15.08551046 ], [ -67.23628019, -15.08557373 ], [ -67.23607816, -15.08574149 ], [ -67.23589046, -15.08590938 ], [ -67.23571669, -15.08611652 ], [ -67.23548578, -15.0863101 ], [ -67.23515418, -15.08655495 ], [ -67.2346793, -15.08681154 ], [ -67.23426481, -15.08674257 ], [ -67.23406666, -15.08650597 ], [ -67.2338699, -15.08612589 ], [ -67.23371532, -15.08582445 ], [ -67.23336072, -15.08548207 ], [ -67.23321871, -15.08536338 ], [ -67.23316245, -15.08525852 ], [ -67.23316396, -15.08510199 ], [ -67.23316533, -15.08495852 ], [ -67.23328134, -15.08480303 ], [ -67.23354026, -15.08467492 ], [ -67.2340703, -15.08452272 ], [ -67.2345296, -15.08439643 ], [ -67.2350326, -15.08419227 ], [ -67.23544983, -15.08397429 ], [ -67.23565335, -15.08365001 ], [ -67.23574124, -15.08344208 ], [ -67.23581468, -15.08324708 ], [ -67.23584569, -15.08299951 ], [ -67.23576218, -15.0827509 ], [ -67.23562392, -15.0822409 ], [ -67.23559754, -15.08200586 ], [ -67.23578638, -15.08172059 ], [ -67.2359457, -15.08152635 ], [ -67.23620548, -15.08130694 ], [ -67.23642144, -15.08117845 ], [ -67.23662283, -15.08107591 ], [ -67.23683842, -15.08098655 ], [ -67.237054, -15.08089718 ], [ -67.23732696, -15.0807953 ], [ -67.2375418, -15.08078419 ], [ -67.23771344, -15.08079879 ], [ -67.23791371, -15.08081364 ], [ -67.23822936, -15.08073823 ], [ -67.23841682, -15.08059643 ], [ -67.23865008, -15.08015501 ], [ -67.23903073, -15.07927141 ], [ -67.23903498, -15.07882792 ], [ -67.23895159, -15.07856627 ], [ -67.23873801, -15.07844694 ], [ -67.23855218, -15.07841917 ], [ -67.23825159, -15.07841645 ], [ -67.23806526, -15.07844086 ], [ -67.23790731, -15.07849161 ], [ -67.23774924, -15.0785554 ], [ -67.23760473, -15.07869759 ], [ -67.23741752, -15.07881331 ], [ -67.23717368, -15.07886327 ], [ -67.23654626, -15.07860975 ], [ -67.2359197, -15.07826492 ], [ -67.23551085, -15.07760898 ], [ -67.23535665, -15.07726842 ], [ -67.23537384, -15.07696854 ], [ -67.23556292, -15.07665718 ], [ -67.23592364, -15.07636041 ], [ -67.23615315, -15.07631031 ], [ -67.23641167, -15.07622133 ], [ -67.23665713, -15.07600179 ], [ -67.23730598, -15.07551196 ], [ -67.23785439, -15.07504731 ], [ -67.23857194, -15.07485811 ], [ -67.23935919, -15.07486522 ], [ -67.23998761, -15.07501439 ], [ -67.24082986, -15.0752568 ], [ -67.2416715, -15.07556442 ], [ -67.24204078, -15.07586779 ], [ -67.24245389, -15.07608023 ], [ -67.24302444, -15.07629409 ], [ -67.24329665, -15.07627046 ], [ -67.24354147, -15.07611612 ], [ -67.24374373, -15.07592227 ], [ -67.24387442, -15.07572778 ], [ -67.24394873, -15.07544146 ], [ -67.24400847, -15.0751811 ], [ -67.24418496, -15.07468699 ], [ -67.24446382, -15.07373262 ], [ -67.24468463, -15.07309541 ], [ -67.24470217, -15.0727564 ], [ -67.24460397, -15.0725468 ], [ -67.24427687, -15.07232209 ], [ -67.24397792, -15.07214981 ], [ -67.243579, -15.07195055 ], [ -67.24278044, -15.07163028 ], [ -67.24270938, -15.07157745 ], [ -67.2425085, -15.07162782 ], [ -67.24232143, -15.07173049 ], [ -67.24220654, -15.07176859 ], [ -67.24197866, -15.07164914 ], [ -67.24166637, -15.07137238 ], [ -67.24095931, -15.0704659 ], [ -67.24077436, -15.07034683 ], [ -67.24053116, -15.07033159 ], [ -67.24027302, -15.07038145 ], [ -67.23991419, -15.07048256 ], [ -67.23968531, -15.07046746 ], [ -67.23951443, -15.0703746 ], [ -67.23898708, -15.07013503 ], [ -67.23877487, -15.06987222 ], [ -67.23879318, -15.06945495 ], [ -67.23886711, -15.06920776 ], [ -67.23887073, -15.0688295 ], [ -67.23887423, -15.06846427 ], [ -67.23882184, -15.06795505 ], [ -67.23864721, -15.06701173 ], [ -67.23821062, -15.06626424 ], [ -67.23804498, -15.06562354 ], [ -67.23787896, -15.06502198 ], [ -67.23787076, -15.06438271 ], [ -67.23787563, -15.06387401 ], [ -67.23786581, -15.06340431 ], [ -67.237855, -15.06303895 ], [ -67.23787155, -15.06280429 ], [ -67.23791661, -15.06258293 ], [ -67.23796117, -15.06241376 ], [ -67.23810555, -15.06228461 ], [ -67.23832173, -15.06213003 ], [ -67.23861023, -15.06189782 ], [ -67.23914378, -15.0614852 ], [ -67.23953148, -15.06135826 ], [ -67.23984722, -15.06126979 ], [ -67.24020628, -15.06114258 ], [ -67.24043653, -15.06101421 ], [ -67.24062484, -15.0607811 ], [ -67.24074108, -15.06059952 ], [ -67.24082908, -15.06037855 ], [ -67.24083169, -15.06010464 ], [ -67.2407198, -15.05982969 ], [ -67.24052093, -15.05967135 ], [ -67.24009292, -15.059524 ], [ -67.23974855, -15.0596122 ], [ -67.23953299, -15.05970157 ], [ -67.23928956, -15.05971243 ], [ -67.23873374, -15.05945956 ], [ -67.23813786, -15.05910873 ], [ -67.23789605, -15.05895001 ], [ -67.23786917, -15.05876713 ], [ -67.23786992, -15.05868888 ], [ -67.23791411, -15.05855883 ], [ -67.23802986, -15.05842942 ], [ -67.2381456, -15.05830002 ], [ -67.23840509, -15.05810669 ], [ -67.23854984, -15.05793841 ], [ -67.23875259, -15.05769239 ], [ -67.23892583, -15.05753742 ], [ -67.23912682, -15.05747401 ], [ -67.23935644, -15.05741086 ], [ -67.23952832, -15.05739936 ], [ -67.23975681, -15.0574536 ], [ -67.23994163, -15.05758571 ], [ -67.2401695, -15.05770518 ], [ -67.24044106, -15.05774676 ], [ -67.24069893, -15.05772299 ], [ -67.24094375, -15.05756866 ], [ -67.24123298, -15.05725819 ], [ -67.24148165, -15.0566995 ], [ -67.24173881, -15.05617025 ], [ -67.24195531, -15.05571662 ], [ -67.24197761, -15.05510139 ], [ -67.2419304, -15.0544114 ], [ -67.24197799, -15.05365021 ], [ -67.24211292, -15.05332277 ], [ -67.24216682, -15.05318426 ], [ -67.24231725, -15.05305753 ], [ -67.24245421, -15.05296856 ], [ -67.24257752, -15.05289225 ], [ -67.24270082, -15.05281595 ], [ -67.24279658, -15.05273986 ], [ -67.24280971, -15.05266444 ], [ -67.24280885, -15.05256403 ], [ -67.24286308, -15.05246318 ], [ -67.24290375, -15.05238754 ], [ -67.24301328, -15.05231134 ], [ -67.24306816, -15.05228579 ], [ -67.2431921, -15.05228479 ], [ -67.24328861, -15.05229657 ], [ -67.24345473, -15.05239565 ], [ -67.24363483, -15.05251971 ], [ -67.2437464, -15.052682 ], [ -67.24380663, -15.05328402 ], [ -67.24389751, -15.0542498 ], [ -67.24397141, -15.05483915 ], [ -67.24404209, -15.05505197 ], [ -67.24415345, -15.05518915 ], [ -67.24430579, -15.05528833 ], [ -67.24444363, -15.05529977 ], [ -67.24484215, -15.05519614 ], [ -67.24529373, -15.05485359 ], [ -67.24623203, -15.05401646 ], [ -67.24700694, -15.05247462 ], [ -67.24723981, -15.0509639 ], [ -67.24737227, -15.05034777 ], [ -67.24740563, -15.04941864 ], [ -67.24743049, -15.04910463 ], [ -67.24742823, -15.04884106 ], [ -67.24750861, -15.04857681 ], [ -67.24763072, -15.04836243 ], [ -67.24779459, -15.04819793 ], [ -67.24799997, -15.04805819 ], [ -67.24820547, -15.04793101 ], [ -67.2484795, -15.04776562 ], [ -67.24868468, -15.04760077 ], [ -67.24943237, -15.0469881 ], [ -67.25009667, -15.04680383 ], [ -67.25069037, -15.04702179 ], [ -67.25087962, -15.04764826 ], [ -67.25061833, -15.04834045 ], [ -67.25025808, -15.04899631 ], [ -67.25032685, -15.0494914 ], [ -67.25071173, -15.05007601 ], [ -67.25080393, -15.05076157 ], [ -67.25108587, -15.05141909 ], [ -67.25126556, -15.05224204 ], [ -67.25153925, -15.05317502 ], [ -67.25165212, -15.05348792 ], [ -67.25164707, -15.05404867 ], [ -67.25169033, -15.05560105 ], [ -67.25175447, -15.05633998 ], [ -67.2517934, -15.05678374 ], [ -67.25191949, -15.05708478 ], [ -67.25218902, -15.05734791 ], [ -67.25251638, -15.05754632 ], [ -67.25283036, -15.05764029 ], [ -67.25308781, -15.05765551 ], [ -67.25337459, -15.05759274 ], [ -67.25395026, -15.05723246 ], [ -67.25449683, -15.05692409 ], [ -67.25495567, -15.05682364 ], [ -67.25527025, -15.0568524 ], [ -67.25570438, -15.05693517 ], [ -67.2559474, -15.05696332 ], [ -67.25617648, -15.05695222 ], [ -67.25637834, -15.05678438 ], [ -67.25650852, -15.05662898 ], [ -67.25662546, -15.05635609 ], [ -67.25662839, -15.05603006 ], [ -67.25658874, -15.05566455 ], [ -67.25643344, -15.05542847 ], [ -67.25613505, -15.05519119 ], [ -67.25547929, -15.05491174 ], [ -67.25519591, -15.05459632 ], [ -67.25512718, -15.05428273 ], [ -67.25531742, -15.05381483 ], [ -67.2559815, -15.05316835 ], [ -67.25677494, -15.05245777 ], [ -67.25703334, -15.05236867 ], [ -67.25721935, -15.05237025 ], [ -67.25747609, -15.05246371 ], [ -67.25783137, -15.05274061 ], [ -67.25805845, -15.05295121 ], [ -67.25832705, -15.05331866 ], [ -67.25871, -15.05370013 ], [ -67.25900792, -15.05398958 ], [ -67.25922221, -15.05403052 ], [ -67.25953713, -15.05402015 ], [ -67.25973758, -15.0540088 ], [ -67.25996676, -15.05398465 ], [ -67.26018233, -15.05388214 ], [ -67.260427, -15.05372771 ], [ -67.26059976, -15.05361179 ], [ -67.26080043, -15.05357436 ], [ -67.26095761, -15.05360178 ], [ -67.26111478, -15.05362919 ], [ -67.2612866, -15.0536176 ], [ -67.26154557, -15.05346329 ], [ -67.26170449, -15.05329508 ], [ -67.26173486, -15.05309971 ], [ -67.2616938, -15.05289069 ], [ -67.26146707, -15.05264097 ], [ -67.26119695, -15.05244305 ], [ -67.26069917, -15.05209974 ], [ -67.26040253, -15.05166684 ], [ -67.26038962, -15.05151023 ], [ -67.26039149, -15.05130157 ], [ -67.2605809, -15.05092496 ], [ -67.26107384, -15.05021181 ], [ -67.26187783, -15.04926174 ], [ -67.26229793, -15.04869144 ], [ -67.26280644, -15.04783495 ], [ -67.26334252, -15.04709608 ], [ -67.263962, -15.0466318 ], [ -67.26434985, -15.04646552 ], [ -67.26465138, -15.04635069 ], [ -67.26500922, -15.04634067 ], [ -67.26536601, -15.04644802 ], [ -67.26557842, -15.04669761 ], [ -67.26586309, -15.04686956 ], [ -67.26627781, -15.04689914 ], [ -67.26680771, -15.04685144 ], [ -67.26812994, -15.04621048 ], [ -67.26967087, -15.04511487 ], [ -67.2713634, -15.04380709 ], [ -67.27339611, -15.04241388 ], [ -67.27428675, -15.041729 ], [ -67.27471253, -15.04151016 ], [ -67.2750633, -15.04136693 ], [ -67.27545381, -15.04130383 ], [ -67.2758267, -15.04131858 ], [ -67.27643793, -15.0414737 ], [ -67.27698905, -15.0416919 ], [ -67.27753906, -15.04193625 ], [ -67.27801465, -15.04224312 ], [ -67.27848584, -15.04265456 ], [ -67.27873579, -15.04286084 ], [ -67.27905143, -15.04290788 ], [ -67.27962282, -15.04299255 ], [ -67.2800103, -15.04272179 ], [ -67.28033536, -15.04227656 ], [ -67.28069435, -15.04156343 ], [ -67.28099175, -15.04078968 ], [ -67.28066026, -15.03881976 ], [ -67.28028017, -15.03752282 ], [ -67.27993773, -15.0360952 ], [ -67.27939027, -15.034303 ], [ -67.27904255, -15.03262958 ], [ -67.27934796, -15.03218473 ], [ -67.27949755, -15.03190234 ], [ -67.27913041, -15.03112738 ], [ -67.27872359, -15.0304287 ], [ -67.27861322, -15.02981987 ], [ -67.2788174, -15.02922421 ], [ -67.27932146, -15.02889016 ], [ -67.27982971, -15.02876603 ], [ -67.28050138, -15.0291479 ], [ -67.28138629, -15.02900394 ], [ -67.28185527, -15.02888054 ], [ -67.28236504, -15.02883274 ], [ -67.28295602, -15.02891704 ], [ -67.28375407, -15.02934198 ], [ -67.28440814, -15.02982507 ], [ -67.28497054, -15.03044445 ], [ -67.28551979, -15.03138861 ], [ -67.28583532, -15.03243263 ], [ -67.28594364, -15.03391965 ], [ -67.28559575, -15.03518621 ], [ -67.285477, -15.03612389 ], [ -67.28566976, -15.03692206 ], [ -67.28653517, -15.03757236 ], [ -67.28720719, -15.03819953 ], [ -67.28852934, -15.03834037 ], [ -67.28984908, -15.03802905 ], [ -67.29123242, -15.0372154 ], [ -67.2917596, -15.03595261 ], [ -67.29171152, -15.03433932 ], [ -67.29091416, -15.03348294 ], [ -67.29032645, -15.03276578 ], [ -67.28955778, -15.03191054 ], [ -67.28860486, -15.03107259 ], [ -67.288314, -15.02994153 ], [ -67.28874462, -15.02857125 ] ], [ [ -66.6446588, -12.58100596 ], [ -66.64450852, -12.58147084 ], [ -66.644658798177204, -12.581005955638792 ], [ -66.6446588, -12.58100596 ] ], [ [ -67.97971888, -11.84866591 ], [ -67.98597679, -11.84808573 ], [ -67.98341248, -11.8483235 ], [ -67.97971888, -11.84866591 ] ], [ [ -67.96512846, -11.84671242 ], [ -67.97013344, -11.84944897 ], [ -67.96754461, -11.84803351 ], [ -67.96512846, -11.84671242 ] ], [ [ -66.94150171, -12.47508357 ], [ -66.93898403, -12.47553033 ], [ -66.94371485, -12.47469082 ], [ -66.94150171, -12.47508357 ] ], [ [ -66.96740892, -12.42642602 ], [ -66.96676843, -12.42739328 ], [ -66.9652847, -12.42963392 ], [ -66.96740892, -12.42642602 ] ], [ [ -66.96977048, -12.41863747 ], [ -66.96977056, -12.41862719 ], [ -66.96976624, -12.41918437 ], [ -66.96977048, -12.41863747 ] ] ] } }
]
}
