{
"type": "FeatureCollection",
"name": "SITIOS_RAMSAR_2018_AMAZONIA",
"crs": { "type": "name", "properties": { "name": "urn:ogc:def:crs:OGC:1.3:CRS84" } },
"features": [
{ "type": "Feature", "properties": { "OBJECTID": 5.0, "NOM_SRM": "RÍO YATA", "COD_SRM": "SR-10", "SHAPE_LENG": 17.3757339195, "SHAPE_AREA": 2.3366848114000001, "dep": "BENI", "prov": "YACUMA", "mun": "EXALTACION" }, "geometry": { "type": "MultiPolygon", "coordinates": [ [ [ [ -65.42942835, -10.47912763 ], [ -65.429861127972131, -10.48034850608631 ], [ -65.430219, -10.480681342999958 ], [ -65.430748398999924, -10.481130140999937 ], [ -65.431008037999902, -10.481910167999956 ], [ -65.431264273999943, -10.48259076599993 ], [ -65.431345491999934, -10.482819417999906 ], [ -65.431573635999939, -10.483461717999944 ], [ -65.431828118999931, -10.484097117999909 ], [ -65.431850804999954, -10.484793115999935 ], [ -65.432104103999905, -10.48538332499993 ], [ -65.432129157999952, -10.486169705999941 ], [ -65.432155965999925, -10.487001283999916 ], [ -65.432181017999937, -10.487787664999928 ], [ -65.432207823999931, -10.48861924299996 ], [ -65.432230612999945, -10.489306206999913 ], [ -65.432066670999916, -10.49005428199996 ], [ -65.43208945899994, -10.490741245999914 ], [ -65.431927268999914, -10.491534518999913 ], [ -65.431759668999916, -10.492400013999941 ], [ -65.431603278999944, -10.492953544999921 ], [ -65.431556100999899, -10.493120526999917 ], [ -65.431395766999913, -10.493949961999931 ], [ -65.43104808399994, -10.494795322999948 ], [ -65.430700398999932, -10.49564068199993 ], [ -65.430349879999937, -10.496386616999928 ], [ -65.429803917999948, -10.496913459999917 ], [ -65.42945339399995, -10.497659391999946 ], [ -65.428852510999945, -10.497905500999934 ], [ -65.428110596999943, -10.498159027999918 ], [ -65.427376203999927, -10.498647561999917 ], [ -65.426775316999908, -10.498893665999958 ], [ -65.426080755999919, -10.499147729999947 ], [ -65.425479297999914, -10.499393824999913 ], [ -65.425340772999903, -10.499506032999932 ], [ -65.425423665999915, -10.500537430999941 ], [ -65.42419287599995, -10.509617659999947 ], [ -65.427952357999914, -10.514853296999945 ], [ -65.431626017999918, -10.516492756999924 ], [ -65.434334081999907, -10.519635826999945 ], [ -65.436778578999906, -10.520726597999953 ], [ -65.438084207999907, -10.524282303999939 ], [ -65.437822675999939, -10.527536107999936 ], [ -65.442093833999934, -10.531215665999923 ], [ -65.441915682999934, -10.533433 ], [ -65.442381397999952, -10.539228409999907 ], [ -65.441247411999939, -10.540544513999919 ], [ -65.440352587999939, -10.541315485999917 ], [ -65.43919582399991, -10.542657925999947 ], [ -65.437174334999952, -10.544399680999959 ], [ -65.436988455999938, -10.546711682999955 ], [ -65.44535058799994, -10.55387251399992 ], [ -65.448251038999899, -10.555166754999959 ], [ -65.451902734999919, -10.558312875999945 ], [ -65.452080072999934, -10.560519837999948 ], [ -65.451007503999904, -10.565438014999927 ], [ -65.453480878999926, -10.574525564999931 ], [ -65.456074242999932, -10.576759778999929 ], [ -65.457269645999929, -10.579438454999945 ], [ -65.459573411999941, -10.580466485999921 ], [ -65.461185315999899, -10.581365784999946 ], [ -65.464716617999954, -10.581082084999935 ], [ -65.467687840999929, -10.582407949999947 ], [ -65.472006587999942, -10.586128791999954 ], [ -65.471235411999942, -10.588858513999924 ], [ -65.470340587999942, -10.590462485999922 ], [ -65.469569411999942, -10.593023513999924 ], [ -65.467197313999918, -10.597275046999926 ], [ -65.466942289999906, -10.600448215999961 ], [ -65.468289, -10.600556407999932 ], [ -65.470816877999937, -10.600353343999927 ], [ -65.472006587999942, -10.603019513999925 ], [ -65.475226734999922, -10.60579387599995 ], [ -65.475484199999926, -10.608996023999907 ], [ -65.472078580999948, -10.608722390999958 ], [ -65.471937035999929, -10.610485499999925 ], [ -65.472131456999932, -10.61290284699993 ], [ -65.469774407999921, -10.617126823999911 ], [ -65.469437221999954, -10.621324362999928 ], [ -65.47213877799993, -10.622137636999923 ], [ -65.471779627999922, -10.626606571999957 ], [ -65.476233411999942, -10.627947485999925 ], [ -65.478055192999932, -10.628963822999935 ], [ -65.481200499999943, -10.628711136999925 ], [ -65.482641979999926, -10.631941248999908 ], [ -65.487062411999943, -10.632945485999926 ], [ -65.489116033999949, -10.636224 ], [ -65.492831587999945, -10.637342631999957 ], [ -65.491227411999944, -10.639671513999929 ], [ -65.489956354999947, -10.640766757999927 ], [ -65.491695974999914, -10.642786315999956 ], [ -65.49828920199991, -10.647520545999953 ], [ -65.498780541999906, -10.653633719999959 ], [ -65.497891411999944, -10.65466551399993 ], [ -65.494146978999936, -10.657010867999929 ], [ -65.495330587999945, -10.659663513999931 ], [ -65.496225411999944, -10.661267485999929 ], [ -65.496996587999945, -10.662995513999931 ], [ -65.497891411999944, -10.664599485999929 ], [ -65.498983503999909, -10.668226269999934 ], [ -65.503645538999933, -10.670306633999928 ], [ -65.503906257999915, -10.673550575999911 ], [ -65.502889411999945, -10.681321513999933 ], [ -65.501223411999945, -10.682756791999907 ], [ -65.502066580999951, -10.68483095299996 ], [ -65.504865346999907, -10.687241995999955 ], [ -65.505508806999899, -10.695253519999937 ], [ -65.504530600999942, -10.70061727999996 ], [ -65.502681975999906, -10.702209964999952 ], [ -65.50114003099992, -10.705665816999954 ], [ -65.499495587999945, -10.707082485999933 ], [ -65.497662417999948, -10.710009374999913 ], [ -65.490394411999944, -10.715631819999942 ], [ -65.491401902999939, -10.718691609999951 ], [ -65.493695499999944, -10.718875862999937 ], [ -65.4961786369999, -10.718676357999925 ], [ -65.502383429999952, -10.727702184999941 ], [ -65.505002823999916, -10.729959073999908 ], [ -65.50744, -10.734186 ], [ -65.504109626999934, -10.738349270999947 ], [ -65.504581036999923, -10.742137224999908 ], [ -65.503645538999933, -10.742886436999925 ], [ -65.502442, -10.745015 ], [ -65.5012384609999, -10.745477562999952 ], [ -65.498647538999933, -10.746218436999925 ], [ -65.497057598999902, -10.747153019999928 ], [ -65.495477013999903, -10.746956463999936 ], [ -65.493678823999915, -10.748013372999935 ], [ -65.492906427999912, -10.747048792999919 ], [ -65.488619, -10.743619887999955 ], [ -65.486990012999911, -10.743822442999942 ], [ -65.485271542999953, -10.739744179999946 ], [ -65.48304668499992, -10.739467496999907 ], [ -65.481617, -10.740017 ], [ -65.481246460999898, -10.743811562999952 ], [ -65.479858669999942, -10.746172373999912 ], [ -65.478285, -10.749907349999944 ], [ -65.474536499999942, -10.749441125999908 ], [ -65.470409326999913, -10.749954429999946 ], [ -65.468667672999914, -10.747779802999958 ], [ -65.467039499999942, -10.747982358999934 ], [ -65.463291, -10.747514 ], [ -65.461248766999915, -10.749338830999932 ], [ -65.461156030999916, -10.750890333999905 ], [ -65.46534990899994, -10.752815222999914 ], [ -65.46243725599993, -10.756408247999957 ], [ -65.454588427999909, -10.755940396999961 ], [ -65.454390752999927, -10.759253279999939 ], [ -65.45568499399991, -10.762860133999936 ], [ -65.452854908999939, -10.763734112999941 ], [ -65.449685197999941, -10.765456546999928 ], [ -65.447014960999923, -10.765297410999949 ], [ -65.447252495999919, -10.76927795499995 ], [ -65.445686146999947, -10.772160407999934 ], [ -65.444367094999905, -10.775836 ], [ -65.445449831999952, -10.778853387999959 ], [ -65.445355874999905, -10.780434277999916 ], [ -65.446529314999907, -10.783705165999947 ], [ -65.441552872999921, -10.784862945999919 ], [ -65.440223244999913, -10.787309679999908 ], [ -65.440752004999922, -10.796177997999905 ], [ -65.436464982999951, -10.798145594999937 ], [ -65.435361908999937, -10.801219112999945 ], [ -65.434480913999948, -10.804073194999944 ], [ -65.432770985999923, -10.807219416999942 ], [ -65.433010554999953, -10.811238499999945 ], [ -65.432855587999939, -10.813842844999954 ], [ -65.434861213999909, -10.815635136999958 ], [ -65.434432104999928, -10.822837353999944 ], [ -65.436249411999938, -10.824461154999938 ], [ -65.436193688999936, -10.825399499999946 ], [ -65.436252665999916, -10.826391127999955 ], [ -65.43374309099994, -10.832919886999946 ], [ -65.430560770999932, -10.833902566999939 ], [ -65.429365366999946, -10.837773596999909 ], [ -65.425365908999936, -10.838704112999949 ], [ -65.424409260999937, -10.839775155999916 ], [ -65.419683368999927, -10.839493489999938 ], [ -65.418701908999935, -10.840370112999949 ], [ -65.417916090999938, -10.846247886999947 ], [ -65.417035908999935, -10.84786711299995 ], [ -65.415818947999924, -10.851808405999918 ], [ -65.413703908999935, -10.85369811299995 ], [ -65.41206516099993, -10.857961237999916 ], [ -65.407010623999952, -10.857659946999945 ], [ -65.404540908999934, -10.861195112999951 ], [ -65.403755090999937, -10.863740886999949 ], [ -65.401186538999923, -10.865374449999933 ], [ -65.403707908999934, -10.868984556999919 ], [ -65.402922090999937, -10.87040488699995 ], [ -65.402041908999934, -10.871191112999952 ], [ -65.400573176999899, -10.872834944999909 ], [ -65.397924090999936, -10.874050888999932 ], [ -65.398709908999933, -10.87623588699995 ], [ -65.403989778999915, -10.882289474999936 ], [ -65.403653812999949, -10.887930934999929 ], [ -65.405860774999951, -10.891992622999908 ], [ -65.407039908999934, -10.894561886999952 ], [ -65.409586090999937, -10.895348112999955 ], [ -65.41220833299991, -10.896773119999921 ], [ -65.413751090999938, -10.895394886999952 ], [ -65.415894194999908, -10.890724921999947 ], [ -65.421200908999936, -10.887018112999954 ], [ -65.424580090999939, -10.886231886999951 ], [ -65.427237718999947, -10.882052956999928 ], [ -65.43181067699993, -10.879567886999951 ], [ -65.43374309099994, -10.880354112999953 ], [ -65.435363942999913, -10.882902632999958 ], [ -65.436993335999944, -10.882805523999934 ], [ -65.44674041299993, -10.88549050499995 ], [ -65.445134202999952, -10.892393565999953 ], [ -65.443691908999938, -10.893682112999954 ], [ -65.441584190999947, -10.896996723999905 ], [ -65.437027908999937, -10.897847112999955 ], [ -65.435367196999948, -10.89874956299991 ], [ -65.434199043999911, -10.893728886999952 ], [ -65.43095123899991, -10.897400615999913 ], [ -65.429578090999939, -10.900392886999953 ], [ -65.428241548999949, -10.901586867999924 ], [ -65.426198908999936, -10.904511112999955 ], [ -65.425413090999939, -10.907056886999953 ], [ -65.424221753999916, -10.910376888999906 ], [ -65.427938121999944, -10.913697499999955 ], [ -65.426592224999922, -10.914900122999939 ], [ -65.425019774999953, -10.916659876999915 ], [ -65.423030010999923, -10.918437830999949 ], [ -65.42282135399995, -10.921940660999951 ], [ -65.424582530999942, -10.92617490899994 ], [ -65.424531688999934, -10.927025499999957 ], [ -65.424630932999946, -10.928691499999957 ], [ -65.422866908999936, -10.929501112999958 ], [ -65.422081090999939, -10.930380886999956 ], [ -65.420367908999935, -10.931167112999958 ], [ -65.419582090999938, -10.932879886999956 ], [ -65.418701908999935, -10.933666112999958 ], [ -65.4173173719999, -10.936683398999946 ], [ -65.4148183719999, -10.939480334999928 ], [ -65.412894499999936, -10.93959493299991 ], [ -65.411896770999931, -10.937421526999913 ], [ -65.407125730999951, -10.938894834999928 ], [ -65.406939444999921, -10.942019499999958 ], [ -65.407136305999927, -10.945322316999921 ], [ -65.403880365999953, -10.94551643199992 ], [ -65.398690791999911, -10.941258390999906 ], [ -65.392609241999935, -10.940895986999919 ], [ -65.386292188999903, -10.942365735999942 ], [ -65.386165286999926, -10.944497450999961 ], [ -65.387890263999907, -10.946038582999961 ], [ -65.388713908999932, -10.948706886999958 ], [ -65.38993290399992, -10.950949540999943 ], [ -65.387928090999935, -10.952038886999958 ], [ -65.385381908999932, -10.95282511299996 ], [ -65.384989, -10.954931 ], [ -65.386214501999916, -10.955434541999921 ], [ -65.387590904999911, -10.955162636999944 ], [ -65.391309305999926, -10.956292250999923 ], [ -65.394564432999914, -10.96083348399992 ], [ -65.395486507999919, -10.964328179999939 ], [ -65.398137221999946, -10.966228155999943 ], [ -65.397715433999906, -10.968361802999937 ], [ -65.399214670999925, -10.973296148999907 ], [ -65.40111657999995, -10.97629208099994 ], [ -65.400309203999939, -10.98037796999995 ], [ -65.402181826999936, -10.982830195999952 ], [ -65.401163760999907, -10.984433760999934 ], [ -65.400816, -10.985752 ], [ -65.401223551999919, -10.988094608999916 ], [ -65.405356012999903, -10.987580593999951 ], [ -65.406254090999937, -10.989712105999956 ], [ -65.409639373999937, -10.99528543699995 ], [ -65.413143016999925, -10.994499211999937 ], [ -65.414144, -10.993249 ], [ -65.414977, -10.993249 ], [ -65.415369908999935, -10.996187886999905 ], [ -65.417035908999935, -10.999253778999957 ], [ -65.416139050999902, -11.001458808999928 ], [ -65.412513385999944, -11.006649195999955 ], [ -65.416250090999938, -11.007803112999909 ], [ -65.418705569999929, -11.009518530999912 ], [ -65.420266630999947, -11.009425489999956 ], [ -65.421274121999943, -11.010325499999908 ], [ -65.420129966999923, -11.011347632999957 ], [ -65.421224499999937, -11.013731932999917 ], [ -65.425131220999901, -11.013499074999913 ], [ -65.422921411999937, -11.017566356999907 ], [ -65.422081090999939, -11.021177886999908 ], [ -65.421104104999927, -11.022050645999911 ], [ -65.4212818499999, -11.025034070999936 ], [ -65.420415090999938, -11.027841886999909 ], [ -65.417916090999938, -11.028988888999947 ], [ -65.418869891999918, -11.033662210999921 ], [ -65.420412649999946, -11.035388712999918 ], [ -65.422474, -11.035265877999905 ], [ -65.423742209999943, -11.03534142999996 ], [ -65.42681267699993, -11.033672886999909 ], [ -65.42710146099995, -11.035430199999951 ], [ -65.425363468999933, -11.03862868799996 ], [ -65.425415124999915, -11.03949371899995 ], [ -65.424524773999906, -11.043661463999911 ], [ -65.42675085299993, -11.045650617999911 ], [ -65.427914530999942, -11.047791687999904 ], [ -65.427862468999933, -11.048662311999919 ], [ -65.428745090999939, -11.050286112999913 ], [ -65.429530908999936, -11.052831886999911 ], [ -65.430522536999945, -11.054656311999906 ], [ -65.423870738999938, -11.054259843999944 ], [ -65.4214823719999, -11.05693333499994 ], [ -65.417340555999942, -11.057180224999911 ], [ -65.415439054999922, -11.055481278999935 ], [ -65.414574735999906, -11.053597673999946 ], [ -65.412432444999922, -11.054761656999915 ], [ -65.411204908999935, -11.053664886999911 ], [ -65.410419090999937, -11.051952112999913 ], [ -65.409538908999934, -11.050332886999911 ], [ -65.408013640999911, -11.047009326999955 ], [ -65.407044789999929, -11.046951569999919 ], [ -65.403974322999943, -11.048620112999913 ], [ -65.402204197999936, -11.047354037999924 ], [ -65.400488168999914, -11.043615400999954 ], [ -65.398725771999921, -11.043720441999938 ], [ -65.397712586999944, -11.040438571999914 ], [ -65.391246667999951, -11.039455078999936 ], [ -65.390403499999934, -11.039505310999914 ], [ -65.387967543999935, -11.039360104999957 ], [ -65.386701774999949, -11.040776876999928 ], [ -65.384925548999945, -11.042363867999939 ], [ -65.382882908999932, -11.045288112999913 ], [ -65.382097090999935, -11.047000886999911 ], [ -65.380344455999932, -11.047805313999959 ], [ -65.379449224999917, -11.062825548999911 ], [ -65.382049908999932, -11.065149447999943 ], [ -65.3805441639999, -11.070276993999926 ], [ -65.375995202999945, -11.076788975999932 ], [ -65.379390653999906, -11.079822835999948 ], [ -65.381170133999944, -11.083699763999959 ], [ -65.382930090999935, -11.085272112999917 ], [ -65.385357504999945, -11.090561031999925 ], [ -65.389200774999949, -11.093995122999956 ], [ -65.391116104999924, -11.096138837999945 ], [ -65.399590090999936, -11.096934112999918 ], [ -65.400375908999933, -11.100312886999916 ], [ -65.403609071999938, -11.101796769999908 ], [ -65.404588090999937, -11.103598112999919 ], [ -65.40576722499992, -11.106167376999906 ], [ -65.410560228999941, -11.109215777999907 ], [ -65.409223686999951, -11.111675120999905 ], [ -65.412441393999927, -11.113922654999953 ], [ -65.418749090999938, -11.111974886999917 ], [ -65.42096052699992, -11.110773178999921 ], [ -65.422033908999936, -11.111974886999917 ], [ -65.422914090999939, -11.11276111299992 ], [ -65.423817456999927, -11.116644445999952 ], [ -65.42681674499994, -11.118021153999905 ], [ -65.427864908999936, -11.120304886999918 ], [ -65.428745090999939, -11.12109111299992 ], [ -65.429665539999917, -11.123096636999946 ], [ -65.43665737099991, -11.12267983199996 ], [ -65.437860908999937, -11.125302886999918 ], [ -65.43874109099994, -11.126089112999921 ], [ -65.439922665999916, -11.128663765999931 ], [ -65.446067260999939, -11.128297599999939 ], [ -65.447901649999949, -11.130350712999928 ], [ -65.450510469999926, -11.130195236999953 ], [ -65.456234090999942, -11.131087112999921 ], [ -65.458721701999934, -11.132824697999922 ], [ -65.460400717999903, -11.12916608799992 ], [ -65.466336249999927, -11.130273940999928 ], [ -65.46784890899994, -11.131966886999919 ], [ -65.469503926999948, -11.133445482999946 ], [ -65.469612932999951, -11.135275499999921 ], [ -65.467063090999943, -11.136445888999958 ], [ -65.46784890899994, -11.14446188699992 ], [ -65.469503926999948, -11.145940482999947 ], [ -65.469753257999912, -11.150122056999919 ], [ -65.46868190899994, -11.151079112999923 ], [ -65.4675027749999, -11.154897876999939 ], [ -65.464620220999905, -11.157473546999938 ], [ -65.463339808999933, -11.164678609999953 ], [ -65.469122, -11.169845 ], [ -65.472939238999913, -11.169497238999952 ], [ -65.475280017999921, -11.166231434999929 ], [ -65.478369194999914, -11.168192726999905 ], [ -65.479465760999915, -11.173662238999952 ], [ -65.483490029999928, -11.174469003999945 ], [ -65.484589442999948, -11.177320340999927 ], [ -65.485782, -11.178175 ], [ -65.485267068999917, -11.179401315999939 ], [ -65.485552192999933, -11.180674 ], [ -65.485173519999933, -11.182362471999909 ], [ -65.485782, -11.184839 ], [ -65.489288083999952, -11.184316137999929 ], [ -65.492186093999919, -11.18533186499991 ], [ -65.495904088999907, -11.185184421999907 ], [ -65.500329807999947, -11.186585635999904 ], [ -65.500392445999921, -11.188171 ], [ -65.500309470999923, -11.190261329999942 ], [ -65.504505382999923, -11.191260685999907 ], [ -65.502369193999925, -11.195297359999927 ], [ -65.50565970699995, -11.201515574999917 ], [ -65.502874362999933, -11.205563026999926 ], [ -65.50451107799995, -11.209434463999912 ], [ -65.510004891999927, -11.208285122999939 ], [ -65.512069087999919, -11.210197911999956 ], [ -65.513671636999902, -11.211927362999916 ], [ -65.515421424999943, -11.213548519999961 ], [ -65.513613066999937, -11.220448732999955 ], [ -65.513731427999915, -11.223427277999917 ], [ -65.512037362999934, -11.225255362999917 ], [ -65.509423255999934, -11.226489 ], [ -65.509570087999919, -11.230193165999935 ], [ -65.508673636999902, -11.231887636999943 ], [ -65.507872362999933, -11.235251362999918 ], [ -65.506976724999902, -11.237806492999937 ], [ -65.507105660999912, -11.241061313999921 ], [ -65.503474301999915, -11.24221106199991 ], [ -65.502041362999933, -11.245247362999919 ], [ -65.501176636999901, -11.246881636999944 ], [ -65.500375362999932, -11.248579362999919 ], [ -65.497876362999932, -11.249758801999917 ], [ -65.498677636999901, -11.25524336299992 ], [ -65.500955777999934, -11.259548890999952 ], [ -65.499541142999931, -11.261075582999922 ], [ -65.496215649999954, -11.26094379999995 ], [ -65.495922798999914, -11.268334233999951 ], [ -65.497054750999951, -11.269383110999911 ], [ -65.495377362999932, -11.272552821999909 ], [ -65.4961786369999, -11.277734362999922 ], [ -65.499510636999901, -11.278789339999946 ], [ -65.498709362999932, -11.280233362999923 ], [ -65.497043362999932, -11.281777035999937 ], [ -65.497903207999912, -11.283696332999909 ], [ -65.502025499999945, -11.283533026999919 ], [ -65.503275, -11.283582546999924 ], [ -65.506088001999899, -11.283471 ], [ -65.507840636999902, -11.284398362999923 ], [ -65.510371362999933, -11.285199636999948 ], [ -65.511897037999915, -11.286846113999957 ], [ -65.513703362999934, -11.287698636999949 ], [ -65.515185109999948, -11.289298033999955 ], [ -65.519405832999951, -11.292023484999959 ], [ -65.520337670999936, -11.296903835999956 ], [ -65.525120505999951, -11.295227362999924 ], [ -65.526988654999911, -11.296616170999926 ], [ -65.527059427999916, -11.298401039999931 ], [ -65.526198362999935, -11.300225362999925 ], [ -65.525278727999932, -11.301963049999927 ], [ -65.529498636999904, -11.305872821999913 ], [ -65.526316316999953, -11.309332639999923 ], [ -65.524042649999899, -11.310405818999925 ], [ -65.522041090999949, -11.314187975999914 ], [ -65.522000416999902, -11.315218243999936 ], [ -65.524841076999905, -11.317850247999957 ], [ -65.523666823999918, -11.326856957999951 ], [ -65.523726613999941, -11.328365753999947 ], [ -65.523267, -11.331447 ], [ -65.520608151999909, -11.332027008999944 ], [ -65.519487587999947, -11.33106141199994 ], [ -65.518283642999904, -11.329664062999939 ], [ -65.515579645999935, -11.333477843999958 ], [ -65.514551411999946, -11.340224411999941 ], [ -65.510404714999936, -11.342074867999941 ], [ -65.512276117999932, -11.343687381999928 ], [ -65.510705294999923, -11.347207497999932 ], [ -65.507054411999945, -11.348836484999936 ], [ -65.507825587999946, -11.350220411999942 ], [ -65.511219411999946, -11.350991587999943 ], [ -65.514146300999926, -11.352624438999953 ], [ -65.518349533999924, -11.347746019999931 ], [ -65.524219987999913, -11.349901732999911 ], [ -65.526815791999923, -11.346888411999942 ], [ -65.529390851999949, -11.349066088999905 ], [ -65.52954785299994, -11.351022499999942 ], [ -65.529385970999954, -11.353037684999947 ], [ -65.532628081999917, -11.356800826999915 ], [ -65.534543411999948, -11.357655587999943 ], [ -65.535323128999948, -11.359402935999924 ], [ -65.539550766999923, -11.357850618999919 ], [ -65.542842499999949, -11.35758603599993 ], [ -65.547424, -11.357954133999954 ], [ -65.551646756999901, -11.357614913999953 ], [ -65.552807587999951, -11.360216411999943 ], [ -65.556008617999908, -11.362221631999944 ], [ -65.556972587999951, -11.364381411999943 ], [ -65.560269607999942, -11.366446625999913 ], [ -65.560435963999907, -11.368515499999944 ], [ -65.558276590999924, -11.369478859999958 ], [ -65.555541275999929, -11.374382089999926 ], [ -65.557358175999923, -11.376491027999919 ], [ -65.559546833999946, -11.378376665999951 ], [ -65.559408542999904, -11.380095745999938 ], [ -65.561970587999951, -11.384687413999927 ], [ -65.561199411999951, -11.386872411999946 ], [ -65.558700411999951, -11.38798748499994 ], [ -65.560155721999934, -11.390599354999949 ], [ -65.562865411999951, -11.391808587999947 ], [ -65.563636587999952, -11.392703411999946 ], [ -65.564531411999951, -11.393474587999947 ], [ -65.56594808199992, -11.395118826999919 ], [ -65.567868292999947, -11.395975621999924 ], [ -65.567765387999941, -11.397254 ], [ -65.567910593999954, -11.399060730999906 ], [ -65.567030411999951, -11.401033411999947 ], [ -65.566072542999905, -11.402750253999955 ], [ -65.566201072999945, -11.404348735999918 ], [ -65.565078881999909, -11.409494177999932 ], [ -65.566402814999947, -11.412461740999959 ], [ -65.571698953999942, -11.413911152999958 ], [ -65.572799587999953, -11.412633587999949 ], [ -65.577026411999952, -11.411862411999948 ], [ -65.581020581999951, -11.410769302999938 ], [ -65.582691869999906, -11.412708833999943 ], [ -65.588793756999905, -11.412218510999935 ], [ -65.588624146999905, -11.414330499999949 ], [ -65.588805552999929, -11.416590540999948 ], [ -65.587855411999954, -11.417693411999949 ], [ -65.585992143999931, -11.419299010999907 ], [ -65.587855411999954, -11.42013058799995 ], [ -65.589077253999903, -11.421548680999933 ], [ -65.591447724999909, -11.422871393999912 ], [ -65.594905, -11.422593591999942 ], [ -65.596857749999913, -11.42275038899993 ], [ -65.598237, -11.422244 ], [ -65.600674175999927, -11.423139027999923 ], [ -65.605811279999898, -11.424685649999958 ], [ -65.606250963999912, -11.43015749999995 ], [ -65.606114706999904, -11.431850547999943 ], [ -65.607785587999899, -11.433289791999925 ], [ -65.607014411999899, -11.43518641199995 ], [ -65.605099081999924, -11.436041172999921 ], [ -65.603005192999944, -11.438471636999907 ], [ -65.600288587999898, -11.439289587999951 ], [ -65.598959773999923, -11.440831532999937 ], [ -65.596185411999954, -11.441850411999951 ], [ -65.592391763999899, -11.44299273699994 ], [ -65.590227916999936, -11.446044696999934 ], [ -65.590593980999927, -11.450601589999906 ], [ -65.588960519999944, -11.452497599999958 ], [ -65.586189411999953, -11.450951587999953 ], [ -65.581877985999938, -11.449653278999961 ], [ -65.579439589999936, -11.443228237999961 ], [ -65.573085117999938, -11.444387441999936 ], [ -65.569042545999935, -11.449079574999928 ], [ -65.564267438999934, -11.450164345999951 ], [ -65.564575339999919, -11.453997447999939 ], [ -65.558324992999928, -11.452286705999938 ], [ -65.55703441199995, -11.455178411999952 ], [ -65.552323975999911, -11.45659670799995 ], [ -65.55114158799995, -11.457615587999953 ], [ -65.549984823999921, -11.458958027999927 ], [ -65.548195175999922, -11.460499971999923 ], [ -65.547038411999949, -11.461842411999953 ], [ -65.54614358799995, -11.462613587999954 ], [ -65.545082000999912, -11.463845801999923 ], [ -65.542873411999949, -11.462613587999954 ], [ -65.541145587999949, -11.461842411999953 ], [ -65.540372377999915, -11.460109706999958 ], [ -65.538677499999949, -11.46024596399991 ], [ -65.536983434999911, -11.460109706999958 ], [ -65.534205005999922, -11.464545797999961 ], [ -65.531211411999948, -11.463446587999954 ], [ -65.528650587999948, -11.462675411999953 ], [ -65.526584356999933, -11.461522715999934 ], [ -65.52471132799991, -11.463136652999935 ], [ -65.524483146999899, -11.465976499999954 ], [ -65.524623471999917, -11.467723440999919 ], [ -65.522048411999947, -11.469941791999929 ], [ -65.522819587999948, -11.471838411999954 ], [ -65.526151587999948, -11.472841631999927 ], [ -65.524321671999928, -11.477398523999909 ], [ -65.521986587999947, -11.478440587999955 ], [ -65.520486129999938, -11.48018183399995 ], [ -65.519491654999911, -11.480101909999917 ], [ -65.518604558999925, -11.481131364999953 ], [ -65.514510331999929, -11.480802313999959 ], [ -65.513482096999951, -11.487550508999959 ], [ -65.51199465499991, -11.487670089999938 ], [ -65.509863346999907, -11.48519630699991 ], [ -65.507033667999906, -11.48496894099992 ], [ -65.502062919999901, -11.488082521999956 ], [ -65.504018517999953, -11.493407335999905 ], [ -65.499591577999922, -11.494740217999947 ], [ -65.49939268299994, -11.497214 ], [ -65.499620456999935, -11.50004774599995 ], [ -65.498412850999898, -11.502212 ], [ -65.499561885999924, -11.504271315999915 ], [ -65.499257238999917, -11.50806313399994 ], [ -65.500390411999945, -11.510094587999959 ], [ -65.501301505999947, -11.517056319999938 ], [ -65.505126878999931, -11.520352120999917 ], [ -65.507825587999946, -11.523484411999959 ], [ -65.508720411999946, -11.52425558799996 ], [ -65.510324587999946, -11.52848241199996 ], [ -65.511236901999951, -11.53011749999996 ], [ -65.509278049999921, -11.53362805799992 ], [ -65.507808097999941, -11.537630565999905 ], [ -65.509615235999945, -11.539187559999959 ], [ -65.512379429999953, -11.542395707999958 ], [ -65.515322587999947, -11.543476411999904 ], [ -65.519316350999929, -11.544678933999933 ], [ -65.519656790999932, -11.548915112999907 ], [ -65.517883411999946, -11.550973411999905 ], [ -65.514088136999931, -11.552667069999927 ], [ -65.509573341999953, -11.55655670799996 ], [ -65.50948711399991, -11.557631717999925 ], [ -65.512072748999913, -11.560933211999952 ], [ -65.510497044999909, -11.563757195999926 ], [ -65.510268457999928, -11.566601719999937 ], [ -65.511742883999943, -11.568312664999951 ], [ -65.515272558999925, -11.568596364999905 ], [ -65.516165349999937, -11.567560198999956 ], [ -65.518269, -11.568019 ], [ -65.518654587999947, -11.573464411999907 ], [ -65.521153587999947, -11.574579484999958 ], [ -65.520040344999927, -11.576577383999904 ], [ -65.517634081999915, -11.577651172999936 ], [ -65.515831823999918, -11.579743027999939 ], [ -65.513813588999938, -11.581482036999944 ], [ -65.5110860019999, -11.585836373999939 ], [ -65.507891885999925, -11.586093025999958 ], [ -65.504021364999915, -11.583933651999928 ], [ -65.500076816999922, -11.586134512999934 ], [ -65.494667197999945, -11.587763092999921 ], [ -65.490310623999903, -11.591516880999905 ], [ -65.490399292999939, -11.592619547999959 ], [ -65.489353975999904, -11.593519862999926 ], [ -65.487895411999943, -11.59678841199991 ], [ -65.487000587999944, -11.59755958799991 ], [ -65.4860366179999, -11.600760617999924 ], [ -65.482835587999944, -11.601724587999911 ], [ -65.48157266599992, -11.604555079999955 ], [ -65.472031805999904, -11.602474002999941 ], [ -65.470849823999913, -11.606399027999942 ], [ -65.469507587999942, -11.607555587999911 ], [ -65.468736411999942, -11.609283411999911 ], [ -65.467190399999936, -11.610615479999922 ], [ -65.470213685999909, -11.616034046999914 ], [ -65.470505316999947, -11.619665 ], [ -65.470270221999954, -11.62259026199996 ], [ -65.474335570999926, -11.623814340999957 ], [ -65.475404478999906, -11.626725569999905 ], [ -65.475269035999929, -11.628411499999913 ], [ -65.477066411999942, -11.629213587999914 ], [ -65.477837587999943, -11.632607411999913 ], [ -65.478732411999943, -11.634211587999914 ], [ -65.479503587999943, -11.636772411999914 ], [ -65.481617, -11.639657 ], [ -65.481184636999899, -11.640057636999927 ], [ -65.479545888999951, -11.642595480999944 ], [ -65.475663571999917, -11.641578227999958 ], [ -65.474338417999945, -11.645763768999927 ], [ -65.468862093999917, -11.645980762999955 ], [ -65.466222362999929, -11.645055636999928 ], [ -65.462025636999954, -11.644254362999959 ], [ -65.460030585999903, -11.643198673999905 ], [ -65.457429494999928, -11.644426209999949 ], [ -65.459473760999913, -11.650883179999937 ], [ -65.462041499999941, -11.650985067999954 ], [ -65.46848586099992, -11.650729635999937 ], [ -65.469571445999918, -11.651735499999916 ], [ -65.467898530999946, -11.653285579999931 ], [ -65.469522636999955, -11.658415362999961 ], [ -65.47371936299993, -11.660049636999929 ], [ -65.474520636999898, -11.663413362999961 ], [ -65.475834401999919, -11.664630729999942 ], [ -65.474519416999954, -11.668382890999908 ], [ -65.47457066599992, -11.66967550499993 ], [ -65.472021636999898, -11.67087863699993 ], [ -65.471220362999929, -11.671743362999905 ], [ -65.469509214999903, -11.67255094199993 ], [ -65.470587070999954, -11.674588089999929 ], [ -65.467108645999929, -11.676229685999942 ], [ -65.466989877999936, -11.679224499999918 ], [ -65.46705658299993, -11.680903515999944 ], [ -65.46510017199995, -11.685666013999935 ], [ -65.467023636999954, -11.687447934999909 ], [ -65.466048685999908, -11.690637982999931 ], [ -65.461659572999906, -11.692709500999911 ], [ -65.463691636999954, -11.696549923999953 ], [ -65.462056142999927, -11.698400582999909 ], [ -65.460661436999942, -11.698345266999922 ], [ -65.459380210999939, -11.709050414999922 ], [ -65.451196636999953, -11.710029636999934 ], [ -65.448729362999927, -11.714226362999909 ], [ -65.447864636999952, -11.715027636999935 ], [ -65.446230362999927, -11.72089036299991 ], [ -65.445365636999952, -11.722524636999935 ], [ -65.444206839999936, -11.724980115999927 ], [ -65.439545211999928, -11.722513248999917 ], [ -65.437892227999953, -11.724297202999935 ], [ -65.437067362999926, -11.721691636999935 ], [ -65.436202636999951, -11.72089036299991 ], [ -65.435401362999926, -11.720025636999935 ], [ -65.432531010999924, -11.719116780999911 ], [ -65.431236362999925, -11.715027636999935 ], [ -65.430804, -11.714627 ], [ -65.430032823999909, -11.715522027999953 ], [ -65.42824317599991, -11.717063971999949 ], [ -65.427086411999937, -11.718406411999922 ], [ -65.420041704999903, -11.721079902999918 ], [ -65.418756411999937, -11.722571411999922 ], [ -65.417090411999936, -11.724006791999955 ], [ -65.417861587999937, -11.725903411999923 ], [ -65.418756411999937, -11.727507587999924 ], [ -65.420653032999951, -11.732505384999911 ], [ -65.422859587999938, -11.735066411999924 ], [ -65.42450565799993, -11.736484707999921 ], [ -65.424842436999938, -11.740677772999959 ], [ -65.423522977999937, -11.741814606999924 ], [ -65.424525587999938, -11.748394411999925 ], [ -65.427609883999935, -11.751051632999918 ], [ -65.428756478999901, -11.754174569999918 ], [ -65.42855433099993, -11.756693499999926 ], [ -65.429027366999946, -11.762582459999919 ], [ -65.426195654999901, -11.762355093999929 ], [ -65.423941917999912, -11.764970826999956 ], [ -65.421301373999938, -11.766149147999954 ], [ -65.421015029999921, -11.769711564999909 ], [ -65.422327166999935, -11.771234596999932 ], [ -65.429190061999918, -11.769168365999917 ], [ -65.435070684999914, -11.765887411999927 ], [ -65.438139931999899, -11.767617879999932 ], [ -65.439954797999917, -11.76972498799995 ], [ -65.448169283999903, -11.769064851999929 ], [ -65.453572395999913, -11.770691804999956 ], [ -65.455346587999941, -11.773871480999958 ], [ -65.454185349999932, -11.776901680999913 ], [ -65.452263917999915, -11.779131826999958 ], [ -65.45034858799994, -11.779986587999929 ], [ -65.44957741199994, -11.782547411999928 ], [ -65.448239649999948, -11.783700107999948 ], [ -65.448822912999901, -11.790958352999951 ], [ -65.445412411999939, -11.79337641199993 ], [ -65.442846706999944, -11.794983434999949 ], [ -65.443049668999947, -11.79751049999993 ], [ -65.442782035999926, -11.800842499999931 ], [ -65.443390515999909, -11.808413729999927 ], [ -65.441174605999947, -11.80823578199994 ], [ -65.441316963999952, -11.810005499999932 ], [ -65.440803660999904, -11.816391087999932 ], [ -65.443278662999944, -11.81777176099996 ], [ -65.44951558799994, -11.817270658999917 ], [ -65.448139185999935, -11.820713291999937 ], [ -65.44621449999994, -11.820868055999938 ], [ -65.444599341999947, -11.82073810299994 ], [ -65.443549143999917, -11.827508464999937 ], [ -65.443751292999934, -11.830026988999919 ], [ -65.441109120999954, -11.830822568999906 ], [ -65.439519587999939, -11.836630587999935 ], [ -65.438723600999936, -11.840994279999904 ], [ -65.436269341999946, -11.843108707999932 ], [ -65.436154234999947, -11.844541443999958 ], [ -65.43702180799994, -11.84835929299993 ], [ -65.438676418999933, -11.848226492999913 ], [ -65.438784611999949, -11.849573 ], [ -65.438650387999928, -11.851239 ], [ -65.438817963999952, -11.853321499999936 ], [ -65.436249411999938, -11.85446748499993 ], [ -65.437020587999939, -11.858350411999936 ], [ -65.437915411999938, -11.859121587999937 ], [ -65.438798033999944, -11.86681971999991 ], [ -65.442260189999899, -11.868364714999927 ], [ -65.441202263999912, -11.875307533999944 ], [ -65.438740683999924, -11.876680885999917 ], [ -65.436473117999924, -11.876498666999908 ], [ -65.435369636999951, -11.880164192999928 ], [ -65.433305846999929, -11.881942248999906 ], [ -65.435233379999943, -11.888985328999922 ], [ -65.431983947999925, -11.88924645499992 ], [ -65.427428885999916, -11.886704950999956 ], [ -65.424585377999904, -11.886476567999921 ], [ -65.423754411999937, -11.888338411999939 ], [ -65.422854706999942, -11.889113451999947 ], [ -65.423230532999924, -11.89378850199995 ], [ -65.420943850999947, -11.897887 ], [ -65.422088411999937, -11.899938587999941 ], [ -65.422859587999938, -11.904998411999941 ], [ -65.425358587999938, -11.906113484999935 ], [ -65.424587411999937, -11.908330411999941 ], [ -65.423656387999927, -11.909132499999942 ], [ -65.425358587999938, -11.910598791999917 ], [ -65.423921581999934, -11.912580826999942 ], [ -65.420619272999943, -11.912315429999921 ], [ -65.418694587999937, -11.915765587999942 ], [ -65.418309, -11.917879 ], [ -65.419589411999937, -11.918264587999943 ], [ -65.420443968999905, -11.920179917999917 ], [ -65.422136, -11.921637261999933 ], [ -65.419422242999929, -11.922848121999948 ], [ -65.419591852999929, -11.924959499999943 ], [ -65.419525146999945, -11.925792499999943 ], [ -65.419844436999938, -11.929768772999921 ], [ -65.418627068999911, -11.930817547999936 ], [ -65.41882596399995, -11.933289499999944 ], [ -65.415424411999936, -11.934807243999956 ], [ -65.416335912999898, -11.936987970999951 ], [ -65.420422411999937, -11.939922587999945 ], [ -65.421193587999937, -11.940817411999944 ], [ -65.422859587999938, -11.94225279199992 ], [ -65.416195587999937, -11.941650411999944 ], [ -65.413377704999903, -11.940615669999943 ], [ -65.411128035999923, -11.941619499999945 ], [ -65.411261852999928, -11.943285499999945 ], [ -65.411161387999925, -11.944535 ], [ -65.411315541999954, -11.946449719999919 ], [ -65.409991201999901, -11.947986987999911 ], [ -65.402023605999943, -11.947346781999954 ], [ -65.402288798999905, -11.950647665999952 ], [ -65.399040180999918, -11.95344663599991 ], [ -65.401856842999905, -11.95741965499991 ], [ -65.399535587999935, -11.961580587999947 ], [ -65.398764411999935, -11.963308411999947 ], [ -65.396794984999929, -11.966086434999909 ], [ -65.395432411999934, -11.969139411999947 ], [ -65.393766411999934, -11.970574791999923 ], [ -65.395205451999914, -11.972559877999913 ], [ -65.397931411999934, -11.974908587999948 ], [ -65.398702587999935, -11.976636411999948 ], [ -65.399597411999935, -11.978240587999949 ], [ -65.400368587999935, -11.984133411999949 ], [ -65.402736617999949, -11.985190117999935 ], [ -65.398141288999909, -11.995542623999938 ], [ -65.402010996999934, -11.998876454999959 ], [ -65.401660803148474, -12.000039480983165 ], [ -65.46068626, -12.00003164 ], [ -65.859818529115216, -12.000019515496122 ], [ -65.859298304999925, -11.997615362999909 ], [ -65.856467, -11.995348 ], [ -65.855992742999945, -11.992555741999922 ], [ -65.853135, -11.99035 ], [ -65.850206890999914, -11.989895672999921 ], [ -65.847441070999935, -11.990911298999947 ], [ -65.845221499999923, -11.990732943999944 ], [ -65.844359621999899, -11.990802292999945 ], [ -65.843251259999931, -11.988318748999916 ], [ -65.846370128999922, -11.987379793999935 ], [ -65.847689587999923, -11.981572587999949 ], [ -65.848651930999949, -11.980743451999956 ], [ -65.848421309999935, -11.977874726999914 ], [ -65.851868416999935, -11.979140495999957 ], [ -65.855186587999924, -11.978789480999922 ], [ -65.852541975999941, -11.976511136999932 ], [ -65.850281323999923, -11.971445210999946 ], [ -65.853135, -11.971674407999956 ], [ -65.854384499999924, -11.971573943999942 ], [ -65.855244344999903, -11.97164308999993 ], [ -65.856019587999924, -11.970743587999948 ], [ -65.856914411999924, -11.969972411999947 ], [ -65.857685587999924, -11.968793480999921 ], [ -65.856019587999924, -11.965807411999947 ], [ -65.855046669999922, -11.961524864999944 ], [ -65.852072192999913, -11.961763822999956 ], [ -65.848660064999933, -11.959860287999959 ], [ -65.844936375999907, -11.953914791999921 ], [ -65.845382161999908, -11.94836444099991 ], [ -65.841765444999908, -11.945248215999925 ], [ -65.841925292999917, -11.943255197999918 ], [ -65.836860587999922, -11.942483411999945 ], [ -65.836089411999922, -11.941588587999945 ], [ -65.832328709999899, -11.938348306999956 ], [ -65.827820015999919, -11.93732413999993 ], [ -65.826926411999921, -11.932425587999944 ], [ -65.825181911999948, -11.929298990999939 ], [ -65.825382026999932, -11.926811989999919 ], [ -65.824361113999942, -11.924982683999929 ], [ -65.824429852999913, -11.924126499999943 ], [ -65.824269597999944, -11.922128397999927 ], [ -65.81853458799992, -11.920825411999942 ], [ -65.81776341199992, -11.919930587999943 ], [ -65.815848081999945, -11.919075826999915 ], [ -65.813671217999911, -11.916548965999937 ], [ -65.811099411999919, -11.917493411999942 ], [ -65.808471475999909, -11.918264587999943 ], [ -65.808620341999926, -11.916412707999939 ], [ -65.810283901999924, -11.914979565999943 ], [ -65.809234923999952, -11.912123042999951 ], [ -65.803540587999919, -11.910829411999941 ], [ -65.801097310999921, -11.909097113999906 ], [ -65.800239499999918, -11.909166055999947 ], [ -65.79899, -11.909065591999934 ], [ -65.797715688999915, -11.909167885999921 ], [ -65.793035351999947, -11.905849308999905 ], [ -65.794909601999905, -11.90248964999995 ], [ -65.793413210999915, -11.89702247799994 ], [ -65.799430497999936, -11.897505885999919 ], [ -65.803540587999919, -11.89494058799994 ], [ -65.805268411999918, -11.89416941199994 ], [ -65.807766191999917, -11.892775926999946 ], [ -65.809371587999919, -11.88744358799994 ], [ -65.810335150999947, -11.88571616999991 ], [ -65.81338080699993, -11.885960822999948 ], [ -65.815935936999949, -11.884535205999953 ], [ -65.817034536999927, -11.882073625999908 ], [ -65.816832387999909, -11.879561 ], [ -65.817063821999909, -11.876680682999961 ], [ -65.81942941199992, -11.873344411999938 ], [ -65.820200587999921, -11.871960484999931 ], [ -65.81770158799992, -11.870845411999937 ], [ -65.816929191999918, -11.867446706999942 ], [ -65.81521072299995, -11.867584794999914 ], [ -65.814431411999919, -11.860787587999937 ], [ -65.81353658799992, -11.860016411999936 ], [ -65.812765411999919, -11.85863248499993 ], [ -65.815333963999933, -11.857486499999936 ], [ -65.815197706999925, -11.855791621999913 ], [ -65.81693041199992, -11.855018411999936 ], [ -65.81865782999995, -11.854054645999952 ], [ -65.818210823999948, -11.848492092999948 ], [ -65.81603558799992, -11.847521411999935 ], [ -65.814073481999912, -11.846426878999921 ], [ -65.811932411999919, -11.841628587999935 ], [ -65.811013996999918, -11.839982720999956 ], [ -65.811932411999919, -11.839191411999934 ], [ -65.813141644999916, -11.837787757999934 ], [ -65.810189538999907, -11.835244219999936 ], [ -65.808600411999919, -11.829966587999934 ], [ -65.804003455999919, -11.826665499999933 ], [ -65.805446562999919, -11.820049901999937 ], [ -65.803535706999924, -11.819197377999956 ], [ -65.803709790999903, -11.817030683999917 ], [ -65.802509505999922, -11.812644214999921 ], [ -65.803602411999918, -11.811702411999931 ], [ -65.804604614999903, -11.808374275999938 ], [ -65.808600411999919, -11.805871411999931 ], [ -65.809391517999927, -11.804953199999943 ], [ -65.812384704999943, -11.80662306399995 ], [ -65.819488388999901, -11.804014447999919 ], [ -65.822401448999926, -11.804248525999924 ], [ -65.823532587999921, -11.798877750999907 ], [ -65.817877298999917, -11.79933228099992 ], [ -65.814952443999914, -11.797258321999948 ], [ -65.815290036999954, -11.793058138999925 ], [ -65.8214923889999, -11.788259847999939 ], [ -65.821013657999913, -11.782299707999925 ], [ -65.818920175999949, -11.780496027999959 ], [ -65.817125645999909, -11.774536294999905 ], [ -65.81942941199992, -11.772551411999927 ], [ -65.823370298999919, -11.767063088999919 ], [ -65.826262207999946, -11.765887411999927 ], [ -65.828836047999914, -11.768874700999959 ], [ -65.830305593999924, -11.765580730999943 ], [ -65.830049348999921, -11.762389665999933 ], [ -65.832757411999921, -11.760056411999926 ], [ -65.833528587999922, -11.755829587999926 ], [ -65.834434800999929, -11.755048649999935 ], [ -65.833528587999922, -11.750893411999925 ], [ -65.832482049999953, -11.745157181999957 ], [ -65.832946544999913, -11.739380074999929 ], [ -65.834423411999921, -11.736732411999924 ], [ -65.835196621999899, -11.734999706999929 ], [ -65.840223499999922, -11.735403597999948 ], [ -65.846801270999947, -11.734875041999942 ], [ -65.848075175999952, -11.72789297199995 ], [ -65.850334606999922, -11.725946119999946 ], [ -65.857116153999925, -11.724912800999959 ], [ -65.855472117999909, -11.718905682999946 ], [ -65.858749207999949, -11.717573411999922 ], [ -65.860184587999925, -11.719239411999922 ], [ -65.861079411999924, -11.720010587999923 ], [ -65.862265867999952, -11.721387599999957 ], [ -65.866140862999941, -11.719964625999921 ], [ -65.865879330999917, -11.716709499999922 ], [ -65.866131914999926, -11.713562158999935 ], [ -65.871814861999951, -11.711851417999924 ], [ -65.872294, -11.711295 ], [ -65.875247326999954, -11.711965914999951 ], [ -65.877749986999902, -11.711654556999918 ], [ -65.878495538999914, -11.713423664999937 ], [ -65.879420460999938, -11.714997334999907 ], [ -65.880204652999907, -11.71862238999995 ], [ -65.882355077999932, -11.720344316999956 ], [ -65.886453372999938, -11.71983446999991 ], [ -65.887827741999899, -11.718117830999915 ], [ -65.88744866199994, -11.715067497999939 ], [ -65.885897361999923, -11.712428985999907 ], [ -65.88613042299994, -11.71055595699994 ], [ -65.887750460999939, -11.709258664999936 ], [ -65.888578986999903, -11.707292694999921 ], [ -65.893492791999904, -11.707903819999956 ], [ -65.894322538999916, -11.705001334999906 ], [ -65.895468319999907, -11.703052041999911 ], [ -65.899295727999913, -11.703528128999949 ], [ -65.90025400299993, -11.695867823999947 ], [ -65.899095205999913, -11.691810202999932 ], [ -65.902320639999914, -11.689851147999946 ], [ -65.904403139999943, -11.690110036999954 ], [ -65.907218582999917, -11.686104680999961 ], [ -65.910241460999941, -11.684268664999934 ], [ -65.911130997999919, -11.680157963999932 ], [ -65.910612, -11.678808 ], [ -65.911892411999929, -11.678422411999918 ], [ -65.918924916999913, -11.67746922099991 ], [ -65.921110321999947, -11.667851283999937 ], [ -65.924194617999945, -11.666474881999932 ], [ -65.925173229999928, -11.667610697999919 ], [ -65.929213361999928, -11.666127120999931 ], [ -65.930156587999932, -11.665032587999917 ], [ -65.931498823999902, -11.663876027999947 ], [ -65.932659654999952, -11.662528909999935 ], [ -65.933757848999903, -11.662617172999944 ], [ -65.933484113999953, -11.659207281999954 ], [ -65.936053885999911, -11.655925717999935 ], [ -65.935857837999947, -11.653482440999937 ], [ -65.937199667999948, -11.652326083999924 ], [ -65.935944066999923, -11.646569923999948 ], [ -65.932655587999932, -11.645102411999915 ], [ -65.931884411999931, -11.642885484999908 ], [ -65.936079510999946, -11.641013675999943 ], [ -65.935154587999932, -11.636772411999914 ], [ -65.934769, -11.634659 ], [ -65.931732291999936, -11.632544570999926 ], [ -65.929280473999938, -11.621753397999953 ], [ -65.930218411999931, -11.620945411999912 ], [ -65.930989587999932, -11.618384587999913 ], [ -65.933706192999921, -11.617566636999925 ], [ -65.935925763999933, -11.61499055999991 ], [ -65.938561833999927, -11.612719333999905 ], [ -65.938466657999925, -11.611534707999908 ], [ -65.936820587999932, -11.610116411999911 ], [ -65.935102118999907, -11.607373165999945 ], [ -65.935350635999953, -11.604283377999934 ], [ -65.933488587999932, -11.603452411999911 ], [ -65.931884411999931, -11.600891587999911 ], [ -65.930989587999932, -11.60012041199991 ], [ -65.929385411999931, -11.597442243999922 ], [ -65.932717411999931, -11.59595541199991 ], [ -65.934329315999946, -11.595056113999931 ], [ -65.936878344999911, -11.595260905999908 ], [ -65.938486587999932, -11.59339458799991 ], [ -65.940421441999945, -11.592623411999909 ], [ -65.942957047999926, -11.598305748999906 ], [ -65.944963081999902, -11.595977172999937 ], [ -65.947454353999944, -11.594865556999935 ], [ -65.948482587999933, -11.59256158799991 ], [ -65.952709411999933, -11.591790411999909 ], [ -65.953659552999909, -11.590687540999909 ], [ -65.953419169999904, -11.587696794999943 ], [ -65.948675381999919, -11.584725367999908 ], [ -65.947425881999948, -11.581925381999952 ], [ -65.949220410999942, -11.58037896299993 ], [ -65.951313485999947, -11.577037607999955 ], [ -65.956046292999929, -11.57596239499992 ], [ -65.955938913999944, -11.574625242999957 ], [ -65.958540411999934, -11.573464411999907 ], [ -65.960436625999932, -11.570437058999914 ], [ -65.959941218999916, -11.564270499999907 ], [ -65.965204411999935, -11.563468411999906 ], [ -65.967283657999928, -11.562308394999945 ], [ -65.964863158999947, -11.557969716999935 ], [ -65.967112014999941, -11.554797564999944 ], [ -65.968970401999911, -11.550632768999947 ], [ -65.96595240399995, -11.546779126999922 ], [ -65.967828280999925, -11.544133497999951 ], [ -65.967351176999898, -11.538197355999955 ], [ -65.96398094299991, -11.533893861999957 ], [ -65.960984908999933, -11.53601825599992 ], [ -65.956167500999925, -11.537583587999904 ], [ -65.955208411999934, -11.533650631999933 ], [ -65.959554816999912, -11.532342154999924 ], [ -65.959307520999914, -11.529264569999953 ], [ -65.960597287999917, -11.525752180999916 ], [ -65.963917084999935, -11.526018797999939 ], [ -65.965142587999935, -11.523677002999932 ], [ -65.962223426999913, -11.519559793999917 ], [ -65.960831975999952, -11.518361136999943 ], [ -65.958954877999929, -11.51415424299995 ], [ -65.956816654999898, -11.51432608999994 ], [ -65.95472520699991, -11.511898878999943 ], [ -65.951834517999941, -11.513511799999947 ], [ -65.950931558999912, -11.512463634999961 ], [ -65.947167195999953, -11.512766247999934 ], [ -65.943935253999939, -11.514569318999918 ], [ -65.942693481999925, -11.516010799999947 ], [ -65.940809062999904, -11.514959380999926 ], [ -65.939381411999932, -11.511760587999959 ], [ -65.937649113999953, -11.509317107999948 ], [ -65.937747950999949, -11.508086317999926 ], [ -65.939381411999932, -11.505158411999957 ], [ -65.940152587999933, -11.503261791999932 ], [ -65.938486587999932, -11.501826411999957 ], [ -65.937715411999932, -11.494267587999957 ], [ -65.931822587999932, -11.492663411999956 ], [ -65.929774253999938, -11.49152068099994 ], [ -65.92771534499991, -11.489131093999958 ], [ -65.924773, -11.489367407999907 ], [ -65.921704565999903, -11.489120924999952 ], [ -65.922006772999907, -11.485362256999906 ], [ -65.918210684999906, -11.484333411999955 ], [ -65.91519349999993, -11.486016697999958 ], [ -65.913558411999929, -11.485104587999956 ], [ -65.911800082999946, -11.48431998999996 ], [ -65.914633014999936, -11.479781400999912 ], [ -65.914297048999913, -11.475599317999922 ], [ -65.911272949999898, -11.470179122999923 ], [ -65.908900038999946, -11.468134652999936 ], [ -65.905999587999929, -11.466840411999954 ], [ -65.903270373999931, -11.465317786999947 ], [ -65.898502587999928, -11.463508411999953 ], [ -65.897731411999928, -11.460114587999954 ], [ -65.896141064999938, -11.455783231999931 ], [ -65.895042058999934, -11.450946706999957 ], [ -65.897269356999914, -11.449027715999932 ], [ -65.899940000999948, -11.450517801999922 ], [ -65.901001587999929, -11.449285587999952 ], [ -65.904309996999928, -11.447809330999917 ], [ -65.90728, -11.4489 ], [ -65.906739037999898, -11.444320939999955 ], [ -65.906936712999936, -11.44100764999996 ], [ -65.906006908999927, -11.44017688699995 ], [ -65.904163570999913, -11.437278266999954 ], [ -65.904429170999947, -11.432821228999956 ], [ -65.904033007999942, -11.431013886999949 ], [ -65.897708227999942, -11.433283486999926 ], [ -65.894392090999929, -11.430967112999951 ], [ -65.891116626999917, -11.429463807999923 ], [ -65.888724192999916, -11.426786249999907 ], [ -65.876511468999922, -11.427711375999934 ], [ -65.87396, -11.427559255999938 ], [ -65.871855128999925, -11.427684734999957 ], [ -65.871068090999927, -11.425969112999951 ], [ -65.870187908999924, -11.424349886999948 ], [ -65.869402090999927, -11.422637112999951 ], [ -65.864356908999923, -11.421850886999948 ], [ -65.86317777499994, -11.420531224999934 ], [ -65.860978133999936, -11.418565865999938 ], [ -65.859406090999926, -11.41680611299995 ], [ -65.856859908999922, -11.415186886999948 ], [ -65.85465294699992, -11.41271676599996 ], [ -65.851861908999922, -11.411854886999947 ], [ -65.850060871999915, -11.410876071999951 ], [ -65.848452628999951, -11.407372020999958 ], [ -65.844763512999918, -11.408695547999912 ], [ -65.840012809999905, -11.40841245799993 ], [ -65.838718564999908, -11.406963998999913 ], [ -65.833428824999942, -11.407503019999922 ], [ -65.832891337999911, -11.406263697999918 ], [ -65.8267836469999, -11.406627689999937 ], [ -65.827015894999931, -11.402731747999951 ], [ -65.826036468999916, -11.401856649999957 ], [ -65.826112121999927, -11.400586 ], [ -65.826036874999943, -11.399319823999917 ], [ -65.828091310999923, -11.393594168999925 ], [ -65.83103690899992, -11.395194886999946 ], [ -65.833802322999929, -11.395981112999948 ], [ -65.836640135999914, -11.392804892999948 ], [ -65.837700908999921, -11.389168042999927 ], [ -65.832734227999936, -11.389464147999945 ], [ -65.831917090999923, -11.386818112999947 ], [ -65.830879094999943, -11.383926 ], [ -65.832382398999925, -11.379736798999943 ], [ -65.829802051999934, -11.377431405999914 ], [ -65.828547263999951, -11.373367480999946 ], [ -65.825980745999914, -11.371074493999913 ], [ -65.82827556299992, -11.367789471999913 ], [ -65.826779985999906, -11.365037683999958 ], [ -65.826921530999925, -11.362662332999946 ], [ -65.823493133999932, -11.361088865999932 ], [ -65.82106449999992, -11.358370633999925 ], [ -65.819422090999922, -11.360208886999942 ], [ -65.81728630799995, -11.361189126999932 ], [ -65.814417175999949, -11.360159671999952 ], [ -65.81273449999992, -11.360259932999952 ], [ -65.810558449999917, -11.360130183999956 ], [ -65.808870079999906, -11.356451845999914 ], [ -65.811446359999934, -11.354150113999935 ], [ -65.809896686999934, -11.351298471999939 ], [ -65.806879908999917, -11.349379886999941 ], [ -65.80526109099992, -11.347447676999934 ], [ -65.806929530999923, -11.344377209999948 ], [ -65.806878688999916, -11.343525499999942 ], [ -65.806938072999912, -11.342528583999922 ], [ -65.808602852999911, -11.341040938999924 ], [ -65.807704773999944, -11.337686568999914 ], [ -65.808595530999924, -11.336047209999947 ], [ -65.808529232999945, -11.334937830999934 ], [ -65.805971255999907, -11.332652165999946 ], [ -65.808199774999935, -11.330660774999956 ], [ -65.809772224999904, -11.328901224999925 ], [ -65.811887263999949, -11.327011518999939 ], [ -65.813497133999931, -11.321797133999951 ], [ -65.815850928999907, -11.317465879999929 ], [ -65.817316, -11.313954 ], [ -65.816874281999901, -11.310213227999952 ], [ -65.817172420999952, -11.305207499999938 ], [ -65.816837675999921, -11.299590748999947 ], [ -65.813843268999904, -11.295303930999921 ], [ -65.811877908999918, -11.294401886999935 ], [ -65.810259090999921, -11.293522112999938 ], [ -65.806680200999949, -11.291879499999936 ], [ -65.806928310999922, -11.287714499999936 ], [ -65.806565906999936, -11.28163630499995 ], [ -65.803024843999935, -11.277066599999955 ], [ -65.797716908999917, -11.276075886999934 ], [ -65.794500829999947, -11.273829471999932 ], [ -65.793476662999922, -11.271597800999928 ], [ -65.794810763999919, -11.261563363999926 ], [ -65.794337727999903, -11.253625052999951 ], [ -65.795312271999933, -11.251831946999914 ], [ -65.795170727999903, -11.24946005299995 ], [ -65.796110699999929, -11.247730499999932 ], [ -65.795203672999946, -11.246061550999912 ], [ -65.796931090999919, -11.24358888699993 ], [ -65.797910922999904, -11.241453307999905 ], [ -65.79688187499994, -11.238584277999905 ], [ -65.797122257999945, -11.234549942999934 ], [ -65.795309424999914, -11.232930310999905 ], [ -65.793599090999919, -11.229741888999911 ], [ -65.795911677999925, -11.22868047299994 ], [ -65.794251386999917, -11.221222446999946 ], [ -65.794344962999901, -11.22130306899993 ], [ -65.795950194999932, -11.228662794999934 ], [ -65.796959968999943, -11.228199333999953 ], [ -65.796808255999906, -11.225656 ], [ -65.796933124999953, -11.223558551999929 ], [ -65.795413956999937, -11.217886383999939 ], [ -65.793079685999942, -11.215266886999927 ], [ -65.791933090999919, -11.217765886999928 ], [ -65.791052908999916, -11.21855211299993 ], [ -65.78811707199992, -11.221838048999928 ], [ -65.782813204999911, -11.218956003999949 ], [ -65.784447478999937, -11.214401856999928 ], [ -65.781138663999911, -11.210132324999961 ], [ -65.780270683999902, -11.20272226499992 ], [ -65.777766802999906, -11.202871537999954 ], [ -65.775273090999917, -11.196894112999928 ], [ -65.774669852999921, -11.196355146999906 ], [ -65.766569388999926, -11.194558989999905 ], [ -65.76295287399995, -11.191956139999945 ], [ -65.761360607999904, -11.191861234999919 ], [ -65.76113406199994, -11.190647118999948 ], [ -65.760537842999952, -11.190218012999935 ], [ -65.761132694999901, -11.19063979099991 ], [ -65.760279090999916, -11.186065112999927 ], [ -65.757871199999954, -11.183913771999926 ], [ -65.756947090999915, -11.181900112999926 ], [ -65.756017286999906, -11.181069450999928 ], [ -65.756208046999916, -11.177869742999917 ], [ -65.754325255999902, -11.175174287999937 ], [ -65.752782090999915, -11.166906112999925 ], [ -65.751854727999898, -11.165199946999905 ], [ -65.751950310999916, -11.163597499999923 ], [ -65.751681049999945, -11.159081077999929 ], [ -65.750004474999912, -11.157582857999955 ], [ -65.749981715999922, -11.157533269999931 ], [ -65.750096227999904, -11.15895813599991 ], [ -65.749942243999953, -11.157447267999942 ], [ -65.747784090999914, -11.152745112999924 ], [ -65.746903908999911, -11.151125886999921 ], [ -65.745285090999914, -11.147527778999915 ], [ -65.746951090999914, -11.14446188699992 ], [ -65.74961570499994, -11.138655599999936 ], [ -65.750095321999936, -11.133949553999912 ], [ -65.749738734999937, -11.138387512999941 ], [ -65.749957292999909, -11.137911265999946 ], [ -65.751970240999924, -11.136112770999944 ], [ -65.748641087999943, -11.131816597999943 ], [ -65.746072128999913, -11.131969632999926 ], [ -65.744910077999918, -11.129437381999935 ], [ -65.744012, -11.126529 ], [ -65.74525336499994, -11.124438161999933 ], [ -65.747768634999943, -11.121122837999906 ], [ -65.74858536499994, -11.118607161999932 ], [ -65.749434634999943, -11.116957837999905 ], [ -65.749602444999937, -11.116611977999924 ], [ -65.749040091999916, -11.111093412999935 ], [ -65.756336191999935, -11.108952363999947 ], [ -65.749262361999911, -11.111082223999915 ], [ -65.749691851999899, -11.116427706999957 ], [ -65.750811036999949, -11.114121041999908 ], [ -65.756107175999944, -11.11155167599992 ], [ -65.75871070799991, -11.110210557999949 ], [ -65.761080364999941, -11.107743791999951 ], [ -65.766082432999951, -11.107845883999914 ], [ -65.766911364999942, -11.104446161999931 ], [ -65.767763074999948, -11.101956719999919 ], [ -65.766907297999921, -11.098616991999904 ], [ -65.768593634999945, -11.09779883799996 ], [ -65.770181947999902, -11.096145853999928 ], [ -65.772555671999953, -11.094994275999909 ], [ -65.773575364999942, -11.092347222999933 ], [ -65.770515472999932, -11.090862729999913 ], [ -65.769082533999949, -11.08790991199993 ], [ -65.770260041999904, -11.084469922999915 ], [ -65.770242144999941, -11.083587198999908 ], [ -65.766927634999945, -11.083654818999946 ], [ -65.766094634999945, -11.082788161999929 ], [ -65.762711791999948, -11.08114687099993 ], [ -65.762763041999904, -11.078623568999944 ], [ -65.759917499999915, -11.074873339999954 ], [ -65.758551266999916, -11.06926838499993 ], [ -65.75861675099992, -11.066048440999907 ], [ -65.755249364999941, -11.062812837999957 ], [ -65.753696031999937, -11.058027256999935 ], [ -65.756883639999899, -11.05332515899994 ], [ -65.75275036499994, -11.051983837999956 ], [ -65.750183846999903, -11.051105384999914 ], [ -65.750310341999921, -11.044895 ], [ -65.750230236999926, -11.040963935999912 ], [ -65.739910757999951, -11.022946440999931 ], [ -65.741761316999941, -11.004791102999945 ], [ -65.740293244999918, -11.023063424999918 ], [ -65.750228320999952, -11.040869925999914 ], [ -65.750201335999918, -11.039545679999947 ], [ -65.751933634999943, -11.036989837999954 ], [ -65.752943565999942, -11.030786977999924 ], [ -65.756931634999944, -11.029492837999953 ], [ -65.758648069999936, -11.028608690999931 ], [ -65.758530115999918, -11.022832294999944 ], [ -65.762796800999922, -11.021149415999957 ], [ -65.762745957999925, -11.018655499999909 ], [ -65.762774429999922, -11.017255302999956 ], [ -65.759414364999941, -11.016164837999952 ], [ -65.756764464999947, -11.014368783999942 ], [ -65.756949124999949, -11.00532200899994 ], [ -65.750547063999932, -11.004279843999939 ], [ -65.748833475999902, -11.000747524999952 ], [ -65.741513, -11.001579 ], [ -65.741172966999954, -11.001086236999924 ], [ -65.740157747999945, -11.000385324999911 ], [ -65.740357049999943, -10.999496499999907 ], [ -65.740169949999938, -10.998663499999907 ], [ -65.74063119099992, -10.996606725999925 ], [ -65.736179033999917, -10.993532902999959 ], [ -65.738298546999943, -10.988487212999928 ], [ -65.740339966999954, -10.987077762999945 ], [ -65.741374498999903, -10.984312537999926 ], [ -65.741282629999944, -10.983411203999935 ], [ -65.739354032999927, -10.982079762999945 ], [ -65.738673966999954, -10.980261236999922 ], [ -65.737325222999914, -10.979580762999944 ], [ -65.736174966999954, -10.981246762999945 ], [ -65.733982646999948, -10.981927236999923 ], [ -65.734737553999935, -10.978559849999954 ], [ -65.73224750199995, -10.974735899999928 ], [ -65.735001526999952, -10.972834500999909 ], [ -65.737039285999913, -10.972071967999909 ], [ -65.736359218999951, -10.969038615999921 ], [ -65.735149985999954, -10.966159518999916 ], [ -65.736515, -10.964094 ], [ -65.737810460999924, -10.963723562999917 ], [ -65.741373895999914, -10.959041598999931 ], [ -65.742913399999907, -10.957808774999933 ], [ -65.742550182999935, -10.954889512999955 ], [ -65.745307460999925, -10.953727562999916 ], [ -65.746630987999936, -10.952074984999911 ], [ -65.748639460999925, -10.951228562999916 ], [ -65.749498085999903, -10.948226122999927 ], [ -65.753738332999944, -10.948753560999933 ], [ -65.753517523999903, -10.950528962999954 ], [ -65.753818406999926, -10.950891192999904 ], [ -65.758589499999914, -10.950297742999908 ], [ -65.76049140799995, -10.950534260999916 ], [ -65.759892688999912, -10.955347499999959 ], [ -65.760310804999904, -10.958707328999935 ], [ -65.76050555899991, -10.958941790999916 ], [ -65.76031202899992, -10.958717166999918 ], [ -65.760312036999949, -10.95871722499993 ], [ -65.759222791999946, -10.959589474999916 ], [ -65.757666203999918, -10.965033666999943 ], [ -65.758145341999921, -10.968886189999921 ], [ -65.765067213999941, -10.968025226999941 ], [ -65.767500321999933, -10.966594829999906 ], [ -65.771042198999908, -10.962171957999942 ], [ -65.774845608999954, -10.961224562999917 ], [ -65.776869538999904, -10.964556562999917 ], [ -65.779700436999917, -10.965297436999947 ], [ -65.781034538999904, -10.963631436999947 ], [ -65.781497, -10.963261 ], [ -65.77981350999994, -10.959532226999954 ], [ -65.782523606999916, -10.953254017999939 ], [ -65.780244652999954, -10.951429287999929 ], [ -65.779460460999928, -10.947804436999945 ], [ -65.778320373999918, -10.945864803999939 ], [ -65.779460460999928, -10.942898562999915 ], [ -65.780201538999904, -10.937808436999944 ], [ -65.782428836999941, -10.934018957999911 ], [ -65.776407483999947, -10.92920093999993 ], [ -65.773847472999933, -10.926004281999951 ], [ -65.771917499999915, -10.926244256999951 ], [ -65.770854285999917, -10.926112067999952 ], [ -65.769464460999927, -10.922814436999943 ], [ -65.767706538999903, -10.922073562999913 ], [ -65.766132460999927, -10.921148436999943 ], [ -65.764166694999915, -10.920320012999923 ], [ -65.764608819999921, -10.916765424999937 ], [ -65.761790529999928, -10.914508637999916 ], [ -65.764466460999927, -10.913743562999912 ], [ -65.764798579999933, -10.912582071999907 ], [ -65.763519156999905, -10.910551725999937 ], [ -65.765159054999913, -10.90918952699991 ], [ -65.765098125999941, -10.908699499999955 ], [ -65.76549835599991, -10.905480674999922 ], [ -65.764316781999923, -10.904534499999954 ], [ -65.765404399999909, -10.903663774999927 ], [ -65.76500864399992, -10.900482674999921 ], [ -65.766904043999943, -10.898964727999953 ], [ -65.769388400999901, -10.900425019999943 ], [ -65.77644653099992, -10.899547176999931 ], [ -65.775936073999901, -10.895444610999959 ], [ -65.779470629999935, -10.891240665999931 ], [ -65.779261565999946, -10.889559412999915 ], [ -65.781959460999929, -10.887920562999909 ], [ -65.78311053099992, -10.885189213999922 ], [ -65.789827, -10.88246 ], [ -65.789384874999939, -10.881227277999926 ], [ -65.789565060999905, -10.878200432999961 ], [ -65.787768090999919, -10.876189112999953 ], [ -65.784590650999917, -10.875207957999919 ], [ -65.786974543999918, -10.869476811999959 ], [ -65.786062229999914, -10.861690112999952 ], [ -65.780943835999949, -10.860319201999914 ], [ -65.778573771999902, -10.860460441999919 ], [ -65.777772090999918, -10.857863112999951 ], [ -65.775953156999947, -10.856238090999909 ], [ -65.774010167999904, -10.848982998999929 ], [ -65.787645662999921, -10.845810439999923 ], [ -65.788553908999916, -10.842869112999949 ], [ -65.790269530999922, -10.840413226999942 ], [ -65.790218688999914, -10.839560499999948 ], [ -65.790269530999922, -10.83870868799994 ], [ -65.789386908999916, -10.837084886999946 ], [ -65.788183370999946, -10.834461831999931 ], [ -65.786078499999917, -10.83458731099995 ], [ -65.782790833999911, -10.834391364999931 ], [ -65.781590549999919, -10.837006284999916 ], [ -65.77781805199993, -10.837231109999948 ], [ -65.776106090999917, -10.834539112999948 ], [ -65.771963867999943, -10.833260021999934 ], [ -65.771892688999912, -10.832063499999947 ], [ -65.772236382999949, -10.826300221999929 ], [ -65.767653662999919, -10.824885280999922 ], [ -65.76522746899991, -10.820420311999953 ], [ -65.765373894999925, -10.817965645999948 ], [ -65.763798189999932, -10.816558026999928 ], [ -65.762167169999941, -10.813555992999909 ], [ -65.764061756999922, -10.802894365999919 ], [ -65.757769108999923, -10.79947481499994 ], [ -65.756586313999946, -10.802052112999945 ], [ -65.751901908999912, -10.800432886999943 ], [ -65.750900519999902, -10.795065873999931 ], [ -65.747784090999914, -10.792889112999944 ], [ -65.742786090999914, -10.791345743999955 ], [ -65.743571908999911, -10.790390112999944 ], [ -65.745102464999945, -10.789022657999908 ], [ -65.742738908999911, -10.787937886999941 ], [ -65.741795682999907, -10.783883316999948 ], [ -65.737740908999911, -10.782939886999941 ], [ -65.736770837999927, -10.780826169999955 ], [ -65.730689797999901, -10.779691114999935 ], [ -65.731035737999946, -10.780092639999907 ], [ -65.741498689999901, -10.789107532999935 ], [ -65.73053553099993, -10.779662319999943 ], [ -65.73024390899991, -10.779607886999941 ], [ -65.729481144999909, -10.778753922999954 ], [ -65.727456792999931, -10.777009860999954 ], [ -65.722746908999909, -10.77627588699994 ], [ -65.721961090999912, -10.775396112999942 ], [ -65.721080908999909, -10.77460988699994 ], [ -65.720295090999912, -10.772064112999942 ], [ -65.718313054999953, -10.769226909999929 ], [ -65.719511712999918, -10.767021675999956 ], [ -65.715319460999922, -10.763275921999934 ], [ -65.715248688999907, -10.76209149999994 ], [ -65.715458158999922, -10.758574738999926 ], [ -65.710452430999908, -10.758873081999923 ], [ -65.709418908999908, -10.757949886999938 ], [ -65.708633090999911, -10.75373811299994 ], [ -65.707752908999908, -10.752951886999938 ], [ -65.706359830999929, -10.749916094999946 ], [ -65.701258925999923, -10.748549961999913 ], [ -65.699600653999937, -10.75040611299994 ], [ -65.697998104999954, -10.747838169999909 ], [ -65.701150732999906, -10.743769566999958 ], [ -65.699629531999904, -10.740969885999959 ], [ -65.700903154999935, -10.739831912999932 ], [ -65.700760199999934, -10.738052747999916 ], [ -65.700255908999907, -10.737124886999936 ], [ -65.69947009099991, -10.734579112999938 ], [ -65.698589908999907, -10.732959886999936 ], [ -65.697804090999909, -10.731247112999938 ], [ -65.695255468999903, -10.727958531999946 ], [ -65.695356746999948, -10.726261110999928 ], [ -65.691602958999908, -10.725387742999942 ], [ -65.692758908999906, -10.720418112999937 ], [ -65.696122634999938, -10.719379404999927 ], [ -65.699306988999922, -10.716534168999942 ], [ -65.699471717999927, -10.71376855199992 ], [ -65.69849961299991, -10.706457532999934 ], [ -65.699422908999907, -10.705424112999935 ], [ -65.701025457999947, -10.703992393999954 ], [ -65.701262179999901, -10.700017543999934 ], [ -65.70030309099991, -10.697927112999935 ], [ -65.698535812999921, -10.69467493499991 ], [ -65.698589837999918, -10.693767574999924 ], [ -65.691921786999899, -10.690046931999916 ], [ -65.698633062999932, -10.69304160799993 ], [ -65.698686712999915, -10.69214054899993 ], [ -65.69705487899995, -10.690682391999928 ], [ -65.694853204999902, -10.687221048999959 ], [ -65.689462294999942, -10.686262976999956 ], [ -65.688199779999934, -10.68633822399994 ], [ -65.682484000999921, -10.685271347999958 ], [ -65.683273356999905, -10.686187626999924 ], [ -65.681464000999938, -10.685380318999933 ], [ -65.681277558999909, -10.685046159999956 ], [ -65.680472158999919, -10.684895827999924 ], [ -65.679430908999905, -10.682979886999931 ], [ -65.677895064999916, -10.679632939999919 ], [ -65.670342341999913, -10.67672953999994 ], [ -65.670117822999941, -10.672960499999931 ], [ -65.670316310999908, -10.669628499999931 ], [ -65.670137752999949, -10.666635719999931 ], [ -65.671162326999934, -10.663780721999956 ], [ -65.669134329999906, -10.662849900999959 ], [ -65.666983090999906, -10.660442112999931 ], [ -65.663707626999951, -10.658938807999959 ], [ -65.66242477499992, -10.657503122999913 ], [ -65.659502766999935, -10.654892168999936 ], [ -65.6594364689999, -10.653782179999951 ], [ -65.661266391999902, -10.650822217999917 ], [ -65.660186317999944, -10.649568575999922 ], [ -65.65738, -10.649735845999942 ], [ -65.652798499999903, -10.649462720999907 ], [ -65.649466499999903, -10.649661310999932 ], [ -65.64211836599992, -10.649223355999936 ], [ -65.641896286999952, -10.652947450999932 ], [ -65.644444908999901, -10.655224778999923 ], [ -65.641976414999931, -10.655492717999948 ], [ -65.639887, -10.655368153999916 ], [ -65.637785789999953, -10.655493429999922 ], [ -65.636162090999903, -10.65461111299993 ], [ -65.6344489089999, -10.653824886999928 ], [ -65.632936249999943, -10.652131940999936 ], [ -65.627214254999899, -10.651063845999943 ], [ -65.626126229999954, -10.648693476999938 ], [ -65.622636822999937, -10.647091944999943 ], [ -65.620485176999921, -10.644684054999914 ], [ -65.617003090999901, -10.643085776999953 ], [ -65.617944689999945, -10.639927860999933 ], [ -65.621196968999925, -10.638435333999951 ], [ -65.621118874999922, -10.637124721999953 ], [ -65.622786908999899, -10.632474991999914 ], [ -65.619659091999949, -10.63095958699995 ], [ -65.617133653999929, -10.633786112999928 ], [ -65.615289908999898, -10.632999886999926 ], [ -65.612517987999922, -10.631493531999922 ], [ -65.610469653999928, -10.633786112999928 ], [ -65.608858969999915, -10.632532951999906 ], [ -65.6070070909999, -10.629621112999928 ], [ -65.605293908999954, -10.628834886999925 ], [ -65.603797518999954, -10.62715993899991 ], [ -65.602402, -10.626729 ], [ -65.601077252999914, -10.625668124999947 ], [ -65.601208222999901, -10.624616502999913 ], [ -65.599303874999919, -10.621377543999927 ], [ -65.604530460999911, -10.617195562999939 ], [ -65.606104538999944, -10.612938436999912 ], [ -65.609332819999906, -10.611578100999907 ], [ -65.608233, -10.606737 ], [ -65.606169209999905, -10.606083574999957 ], [ -65.607855953999945, -10.601271047999944 ], [ -65.604468636999911, -10.599672362999911 ], [ -65.603666955999927, -10.596307416999935 ], [ -65.601359529999911, -10.596398830999931 ], [ -65.598722645999942, -10.595154415999957 ], [ -65.598452164999912, -10.588329143999943 ], [ -65.599647567999909, -10.586070119999931 ], [ -65.598614452999925, -10.582807467999942 ], [ -65.59613863699991, -10.580513362999909 ], [ -65.594959095999911, -10.578014362999909 ], [ -65.59030763699991, -10.578815636999934 ], [ -65.587159075999921, -10.580481636999934 ], [ -65.586974823999924, -10.577168143999927 ], [ -65.587172498999905, -10.572183362999908 ], [ -65.586142636999909, -10.572984636999934 ], [ -65.584599064999907, -10.574650636999934 ], [ -65.582810636999909, -10.573849362999908 ], [ -65.581267064999906, -10.572183362999908 ], [ -65.577734542999906, -10.573002736999911 ], [ -65.575553612999954, -10.575356632999956 ], [ -65.5715382919999, -10.577481331999934 ], [ -65.568689090999953, -10.57484119399993 ], [ -65.568617911999922, -10.573044833999916 ], [ -65.569227338999951, -10.571893084999942 ], [ -65.566915278999943, -10.56920935699992 ], [ -65.566917288999946, -10.569211088999907 ], [ -65.569227417999912, -10.571892934999937 ], [ -65.569522903999939, -10.571334499999921 ], [ -65.568649636999908, -10.569684362999908 ], [ -65.567725527999926, -10.563882749999948 ], [ -65.56233990599992, -10.563669313999924 ], [ -65.556082644999947, -10.564666025999941 ], [ -65.555527567999945, -10.565265150999949 ], [ -65.561756257999946, -10.56476467799996 ], [ -65.562440716999902, -10.565354363999916 ], [ -65.558428824999908, -10.565032215999906 ], [ -65.555527420999908, -10.565265309999916 ], [ -65.553687769999954, -10.567250948999913 ], [ -65.550672249999934, -10.56565536599993 ], [ -65.55067209799995, -10.565655285999924 ], [ -65.550178837999908, -10.565394290999905 ], [ -65.545321569999942, -10.565586779999933 ], [ -65.545389087999922, -10.563888951999957 ], [ -65.543259, -10.563804452999932 ], [ -65.538745424999945, -10.563983416999918 ], [ -65.536504703999924, -10.560513227999934 ], [ -65.530363362999935, -10.557990636999932 ], [ -65.526999636999903, -10.557189362999907 ], [ -65.525305165999953, -10.556292707999944 ], [ -65.523986457999911, -10.556344976999924 ], [ -65.524939278999909, -10.557020583999929 ], [ -65.522845497999924, -10.556390199999953 ], [ -65.520397460999902, -10.556487230999949 ], [ -65.519938564999904, -10.555514995999943 ], [ -65.518299226999943, -10.555021432999922 ], [ -65.517287134999947, -10.553207437999959 ], [ -65.517003636999902, -10.553024362999906 ], [ -65.51580172599995, -10.551727273999916 ], [ -65.513218937999909, -10.54933402599994 ], [ -65.509377700999949, -10.543751848999932 ], [ -65.509539582999935, -10.539668805999952 ], [ -65.508535345999917, -10.535836416999928 ], [ -65.511074206999922, -10.52965562199995 ], [ -65.511334925999904, -10.523070324999935 ], [ -65.504074240999898, -10.52155125999991 ], [ -65.497071833999939, -10.521273761999907 ], [ -65.495472539999923, -10.52299955299992 ], [ -65.492929204999939, -10.523100423999949 ], [ -65.491207888999952, -10.519847940999909 ], [ -65.490379362999931, -10.515507636999928 ], [ -65.489207549999946, -10.514421848999916 ], [ -65.4905705299999, -10.51184638299992 ], [ -65.489443864999942, -10.50945913399994 ], [ -65.486341264999908, -10.506584713999928 ], [ -65.485256493999941, -10.504534041999932 ], [ -65.485414714999933, -10.500535193999951 ], [ -65.482509383999911, -10.498659113999906 ], [ -65.484052955999914, -10.495742698999948 ], [ -65.482049362999931, -10.494682636999926 ], [ -65.478685636999899, -10.493881362999957 ], [ -65.476165893999905, -10.490446152999937 ], [ -65.472854636999898, -10.488883362999957 ], [ -65.471786135999935, -10.486619660999907 ], [ -65.467824911999912, -10.484750087999942 ], [ -65.466222362999929, -10.483020636999925 ], [ -65.465357636999954, -10.482219362999956 ], [ -65.464850124999941, -10.479033081999944 ], [ -65.462753260999932, -10.477546292999932 ], [ -65.464801396999917, -10.478727155999934 ], [ -65.464551074999918, -10.477155572999948 ], [ -65.462085833999936, -10.477253291999943 ], [ -65.460391362999928, -10.476356636999924 ], [ -65.457027636999953, -10.475555362999955 ], [ -65.455959135999933, -10.473291660999905 ], [ -65.452132541999902, -10.471485640999958 ], [ -65.45202882399991, -10.468875499999911 ], [ -65.452065022999932, -10.467968778999932 ], [ -65.450796, -10.466793 ], [ -65.450108205999925, -10.469263629999944 ], [ -65.444520027999943, -10.47146042299994 ], [ -65.443769188999909, -10.470487911999953 ], [ -65.438663810999913, -10.469762087999925 ], [ -65.435902057999954, -10.468096087999925 ], [ -65.432498064999947, -10.468901022999944 ], [ -65.430163386999936, -10.474605425999926 ], [ -65.428305, -10.475123 ], [ -65.428345548551775, -10.476922033751569 ], [ -65.42942835, -10.47912763 ] ], [ [ -65.642324414999905, -10.657217602999935 ], [ -65.64136949899995, -10.658325977999937 ], [ -65.63342926699994, -10.654783044999931 ], [ -65.642324414999905, -10.657217602999935 ] ], [ [ -65.762439661999906, -10.807020544999943 ], [ -65.754420971999934, -10.802546477999954 ], [ -65.76028225899995, -10.805161813999916 ], [ -65.762439661999906, -10.807020544999943 ] ], [ [ -65.749873730999923, -11.182542921999925 ], [ -65.749818289999951, -11.182503019999956 ], [ -65.750095764999912, -11.179780141999913 ], [ -65.749873730999923, -11.182542921999925 ] ], [ [ -65.513252636999937, -11.351529712999934 ], [ -65.509598664999942, -11.347875741999928 ], [ -65.514678824999919, -11.346449553999946 ], [ -65.513252636999937, -11.351529712999934 ] ], [ [ -65.818774283999915, -11.393628711999952 ], [ -65.825108901999954, -11.396455298999911 ], [ -65.818647635999923, -11.393653125999947 ], [ -65.823021141999902, -11.386017099999947 ], [ -65.818774283999915, -11.393628711999952 ] ], [ [ -65.855399648999935, -11.416854719999947 ], [ -65.855112580999901, -11.416648120999923 ], [ -65.852176006999912, -11.413112964999925 ], [ -65.855399648999935, -11.416854719999947 ] ], [ [ -65.876059103999921, -11.431601652999916 ], [ -65.875990164999905, -11.431673450999938 ], [ -65.864675388999899, -11.423530350999954 ], [ -65.876059103999921, -11.431601652999916 ] ] ], [ [ [ -66.51578143, -13.57114369 ], [ -66.517389967314898, -13.798005715698331 ], [ -66.52014031899995, -13.797784664999938 ], [ -66.522329587999934, -13.79287848599995 ], [ -66.523229089999916, -13.792103445999942 ], [ -66.523157706999939, -13.791214621999927 ], [ -66.52577079699995, -13.790048705999936 ], [ -66.530907291999938, -13.790461341999958 ], [ -66.535034667999923, -13.795251905999919 ], [ -66.540567121999914, -13.796917600999905 ], [ -66.545134385999916, -13.794369384999925 ], [ -66.549880411999936, -13.792940513999952 ], [ -66.551808147999907, -13.790703046999909 ], [ -66.555397613999901, -13.787610513999937 ], [ -66.557943184999942, -13.783546485999921 ], [ -66.564377580999917, -13.778002948999927 ], [ -66.570705411999938, -13.77628051399995 ], [ -66.573197903999926, -13.774889875999918 ], [ -66.576802215999919, -13.770706266999923 ], [ -66.581179329999941, -13.772313696999959 ], [ -66.584547528999906, -13.770434362999936 ], [ -66.58903141199994, -13.769616513999949 ], [ -66.589802587999941, -13.767888485999947 ], [ -66.591395984999906, -13.766515744999936 ], [ -66.594184989999917, -13.768071822999957 ], [ -66.596714291999945, -13.767868657999941 ], [ -66.59954803699992, -13.76457956899992 ], [ -66.608195495999951, -13.763785004999932 ], [ -66.608123909999904, -13.762894553999956 ], [ -66.609023411999942, -13.762119513999949 ], [ -66.610242, -13.757507 ], [ -66.611468112999944, -13.757067112999948 ], [ -66.614013886999942, -13.756280886999946 ], [ -66.615418760999944, -13.754708640999922 ], [ -66.620252438999898, -13.75297430899991 ], [ -66.62150620999995, -13.752899569999954 ], [ -66.624543934999906, -13.754550215999927 ], [ -66.63033222699994, -13.75489523199991 ], [ -66.635750184999949, -13.750449886999945 ], [ -66.646115299999906, -13.751271498999927 ], [ -66.649786112999948, -13.756526556999916 ], [ -66.646765673999937, -13.758276141999943 ], [ -66.642476415999909, -13.760244653999905 ], [ -66.640574710999942, -13.762967257999946 ], [ -66.640814075999913, -13.766981154999939 ], [ -66.639787468999941, -13.767898450999951 ], [ -66.639844614999902, -13.768857844999957 ], [ -66.638124112999947, -13.77039511299995 ], [ -66.637322634999919, -13.771292071999937 ], [ -66.635186648999934, -13.770131342999946 ], [ -66.633814923999921, -13.771356844999957 ], [ -66.634007310999948, -13.774583499999949 ], [ -66.633904202999929, -13.776312645999951 ], [ -66.635671886999944, -13.77789211299995 ], [ -66.638536544999909, -13.782812221999905 ], [ -66.642335886999945, -13.784556112999951 ], [ -66.643122112999947, -13.787101886999949 ], [ -66.644001886999945, -13.787888112999951 ], [ -66.645067337999933, -13.790209164999908 ], [ -66.653504513999906, -13.792707757999949 ], [ -66.6573276499999, -13.792935530999955 ], [ -66.659035747999951, -13.791023860999928 ], [ -66.663830378999933, -13.791309594999916 ], [ -66.66489054199991, -13.785630714999911 ], [ -66.672010291999925, -13.785206384999924 ], [ -66.67311011299995, -13.788767886999949 ], [ -66.674924978999911, -13.790389450999953 ], [ -66.674717338999926, -13.793871537999905 ], [ -66.678901251999946, -13.79362210499994 ], [ -66.681526747999953, -13.796560585999941 ], [ -66.683985886999949, -13.79543188699995 ], [ -66.687051676999943, -13.79376588699995 ], [ -66.690043236999941, -13.794983051999907 ], [ -66.694527322999932, -13.797419820999949 ], [ -66.695601112999952, -13.796218112999952 ], [ -66.69814688699995, -13.79459888699995 ], [ -66.699635549999925, -13.792932886999949 ], [ -66.701478886999951, -13.793719112999952 ], [ -66.703111331999935, -13.794606106999936 ], [ -66.70795944799994, -13.793570245999945 ], [ -66.710605483999927, -13.797358301999907 ], [ -66.71287203299994, -13.805821 ], [ -66.710641886999952, -13.814147338999931 ], [ -66.713095128999953, -13.820730601999912 ], [ -66.715749502999927, -13.822172895999927 ], [ -66.72068242499995, -13.819492489999959 ], [ -66.723043133999909, -13.822134865999942 ], [ -66.726468886999953, -13.823707112999955 ], [ -66.727255112999899, -13.824586886999953 ], [ -66.735922094999921, -13.825937461999956 ], [ -66.740540811999949, -13.828874925999912 ], [ -66.740772652999908, -13.83276497099996 ], [ -66.732299886999954, -13.834085242999947 ], [ -66.733435093999901, -13.838412734999906 ], [ -66.735963582999943, -13.839786493999952 ], [ -66.742126073999941, -13.841437037999924 ], [ -66.743493324999918, -13.83990668499996 ], [ -66.75144180399991, -13.839433037999925 ], [ -66.756032862999916, -13.846859468999924 ], [ -66.757300055999906, -13.850391380999952 ], [ -66.755623886999899, -13.853475676999949 ], [ -66.756410112999902, -13.854574886999956 ], [ -66.757289886999899, -13.855361112999958 ], [ -66.758862133999912, -13.857120865999946 ], [ -66.760182, -13.8583 ], [ -66.760854947999917, -13.862396057999945 ], [ -66.760530370999902, -13.864592444999914 ], [ -66.76449647599992, -13.866964541999948 ], [ -66.763868878999915, -13.871211499999959 ], [ -66.764003102999936, -13.872119339999927 ], [ -66.758623175999901, -13.874234175999959 ], [ -66.753315850999911, -13.875712261999922 ], [ -66.752040929999907, -13.880084291999935 ], [ -66.752521694999928, -13.883337587999961 ], [ -66.749505322999937, -13.88457203899992 ], [ -66.746784040999898, -13.889083376999906 ], [ -66.74971581099993, -13.89125718899993 ], [ -66.751489188999926, -13.891982810999934 ], [ -66.752770007999914, -13.893642505999935 ], [ -66.754884233999917, -13.894507637999936 ], [ -66.753659137999932, -13.900312810999935 ], [ -66.74971581099993, -13.899587188999931 ], [ -66.748371540999926, -13.896302573999947 ], [ -66.744644190999907, -13.895751850999943 ], [ -66.742581823999899, -13.897343823999904 ], [ -66.741493188999925, -13.898754188999931 ], [ -66.741023, -13.899117 ], [ -66.739382217999946, -13.89963640499991 ], [ -66.73889250499991, -13.911990266999908 ], [ -66.741447634999929, -13.912885700999936 ], [ -66.743425602999935, -13.910750934999953 ], [ -66.744787362999944, -13.912012636999918 ], [ -66.745665510999913, -13.912960540999904 ], [ -66.748953582999945, -13.914512246999948 ], [ -66.748894808999921, -13.915995824999925 ], [ -66.750201048999941, -13.920121777999952 ], [ -66.753751874999921, -13.922000705999949 ], [ -66.75545793799995, -13.922068427999932 ], [ -66.757282362999945, -13.921207362999951 ], [ -66.760406944999943, -13.916368689999956 ], [ -66.760722672999918, -13.916505962999906 ], [ -66.762280362999945, -13.918676636999919 ], [ -66.763081636999914, -13.920374362999951 ], [ -66.766602363999937, -13.921213056999932 ], [ -66.770461699999942, -13.925378259999945 ], [ -66.773895994999918, -13.92524220699994 ], [ -66.774743636999915, -13.927038362999951 ], [ -66.775608362999947, -13.92783963699992 ], [ -66.777341067999942, -13.930522685999961 ], [ -66.779736552999907, -13.932742256999916 ], [ -66.779774582999949, -13.933700735999935 ], [ -66.777274362999947, -13.937333925999951 ], [ -66.778075636999915, -13.940366362999953 ], [ -66.781012287999943, -13.942262779999908 ], [ -66.782268091999924, -13.94883994099996 ], [ -66.783938362999947, -13.951996636999922 ], [ -66.784739636999916, -13.953694362999954 ], [ -66.787284801999931, -13.954500110999959 ], [ -66.784878741999933, -13.959047038999927 ], [ -66.786912432999941, -13.962890511999944 ], [ -66.785322899999926, -13.967911492999917 ], [ -66.782275006999953, -13.967790690999948 ], [ -66.782097464999936, -13.972269082999958 ], [ -66.78321253799993, -13.975791232999939 ], [ -66.788503186999947, -13.979848447999927 ], [ -66.793101362999948, -13.982817636999926 ], [ -66.795661169999903, -13.98457901699993 ], [ -66.801270497999951, -13.984356734999949 ], [ -66.804764582999951, -13.98865006099993 ], [ -66.804668185999901, -13.991082151999933 ], [ -66.807277818999921, -13.992877697999916 ], [ -66.809686115999909, -13.992782317999911 ], [ -66.810562636999919, -14.002841362999959 ], [ -66.81309336299995, -14.004475636999928 ], [ -66.814695911999934, -14.006205087999945 ], [ -66.81971302799991, -14.010853699999927 ], [ -66.819757972999923, -14.011988499999916 ], [ -66.819692690999943, -14.013635992999923 ], [ -66.821407499999907, -14.013704121999922 ], [ -66.823857080999915, -14.013606911999943 ], [ -66.824755362999952, -14.015304636999929 ], [ -66.82555663699992, -14.01700236299996 ], [ -66.826421362999952, -14.018636636999929 ], [ -66.827962697999908, -14.02190274599991 ], [ -66.829721636999921, -14.022833362999904 ], [ -66.832042485999921, -14.023928708999961 ], [ -66.834357436999937, -14.029873391999956 ], [ -66.837827727999922, -14.033618841999953 ], [ -66.84571580699992, -14.030378560999907 ], [ -66.847973203999913, -14.032815126999935 ], [ -66.855137898999942, -14.034182987999941 ], [ -66.859836335999944, -14.036669175999918 ], [ -66.863041636999924, -14.034463636999931 ], [ -66.864739362999899, -14.033662362999905 ], [ -66.868039636999924, -14.03113163699993 ], [ -66.869737362999899, -14.030330362999905 ], [ -66.873080140999946, -14.027767097999913 ], [ -66.876784916999952, -14.027913930999944 ], [ -66.88067475899993, -14.022610673999907 ], [ -66.882265511999947, -14.021136653999918 ], [ -66.882178266999915, -14.018935385999953 ], [ -66.886798, -14.019902 ], [ -66.887160810999944, -14.022871188999943 ], [ -66.888826810999944, -14.027108995999924 ], [ -66.88810118899994, -14.029535188999944 ], [ -66.886646489999919, -14.031946740999956 ], [ -66.894527857999947, -14.033285519999936 ], [ -66.895490810999945, -14.034533188999944 ], [ -66.897386413999925, -14.035996226999941 ], [ -66.896323810999945, -14.037757810999949 ], [ -66.895961, -14.039061 ], [ -66.897064480999916, -14.040296060999935 ], [ -66.899732886999914, -14.04112011299992 ], [ -66.900519112999916, -14.043665886999918 ], [ -66.905085766999946, -14.045076048999931 ], [ -66.906350112999917, -14.047830886999918 ], [ -66.90973153099992, -14.050284942999951 ], [ -66.909679874999938, -14.051154345999919 ], [ -66.910564124999951, -14.054456653999921 ], [ -66.910512671999925, -14.05532117599995 ], [ -66.911603543999945, -14.058361341999955 ], [ -66.908895886999915, -14.062237556999946 ], [ -66.909789287999899, -14.066691747999926 ], [ -66.914726886999915, -14.070275112999923 ], [ -66.915617847999954, -14.071272230999909 ], [ -66.921344112999918, -14.073653886999921 ], [ -66.924526432999926, -14.074636566999914 ], [ -66.92600187599993, -14.079414927999949 ], [ -66.929296455999918, -14.079611382999929 ], [ -66.934155147999945, -14.077381439999954 ], [ -66.93620287199991, -14.072919927999919 ], [ -66.942516669999918, -14.06948888699992 ], [ -66.946876090999922, -14.070619619999945 ], [ -66.948046886999919, -14.072774112999923 ], [ -66.948879073999933, -14.075468956999941 ], [ -66.952209649999929, -14.075270468999918 ], [ -66.955104406999908, -14.078510342999948 ], [ -66.959204734999901, -14.076282229999947 ], [ -66.963430338999899, -14.076030458999924 ], [ -66.96637288699992, -14.076939112999924 ], [ -66.967159112999923, -14.077818886999921 ], [ -66.969704886999921, -14.079438112999924 ], [ -66.970733731999928, -14.082770112999924 ], [ -66.973036886999921, -14.081983886999922 ], [ -66.974656112999924, -14.081104112999924 ], [ -66.978378174999932, -14.080238166999948 ], [ -66.979654112999924, -14.076106112999923 ], [ -66.98379592799995, -14.07482712399991 ], [ -66.983916932999932, -14.072797499999922 ], [ -66.983797758999913, -14.070796143999928 ], [ -66.988955606999923, -14.069203356999935 ], [ -66.996061934999943, -14.065341783999941 ], [ -66.998011024999926, -14.065225659999953 ], [ -66.998828974999924, -14.067874339999946 ], [ -67.000502499999925, -14.067774688999918 ], [ -67.004356954999935, -14.068004495999958 ], [ -67.007621436999898, -14.066230506999943 ], [ -67.011299367999925, -14.066011274999937 ], [ -67.011356310999929, -14.066966499999921 ], [ -67.011171447999914, -14.070069709999927 ], [ -67.012141112999927, -14.071154886999921 ], [ -67.014131079999913, -14.072068217999913 ], [ -67.012599912999917, -14.07540408199992 ], [ -67.009688886999925, -14.076985886999921 ], [ -67.001904933999924, -14.079389506999917 ], [ -66.996360886999923, -14.082816886999922 ], [ -66.993169415999944, -14.084281754999949 ], [ -66.99104705499991, -14.087320089999935 ], [ -66.992940828999906, -14.090805023999906 ], [ -66.989636282999925, -14.092321750999929 ], [ -66.985555477999924, -14.094917147999922 ], [ -66.985394612999926, -14.097617076999938 ], [ -66.990128436999953, -14.100189492999959 ], [ -66.992664246999936, -14.10034059599991 ], [ -66.999122233999913, -14.097376693999934 ], [ -67.004882664999911, -14.093352832999926 ], [ -67.010021192999943, -14.090994360999957 ], [ -67.015694784999937, -14.087031305999915 ], [ -67.017860055999904, -14.089454855999918 ], [ -67.021350886999926, -14.090267112999925 ], [ -67.022815754999954, -14.093458583999904 ], [ -67.025469112999929, -14.095311886999923 ], [ -67.02870207199993, -14.096795871999916 ], [ -67.029954825999937, -14.099100857999929 ], [ -67.027574999999899, -14.102369 ], [ -67.028454774999943, -14.103155224999909 ], [ -67.029678649999937, -14.104524712999932 ], [ -67.035846225999933, -14.104157020999935 ], [ -67.03796411299993, -14.105307886999924 ], [ -67.039977669999928, -14.106232199999909 ], [ -67.042522224999914, -14.109079774999941 ], [ -67.043841886999928, -14.110259112999927 ], [ -67.045461112999931, -14.114778991999913 ], [ -67.043513852999922, -14.120205693999935 ], [ -67.04212911299993, -14.122754112999928 ], [ -67.041342886999928, -14.129084586999909 ], [ -67.043795112999931, -14.127752112999929 ], [ -67.048769114999914, -14.126594738999927 ], [ -67.053181004999942, -14.128177763999929 ], [ -67.052955468999926, -14.131959209999934 ], [ -67.053846428999918, -14.133598974999927 ], [ -67.05847511099995, -14.136082112999929 ], [ -67.060339191999901, -14.132020626999918 ], [ -67.061997666999901, -14.13053887999996 ], [ -67.064651634999905, -14.131980969999915 ], [ -67.065846224999916, -14.130644224999912 ], [ -67.068988684999908, -14.127836306999939 ], [ -67.075495886999931, -14.126965886999926 ], [ -67.07656316899994, -14.125771499999928 ], [ -67.078108773999929, -14.122403707999922 ], [ -67.080447112999934, -14.122931449999953 ], [ -67.078778468999928, -14.124422349999918 ], [ -67.078850257999932, -14.125627921999921 ], [ -67.085979769999938, -14.131998052999904 ], [ -67.087160734999941, -14.134571282999957 ], [ -67.092155886999933, -14.13774811299993 ], [ -67.094608112999936, -14.139460886999927 ], [ -67.097153886999934, -14.14024711299993 ], [ -67.10088733799995, -14.150464581999927 ], [ -67.104975464999939, -14.150220944999944 ], [ -67.106535305999898, -14.14021050599996 ], [ -67.107972718999918, -14.140296124999907 ], [ -67.113374, -14.13914200499994 ], [ -67.11886028899994, -14.140314223999951 ], [ -67.118762468999932, -14.141957649999938 ], [ -67.120084774999953, -14.143139224999913 ], [ -67.121354611999948, -14.144560164999916 ], [ -67.121161410999946, -14.147799835999933 ], [ -67.123723251999934, -14.147647104999919 ], [ -67.124616245999903, -14.148646664999944 ], [ -67.130333562999908, -14.143782887999919 ], [ -67.13275995999993, -14.141067299999918 ], [ -67.133801209999945, -14.141129530999933 ], [ -67.13542511299994, -14.14024711299993 ], [ -67.140469886999938, -14.139460886999927 ], [ -67.142922112999941, -14.13858111299993 ], [ -67.152635225999916, -14.137568943999952 ], [ -67.1546709509999, -14.138675271999944 ], [ -67.156346305999932, -14.138575417999959 ], [ -67.156148020999922, -14.135251349999919 ], [ -67.15796288699994, -14.133629886999927 ], [ -67.158749112999942, -14.131084112999929 ], [ -67.159722640999917, -14.128370760999928 ], [ -67.16129488699994, -14.126965886999926 ], [ -67.162081112999942, -14.123587112999928 ], [ -67.16296088699994, -14.121134886999926 ], [ -67.163747112999943, -14.117756112999928 ], [ -67.164187, -14.11653 ], [ -67.162185440999906, -14.114206710999952 ], [ -67.158356, -14.114514407999934 ], [ -67.156041862999928, -14.11432852899992 ], [ -67.148566622999908, -14.112697914999956 ], [ -67.145507747999943, -14.112943788999928 ], [ -67.142442160999906, -14.108674256999905 ], [ -67.137219641999934, -14.110592230999941 ], [ -67.132258044999901, -14.110193423999931 ], [ -67.128251062999936, -14.107352356999911 ], [ -67.130619905999936, -14.105311547999918 ], [ -67.130416943999933, -14.102785499999925 ], [ -67.130484055999943, -14.101952499999925 ], [ -67.130237978999901, -14.09889179399994 ], [ -67.127916520999918, -14.091141395999955 ], [ -67.128087756999946, -14.089010494999911 ], [ -67.131314411999938, -14.086989411999923 ], [ -67.132806734999917, -14.083645412999942 ], [ -67.134661664999953, -14.082817700999954 ], [ -67.133533168999918, -14.078695001999904 ], [ -67.136167409999928, -14.077519527999925 ], [ -67.137916587999939, -14.073599587999922 ], [ -67.138815885999918, -14.071987683999907 ], [ -67.138719692999928, -14.07079065299996 ], [ -67.135995155999922, -14.068443366999929 ], [ -67.133151840999915, -14.069221640999956 ], [ -67.134134287999927, -14.077121757999919 ], [ -67.125431776999903, -14.091926782999906 ], [ -67.124990010999909, -14.090636589999917 ], [ -67.133798401999911, -14.075651441999923 ], [ -67.133003828999904, -14.069262154999933 ], [ -67.13184561199995, -14.069579182999917 ], [ -67.130481411999938, -14.071162411999921 ], [ -67.128584791999913, -14.071933587999922 ], [ -67.127535, -14.070715 ], [ -67.1287094569999, -14.067364289999944 ], [ -67.12965715699994, -14.063385575999916 ], [ -67.129534931999899, -14.060302499999921 ], [ -67.129832053999905, -14.05280549999992 ], [ -67.129534931999899, -14.045308499999919 ], [ -67.129650445999914, -14.042393 ], [ -67.129600416999949, -14.041129263999949 ], [ -67.131299362999926, -14.038660362999906 ], [ -67.131686594999906, -14.03783986499991 ], [ -67.131644368999901, -14.037500400999932 ], [ -67.133783210999923, -14.031936034999944 ], [ -67.13293241699995, -14.030328125999915 ], [ -67.132987529999923, -14.028940334999959 ], [ -67.135088909999922, -14.028539157999944 ], [ -67.138989949999939, -14.018390292999925 ], [ -67.156965731999946, -14.020626338999932 ], [ -67.1581489699999, -14.020277215999954 ], [ -67.160022, -14.02035144599995 ], [ -67.166709793999928, -14.020086455999945 ], [ -67.169332848999943, -14.021474449999914 ], [ -67.171294140999919, -14.019357580999952 ], [ -67.17848812099993, -14.006038528999909 ], [ -67.179876115999946, -13.998768488999929 ], [ -67.177915636999899, -13.997843362999959 ], [ -67.176769448999949, -13.996606267999937 ], [ -67.172997560999931, -13.990765302999932 ], [ -67.17211636299993, -13.986149636999926 ], [ -67.171135716999913, -13.982407441999953 ], [ -67.171284582999931, -13.978653246999954 ], [ -67.169585636999898, -13.977851362999957 ], [ -67.167887911999912, -13.97695308099992 ], [ -67.167951972999901, -13.975336499999912 ], [ -67.167919026999925, -13.974503499999912 ], [ -67.167951972999901, -13.973670499999912 ], [ -67.167902553999909, -13.972421 ], [ -67.167951972999901, -13.971171499999912 ], [ -67.167909468999937, -13.970100354999943 ], [ -67.163782091999906, -13.966275997999958 ], [ -67.16294258399995, -13.963624674999949 ], [ -67.158846322999921, -13.963787166999907 ], [ -67.157955362999928, -13.962825636999924 ], [ -67.152512593999916, -13.958352939999941 ], [ -67.151291362999928, -13.954495636999923 ], [ -67.149857203999943, -13.953166822999947 ], [ -67.14617500199995, -13.952000907999945 ], [ -67.145028, -13.950763 ], [ -67.144500053999934, -13.949357922999923 ], [ -67.144656647999909, -13.94782065499993 ], [ -67.143733351999913, -13.946208344999945 ], [ -67.143863304999911, -13.944932 ], [ -67.143500290999953, -13.941368768999951 ], [ -67.141152190999946, -13.940350499999909 ], [ -67.141365117999953, -13.938260678999939 ], [ -67.144299618999923, -13.935823221999954 ], [ -67.143683303999921, -13.931588676999922 ], [ -67.141155444999924, -13.929488960999947 ], [ -67.141406808999932, -13.927022499999907 ], [ -67.141001290999952, -13.923042768999949 ], [ -67.138161037999907, -13.921810961999938 ], [ -67.137152936999939, -13.919487062999906 ], [ -67.136220895999941, -13.917859499999906 ], [ -67.137823037999908, -13.915062156999909 ], [ -67.141169934999937, -13.914319941999906 ], [ -67.14065519299993, -13.91078327799994 ], [ -67.143724774999953, -13.911165001999905 ], [ -67.142832832999943, -13.907143166999958 ], [ -67.138742062999938, -13.906235936999906 ], [ -67.137398402999906, -13.904618541999923 ], [ -67.136319936999939, -13.898883735999959 ], [ -67.140672645999928, -13.89760657699992 ], [ -67.142111075999935, -13.89270436399994 ], [ -67.146245367999938, -13.890911461999906 ], [ -67.147072062999939, -13.885037957999941 ], [ -67.142707557999927, -13.881937391999941 ], [ -67.139197, -13.882295117999945 ], [ -67.134840222999912, -13.881851162999908 ], [ -67.131667257999936, -13.883668469999918 ], [ -67.127412571999912, -13.884611898999935 ], [ -67.125809208999954, -13.884448593999934 ], [ -67.122854458999939, -13.882756155999914 ], [ -67.119205, -13.883128117999945 ], [ -67.115423757999906, -13.882742733999919 ], [ -67.108766061999916, -13.87747384599993 ], [ -67.104589062999935, -13.87624793699996 ], [ -67.103184188999933, -13.874556718999941 ], [ -67.108075013999951, -13.870494013999917 ], [ -67.110233369999946, -13.867895769999905 ], [ -67.113405725999939, -13.866964745999951 ], [ -67.116706, -13.867301117999943 ], [ -67.119951974999935, -13.866970439999932 ], [ -67.122082062999937, -13.864142184999935 ], [ -67.117917062999936, -13.862919936999958 ], [ -67.116783076999923, -13.861554922999915 ], [ -67.115418062999936, -13.860420936999958 ], [ -67.114661936999937, -13.858678062999957 ], [ -67.113356509999903, -13.857593495999936 ], [ -67.114661936999937, -13.852923936999957 ], [ -67.115418062999936, -13.849515062999956 ], [ -67.117160936999937, -13.847092936999957 ], [ -67.117917062999936, -13.844517062999955 ], [ -67.119122024999911, -13.842413005999958 ], [ -67.118745995999916, -13.838724499999955 ], [ -67.118853170999898, -13.837672674999908 ], [ -67.11480124499991, -13.838085717999945 ], [ -67.112162936999937, -13.836187062999954 ], [ -67.109587062999935, -13.835430936999956 ], [ -67.107997936999936, -13.834521062999954 ], [ -67.106034407999914, -13.833669352999948 ], [ -67.104641125999933, -13.831992167999942 ], [ -67.100473481999927, -13.834379111999908 ], [ -67.096886863999941, -13.835354062999954 ], [ -67.0952074409999, -13.833332166999924 ], [ -67.095676816999912, -13.828728499999954 ], [ -67.095382745999927, -13.825843301999953 ], [ -67.098001936999935, -13.821269936999954 ], [ -67.098758062999934, -13.819527062999953 ], [ -67.099667936999936, -13.817937936999954 ], [ -67.100925164999921, -13.813654270999905 ], [ -67.104211, -13.813989219999939 ], [ -67.105422062999935, -13.81119696199994 ], [ -67.106419588999927, -13.809455002999925 ], [ -67.109527882999942, -13.809771851999926 ], [ -67.110458499999936, -13.808651592999922 ], [ -67.111291499999936, -13.809654406999925 ], [ -67.112174528999901, -13.80859139599994 ], [ -67.120584045999919, -13.807092768999951 ], [ -67.120409351999911, -13.805377654999916 ], [ -67.121196974999918, -13.804002409999953 ], [ -67.120980699999905, -13.802263962999916 ], [ -67.120398572999932, -13.801247532999923 ], [ -67.120740889999922, -13.800336339999944 ], [ -67.120322347999945, -13.796972039999957 ], [ -67.121755250999911, -13.79195423799996 ], [ -67.120248283999899, -13.789323186999923 ], [ -67.122989390999919, -13.787632474999953 ], [ -67.125979313999949, -13.777162235999924 ], [ -67.126594412999907, -13.777654819999952 ], [ -67.123906714999919, -13.787066670999934 ], [ -67.125403080999945, -13.786143713999934 ], [ -67.127922621999915, -13.787956952999934 ], [ -67.130187339999907, -13.787726026999906 ], [ -67.131245062999938, -13.782669863999956 ], [ -67.128841646999945, -13.780673490999959 ], [ -67.127858966999952, -13.778407551999919 ], [ -67.128205304999938, -13.77500854199991 ], [ -67.122345222999911, -13.775605836999944 ], [ -67.120492936999938, -13.774544961999936 ], [ -67.117084062999936, -13.773789037999904 ], [ -67.116327936999937, -13.772878961999936 ], [ -67.113496427999905, -13.77052679399992 ], [ -67.109795516999952, -13.769440802999952 ], [ -67.107926960999919, -13.769631257999947 ], [ -67.106505003999928, -13.767919296999935 ], [ -67.101479345999905, -13.766804934999925 ], [ -67.100500936999936, -13.764548961999935 ], [ -67.097925062999934, -13.76379303799996 ], [ -67.09711484099995, -13.76013951199991 ], [ -67.092094062999934, -13.75796203799996 ], [ -67.089637973999913, -13.756194353999945 ], [ -67.088005936999934, -13.75712903799996 ], [ -67.08513660199992, -13.758373453999923 ], [ -67.08366136199993, -13.754971901999909 ], [ -67.078804499999933, -13.75546690199991 ], [ -67.077701832999935, -13.755354540999917 ], [ -67.07633803899995, -13.753712741999948 ], [ -67.074996208999949, -13.753849507999917 ], [ -67.072140499999932, -13.755485103999945 ], [ -67.070512936999933, -13.754552961999934 ], [ -67.066988955999932, -13.753518828999916 ], [ -67.064481007999916, -13.756538148999937 ], [ -67.0598218209999, -13.756063180999945 ], [ -67.057032002999904, -13.754465308999954 ], [ -67.057273808999923, -13.752092499999947 ], [ -67.05544206299993, -13.751298037999959 ], [ -67.05419764699991, -13.748428702999945 ], [ -67.057184936999931, -13.747133037999959 ], [ -67.058404744999905, -13.74566471299994 ], [ -67.05417710699993, -13.742661255999906 ], [ -67.051005971999928, -13.744477545999928 ], [ -67.049616960999913, -13.742805444999931 ], [ -67.047052882999935, -13.743066773999942 ], [ -67.044767013999945, -13.740314884999918 ], [ -67.042015225999933, -13.738029015999928 ], [ -67.042197647999899, -13.736238654999909 ], [ -67.040985974999899, -13.734123005999948 ], [ -67.041364647999899, -13.730407654999908 ], [ -67.041201720999936, -13.73012317599995 ], [ -67.04095652299992, -13.732095046999916 ], [ -67.040484802999913, -13.731717319999916 ], [ -67.040775555999915, -13.729379070999926 ], [ -67.039948791999905, -13.727935499999944 ], [ -67.041234094999936, -13.725691475999952 ], [ -67.041276821999929, -13.725347868999904 ], [ -67.037344649999909, -13.722922551999943 ], [ -67.036359936999929, -13.719566961999931 ], [ -67.035450062999928, -13.717978037999956 ], [ -67.03459489599993, -13.711295633999953 ], [ -67.035526936999929, -13.708815037999955 ], [ -67.036283062999928, -13.703739961999929 ], [ -67.038054814999953, -13.69902454299995 ], [ -67.037917540999899, -13.697677832999943 ], [ -67.036197444999914, -13.696248960999924 ], [ -67.03636400399995, -13.694615499999941 ], [ -67.036249506999923, -13.693492698999933 ], [ -67.032962654999949, -13.69382764799991 ], [ -67.03058750699995, -13.692467311999906 ], [ -67.029695936999929, -13.690411961999928 ], [ -67.027120062999927, -13.688823037999953 ], [ -67.026363936999928, -13.687912961999928 ], [ -67.024998922999941, -13.686779076999926 ], [ -67.023864936999928, -13.685413961999927 ], [ -67.023761045999947, -13.685327657999949 ], [ -67.024767906999898, -13.689981424999928 ], [ -67.024746378999907, -13.689964185999941 ], [ -67.02373935199995, -13.685309636999932 ], [ -67.022947741999928, -13.684652038999957 ], [ -67.023155639999914, -13.682611679999923 ], [ -67.022756895999919, -13.680768658999909 ], [ -67.022122062999927, -13.679660037999952 ], [ -67.021365936999928, -13.677916961999927 ], [ -67.020456062999926, -13.677161037999952 ], [ -67.019699936999928, -13.676045863999946 ], [ -67.021425093999937, -13.67461297899996 ], [ -67.02080365899991, -13.671740666999938 ], [ -67.020005600999923, -13.66888655799994 ], [ -67.017376037999952, -13.667746063999914 ], [ -67.016367936999927, -13.665421961999925 ], [ -67.015428167999914, -13.663780772999928 ], [ -67.017272115999901, -13.66224899599996 ], [ -67.014549409999915, -13.656167241999924 ], [ -67.014707833999921, -13.654613603999906 ], [ -67.013475010999912, -13.650204661999908 ], [ -67.013947843999915, -13.645567438999933 ], [ -67.0129523519999, -13.643829344999915 ], [ -67.013124808999919, -13.642136499999935 ], [ -67.012336143999903, -13.634399320999933 ], [ -67.015534936999927, -13.633012037999947 ], [ -67.016386646999933, -13.631048508999925 ], [ -67.01877135299992, -13.629067490999944 ], [ -67.019623062999926, -13.627103961999921 ], [ -67.021341708999898, -13.626460189999932 ], [ -67.021682331999898, -13.62372167299992 ], [ -67.022154099999909, -13.624099507999915 ], [ -67.021885823999924, -13.626256374999912 ], [ -67.023864936999928, -13.625515037999946 ], [ -67.024621062999927, -13.624309058999927 ], [ -67.020456062999926, -13.621350037999946 ], [ -67.019447961999902, -13.619025935999957 ], [ -67.016903407999905, -13.617922352999926 ], [ -67.01535883899993, -13.616062987999953 ], [ -67.015201254999909, -13.617329726999913 ], [ -67.014729492999948, -13.616951897999911 ], [ -67.014907639999933, -13.615519830999915 ], [ -67.014852836999921, -13.615453858999956 ], [ -67.014933329999906, -13.615313315999913 ], [ -67.015791182999919, -13.60841731599993 ], [ -67.012959062999926, -13.607189037999945 ], [ -67.012202936999927, -13.604407863999938 ], [ -67.013868936999927, -13.603024037999944 ], [ -67.015237407999905, -13.601376646999938 ], [ -67.016748562999908, -13.600721238999938 ], [ -67.016886067999906, -13.599615878999941 ], [ -67.018026008999925, -13.598703052999952 ], [ -67.017654042999936, -13.595053594999911 ], [ -67.023377257999925, -13.593784469999946 ], [ -67.026155226999947, -13.592193445999953 ], [ -67.028563110999926, -13.590265292999959 ], [ -67.032267602999923, -13.582118301999913 ], [ -67.033198412999923, -13.582280257999912 ], [ -67.030154748999905, -13.588973919999944 ], [ -67.030752845999928, -13.58825384599993 ], [ -67.034194665999905, -13.585394983999947 ], [ -67.033658177999939, -13.580132095999943 ], [ -67.027953062999927, -13.578867037999942 ], [ -67.023738237999908, -13.576211138999952 ], [ -67.020980755999915, -13.576492194999958 ], [ -67.019244999999898, -13.578581812999914 ], [ -67.017897882999932, -13.576960147999955 ], [ -67.014607572999921, -13.577295604999961 ], [ -67.014876020999907, -13.57466136499994 ], [ -67.011087863999933, -13.573869037999941 ], [ -67.009703936999927, -13.575535037999941 ], [ -67.008179684999902, -13.576801214999932 ], [ -67.006371936999926, -13.574624961999916 ], [ -67.000288351999927, -13.573718748999909 ], [ -66.998231476999933, -13.568976179999936 ], [ -66.991386681999927, -13.567756473999907 ], [ -66.985925, -13.568972315999929 ], [ -66.9801969049999, -13.567697191999912 ], [ -66.973884936999923, -13.562129961999915 ], [ -66.969254017999901, -13.558576593999931 ], [ -66.968432, -13.557587 ], [ -66.967991095999935, -13.553070374999947 ], [ -66.962138334999906, -13.55221856299994 ], [ -66.95843762699991, -13.549258829999928 ], [ -66.949196125999947, -13.550408373999915 ], [ -66.946077053999943, -13.546513448999917 ], [ -66.946327044999919, -13.544503463999945 ], [ -66.945941289999951, -13.54228666399996 ], [ -66.943226428999935, -13.541142672999911 ], [ -66.94212437099992, -13.53481036799991 ], [ -66.942248019999909, -13.533816502999912 ], [ -66.941313334999904, -13.532226562999938 ], [ -66.940943, -13.5251 ], [ -66.941504298999917, -13.523571273999949 ], [ -66.94120371899993, -13.519830400999922 ], [ -66.941827264999915, -13.518951061999928 ], [ -66.93966434999993, -13.515174619999925 ], [ -66.941858408999906, -13.518907141999932 ], [ -66.943181280999909, -13.517041598999924 ], [ -66.942935610999939, -13.513985265999906 ], [ -66.938829587999919, -13.513052513999924 ], [ -66.938058411999918, -13.508825485999921 ], [ -66.935642589999929, -13.507747527999925 ], [ -66.93259428999994, -13.500916154999913 ], [ -66.937233139999933, -13.494373972999938 ], [ -66.939791726999943, -13.492169553999929 ], [ -66.939607881999905, -13.489882260999934 ], [ -66.935507349999909, -13.488647707999917 ], [ -66.924668587999918, -13.487229513999921 ], [ -66.923056683999903, -13.486330214999953 ], [ -66.921784, -13.486432407999928 ], [ -66.920534499999917, -13.486332045999916 ], [ -66.91822198999995, -13.486517822999929 ], [ -66.916205380999941, -13.485392683999919 ], [ -66.907937611999898, -13.483884599999953 ], [ -66.908102747999919, -13.481828944999904 ], [ -66.904727429999923, -13.483068580999941 ], [ -66.902394989999948, -13.482881176999911 ], [ -66.900558362999902, -13.483905953999908 ], [ -66.891373601999931, -13.482240664999949 ], [ -66.888601273999939, -13.481222598999921 ], [ -66.886030891999951, -13.481429120999906 ], [ -66.882290119999936, -13.477087189999907 ], [ -66.881345266999915, -13.470886565999933 ], [ -66.876402379999945, -13.472239275999925 ], [ -66.875335707999909, -13.472153657999911 ], [ -66.873752275999948, -13.470315810999921 ], [ -66.872251411999912, -13.458845485999916 ], [ -66.869157556999937, -13.457914055999936 ], [ -66.867466745999934, -13.454124779999916 ], [ -66.868145592999952, -13.44567774099994 ], [ -66.871475151999903, -13.434561176999921 ], [ -66.871385712999938, -13.433447103999924 ], [ -66.8712933139999, -13.432826788999932 ], [ -66.866383398999915, -13.433221279999941 ], [ -66.865343165999946, -13.427518299999917 ], [ -66.86620608599992, -13.425971685999912 ], [ -66.864280171999951, -13.423737514999914 ], [ -66.864116442999944, -13.423664454999937 ], [ -66.864008331999912, -13.42342216399993 ], [ -66.860443201999942, -13.419286406999959 ], [ -66.863983184999938, -13.423365806999925 ], [ -66.863004826999941, -13.421173182999951 ], [ -66.861360587999911, -13.419756513999914 ], [ -66.860589411999911, -13.418861485999912 ], [ -66.859694587999911, -13.418090513999914 ], [ -66.858923411999911, -13.417195485999912 ], [ -66.858028587999911, -13.416424513999914 ], [ -66.856611917999942, -13.41478017299994 ], [ -66.853061702999923, -13.413196028999948 ], [ -66.85225941199991, -13.410531485999911 ], [ -66.85053158799991, -13.408094513999913 ], [ -66.84976041199991, -13.405533485999911 ], [ -66.847846012999923, -13.405184300999906 ], [ -66.833621465999954, -13.406634370999939 ], [ -66.832966187999943, -13.409518504999937 ], [ -66.823509929999943, -13.407804000999931 ], [ -66.822271411999907, -13.406366485999911 ], [ -66.820729263999908, -13.405037875999938 ], [ -66.816378587999907, -13.403096513999913 ], [ -66.815607411999906, -13.40220148599991 ], [ -66.815449495999928, -13.402065420999918 ], [ -66.810513949999915, -13.400616745999912 ], [ -66.815383738999913, -13.402008761999923 ], [ -66.814707909999925, -13.401426445999959 ], [ -66.8147780729999, -13.400552365999943 ], [ -66.814428480999936, -13.398931513999912 ], [ -66.811434683999948, -13.400601784999935 ], [ -66.809466680999947, -13.400443664999955 ], [ -66.807765700999937, -13.398469458999955 ], [ -66.805394620999948, -13.403783189999956 ], [ -66.803645442999937, -13.399862943999949 ], [ -66.800551587999905, -13.398931513999912 ], [ -66.799780411999905, -13.39720348599991 ], [ -66.79832611899991, -13.395950630999948 ], [ -66.789191387999949, -13.394558568999912 ], [ -66.785685709999939, -13.400155795999922 ], [ -66.778225723999924, -13.398528639999938 ], [ -66.777140748999898, -13.390235855999947 ], [ -66.772229587999902, -13.386436513999911 ], [ -66.769132682999953, -13.382123663999948 ], [ -66.767235451999909, -13.382276089999948 ], [ -66.766460411999901, -13.381376485999908 ], [ -66.76528656499994, -13.380365130999905 ], [ -66.761015, -13.380708316999915 ], [ -66.758932499999901, -13.380541045999905 ], [ -66.755735333999951, -13.380797900999937 ], [ -66.752870878999943, -13.377473120999923 ], [ -66.7497385879999, -13.37477451399991 ], [ -66.749350182999933, -13.37306510399992 ], [ -66.743904650999923, -13.371466820999956 ], [ -66.749340127999915, -13.373020848999943 ], [ -66.748967411999899, -13.371380485999907 ], [ -66.744501425999943, -13.370365978999928 ], [ -66.741304665999905, -13.37062283399996 ], [ -66.739800547999948, -13.368876909999926 ], [ -66.737529117999941, -13.369059332999939 ], [ -66.736472411999898, -13.365549485999907 ], [ -66.735573520999935, -13.363101327999914 ], [ -66.735642055999904, -13.362248499999907 ], [ -66.735557657999948, -13.361198707999961 ], [ -66.733911587999899, -13.359780513999908 ], [ -66.732853661999911, -13.35512366599994 ], [ -66.734421027999929, -13.352314425999907 ], [ -66.735577587999899, -13.349722485999905 ], [ -66.738996222999901, -13.347267718999944 ], [ -66.738076587999899, -13.345619513999907 ], [ -66.737305411999898, -13.342225485999904 ], [ -66.735962971999925, -13.341068925999934 ], [ -66.734084044999918, -13.338888096999938 ], [ -66.73186, -13.33351 ], [ -66.728088112999899, -13.333903112999906 ], [ -66.725607618999902, -13.33479305599991 ], [ -66.722761264999917, -13.333246229999929 ], [ -66.719762789999947, -13.333067569999912 ], [ -66.717804344999934, -13.334131800999955 ], [ -66.715593112999954, -13.33311688699996 ], [ -66.714806886999952, -13.331404112999905 ], [ -66.713094112999954, -13.33061788699996 ], [ -66.710861322999904, -13.32811888699996 ], [ -66.709762112999954, -13.328905112999905 ], [ -66.708975886999951, -13.32978488699996 ], [ -66.708096112999954, -13.330571112999905 ], [ -66.706810005999898, -13.334736112999906 ], [ -66.702392624999902, -13.333529827999939 ], [ -66.701293617999909, -13.32997096999992 ], [ -66.696698898999898, -13.328740383999957 ], [ -66.693124889999922, -13.328953310999907 ], [ -66.686045, -13.328512 ], [ -66.681876338999928, -13.325177457999928 ], [ -66.677414013999908, -13.324622463999958 ], [ -66.675225964999925, -13.32590856999991 ], [ -66.672111772999926, -13.32552125299992 ], [ -66.670087233999936, -13.328049436999947 ], [ -66.669661581999947, -13.324961682999913 ], [ -66.671421334999934, -13.320383233999905 ], [ -66.670669275999899, -13.319709369999941 ], [ -66.664179156999921, -13.320516643999952 ], [ -66.661795873999949, -13.318608125999958 ], [ -66.660066828999902, -13.316448955999931 ], [ -66.658556, -13.316017 ], [ -66.657548915999939, -13.313210098999946 ], [ -66.661494886999947, -13.312291886999958 ], [ -66.663118789999942, -13.31140956999991 ], [ -66.664803499999948, -13.311509932999911 ], [ -66.666979752999907, -13.311380284999927 ], [ -66.66811211299995, -13.30891311299996 ], [ -66.669598537999946, -13.307585009999912 ], [ -66.67061111299995, -13.306283447999931 ], [ -66.66820830599994, -13.304136682999911 ], [ -66.670660530999953, -13.300626226999952 ], [ -66.670603384999936, -13.299668154999949 ], [ -66.67313695699994, -13.297404452999956 ], [ -66.674053948999926, -13.29249257999993 ], [ -66.673826988999906, -13.28868683099995 ], [ -66.672274468999944, -13.287299548999954 ], [ -66.672445501999903, -13.284428077999905 ], [ -66.674822886999948, -13.282303886999955 ], [ -66.676360154999941, -13.280583384999943 ], [ -66.677298499999949, -13.280639310999959 ], [ -66.678828445999898, -13.280548099999919 ], [ -66.680851765999932, -13.271120617999941 ], [ -66.682759774999909, -13.269415876999915 ], [ -66.685146921999944, -13.26674421599995 ], [ -66.686438112999951, -13.263931112999956 ], [ -66.689012562999949, -13.260245453999914 ], [ -66.688886066999942, -13.258123499999954 ], [ -66.688986734999901, -13.256435332999956 ], [ -66.687271112999952, -13.255647886999952 ], [ -66.686484886999949, -13.254227556999922 ], [ -66.689032288999954, -13.250580741999954 ], [ -66.688892167999938, -13.248229387999913 ], [ -66.689861831999906, -13.245526611999935 ], [ -66.689675952999949, -13.242407742999944 ], [ -66.692390320999948, -13.238521968999919 ], [ -66.692267688999948, -13.236465499999952 ], [ -66.692318530999898, -13.235611450999954 ], [ -66.691121499999952, -13.234541830999945 ], [ -66.688104112999952, -13.23315688699995 ], [ -66.68728006099991, -13.230488582999953 ], [ -66.685588029999906, -13.228976634999924 ], [ -66.686484886999949, -13.227325886999949 ], [ -66.687283110999942, -13.223895354999911 ], [ -66.689377, -13.224020121999956 ], [ -66.691303312999935, -13.223905319999915 ], [ -66.694768112999952, -13.221358222999925 ], [ -66.690720456999941, -13.219500445999927 ], [ -66.689816886999949, -13.215617112999951 ], [ -66.686933519999911, -13.213783230999923 ], [ -66.687320530999898, -13.207290772999954 ], [ -66.685336054999937, -13.204449909999937 ], [ -66.686534509999944, -13.202244675999907 ], [ -66.684332224999935, -13.200276876999908 ], [ -66.682829733999938, -13.198595318999935 ], [ -66.683277145999909, -13.191090488999919 ], [ -66.682270874999915, -13.187333447999947 ], [ -66.682447196999931, -13.184374324999908 ], [ -66.685664699999904, -13.181499599999938 ], [ -66.684735302999911, -13.178909287999943 ], [ -66.686484886999949, -13.177345886999944 ], [ -66.687347985999907, -13.173636840999905 ], [ -66.6872599269999, -13.172160482999914 ], [ -66.685605112999951, -13.170681886999944 ], [ -66.684818886999949, -13.169802112999946 ], [ -66.681440112999951, -13.167349886999943 ], [ -66.680536339999946, -13.160593659999904 ], [ -66.678503665999926, -13.160714765999955 ], [ -66.677321886999948, -13.158140112999945 ], [ -66.676194001999932, -13.156064424999954 ], [ -66.67227711299995, -13.154854886999942 ], [ -66.670576335999954, -13.14868120999995 ], [ -66.664780722999922, -13.149026632999949 ], [ -66.663917013999935, -13.145314840999959 ], [ -66.663995310999951, -13.144002499999942 ], [ -66.663929622999945, -13.142898916999911 ], [ -66.655703747999951, -13.143389138999908 ], [ -66.652691443999913, -13.14001778699992 ], [ -66.656463127999928, -13.136647857999947 ], [ -66.657283112999949, -13.133763778999935 ], [ -66.655568100999915, -13.130607997999959 ], [ -66.657329886999946, -13.127365886999939 ], [ -66.658116112999949, -13.124689447999913 ], [ -66.656010224999932, -13.122807876999957 ], [ -66.653953349999938, -13.120505940999919 ], [ -66.649855257999945, -13.120750288999943 ], [ -66.646584471999915, -13.118465538999942 ], [ -66.643915048999929, -13.119916170999943 ], [ -66.641896, -13.119795877999934 ], [ -66.64023, -13.119895121999946 ], [ -66.638907693999954, -13.119816316999959 ], [ -66.639006327999937, -13.118162721999909 ], [ -66.638121671999954, -13.115697277999914 ], [ -66.638209527999948, -13.11422183499991 ], [ -66.642518715999927, -13.112891291999915 ], [ -66.642219966999903, -13.107878954999933 ], [ -66.639740286999938, -13.105663450999941 ], [ -66.6398657659999, -13.103557665999915 ], [ -66.636380831999929, -13.101958166999907 ], [ -66.636555932999954, -13.099020499999938 ], [ -66.636341988999902, -13.095430830999931 ], [ -66.633257691999916, -13.092674975999955 ], [ -66.632339886999944, -13.079005112999937 ], [ -66.631434487999911, -13.068766899999957 ], [ -66.628152109999917, -13.065834214999938 ], [ -66.627341886999943, -13.062125778999928 ], [ -66.629010530999949, -13.059055311999941 ], [ -66.62895846899994, -13.058184687999926 ], [ -66.63050000699991, -13.055348196999944 ], [ -66.62750153199994, -13.052669113999912 ], [ -66.629288943999939, -13.049379719999934 ], [ -66.626400084999943, -13.045651861999943 ], [ -66.628182208999931, -13.04405948099992 ], [ -66.62678485899994, -13.036196823999944 ], [ -66.625629112999945, -13.03406988699993 ], [ -66.624842886999943, -13.032357112999932 ], [ -66.622132586999953, -13.028859772999908 ], [ -66.61881461899992, -13.027336944999945 ], [ -66.617099200999917, -13.025416936999932 ], [ -66.618178886999942, -13.022407886999929 ], [ -66.618965112999945, -13.019862112999931 ], [ -66.620220713999913, -13.017551431999948 ], [ -66.622343886999943, -13.016576886999928 ], [ -66.623182174999954, -13.012974100999941 ], [ -66.625688699999898, -13.010734599999921 ], [ -66.624793671999953, -13.00824027799996 ], [ -66.624844310999947, -13.007390499999929 ], [ -66.624786350999898, -13.006418801999928 ], [ -66.626766759999953, -13.002774325999951 ], [ -66.628239354999948, -12.993324676999919 ], [ -66.627212950999933, -12.991435987999921 ], [ -66.629840886999943, -12.989087886999926 ], [ -66.630659244999947, -12.983836895999957 ], [ -66.634964365999906, -12.979990270999906 ], [ -66.633909286999938, -12.979047450999929 ], [ -66.634008530999949, -12.977381450999928 ], [ -66.632686224999929, -12.976199876999942 ], [ -66.631506886999944, -12.974880112999926 ], [ -66.629791264999938, -12.974092666999923 ], [ -66.629941147999943, -12.971579024999926 ], [ -66.627295112999946, -12.970761886999924 ], [ -66.625133298999913, -12.967362978999915 ], [ -66.623986499999944, -12.967431310999928 ], [ -66.622989583999924, -12.967371926999931 ], [ -66.621510886999943, -12.965717112999926 ], [ -66.618962264999936, -12.964930073999938 ], [ -66.619013310999946, -12.964074499999924 ], [ -66.618917727999929, -12.962472052999942 ], [ -66.619844886999942, -12.960765937999952 ], [ -66.62080438299995, -12.958675506999953 ], [ -66.620629688999941, -12.955744499999923 ], [ -66.620679310999947, -12.954911499999923 ], [ -66.620580066999935, -12.953245499999923 ], [ -66.620741541999905, -12.950535656999932 ], [ -66.622352428999932, -12.949096413999939 ], [ -66.621384187999922, -12.944565297999929 ], [ -66.621679479999898, -12.939612954999916 ], [ -66.623176886999943, -12.93827493799995 ], [ -66.624307822999924, -12.932216215999915 ], [ -66.630422319999923, -12.932580652999945 ], [ -66.633155397999928, -12.931095498999923 ], [ -66.636548611999899, -12.927297834999933 ], [ -66.636455468999941, -12.925735450999923 ], [ -66.637337886999944, -12.924946937999948 ], [ -66.638124112999947, -12.924067061999949 ], [ -66.63946939899995, -12.922865098999921 ], [ -66.637530884999933, -12.917462648999958 ], [ -66.634792112999946, -12.916616937999947 ], [ -66.633413879999921, -12.915074433999905 ], [ -66.634886271999903, -12.912364946999958 ], [ -66.634790688999942, -12.910762499999919 ], [ -66.63484722599992, -12.909812358999943 ], [ -66.638170886999944, -12.908286937999947 ], [ -66.639790112999947, -12.906934888999956 ], [ -66.637291112999947, -12.905787937999946 ], [ -66.63483522699994, -12.904072519999943 ], [ -66.633195257999944, -12.904170237999949 ], [ -66.629861630999926, -12.901841661999924 ], [ -66.629007886999943, -12.899077061999947 ], [ -66.627997549999918, -12.898290937999946 ], [ -66.62648977099991, -12.899978393999959 ], [ -66.623176886999943, -12.897411061999946 ], [ -66.619156279999913, -12.896475614999929 ], [ -66.620907287999898, -12.889937499999917 ], [ -66.619614673999934, -12.88511099099992 ], [ -66.618071508999947, -12.87684306899996 ], [ -66.613978500999906, -12.878311648999954 ], [ -66.613180886999942, -12.877419061999944 ], [ -66.608969112999944, -12.876632937999943 ], [ -66.608182886999941, -12.872421061999944 ], [ -66.604703851999943, -12.867440245999944 ], [ -66.604877121999948, -12.864531 ], [ -66.604792520999922, -12.863109805999954 ], [ -66.599053239999932, -12.863451871999928 ], [ -66.594837193999922, -12.855728522999925 ], [ -66.59402188699994, -12.856640937999941 ], [ -66.592110420999916, -12.857427061999942 ], [ -66.59240693299995, -12.852452499999913 ], [ -66.588922, -12.850853052999923 ], [ -66.589335855999934, -12.843912063999937 ], [ -66.592585490999909, -12.845078131999912 ], [ -66.594808112999942, -12.844712778999906 ], [ -66.592440081999939, -12.840354984999919 ], [ -66.589624029999925, -12.839062522999939 ], [ -66.587355649999949, -12.839197712999919 ], [ -66.585773844999949, -12.837427384999955 ], [ -66.584419, -12.837508172999947 ], [ -66.58300558399992, -12.837423875999946 ], [ -66.580733747999943, -12.834881253999924 ], [ -66.578217257999938, -12.835031237999942 ], [ -66.575695886999938, -12.83327006199994 ], [ -66.573332534999906, -12.832185341999946 ], [ -66.574862886999938, -12.830817937999939 ], [ -66.575256, -12.822048 ], [ -66.573805570999923, -12.819768180999915 ], [ -66.575017650999939, -12.81443207999996 ], [ -66.573358158999952, -12.810114908999935 ], [ -66.574980637999943, -12.80735498599995 ], [ -66.574782962999905, -12.805766774999938 ], [ -66.575776014999917, -12.804971499999908 ], [ -66.574793334999924, -12.804184562999922 ], [ -66.574052664999954, -12.802426436999951 ], [ -66.567724020999947, -12.800617010999929 ], [ -66.569320671999947, -12.797901015999912 ], [ -66.5688641079999, -12.794231015999912 ], [ -66.57117295799992, -12.791070151999918 ], [ -66.570519125999908, -12.785812499999906 ], [ -66.570829873999912, -12.783313499999906 ], [ -66.570622640999943, -12.781647499999906 ], [ -66.570836991999954, -12.779924251999944 ], [ -66.569887664999953, -12.776603436999949 ], [ -66.567296334999924, -12.775862562999919 ], [ -66.565645180999923, -12.771396372999959 ], [ -66.560383004999949, -12.772050916999945 ], [ -66.558751373999939, -12.767806195999924 ], [ -66.560341516999927, -12.765101030999915 ], [ -66.558179499999937, -12.764832074999958 ], [ -66.5558690229999, -12.765119486999936 ], [ -66.553135334999922, -12.761701562999917 ], [ -66.552389986999913, -12.759932556999956 ], [ -66.551411577999943, -12.760054221999951 ], [ -66.549678872999948, -12.755546341999946 ], [ -66.554230070999949, -12.751901762999921 ], [ -66.553135334999922, -12.750039562999916 ], [ -66.55228911599994, -12.748030987999925 ], [ -66.551099, -12.747078 ], [ -66.546567731999914, -12.748951893999958 ], [ -66.546483943999931, -12.74999349999996 ], [ -66.546612676999928, -12.75159401499991 ], [ -66.541724902999931, -12.752931675999946 ], [ -66.5391014409999, -12.749886578999906 ], [ -66.536521499999935, -12.750093913999933 ], [ -66.534190279999905, -12.749906610999915 ], [ -66.533028634999937, -12.750907389999952 ], [ -66.533266576999949, -12.753868240999907 ], [ -66.531554411999934, -12.755855462999932 ], [ -66.530654909999953, -12.756630553999912 ], [ -66.530781405999903, -12.758206053999913 ], [ -66.528131302999952, -12.760085082999922 ], [ -66.524256103999903, -12.759773673999916 ], [ -66.520874887999923, -12.762171141999943 ], [ -66.516498587999934, -12.760853462999933 ], [ -66.513786588936711, -12.759857532474481 ], [ -66.51578143, -13.57114369 ] ] ], [ [ [ -66.517627603829041, -13.83152107184109 ], [ -66.520278, -13.829978 ], [ -66.5191267269999, -13.818691215999934 ], [ -66.51753754026376, -13.818818846862518 ], [ -66.517627603829041, -13.83152107184109 ] ] ], [ [ [ -67.136061341999948, -14.028353508999942 ], [ -67.138796362999926, -14.027831362999905 ], [ -67.142339052999944, -14.026903185999913 ], [ -67.144839476999948, -14.024204273999942 ], [ -67.153559959999939, -14.021631234999916 ], [ -67.139325849999921, -14.019860632999951 ], [ -67.136061341999948, -14.028353508999942 ] ] ], [ [ [ -67.144408361999922, -13.935732896999923 ], [ -67.144588925999926, -13.93558291699992 ], [ -67.145406062999939, -13.933019652999917 ], [ -67.143821960999901, -13.931703849999906 ], [ -67.144408361999922, -13.935732896999923 ] ] ], [ [ [ -67.141288034999945, -13.914293751999935 ], [ -67.14381693699994, -13.913732936999907 ], [ -67.145182414999908, -13.912774795999951 ], [ -67.140991099999951, -13.912253570999951 ], [ -67.141288034999945, -13.914293751999935 ] ] ], [ [ [ -67.121322646999943, -13.803782978999948 ], [ -67.12158665599992, -13.803322 ], [ -67.121176117999937, -13.80260517499994 ], [ -67.121322646999943, -13.803782978999948 ] ] ], [ [ [ -67.120855802999927, -13.800030460999949 ], [ -67.121325936999938, -13.798779037999907 ], [ -67.121886770999936, -13.79414016699991 ], [ -67.120658224999943, -13.798442319999936 ], [ -67.120855802999927, -13.800030460999949 ] ] ], [ [ [ -67.02316133599993, -13.682555770999954 ], [ -67.023254828999939, -13.68163820999996 ], [ -67.022785490999922, -13.680818595999938 ], [ -67.02316133599993, -13.682555770999954 ] ] ], [ [ [ -67.021440170999938, -13.674600455999951 ], [ -67.021572559999925, -13.674490496999908 ], [ -67.020882266999934, -13.672021790999906 ], [ -67.021440170999938, -13.674600455999951 ] ] ], [ [ [ -67.015596045999928, -13.614156202999936 ], [ -67.017200936999927, -13.611354037999945 ], [ -67.017957062999926, -13.609356647999959 ], [ -67.016283414999918, -13.608630794999954 ], [ -67.015596045999928, -13.614156202999936 ] ] ], [ [ [ -66.946360399999946, -13.544235277999917 ], [ -66.946569816999954, -13.542551512999921 ], [ -66.946027644999901, -13.542323051999915 ], [ -66.946360399999946, -13.544235277999917 ] ] ], [ [ [ -66.871339933999934, -13.432876857999929 ], [ -66.871335640999916, -13.432823387999917 ], [ -66.871332190999908, -13.432823664999944 ], [ -66.871339933999934, -13.432876857999929 ] ] ], [ [ [ -66.866221114999917, -13.425944748999939 ], [ -66.86682023599991, -13.424870942999917 ], [ -66.864321898999947, -13.423756133999916 ], [ -66.866221114999917, -13.425944748999939 ] ] ], [ [ [ -66.840983, -13.402299407999919 ], [ -66.839598665999915, -13.402188165999917 ], [ -66.837408786999902, -13.404729872999951 ], [ -66.833871587999909, -13.405533485999911 ], [ -66.83363348599994, -13.406581464999931 ], [ -66.846637677999922, -13.404963900999917 ], [ -66.845259852999902, -13.404712586999949 ], [ -66.843038451999917, -13.402134272999945 ], [ -66.840983, -13.402299407999919 ] ] ], [ [ [ -65.833428824999942, -11.407368233999932 ], [ -65.838701339999943, -11.406944720999945 ], [ -65.837829844999931, -11.405969384999935 ], [ -65.832934825999928, -11.406261106999921 ], [ -65.833428824999942, -11.407368233999932 ] ] ], [ [ [ -65.7691024639999, -11.192322678999915 ], [ -65.762992532999931, -11.191958503999956 ], [ -65.766607026999907, -11.194521350999935 ], [ -65.774666685999932, -11.196352317999924 ], [ -65.772865199999899, -11.194742771999927 ], [ -65.771941090999917, -11.192729112999928 ], [ -65.770730230999902, -11.190501101999928 ], [ -65.7691024639999, -11.192322678999915 ] ] ], [ [ [ -65.741441907999899, -10.984132355999918 ], [ -65.741623632999904, -10.983646620999934 ], [ -65.741389919999904, -10.983485272999928 ], [ -65.741441907999899, -10.984132355999918 ] ] ], [ [ [ -65.75346703799994, -10.950934897999957 ], [ -65.753593506999948, -10.950919166999938 ], [ -65.753484700999934, -10.950792878999948 ], [ -65.75346703799994, -10.950934897999957 ] ] ], [ [ [ -65.764823201999945, -10.912495962999913 ], [ -65.765343795999911, -10.910675332999915 ], [ -65.765229675999933, -10.909757508999917 ], [ -65.763853832999928, -10.910942859999921 ], [ -65.764823201999945, -10.912495962999913 ] ] ], [ [ [ -65.661479606999933, -10.650477335999938 ], [ -65.662112399999899, -10.649453772999948 ], [ -65.66022294499993, -10.64956639299993 ], [ -65.661479606999933, -10.650477335999938 ] ] ] ] } },
{ "type": "Feature", "properties": { "OBJECTID": 6.0, "NOM_SRM": "RÍO MATOS", "COD_SRM": "SR-9", "SHAPE_LENG": 9.2778334033000007, "SHAPE_AREA": 1.4512318621, "dep": "BENI", "prov": "YACUMA", "mun": "SANTA ANA" }, "geometry": { "type": "MultiPolygon", "coordinates": [ [ [ [ -66.53147056, -15.56552982 ], [ -66.65034891, -15.63441743 ], [ -66.65141008, -15.63422783 ], [ -66.65271078, -15.63420614 ], [ -66.65412973, -15.63418248 ], [ -66.65525205, -15.63410645 ], [ -66.65596763, -15.63443836 ], [ -66.65669034, -15.63517131 ], [ -66.65764751, -15.63578572 ], [ -66.65949357, -15.63649989 ], [ -66.66009908, -15.63729209 ], [ -66.66094108, -15.63808033 ], [ -66.66119389, -15.63899303 ], [ -66.66103488, -15.64002723 ], [ -66.66063019, -15.64054976 ], [ -66.65963527, -15.64113947 ], [ -66.65852108, -15.64167386 ], [ -66.6577076, -15.64248976 ], [ -66.65724988, -15.64335702 ], [ -66.65750473, -15.64438431 ], [ -66.65822953, -15.64523182 ], [ -66.6590155, -15.64619292 ], [ -66.65985958, -15.64709574 ], [ -66.661037, -15.64678952 ], [ -66.66221136, -15.64631141 ], [ -66.66261299, -15.645617 ], [ -66.66259564, -15.64464306 ], [ -66.66281377, -15.64360787 ], [ -66.66309306, -15.64268628 ], [ -66.66356095, -15.64239191 ], [ -66.66439278, -15.64260723 ], [ -66.66523074, -15.64316628 ], [ -66.66577614, -15.64390215 ], [ -66.66638271, -15.64475161 ], [ -66.66651731, -15.64566627 ], [ -66.66594138, -15.64653553 ], [ -66.66483127, -15.64729911 ], [ -66.66401474, -15.64794317 ], [ -66.66320229, -15.64881638 ], [ -66.66274051, -15.64945449 ], [ -66.66275767, -15.65041697 ], [ -66.66376499, -15.65383857 ], [ -66.66451539, -15.65611831 ], [ -66.66502215, -15.65800098 ], [ -66.66600298, -15.659933 ], [ -66.6666178, -15.66124077 ], [ -66.66692675, -15.66198059 ], [ -66.66770567, -15.6625406 ], [ -66.66864766, -15.66229558 ], [ -66.66893205, -15.66166042 ], [ -66.66921644, -15.66102527 ], [ -66.66962421, -15.66067459 ], [ -66.67039494, -15.66077627 ], [ -66.67117535, -15.66208125 ], [ -66.67178611, -15.66315983 ], [ -66.67233365, -15.66401025 ], [ -66.67340619, -15.66445069 ], [ -66.67404842, -15.66398145 ], [ -66.67486394, -15.66328006 ], [ -66.67514728, -15.66258762 ], [ -66.67554889, -15.66189319 ], [ -66.67618803, -15.66125207 ], [ -66.6768405, -15.66135572 ], [ -66.67748784, -15.66117292 ], [ -66.67795574, -15.66087852 ], [ -66.67884781, -15.66115005 ], [ -66.67927095, -15.6616587 ], [ -66.67939947, -15.6622296 ], [ -66.67929148, -15.66280449 ], [ -66.67906625, -15.66343865 ], [ -66.67884308, -15.66418739 ], [ -66.67903279, -15.66487188 ], [ -66.67957317, -15.66532124 ], [ -66.68046218, -15.6654209 ], [ -66.68152446, -15.66528841 ], [ -66.68259291, -15.66549964 ], [ -66.68307829, -15.66617915 ], [ -66.682796, -15.66692889 ], [ -66.68238928, -15.66733688 ], [ -66.6822854, -15.66814092 ], [ -66.682416, -15.66882641 ], [ -66.68295846, -15.66939033 ], [ -66.68344384, -15.67006984 ], [ -66.68404852, -15.67080463 ], [ -66.68554626, -15.6725215 ], [ -66.68621935, -15.6737709 ], [ -66.68711869, -15.6744434 ], [ -66.6884474, -15.67596826 ], [ -66.68946502, -15.67663875 ], [ -66.69030422, -15.67725496 ], [ -66.6905012, -15.67834044 ], [ -66.69139335, -15.67861191 ], [ -66.69221915, -15.67848334 ], [ -66.69299716, -15.67898595 ], [ -66.69301057, -15.6797307 ], [ -66.69267331, -15.6807106 ], [ -66.69222087, -15.68186437 ], [ -66.69176223, -15.6826744 ], [ -66.69160133, -15.68359402 ], [ -66.69149956, -15.68451263 ], [ -66.69233261, -15.68478509 ], [ -66.69362945, -15.68453394 ], [ -66.69421357, -15.68412292 ], [ -66.69449273, -15.68320131 ], [ -66.69501461, -15.68261942 ], [ -66.69590162, -15.68260442 ], [ -66.69661123, -15.68259241 ], [ -66.69726067, -15.68252412 ], [ -66.69809991, -15.68314028 ], [ -66.69905535, -15.68363985 ], [ -66.69971203, -15.68397257 ], [ -66.70049008, -15.68447514 ], [ -66.70103573, -15.68521087 ], [ -66.70128778, -15.68606618 ], [ -66.70118916, -15.68715666 ], [ -66.7008447, -15.68773555 ], [ -66.69990474, -15.6880953 ], [ -66.6987853, -15.68834349 ], [ -66.69760052, -15.68824894 ], [ -66.69677883, -15.68860668 ], [ -66.69631814, -15.68930215 ], [ -66.69621722, -15.69026659 ], [ -66.69564549, -15.69136508 ], [ -66.69525323, -15.69257514 ], [ -66.69491596, -15.69355504 ], [ -66.69475508, -15.69447466 ], [ -66.69482971, -15.69533298 ], [ -66.69531108, -15.69578328 ], [ -66.69608297, -15.69594213 ], [ -66.69750228, -15.6959181 ], [ -66.69921314, -15.69565989 ], [ -66.70057123, -15.69552227 ], [ -66.70234121, -15.69526304 ], [ -66.70441101, -15.69522793 ], [ -66.70559375, -15.69520786 ], [ -66.70689683, -15.69530035 ], [ -66.70750375, -15.69614962 ], [ -66.70776415, -15.69746321 ], [ -66.70820507, -15.69894565 ], [ -66.70870618, -15.70048438 ], [ -66.70896349, -15.7016261 ], [ -66.70933492, -15.70253667 ], [ -66.71005912, -15.70332663 ], [ -66.71118275, -15.70330752 ], [ -66.71172124, -15.7036422 ], [ -66.71284384, -15.70356579 ], [ -66.71306897, -15.70293161 ], [ -66.71257508, -15.70179392 ], [ -66.71262176, -15.70110547 ], [ -66.71313946, -15.70029439 ], [ -66.71390514, -15.70010945 ], [ -66.71456085, -15.70038481 ], [ -66.71580067, -15.7002491 ], [ -66.71622295, -15.70070035 ], [ -66.71700701, -15.70120274 ], [ -66.71772602, -15.70170623 ], [ -66.71820142, -15.70215083 ], [ -66.71893626, -15.70299083 ], [ -66.71920409, -15.70348768 ], [ -66.71929102, -15.7042025 ], [ -66.71948429, -15.70466481 ], [ -66.71978583, -15.704982 ], [ -66.72045505, -15.70518549 ], [ -66.72127406, -15.70549386 ], [ -66.72182979, -15.70555601 ], [ -66.72184281, -15.70627209 ], [ -66.72144404, -15.70670867 ], [ -66.72104527, -15.70714526 ], [ -66.72075478, -15.70743673 ], [ -66.72068996, -15.70793925 ], [ -66.72088454, -15.70847316 ], [ -66.72107911, -15.70900707 ], [ -66.72082753, -15.70940533 ], [ -66.72027374, -15.70945059 ], [ -66.71957536, -15.70967739 ], [ -66.71917658, -15.71011397 ], [ -66.71896066, -15.71043999 ], [ -66.7189354, -15.7110851 ], [ -66.7193459, -15.71129299 ], [ -66.71997687, -15.71142549 ], [ -66.7204613, -15.71163212 ], [ -66.72058065, -15.71209568 ], [ -66.72036993, -15.71270813 ], [ -66.71993679, -15.71328857 ], [ -66.71928186, -15.71387278 ], [ -66.71851344, -15.71431567 ], [ -66.71788961, -15.71457701 ], [ -66.7168312, -15.71534001 ], [ -66.71610363, -15.71599709 ], [ -66.71560564, -15.71708003 ], [ -66.715107, -15.71812717 ], [ -66.71438591, -15.71914229 ], [ -66.71365767, -15.71976356 ], [ -66.71295924, -15.71999035 ], [ -66.71218298, -15.72000357 ], [ -66.7113743, -15.72026804 ], [ -66.71078481, -15.72038552 ], [ -66.7102738, -15.72075237 ], [ -66.70969665, -15.72155014 ], [ -66.70901054, -15.7224572 ], [ -66.70817449, -15.72311611 ], [ -66.70771068, -15.72363974 ], [ -66.70728145, -15.72389537 ], [ -66.70679099, -15.72403742 ], [ -66.70648178, -15.72438651 ], [ -66.70649148, -15.72492119 ], [ -66.70651846, -15.72532187 ], [ -66.70616739, -15.72553796 ], [ -66.70549708, -15.72554935 ], [ -66.70462684, -15.72541133 ], [ -66.7037182, -15.72533127 ], [ -66.70304719, -15.72530447 ], [ -66.70250001, -15.72558119 ], [ -66.70160749, -15.72617322 ], [ -66.70118239, -15.72665798 ], [ -66.70103538, -15.72725264 ], [ -66.70104644, -15.72786371 ], [ -66.70135151, -15.72837427 ], [ -66.70183541, -15.72895821 ], [ -66.70204259, -15.72950864 ], [ -66.70197376, -15.73006376 ], [ -66.7016877, -15.73060347 ], [ -66.7013425, -15.73114418 ], [ -66.70070191, -15.73170902 ], [ -66.70009693, -15.73206313 ], [ -66.69939027, -15.73224704 ], [ -66.69894129, -15.73250299 ], [ -66.69881123, -15.73294454 ], [ -66.69901288, -15.73318944 ], [ -66.69986621, -15.73348058 ], [ -66.70077419, -15.73352246 ], [ -66.70139023, -15.73377942 ], [ -66.70193052, -15.73420958 ], [ -66.70241028, -15.73456436 ], [ -66.70265345, -15.73492316 ], [ -66.70266383, -15.73549604 ], [ -66.70253447, -15.73597578 ], [ -66.70228888, -15.73657211 ], [ -66.70162337, -15.73685084 ], [ -66.70057598, -15.73673493 ], [ -66.69948984, -15.73665787 ], [ -66.69838468, -15.73661933 ], [ -66.69737845, -15.73659821 ], [ -66.6966524, -15.73680155 ], [ -66.69610897, -15.73728832 ], [ -66.69562586, -15.73783901 ], [ -66.69551689, -15.73835661 ], [ -66.69544632, -15.73881626 ], [ -66.69529722, -15.73929633 ], [ -66.69524359, -15.73960287 ], [ -66.69536846, -15.73996369 ], [ -66.69576832, -15.74026253 ], [ -66.69640341, -15.74048098 ], [ -66.6971357, -15.74062136 ], [ -66.69824261, -15.74075538 ], [ -66.69895276, -15.74076242 ], [ -66.69950864, -15.7409631 ], [ -66.69979263, -15.74139761 ], [ -66.69993895, -15.74185357 ], [ -66.69982999, -15.74237117 ], [ -66.69950587, -15.74298794 ], [ -66.69909942, -15.74341508 ], [ -66.69838261, -15.74413021 ], [ -66.6976925, -15.74523073 ], [ -66.69711862, -15.74621467 ], [ -66.69679587, -15.74690782 ], [ -66.69660837, -15.74744585 ], [ -66.69663812, -15.7479993 ], [ -66.69664849, -15.74857218 ], [ -66.69677613, -15.74908577 ], [ -66.69720127, -15.7496898 ], [ -66.69758041, -15.74993169 ], [ -66.69824943, -15.74984391 ], [ -66.69881467, -15.74947137 ], [ -66.69918688, -15.74933133 ], [ -66.69979882, -15.74935914 ], [ -66.70033604, -15.74961743 ], [ -66.70081481, -15.74991492 ], [ -66.70126831, -15.7499072 ], [ -66.70162635, -15.75007303 ], [ -66.70188856, -15.7503933 ], [ -66.70214836, -15.7505799 ], [ -66.70242787, -15.75076616 ], [ -66.70290179, -15.7507963 ], [ -66.70353172, -15.75072828 ], [ -66.70390115, -15.75043547 ], [ -66.70434981, -15.75016041 ], [ -66.70466321, -15.75004046 ], [ -66.70499841, -15.75003476 ], [ -66.70517968, -15.75024179 ], [ -66.70526549, -15.75062236 ], [ -66.70533885, -15.75140428 ], [ -66.70525378, -15.7521507 ], [ -66.705067, -15.75272693 ], [ -66.70485773, -15.75315073 ], [ -66.7046495, -15.75363181 ], [ -66.70481487, -15.75404924 ], [ -66.70517361, -15.75425325 ], [ -66.70535731, -15.75459395 ], [ -66.70550297, -15.75501171 ], [ -66.70574617, -15.7553705 ], [ -66.70620177, -15.75547734 ], [ -66.70667119, -15.75525923 ], [ -66.70719491, -15.75477277 ], [ -66.70764079, -15.75434493 ], [ -66.7080666, -15.75389834 ], [ -66.70845437, -15.7535288 ], [ -66.70870584, -15.75325709 ], [ -66.70907875, -15.75315523 ], [ -66.70957516, -15.75333778 ], [ -66.71001555, -15.7536932 ], [ -66.71021967, -15.75407176 ], [ -66.71022592, -15.75441548 ], [ -66.71035082, -15.75477628 ], [ -66.71067291, -15.75513372 ], [ -66.71086708, -15.75561558 ], [ -66.71117257, -15.75614522 ], [ -66.71133483, -15.75639077 ], [ -66.71146078, -15.75680886 ], [ -66.71139059, -15.75728759 ], [ -66.71130069, -15.75776667 ], [ -66.71129035, -15.75828258 ], [ -66.71149587, -15.75873751 ], [ -66.7119612, -15.75937903 ], [ -66.71248396, -15.75992405 ], [ -66.71302157, -15.7602014 ], [ -66.71352113, -15.7605558 ], [ -66.71388267, -15.76091256 ], [ -66.71418401, -15.76121303 ], [ -66.71425081, -15.76163213 ], [ -66.71437643, -15.76203111 ], [ -66.71475456, -15.76221567 ], [ -66.71495557, -15.76242235 ], [ -66.71494316, -15.7628237 ], [ -66.7147339, -15.7632475 ], [ -66.71413097, -15.76371624 ], [ -66.71348999, -15.76426203 ], [ -66.71282615, -15.76463629 ], [ -66.71275736, -15.76519141 ], [ -66.7130826, -15.7657207 ], [ -66.71355317, -15.76610711 ], [ -66.7144211, -15.76637881 ], [ -66.71558176, -15.76647836 ], [ -66.71686654, -15.76662354 ], [ -66.71782696, -15.76655937 ], [ -66.71858363, -15.76649668 ], [ -66.71927949, -15.76643902 ], [ -66.72057803, -15.76598702 ], [ -66.72153235, -15.76558867 ], [ -66.7223211, -15.76557517 ], [ -66.72294341, -15.76589879 ], [ -66.72308234, -15.76675597 ], [ -66.72280573, -15.76781128 ], [ -66.72235397, -15.76872633 ], [ -66.72144084, -15.7700313 ], [ -66.7204636, -15.77052556 ], [ -66.71929089, -15.77111867 ], [ -66.71826477, -15.77163764 ], [ -66.71731651, -15.77237016 ], [ -66.71673798, -15.77309636 ], [ -66.71625935, -15.77389248 ], [ -66.7162644, -15.77484508 ], [ -66.71668483, -15.77559001 ], [ -66.71750088, -15.77571931 ], [ -66.71820732, -15.77592211 ], [ -66.71913169, -15.7759063 ], [ -66.71978939, -15.77546526 ], [ -66.71999751, -15.77470958 ], [ -66.71998444, -15.7739935 ], [ -66.72019648, -15.77345265 ], [ -66.7209003, -15.77351223 ], [ -66.72139273, -15.77414847 ], [ -66.72170029, -15.77478787 ], [ -66.72207919, -15.7752828 ], [ -66.72260402, -15.77566777 ], [ -66.72364192, -15.77579325 ], [ -66.72445078, -15.77552868 ], [ -66.72525767, -15.77515671 ], [ -66.72592059, -15.77500208 ], [ -66.72655177, -15.77513452 ], [ -66.7269683, -15.7756646 ], [ -66.72742902, -15.77658788 ], [ -66.7278158, -15.77751243 ], [ -66.72797811, -15.77829758 ], [ -66.72788487, -15.77926618 ], [ -66.72715716, -15.77992333 ], [ -66.72623868, -15.78026142 ], [ -66.72561731, -15.78066604 ], [ -66.72540462, -15.78117109 ], [ -66.72559605, -15.78152596 ], [ -66.72608, -15.78169673 ], [ -66.72685648, -15.78168341 ], [ -66.72770299, -15.781454 ], [ -66.72833222, -15.78147902 ], [ -66.72900564, -15.78189724 ], [ -66.72942417, -15.78253472 ], [ -66.72954367, -15.78319763 ], [ -66.72940272, -15.78391634 ], [ -66.72904334, -15.78448958 ], [ -66.72834174, -15.78488962 ], [ -66.72785856, -15.78543513 ], [ -66.72752999, -15.78600784 ], [ -66.7275431, -15.78672391 ], [ -66.72770973, -15.7874075 ], [ -66.72793689, -15.78803036 ], [ -66.72803972, -15.78859566 ], [ -66.72798956, -15.78922329 ], [ -66.72756527, -15.78961856 ], [ -66.72689173, -15.78986889 ], [ -66.72624573, -15.78993967 ], [ -66.72572626, -15.79018735 ], [ -66.72561064, -15.79060717 ], [ -66.72568662, -15.79105355 ], [ -66.72559719, -15.7915565 ], [ -66.72560244, -15.79184292 ], [ -66.72597745, -15.79212301 ], [ -66.7263001, -15.79223685 ], [ -66.72647878, -15.79256806 ], [ -66.72633918, -15.79302411 ], [ -66.72590418, -15.79350911 ], [ -66.72509505, -15.79376176 ], [ -66.72430707, -15.79382303 ], [ -66.72342528, -15.79414855 ], [ -66.72257163, -15.7946646 ], [ -66.72162636, -15.79556424 ], [ -66.72099806, -15.79626744 ], [ -66.72059512, -15.79715778 ], [ -66.72024541, -15.7982621 ], [ -66.72027774, -15.79868178 ], [ -66.72011303, -15.79911438 ], [ -66.71974412, -15.79916846 ], [ -66.71931892, -15.79884147 ], [ -66.7191134, -15.79839134 ], [ -66.71875998, -15.79794374 ], [ -66.71806492, -15.797693 ], [ -66.7172479, -15.79751598 ], [ -66.71667915, -15.79743021 ], [ -66.7161381, -15.7975111 ], [ -66.71567668, -15.79790103 ], [ -66.71549254, -15.79862049 ], [ -66.71547922, -15.79924151 ], [ -66.71561817, -15.8000987 ], [ -66.71570129, -15.80059869 ], [ -66.71561314, -15.80117324 ], [ -66.71525424, -15.80177631 ], [ -66.71499439, -15.80240155 ], [ -66.71490755, -15.80304771 ], [ -66.71499328, -15.80369092 ], [ -66.71527432, -15.80422573 ], [ -66.71550536, -15.80472318 ], [ -66.71595348, -15.80495427 ], [ -66.71667278, -15.80518072 ], [ -66.71741718, -15.80543061 ], [ -66.71801061, -15.80551595 ], [ -66.71863087, -15.80572021 ], [ -66.719031, -15.80602375 ], [ -66.71930873, -15.80637714 ], [ -66.71939274, -15.80692486 ], [ -66.71917749, -15.80729148 ], [ -66.71928396, -15.80771944 ], [ -66.71977878, -15.80780646 ], [ -66.72056114, -15.80743489 ], [ -66.72069946, -15.80690723 ], [ -66.72044463, -15.80645795 ], [ -66.72003707, -15.80574863 ], [ -66.71994827, -15.80493835 ], [ -66.71990135, -15.80372144 ], [ -66.72010751, -15.80285835 ], [ -66.72060995, -15.80201405 ], [ -66.72099173, -15.80131508 ], [ -66.72150332, -15.80097203 ], [ -66.7219462, -15.80091668 ], [ -66.72244581, -15.80126626 ], [ -66.72253156, -15.80190946 ], [ -66.72266574, -15.80250408 ], [ -66.72289679, -15.80300152 ], [ -66.72310144, -15.80340391 ], [ -66.72318632, -15.80399937 ], [ -66.72312503, -15.80469285 ], [ -66.72369555, -15.80487407 ], [ -66.72435419, -15.80448074 ], [ -66.72494018, -15.80416028 ], [ -66.72538088, -15.80398558 ], [ -66.72597692, -15.80421411 ], [ -66.72669229, -15.8042257 ], [ -66.72733458, -15.8042863 ], [ -66.7279579, -15.80465761 ], [ -66.72794419, -15.80525476 ], [ -66.72770553, -15.80568864 ], [ -66.72766935, -15.80640556 ], [ -66.72782646, -15.80690426 ], [ -66.72834899, -15.80715793 ], [ -66.72923739, -15.80719041 ], [ -66.72989339, -15.80665385 ], [ -66.7299335, -15.80615175 ], [ -66.73019725, -15.80574132 ], [ -66.73076689, -15.80587478 ], [ -66.73107105, -15.8063232 ], [ -66.73149409, -15.80653082 ], [ -66.73240363, -15.80637191 ], [ -66.73298479, -15.80578888 ], [ -66.73327011, -15.80521094 ], [ -66.73459753, -15.80471056 ], [ -66.73520902, -15.8044374 ], [ -66.73599046, -15.80401804 ], [ -66.73656984, -15.80333953 ], [ -66.73741821, -15.802537 ], [ -66.73772422, -15.80174381 ], [ -66.73808479, -15.8012362 ], [ -66.73864785, -15.80101162 ], [ -66.73923599, -15.80081047 ], [ -66.73977176, -15.8004431 ], [ -66.74020496, -15.7998626 ], [ -66.7407667, -15.7995664 ], [ -66.74155249, -15.79938572 ], [ -66.74218905, -15.79913599 ], [ -66.74257557, -15.79869955 ], [ -66.74293218, -15.79797712 ], [ -66.74324255, -15.79742261 ], [ -66.74390288, -15.79712471 ], [ -66.7445654, -15.79694615 ], [ -66.74494161, -15.79728964 ], [ -66.74517797, -15.79807348 ], [ -66.74548368, -15.79860541 ], [ -66.74619416, -15.79902292 ], [ -66.74686306, -15.79919044 ], [ -66.74763893, -15.79914123 ], [ -66.74815595, -15.79909649 ], [ -66.74842337, -15.79955746 ], [ -66.7482497, -15.8001693 ], [ -66.74855344, -15.80059382 ], [ -66.74915234, -15.80097743 ], [ -66.7498252, -15.80135975 ], [ -66.75067833, -15.80148827 ], [ -66.75148722, -15.80122359 ], [ -66.75177578, -15.80082464 ], [ -66.75225451, -15.80070893 ], [ -66.75299341, -15.80066033 ], [ -66.75372569, -15.80025372 ], [ -66.75412452, -15.79981705 ], [ -66.75415225, -15.79931518 ], [ -66.75398981, -15.79853008 ], [ -66.75397924, -15.79795724 ], [ -66.75396669, -15.797277 ], [ -66.75429419, -15.79698482 ], [ -66.75510637, -15.79689914 ], [ -66.75584921, -15.79706536 ], [ -66.7567307, -15.79672778 ], [ -66.75697963, -15.79618627 ], [ -66.75745437, -15.79585573 ], [ -66.75808099, -15.79573744 ], [ -66.7582203, -15.79526945 ], [ -66.75846591, -15.79454892 ], [ -66.75868116, -15.79418706 ], [ -66.75922076, -15.79436394 ], [ -66.75966778, -15.79453527 ], [ -66.75996822, -15.79478076 ], [ -66.76022837, -15.79484788 ], [ -66.76060144, -15.79502049 ], [ -66.76089726, -15.79501536 ], [ -66.76115212, -15.79479607 ], [ -66.76117983, -15.7942942 ], [ -66.76116925, -15.79372136 ], [ -66.7612346, -15.79325465 ], [ -66.76133891, -15.79289471 ], [ -66.76155415, -15.79253284 ], [ -66.76195956, -15.79245419 ], [ -66.76251618, -15.79255199 ], [ -66.76314808, -15.7927201 ], [ -66.76352049, -15.7928569 ], [ -66.76393185, -15.79310047 ], [ -66.7644515, -15.7931989 ], [ -66.7649685, -15.79315412 ], [ -66.76518506, -15.79286385 ], [ -66.76521541, -15.79250519 ], [ -66.76521011, -15.79221878 ], [ -66.76520415, -15.79189656 ], [ -66.7657132, -15.79142216 ], [ -66.76618924, -15.7911632 ], [ -66.76644145, -15.7908007 ], [ -66.76688118, -15.79057819 ], [ -66.76728856, -15.79060693 ], [ -66.76773227, -15.79059923 ], [ -66.76798778, -15.79041573 ], [ -66.76805709, -15.79016384 ], [ -66.76812508, -15.78984034 ], [ -66.76837728, -15.78947783 ], [ -66.76870541, -15.78922144 ], [ -66.76929436, -15.78906796 ], [ -66.76976575, -15.78855839 ], [ -66.77031109, -15.78804754 ], [ -66.77070853, -15.78753925 ], [ -66.77099571, -15.78706869 ], [ -66.77131986, -15.78659749 ], [ -66.77119766, -15.78599079 ], [ -66.77111708, -15.78563405 ], [ -66.77136728, -15.78516414 ], [ -66.77188293, -15.78504774 ], [ -66.77229163, -15.78514808 ], [ -66.77284359, -15.78499524 ], [ -66.77357644, -15.78462438 ], [ -66.77401747, -15.78447347 ], [ -66.7743053, -15.78403871 ], [ -66.77462811, -15.7834959 ], [ -66.77491394, -15.78295373 ], [ -66.77523742, -15.78244673 ], [ -66.77589431, -15.78196974 ], [ -66.77659216, -15.78170692 ], [ -66.77721473, -15.78137378 ], [ -66.77780165, -15.78111288 ], [ -66.77837686, -15.78081876 ], [ -66.77892702, -15.78057044 ], [ -66.77960209, -15.78040947 ], [ -66.78008897, -15.78007272 ], [ -66.78048342, -15.77973757 ], [ -66.78078488, -15.77937419 ], [ -66.78096033, -15.77886379 ], [ -66.78116881, -15.77847219 ], [ -66.78172062, -15.77831336 ], [ -66.78218832, -15.77860366 ], [ -66.78219995, -15.77923019 ], [ -66.78233649, -15.77994407 ], [ -66.78259571, -15.78062597 ], [ -66.7829446, -15.78115709 ], [ -66.78338205, -15.78147775 ], [ -66.78403129, -15.78158582 ], [ -66.78461669, -15.78157563 ], [ -66.78525984, -15.78135551 ], [ -66.78596404, -15.78110449 ], [ -66.78623857, -15.78095048 ], [ -66.78676068, -15.78085185 ], [ -66.78733721, -15.7803643 ], [ -66.78785377, -15.77996732 ], [ -66.78812385, -15.77957464 ], [ -66.78829707, -15.7789449 ], [ -66.78856881, -15.77864172 ], [ -66.78915309, -15.77857185 ], [ -66.7895922, -15.778982 ], [ -66.78972765, -15.77963621 ], [ -66.78961551, -15.78023504 ], [ -66.78959247, -15.78065325 ], [ -66.78987587, -15.78097659 ], [ -66.79037106, -15.78108733 ], [ -66.79096312, -15.78143513 ], [ -66.79134006, -15.78181652 ], [ -66.79172145, -15.78243658 ], [ -66.79173089, -15.78294376 ], [ -66.7921381, -15.78329478 ], [ -66.79281649, -15.78331278 ], [ -66.79339745, -15.78306388 ], [ -66.79394648, -15.78275586 ], [ -66.79437116, -15.78239031 ], [ -66.79452021, -15.78211912 ], [ -66.79448273, -15.78176165 ], [ -66.7939881, -15.78168076 ], [ -66.79361615, -15.78156788 ], [ -66.79324198, -15.78133566 ], [ -66.7928073, -15.78116419 ], [ -66.7926785, -15.780868 ], [ -66.79263881, -15.78039119 ], [ -66.79306571, -15.78014499 ], [ -66.79349871, -15.78022696 ], [ -66.79371772, -15.7804022 ], [ -66.79426897, -15.78021351 ], [ -66.79466394, -15.77990817 ], [ -66.79518494, -15.77974985 ], [ -66.79568068, -15.77989041 ], [ -66.79605373, -15.78006295 ], [ -66.79643068, -15.78044434 ], [ -66.79644069, -15.78098135 ], [ -66.79620644, -15.781642 ], [ -66.79574773, -15.78266162 ], [ -66.79531073, -15.78302738 ], [ -66.79540602, -15.78417171 ], [ -66.79542337, -15.78510253 ], [ -66.83396996, -15.73955412 ], [ -66.83976679, -15.73380178 ], [ -66.85353095, -15.71634234 ], [ -66.87349496, -15.69398023 ], [ -66.879204325147796, -15.68289262327359 ], [ -66.881060696999953, -15.677837669999917 ], [ -66.879347921999909, -15.674768016999906 ], [ -66.875802587999942, -15.671713411999917 ], [ -66.875031411999942, -15.669317316999923 ], [ -66.880862411999942, -15.666715411999917 ], [ -66.882466587999943, -15.665820587999917 ], [ -66.886693411999943, -15.665049411999917 ], [ -66.889369452022038, -15.663151911970665 ], [ -66.88968316, -15.66254269 ], [ -66.889902471029004, -15.662258548589824 ], [ -66.890796587999944, -15.658323587999917 ], [ -66.894052730999931, -15.653731105999952 ], [ -66.896689411999944, -15.652554411999915 ], [ -66.897460587999944, -15.649993587999916 ], [ -66.901859055999921, -15.646204006999938 ], [ -66.902701042161539, -15.645676600721776 ], [ -66.90690914, -15.64022455 ], [ -66.90650285, -15.63829648 ], [ -66.90617999, -15.63686868 ], [ -66.906197962402089, -15.636360771418785 ], [ -66.906175971999915, -15.636341823999942 ], [ -66.904290333999938, -15.634153165999919 ], [ -66.900742558999923, -15.634438288999945 ], [ -66.897017242999937, -15.63011425399992 ], [ -66.891004430999942, -15.637093476999951 ], [ -66.886200851999945, -15.638331587999915 ], [ -66.880862411999942, -15.634999587999914 ], [ -66.870753541999932, -15.633968505999917 ], [ -66.870767350999927, -15.633796667999945 ], [ -66.8707099209999, -15.633792514999925 ], [ -66.870772151999915, -15.63373691299995 ], [ -66.871247728999947, -15.627818623999929 ], [ -66.877789503999907, -15.622513942999944 ], [ -66.883229831999927, -15.619106289999934 ], [ -66.885126045999925, -15.61280876099994 ], [ -66.887526411999943, -15.611737411999911 ], [ -66.88901812499995, -15.610006333999934 ], [ -66.890028665999921, -15.605557836999935 ], [ -66.892500141999903, -15.603428333999943 ], [ -66.893358382999907, -15.601558671999953 ], [ -66.895475952999902, -15.596945590999951 ], [ -66.898241757999926, -15.59185571699993 ], [ -66.898293587999945, -15.59168358799991 ], [ -66.899188411999944, -15.590079411999909 ], [ -66.899959587999945, -15.588351587999909 ], [ -66.902403677999928, -15.583970609999938 ], [ -66.900792587999945, -15.582582411999908 ], [ -66.898084523999898, -15.57943913899993 ], [ -66.894930471999942, -15.578031823999936 ], [ -66.890254201999937, -15.575423004999948 ], [ -66.889578, -15.574638 ], [ -66.891367851999917, -15.573096054999951 ], [ -66.893667346999905, -15.570427038999924 ], [ -66.896754489999921, -15.563508419999948 ], [ -66.902135027999918, -15.558872823999934 ], [ -66.903676971999914, -15.557083175999935 ], [ -66.908612817999938, -15.555597082999952 ], [ -66.91021377699991, -15.554166604999921 ], [ -66.912392559999944, -15.551637763999906 ], [ -66.914182411999946, -15.550095411999905 ], [ -66.918914201999939, -15.544603224999946 ], [ -66.920001412999909, -15.539817948999939 ], [ -66.925264824999942, -15.537820297999929 ], [ -66.926805850999926, -15.536063441999943 ], [ -66.927631009999914, -15.531540417999906 ], [ -66.92738961099991, -15.528536249999945 ], [ -66.927896, -15.527157 ], [ -66.922686292999913, -15.522668642999918 ], [ -66.925865968999915, -15.517573838999908 ], [ -66.921903931999907, -15.51251482899994 ], [ -66.920846411999946, -15.506717587999958 ], [ -66.918377306999901, -15.504590346999919 ], [ -66.918282943999941, -15.503416499999958 ], [ -66.918383814999913, -15.502163338999935 ], [ -66.912633755999934, -15.495489170999917 ], [ -66.909173429999953, -15.494218520999937 ], [ -66.907467365999935, -15.49435559099993 ], [ -66.906549154999936, -15.488330576999942 ], [ -66.902921862999904, -15.488622207999924 ], [ -66.900462722999919, -15.486503508999931 ], [ -66.899188411999944, -15.480894587999956 ], [ -66.897845971999914, -15.479737823999926 ], [ -66.895532851999917, -15.477052944999912 ], [ -66.892524411999943, -15.474461207999923 ], [ -66.893295587999944, -15.471731587999955 ], [ -66.894190411999944, -15.470127411999954 ], [ -66.897023750999949, -15.463777820999951 ], [ -66.902065881999931, -15.459433855999919 ], [ -66.900021411999944, -15.453866828999935 ], [ -66.90087535899994, -15.45058851899995 ], [ -66.903291587999945, -15.449240587999952 ], [ -66.906544883999914, -15.447788938999906 ], [ -66.907518411999945, -15.445137411999951 ], [ -66.908289587999946, -15.442576587999952 ], [ -66.909401, -15.439550047999944 ], [ -66.907456587999945, -15.436807411999951 ], [ -66.90608648999995, -15.433736944999907 ], [ -66.902520411999944, -15.431747587999951 ], [ -66.898293587999945, -15.43097641199995 ], [ -66.897438826999917, -15.429061081999919 ], [ -66.895045172999914, -15.426998917999924 ], [ -66.893805027999917, -15.42421967599995 ], [ -66.891141704999939, -15.419446194999921 ], [ -66.890682700999946, -15.413731928999937 ], [ -66.892437979999954, -15.408951533999925 ], [ -66.890411, -15.407205 ], [ -66.882448487999909, -15.406422028999941 ], [ -66.878018090999944, -15.409563268999932 ], [ -66.873334499999942, -15.409187035999935 ], [ -66.870546918999935, -15.409411147999947 ], [ -66.867316806999952, -15.408438636999904 ], [ -66.865483027999915, -15.40631017599992 ], [ -66.861485806999951, -15.40510663699996 ], [ -66.857937828999923, -15.400988411999947 ], [ -66.85414458799994, -15.402592587999948 ], [ -66.852093, -15.403873 ], [ -66.849231188999909, -15.401736810999921 ], [ -66.842822823999938, -15.400648378999904 ], [ -66.841734188999908, -15.399237810999921 ], [ -66.839127810999912, -15.397679188999916 ], [ -66.838207361999935, -15.395430332999922 ], [ -66.832631996999908, -15.392309023999928 ], [ -66.830237731999944, -15.385746301999916 ], [ -66.827977080999915, -15.386080640999921 ], [ -66.826134148999927, -15.388468193999927 ], [ -66.821929288999911, -15.389355696999928 ], [ -66.820795505999911, -15.392125991999933 ], [ -66.818293048999919, -15.394057591999911 ], [ -66.815397885999914, -15.389217 ], [ -66.814094695999927, -15.38453666199996 ], [ -66.814463607999926, -15.382039695999936 ], [ -66.812471810999909, -15.379353188999914 ], [ -66.811746188999905, -15.376059829999917 ], [ -66.814264102999914, -15.372663564999925 ], [ -66.813069715999916, -15.367509376999919 ], [ -66.813849839999932, -15.362230320999913 ], [ -66.815078188999905, -15.360194188999913 ], [ -66.81580381099991, -15.357587810999917 ], [ -66.817551564999917, -15.354690613999935 ], [ -66.81794, -15.349728 ], [ -66.813327587999936, -15.347676411999942 ], [ -66.812556411999935, -15.344282587999942 ], [ -66.809839806999946, -15.343464636999954 ], [ -66.8076084409999, -15.340874527999915 ], [ -66.804276440999899, -15.341142161999926 ], [ -66.803281558999913, -15.339987837999956 ], [ -66.800122829999907, -15.340241642999956 ], [ -66.798194482999918, -15.351331768999955 ], [ -66.793343315999948, -15.350942113999906 ], [ -66.791514009999901, -15.351963026999954 ], [ -66.788089680999917, -15.351687664999929 ], [ -66.786729547999926, -15.350108706999947 ], [ -66.785869499999933, -15.350177852999934 ], [ -66.781892819999939, -15.349858562999941 ], [ -66.776737411999932, -15.348447587999942 ], [ -66.7710196889999, -15.347676411999942 ], [ -66.770073411999931, -15.351841411999942 ], [ -66.766281797999909, -15.352983125999913 ], [ -66.76323349799992, -15.350821718999953 ], [ -66.758742089999942, -15.351182902999938 ], [ -66.750847503999921, -15.347678038999959 ], [ -66.750965050999923, -15.346214594999935 ], [ -66.74736480699994, -15.345130636999954 ], [ -66.743988878999915, -15.341212120999955 ], [ -66.73931443999993, -15.337185004999924 ], [ -66.736691587999928, -15.33601441199994 ], [ -66.734848859999943, -15.334986583999921 ], [ -66.732971965999923, -15.330780096999945 ], [ -66.733490963999941, -15.32432149999994 ], [ -66.73102104599991, -15.323219238999911 ], [ -66.729431512999952, -15.317940182999905 ], [ -66.728361587999927, -15.316022411999938 ], [ -66.727590411999927, -15.313461587999939 ], [ -66.725862587999927, -15.312690411999938 ], [ -66.720887568999899, -15.309585371999958 ], [ -66.720478999999898, -15.305579 ], [ -66.721782188999953, -15.305216188999907 ], [ -66.724173810999901, -15.303442810999911 ], [ -66.726780188999953, -15.302717188999907 ], [ -66.729846385999906, -15.300867749999952 ], [ -66.731500386999926, -15.29682639899994 ], [ -66.734277188999954, -15.296053188999906 ], [ -66.735002810999902, -15.29261381099991 ], [ -66.735943188999954, -15.291055188999906 ], [ -66.736668810999902, -15.28844881099991 ], [ -66.73985519799993, -15.286543241999937 ], [ -66.738957322999909, -15.280467791999911 ], [ -66.740219635999949, -15.278375123999922 ], [ -66.739869840999916, -15.276007499999935 ], [ -66.740449442999932, -15.272085728999912 ], [ -66.742119916999911, -15.270796368999925 ], [ -66.741456322999909, -15.266306791999909 ], [ -66.743141846999947, -15.263512499999933 ], [ -66.741237904999934, -15.260355803999914 ], [ -66.740000810999902, -15.259401188999959 ], [ -66.738442188999954, -15.254855888999941 ], [ -66.740108188999898, -15.253570188999959 ], [ -66.7419897609999, -15.251132199999915 ], [ -66.740471, -15.247269 ], [ -66.739190587999929, -15.246883411999931 ], [ -66.736753411999928, -15.243489587999932 ], [ -66.731631559999926, -15.24194723599993 ], [ -66.730089411999927, -15.240157587999931 ], [ -66.726107647999925, -15.237663468999926 ], [ -66.724973660999922, -15.230220971999927 ], [ -66.718969390999916, -15.226759221999941 ], [ -66.7169489179999, -15.224413968999954 ], [ -66.715033587999926, -15.223559411999929 ], [ -66.713572786999919, -15.221864126999947 ], [ -66.710035587999926, -15.221060411999929 ], [ -66.706775580999931, -15.219863380999925 ], [ -66.708431411999925, -15.216895411999928 ], [ -66.709202587999926, -15.213501587999929 ], [ -66.710355080999932, -15.209290219999957 ], [ -66.711752429999933, -15.209402478999948 ], [ -66.714945731999933, -15.208229852999921 ], [ -66.715960340999914, -15.204860025999949 ], [ -66.719227872999909, -15.202044990999923 ], [ -66.720031587999927, -15.198507587999927 ], [ -66.721759411999926, -15.197736411999927 ], [ -66.722696536999933, -15.195636828999909 ], [ -66.722384975999944, -15.191759799999943 ], [ -66.725033451999934, -15.191972930999952 ], [ -66.725980338999932, -15.190873516999943 ], [ -66.725755208999942, -15.188070683999911 ], [ -66.726813338999932, -15.184204228999931 ], [ -66.730089411999927, -15.182742411999925 ], [ -66.730860587999928, -15.181563684999958 ], [ -66.728397787999938, -15.177149353999937 ], [ -66.727590411999927, -15.171851587999925 ], [ -66.724015385999905, -15.165774917999954 ], [ -66.724262885999906, -15.162695908999922 ], [ -66.720840386999953, -15.156878331999906 ], [ -66.721759411999926, -15.156086411999922 ], [ -66.723294645999943, -15.154304491999937 ], [ -66.724196587999927, -15.149360587999922 ], [ -66.72611029199993, -15.146661472999938 ], [ -66.729256411999927, -15.145257411999921 ], [ -66.730027587999928, -15.144362587999922 ], [ -66.732588411999927, -15.142758411999921 ], [ -66.733585733999917, -15.13621358599994 ], [ -66.737586411999928, -15.13442841199992 ], [ -66.740102291999904, -15.130411871999911 ], [ -66.739902176999919, -15.127920192999909 ], [ -66.741168148999918, -15.125651 ], [ -66.73999389599993, -15.123546535999935 ], [ -66.742584411999928, -15.122766411999919 ], [ -66.744922139999915, -15.121462408999946 ], [ -66.745854587999929, -15.119372587999919 ], [ -66.748415411999929, -15.118601411999919 ], [ -66.749340741999902, -15.116527859999906 ], [ -66.754259020999939, -15.112996558999953 ], [ -66.760061142999916, -15.110794477999946 ], [ -66.762514587999931, -15.106877587999918 ], [ -66.76424241199993, -15.106106411999917 ], [ -66.765179536999938, -15.104006828999957 ], [ -66.765009316999908, -15.101888942999949 ], [ -66.767574411999931, -15.096110411999916 ], [ -66.769178587999932, -15.091883587999916 ], [ -66.770472828999914, -15.090279411999916 ], [ -66.775144217999923, -15.091995033999922 ], [ -66.776675587999932, -15.090217587999916 ], [ -66.777570411999932, -15.089446411999916 ], [ -66.778341587999932, -15.086601684999948 ], [ -66.775678265999943, -15.084306866999952 ], [ -66.776741072999926, -15.079433735999942 ], [ -66.776672943999927, -15.078586499999915 ], [ -66.776740055999937, -15.077753499999915 ], [ -66.776672943999927, -15.076920499999915 ], [ -66.776806963999945, -15.075254499999915 ], [ -66.776543804999903, -15.071980663999909 ], [ -66.771521603999929, -15.068834949999939 ], [ -66.771940747999906, -15.063618530999918 ], [ -66.769009791999906, -15.062790411999913 ], [ -66.763778729999899, -15.068862200999945 ], [ -66.760776391999912, -15.067186845999913 ], [ -66.756636, -15.070122682999909 ], [ -66.75507941199993, -15.06714779899994 ], [ -66.757582885999909, -15.063617310999916 ], [ -66.757486692999919, -15.062418652999952 ], [ -66.75501758799993, -15.060291411999913 ], [ -66.754170148999947, -15.059307918999934 ], [ -66.750906683999915, -15.061128885999949 ], [ -66.747731074999933, -15.060873454999921 ], [ -66.74489610899991, -15.059292055999947 ], [ -66.745337623999944, -15.053796207999937 ], [ -66.747582411999929, -15.052794411999912 ], [ -66.74861145999995, -15.051600228999916 ], [ -66.747210652999911, -15.047785836999935 ], [ -66.743803, -15.04485 ], [ -66.745050262999939, -15.041834035999955 ], [ -66.746718499999929, -15.04196785299996 ], [ -66.748110968999924, -15.041856 ], [ -66.752903768999943, -15.040096042999949 ], [ -66.7523259969999, -15.032906129999958 ], [ -66.753413411999929, -15.03196941199991 ], [ -66.75418458799993, -15.030585687999917 ], [ -66.751219872999911, -15.029262568999911 ], [ -66.749248411999929, -15.025907791999941 ], [ -66.751760833999924, -15.023743129999957 ], [ -66.751523705999944, -15.020792650999908 ], [ -66.745849706999934, -15.018639784999948 ], [ -66.74617143699993, -15.014634226999931 ], [ -66.745021587999929, -15.013643411999908 ], [ -66.74292708899992, -15.01121274399992 ], [ -66.738186147999954, -15.00941333399993 ], [ -66.734989184999904, -15.00570266099993 ], [ -66.735091072999921, -15.004435263999937 ], [ -66.733770393999919, -14.998379744999909 ], [ -66.732509301999926, -14.996119499999907 ], [ -66.733487099999934, -14.994366864999904 ], [ -66.73163074699994, -14.991039745999956 ], [ -66.731758055999933, -14.989455499999906 ], [ -66.731488387999946, -14.986100722999936 ], [ -66.7288411319999, -14.981356120999919 ], [ -66.724838217999945, -14.978848985999946 ], [ -66.722002030999931, -14.974320768999917 ], [ -66.720847301999925, -14.96549495499994 ], [ -66.716750429999934, -14.966999478999924 ], [ -66.715467983999929, -14.966896574999907 ], [ -66.716039247999902, -14.959787195999922 ], [ -66.717594411999926, -14.956999411999959 ], [ -66.718365587999926, -14.952772587999959 ], [ -66.719643152999936, -14.949293348999959 ], [ -66.717457544999945, -14.945376051999915 ], [ -66.717614341999933, -14.943423707999955 ], [ -66.719260411999926, -14.942005411999958 ], [ -66.720031587999927, -14.941110587999958 ], [ -66.720926411999926, -14.940339411999958 ], [ -66.723363587999927, -14.936112587999958 ], [ -66.725229905999925, -14.934504344999937 ], [ -66.725013114999911, -14.931804008999904 ], [ -66.727256276999924, -14.927783807999958 ], [ -66.723363587999927, -14.925345411999956 ], [ -66.72196766199994, -14.92221759499995 ], [ -66.719198587999927, -14.918681411999955 ], [ -66.718427411999926, -14.916953587999956 ], [ -66.717308474999925, -14.914947960999939 ], [ -66.715095411999926, -14.916182411999955 ], [ -66.709918243999937, -14.916953587999956 ], [ -66.708431411999925, -14.913621587999955 ], [ -66.704358741999954, -14.910697139999911 ], [ -66.701955731999931, -14.905311924999921 ], [ -66.708653287999937, -14.902770216999954 ], [ -66.707532723999918, -14.898675582999942 ], [ -66.707735279999952, -14.896153805999916 ], [ -66.715095411999926, -14.886194411999952 ], [ -66.715866587999926, -14.881366834999938 ], [ -66.712378806999936, -14.880316636999908 ], [ -66.7102849179999, -14.877885968999919 ], [ -66.708369587999925, -14.877031411999951 ], [ -66.707033248999949, -14.87548051899995 ], [ -66.705932411999925, -14.872315687999958 ], [ -66.708431411999925, -14.871200411999951 ], [ -66.709202587999926, -14.870406458999923 ], [ -66.702538587999925, -14.86953441199995 ], [ -66.701767411999924, -14.866140587999951 ], [ -66.700312712999903, -14.86370341199995 ], [ -66.693986508999899, -14.868936506999944 ], [ -66.6925446219999, -14.872167635999915 ], [ -66.68991099099992, -14.871955724999907 ], [ -66.690251023999906, -14.86772279999991 ], [ -66.686001218999934, -14.868064459999914 ], [ -66.682983424999918, -14.863246237999931 ], [ -66.67964817099994, -14.86203741199995 ], [ -66.67488912999994, -14.863785166999946 ], [ -66.671979120999936, -14.860407204999944 ], [ -66.670946411999921, -14.85697758799995 ], [ -66.669218587999922, -14.856206411999949 ], [ -66.666948174999902, -14.854939828999932 ], [ -66.664419279999947, -14.852004398999952 ], [ -66.660050706999925, -14.851207598999906 ], [ -66.66031000299995, -14.847980129999939 ], [ -66.658967562999919, -14.846823772999926 ], [ -66.659360471999946, -14.841933558999926 ], [ -66.65755658799992, -14.840379411999947 ], [ -66.655505, -14.837433 ], [ -66.655503721999935, -14.83743310899996 ], [ -66.655671004999931, -14.834123503999933 ], [ -66.655171529999905, -14.834163660999934 ], [ -66.655119004999904, -14.833648706999952 ], [ -66.652024673999904, -14.83389709599993 ], [ -66.651506411999947, -14.833295587999942 ], [ -66.651274605999902, -14.833192142999906 ], [ -66.650954411999919, -14.832820587999947 ], [ -66.649726772999941, -14.832272747999923 ], [ -66.649936605999926, -14.829661177999924 ], [ -66.649360365999939, -14.829487679999943 ], [ -66.649384605999899, -14.829185974999916 ], [ -66.643567981999922, -14.827434661999916 ], [ -66.64592880999993, -14.821005786999933 ], [ -66.645180359999927, -14.82106591999991 ], [ -66.645376809999902, -14.820530990999941 ], [ -66.636285831999942, -14.821261382999921 ], [ -66.634846411999945, -14.81746858799994 ], [ -66.633951587999945, -14.81669741199994 ], [ -66.631648025999937, -14.813019684999915 ], [ -66.633310364999943, -14.811587558999918 ], [ -66.632924979999927, -14.806791097999906 ], [ -66.628745540999944, -14.803190446999906 ], [ -66.626350665999951, -14.803382833999933 ], [ -66.625236, -14.802089 ], [ -66.624049747999948, -14.800761202999922 ], [ -66.621210917999917, -14.800930405999907 ], [ -66.610785808999935, -14.79869293899992 ], [ -66.607303112999944, -14.794198886999936 ], [ -66.6064479449999, -14.792335618999914 ], [ -66.604804112999943, -14.790866886999936 ], [ -66.602633146999949, -14.788437032999923 ], [ -66.59858, -14.788195633999919 ], [ -66.593440657999906, -14.788501907999944 ], [ -66.592103505999944, -14.784171364999906 ], [ -66.589841634999914, -14.781640029999949 ], [ -66.588186209999947, -14.782539530999941 ], [ -66.58733449999994, -14.782488688999933 ], [ -66.585793164999927, -14.782580611999947 ], [ -66.584812112999941, -14.781703886999935 ], [ -66.584025886999939, -14.779991112999937 ], [ -66.582213664999927, -14.779159332999939 ], [ -66.582450182999935, -14.775193227999921 ], [ -66.580992026999922, -14.773561393999955 ], [ -66.577614064999921, -14.771725783999955 ], [ -66.57648434999993, -14.771658468999931 ], [ -66.576152775999901, -14.772029565999958 ], [ -66.575932349999903, -14.772016468999936 ], [ -66.574758235999923, -14.773330533999911 ], [ -66.572760660999904, -14.773449540999934 ], [ -66.569393680999951, -14.772409917999937 ], [ -66.566425304999939, -14.767311249999921 ], [ -66.564024938999921, -14.765166518999933 ], [ -66.562948505999941, -14.761680364999904 ], [ -66.560573154999929, -14.75902192399991 ], [ -66.556722969999953, -14.759251527999936 ], [ -66.554824112999938, -14.758379886999933 ], [ -66.55072154699991, -14.755200617999947 ], [ -66.545861227999922, -14.754910816999939 ], [ -66.545450954999922, -14.755277452999906 ], [ -66.545309430999907, -14.755269019999957 ], [ -66.543649531999904, -14.756751987999905 ], [ -66.545248013999924, -14.759693518999939 ], [ -66.5450580669999, -14.76287949999994 ], [ -66.545173066999951, -14.764809606999904 ], [ -66.541762322999944, -14.766663112999936 ], [ -66.540663112999937, -14.765876886999934 ], [ -66.53909981399994, -14.764127302999952 ], [ -66.535944947999951, -14.765259254999933 ], [ -66.530690499999935, -14.764946066999926 ], [ -66.53051587099992, -14.765326558999959 ], [ -66.530138499999907, -14.765304066999931 ], [ -66.529229905999898, -14.767283763999956 ], [ -66.524859499999934, -14.767544310999938 ], [ -66.524857291211092, -14.767544179310457 ], [ -66.53147056, -15.56552982 ] ] ] ] } }
]
}
