{
"type": "FeatureCollection",
"name": "SITIOS_RAMSAR_2018_ALTIPLANO",
"crs": { "type": "name", "properties": { "name": "urn:ogc:def:crs:OGC:1.3:CRS84" } },
"features": [
{ "type": "Feature", "properties": { "OBJECTID": 1.0, "NOM_SRM": "LAGOS POOPÓ Y URU URU", "COD_SRM": "SR-8", "SHAPE_LENG": 4.426487478, "SHAPE_AREA": 0.8840965488, "dep": "ORURO", "prov": "SAUCARI", "mun": "TOLEDO" }, "geometry": { "type": "MultiPolygon", "coordinates": [ [ [ [ -67.156275549999918, -17.977109825999946 ], [ -67.152832021999927, -17.990023058999952 ], [ -67.15024937499993, -18.014988642999924 ], [ -67.147760676999951, -18.028629785999954 ], [ -67.145028214999911, -18.02515210699994 ], [ -67.139563290999945, -18.021177615999932 ], [ -67.139066478999951, -18.015464286999929 ], [ -67.13493025799994, -18.009833088999926 ], [ -67.134843583999952, -17.996088645999919 ], [ -67.130372281999939, -17.989878504999922 ], [ -67.123168517999943, -17.990872127999921 ], [ -67.110036414999911, -17.997861912999952 ], [ -67.098824764999904, -18.003292409999915 ], [ -67.090378973999918, -18.002050381999936 ], [ -67.079697530999908, -17.997330674999944 ], [ -67.037716976999945, -18.008757333999938 ], [ -67.020328581999934, -18.031610652999916 ], [ -67.007411488999935, -18.054215566999915 ], [ -67.005829667999933, -18.076419423999937 ], [ -67.010696158999906, -18.091902368999911 ], [ -67.003465984999934, -18.115746557999955 ], [ -66.998543313999903, -18.130514571999925 ], [ -66.991159306999918, -18.142205916999956 ], [ -67.010336129999928, -18.162200270999904 ], [ -67.0099259079999, -18.166869106999911 ], [ -67.011182575999953, -18.170010775999913 ], [ -67.013067577999948, -18.170764776999931 ], [ -67.016083580999918, -18.170387776999917 ], [ -67.017549949999932, -18.172658282999919 ], [ -67.015205154999933, -18.174321241999905 ], [ -67.01665450899992, -18.176924523999958 ], [ -67.016632452999943, -18.180322433999947 ], [ -67.012075242999913, -18.20339914199991 ], [ -67.005705236999916, -18.232701169999928 ], [ -67.001599410999916, -18.256023607999907 ], [ -66.994499333999954, -18.290148526999928 ], [ -66.991206442999953, -18.323813435999909 ], [ -66.983834973999933, -18.368065863999959 ], [ -66.977642765999917, -18.379088886999909 ], [ -66.977053557999909, -18.423243574999958 ], [ -66.977392118999944, -18.445108988999948 ], [ -66.96231804699994, -18.51335944899995 ], [ -66.94986332499991, -18.559295808999934 ], [ -66.932527832999938, -18.591934112999922 ], [ -66.915748863999909, -18.600595667999926 ], [ -66.897655897999925, -18.64505846499992 ], [ -66.881742201999941, -18.68860383699996 ], [ -66.870273648999898, -18.728706687999932 ], [ -66.869045273999916, -18.748841562999928 ], [ -66.863800553999909, -18.75535225099992 ], [ -66.86088282299994, -18.771489248999956 ], [ -66.840202400999942, -18.810232734999943 ], [ -66.813171772999908, -18.851486631999933 ], [ -66.795243370999913, -18.876016247999928 ], [ -66.782308023999917, -18.893190811999943 ], [ -66.780008779999946, -18.910629740999923 ], [ -66.784310531999949, -18.972513799999945 ], [ -66.784826166999949, -18.981475122999939 ], [ -66.778423839999903, -18.994750124999939 ], [ -66.778217768999923, -19.015637372999947 ], [ -66.77923852999993, -19.035414167999932 ], [ -66.783533588999944, -19.063056201999927 ], [ -66.782053016999953, -19.071801561999905 ], [ -66.767413427999941, -19.097087664999947 ], [ -66.765903494999918, -19.115963076999947 ], [ -66.772128941999938, -19.148213442999918 ], [ -66.773108585999921, -19.168872267999916 ], [ -67.016525392999938, -19.261604697999928 ], [ -67.043409127999951, -19.27355536999994 ], [ -67.074764984999945, -19.283982919999914 ], [ -67.110335542999906, -19.205819853999913 ], [ -67.16707884099992, -19.200520403999917 ], [ -67.195733425999947, -19.178288398999939 ], [ -67.214507118999904, -19.174336041999936 ], [ -67.226670828999943, -19.163763721999942 ], [ -67.261106602999917, -19.125995452999916 ], [ -67.296653208999942, -19.101557161999949 ], [ -67.304429028999948, -19.08989343199994 ], [ -67.313315679999903, -19.087116352999942 ], [ -67.328421176999939, -19.078535379999948 ], [ -67.335221744999899, -19.076555760999952 ], [ -67.345959814999901, -19.072246143999905 ], [ -67.355039155999918, -19.065249507999908 ], [ -67.365576004999923, -19.063070837999931 ], [ -67.372250805999954, -19.062990305999904 ], [ -67.380219025999907, -19.062132794999911 ], [ -67.388498544999948, -19.059375961999933 ], [ -67.396299935999934, -19.060985880999908 ], [ -67.404628653999907, -19.058820393999952 ], [ -67.412883548999901, -19.053464757999905 ], [ -67.421354563999898, -19.05618125999996 ], [ -67.430094471999951, -19.056302203999905 ], [ -67.436554598999919, -19.058212744999935 ], [ -67.446318800999904, -19.058480757999916 ], [ -67.453906238999934, -19.062935989999914 ], [ -67.460102598999924, -19.062399782999933 ], [ -67.469543931999908, -19.063335009999946 ], [ -67.481059600999913, -19.057768205999935 ], [ -67.488650259999929, -19.057073706999915 ], [ -67.499511627999937, -19.058777831999919 ], [ -67.509664245999943, -19.063227906999941 ], [ -67.521503963999919, -19.057220197999925 ], [ -67.535409187999903, -19.05693219099993 ], [ -67.550031536999938, -19.058443778999958 ], [ -67.560524719999933, -19.064728722999916 ], [ -67.574691089999931, -19.06853975599995 ], [ -67.586706931999913, -19.085470530999942 ], [ -67.598876444999917, -19.093086771999936 ], [ -67.608819345999905, -19.094837491999954 ], [ -67.623907583999937, -19.090721108999958 ], [ -67.635583041999951, -19.076975373999915 ], [ -67.646178322999901, -19.070748875999925 ], [ -67.65051881699992, -19.068965666999929 ], [ -67.660218061999899, -19.072798524999939 ], [ -67.666915498999913, -19.083970220999959 ], [ -67.687106636999943, -19.095421233999957 ], [ -67.721620285999904, -19.095467713999938 ], [ -67.736714518999918, -19.06174941699993 ], [ -67.74275141399994, -19.04544199299994 ], [ -67.748602186999904, -19.028067691999922 ], [ -67.765443048999941, -19.016180024999926 ], [ -67.773368160999951, -18.997357884999929 ], [ -67.781293271999914, -18.980517021999958 ], [ -67.763461770999925, -18.951788491999935 ], [ -67.790209022999932, -18.93891018599993 ], [ -67.799124773999949, -18.927022517999944 ], [ -67.797143495999933, -18.905228460999922 ], [ -67.808305800999904, -18.894042773999956 ], [ -67.808215391999909, -18.88270328099992 ], [ -67.804526764999935, -18.869300744999919 ], [ -67.799910525999906, -18.849229339999908 ], [ -67.802056925999921, -18.836470832999908 ], [ -67.799669774999927, -18.82600539099991 ], [ -67.803819724999926, -18.812684154999943 ], [ -67.80430190699991, -18.792913720999934 ], [ -67.771386882999934, -18.777436034999937 ], [ -67.748028677999912, -18.755259053999907 ], [ -67.812117384999908, -18.679921599999943 ], [ -67.82389074799994, -18.658559359999913 ], [ -67.82207457599992, -18.633454705999952 ], [ -67.806178895999949, -18.607289072999947 ], [ -67.819111125999939, -18.585937903999934 ], [ -67.799162874999922, -18.537676005999913 ], [ -67.807987324999942, -18.530711760999907 ], [ -67.73674415399995, -18.520301722999932 ], [ -67.716795901999944, -18.50228394699991 ], [ -67.711004474999925, -18.484909663999929 ], [ -67.701995586999942, -18.472683316999905 ], [ -67.689769238999929, -18.472683316999905 ], [ -67.679493334999904, -18.46484800199994 ], [ -67.667890511999929, -18.464961412999912 ], [ -67.666200921999916, -18.452867011999956 ], [ -67.649624813999935, -18.442073679999908 ], [ -67.654203219999943, -18.429553335999913 ], [ -67.658195371999909, -18.416540952999924 ], [ -67.651707508999948, -18.410290583999938 ], [ -67.653733688999921, -18.399968722999915 ], [ -67.654377180999916, -18.387742375999949 ], [ -67.655664164999905, -18.378089995999915 ], [ -67.648585752999907, -18.376803011999925 ], [ -67.640220356999919, -18.371011584999906 ], [ -67.630153094999912, -18.363306614999942 ], [ -67.629628140999898, -18.351757626999927 ], [ -67.621228876999908, -18.342833409999912 ], [ -67.572978833999912, -18.318341062999934 ], [ -67.567401230999906, -18.314491260999944 ], [ -67.545454846999917, -18.293825392999906 ], [ -67.505942608999931, -18.26556121099992 ], [ -67.456671453999945, -18.229560779999929 ], [ -67.439739020999923, -18.21412528299993 ], [ -67.441735055999914, -18.210228424999912 ], [ -67.443244145999927, -18.205392844999949 ], [ -67.444033764999915, -18.20198819299992 ], [ -67.444823383999903, -18.198583541999938 ], [ -67.4456799109999, -18.195888659999923 ], [ -67.447938532999899, -18.193191803999923 ], [ -67.449849464999943, -18.185817681999936 ], [ -67.448737637999898, -18.18077212399993 ], [ -67.447625810999909, -18.175726566999913 ], [ -67.445295599999952, -18.172919986999943 ], [ -67.442399844999898, -18.171369293999931 ], [ -67.43448255699991, -18.164902971999936 ], [ -67.433276246999924, -18.161911322999913 ], [ -67.430392076999908, -18.160763175999932 ], [ -67.427469844999905, -18.157707612999957 ], [ -67.426597876999949, -18.154542174999904 ], [ -67.424733232999927, -18.151951606999944 ], [ -67.418730345999904, -18.150041345999909 ], [ -67.415881716999934, -18.148074702999907 ], [ -67.409350536999909, -18.144569034999904 ], [ -67.408232678999923, -18.141388212999914 ], [ -67.408357299999921, -18.138348788999906 ], [ -67.410428596999907, -18.136328487999947 ], [ -67.411462011999902, -18.13360358299991 ], [ -67.414015728999914, -18.129178920999948 ], [ -67.416532182999902, -18.127605246999906 ], [ -67.417989037999916, -18.124870026999929 ], [ -67.42117980799992, -18.117554437999956 ], [ -67.423686699999905, -18.115921317999948 ], [ -67.428143337999927, -18.109560845999908 ], [ -67.42840562899994, -18.106617144999916 ], [ -67.427696917999924, -18.102323507999927 ], [ -67.428727871999911, -18.099251112999923 ], [ -67.432164407999949, -18.098393275999911 ], [ -67.436825148999901, -18.098264018999942 ], [ -67.440095139999926, -18.097838890999924 ], [ -67.447142243999906, -18.099195635999934 ], [ -67.451774618999934, -18.100122110999905 ], [ -67.459186418999934, -18.102283885999952 ], [ -67.458877593999944, -18.093945610999924 ], [ -67.459495243999925, -18.087460285999953 ], [ -67.462274668999953, -18.081901435999953 ], [ -67.465015526999935, -18.077650191999908 ], [ -67.473392368999953, -18.071710210999925 ], [ -67.473439010999925, -18.066196635999916 ], [ -67.476480618999915, -18.063063110999906 ], [ -67.480804167999906, -18.062136635999934 ], [ -67.486671842999954, -18.062445460999925 ], [ -67.487907142999916, -18.057504261999952 ], [ -67.487598317999925, -18.053180711999914 ], [ -67.485127717999944, -18.050092461999952 ], [ -67.484510067999906, -18.043915961999915 ], [ -67.482348292999916, -18.037739461999934 ], [ -67.479260043999943, -18.034033561999934 ], [ -67.475245318999953, -18.029401186999905 ], [ -67.471230593999906, -18.024459986999943 ], [ -67.469686468999953, -18.017357012999923 ], [ -67.4707412059999, -18.009084049999956 ], [ -67.473083543999905, -18.006239312999924 ], [ -67.472465893999924, -17.998518687999933 ], [ -67.468759993999925, -17.996356912999943 ], [ -67.463818793999906, -17.995430437999914 ], [ -67.459186418999934, -17.990798062999943 ], [ -67.454245218999915, -17.987709812999924 ], [ -67.447142243999906, -17.988636287999952 ], [ -67.441892218999953, -17.986783337999952 ], [ -67.441274568999916, -17.978753887999915 ], [ -67.173493193999946, -17.965918357999954 ], [ -67.156275549999918, -17.977109825999946 ] ] ] ] } },
{ "type": "Feature", "properties": { "OBJECTID": 2.0, "NOM_SRM": "LAGO TITICACA", "COD_SRM": "SR-2", "SHAPE_LENG": 8.0282824334999994, "SHAPE_AREA": 1.5964287499000001, "dep": "LA PAZ", "prov": "INGAVI", "mun": "GUAQUI" }, "geometry": { "type": "MultiPolygon", "coordinates": [ [ [ [ -68.7682977, -16.37435531 ], [ -68.76862502, -16.37412605 ], [ -68.76890775, -16.37388239 ], [ -68.76911612, -16.37366735 ], [ -68.76933932, -16.37348103 ], [ -68.76987745, -16.37298779 ], [ -68.76994961, -16.37279285 ], [ -68.77018773, -16.37256349 ], [ -68.77048514, -16.37247771 ], [ -68.77076758, -16.37247802 ], [ -68.77102017, -16.37257875 ], [ -68.77107942, -16.37276538 ], [ -68.77118322, -16.37298076 ], [ -68.7714062, -16.372981 ], [ -68.77159967, -16.37279465 ], [ -68.77183745, -16.37285231 ], [ -68.77220909, -16.37285271 ], [ -68.77255101, -16.37283873 ], [ -68.77305646, -16.37281057 ], [ -68.77371707, -16.37263035 ], [ -68.7739341, -16.37230923 ], [ -68.77405329, -16.37207974 ], [ -68.77412805, -16.37170669 ], [ -68.77417309, -16.37131926 ], [ -68.77414379, -16.3709461 ], [ -68.7741441, -16.37067343 ], [ -68.77405521, -16.37041502 ], [ -68.77392564, -16.37026457 ], [ -68.77376324, -16.37007984 ], [ -68.77357499, -16.37004137 ], [ -68.77334706, -16.37004113 ], [ -68.7732519, -16.37000828 ], [ -68.77307966, -16.36988776 ], [ -68.77295112, -16.36963887 ], [ -68.77290194, -16.36932309 ], [ -68.77272375, -16.36915069 ], [ -68.77244628, -16.36914082 ], [ -68.77212904, -16.36924572 ], [ -68.77190096, -16.36936985 ], [ -68.7717027, -16.36941747 ], [ -68.77154414, -16.3694173 ], [ -68.77132603, -16.3694936 ], [ -68.77112763, -16.3696656 ], [ -68.77085997, -16.36974185 ], [ -68.77068149, -16.36981819 ], [ -68.77055258, -16.36988502 ], [ -68.77046329, -16.36997103 ], [ -68.77021544, -16.37005687 ], [ -68.76994774, -16.37016182 ], [ -68.76971973, -16.37022854 ], [ -68.76951153, -16.37030485 ], [ -68.76921403, -16.37046717 ], [ -68.76901572, -16.37056263 ], [ -68.76875787, -16.37071542 ], [ -68.76860906, -16.3708492 ], [ -68.76842062, -16.37097337 ], [ -68.76808353, -16.37109737 ], [ -68.76775639, -16.37118312 ], [ -68.76762296, -16.37118638 ], [ -68.76736999, -16.37131266 ], [ -68.76722943, -16.3714029 ], [ -68.7670701, -16.37152025 ], [ -68.7669857, -16.37162863 ], [ -68.76690122, -16.37180029 ], [ -68.76690111, -16.37189069 ], [ -68.76691028, -16.37205342 ], [ -68.76681339, -16.37247368 ], [ -68.76669405, -16.37271309 ], [ -68.76645629, -16.37274595 ], [ -68.76623326, -16.37278876 ], [ -68.76615868, -16.37300394 ], [ -68.76621778, -16.37330538 ], [ -68.76638101, -16.37354953 ], [ -68.7665589, -16.37396591 ], [ -68.76692622, -16.37434053 ], [ -68.76718262, -16.37449759 ], [ -68.76742043, -16.37452655 ], [ -68.76768803, -16.3745125 ], [ -68.76801512, -16.3744698 ], [ -68.7682977, -16.37435531 ] ] ], [ [ [ -68.70411798, -16.35857748 ], [ -68.70427785, -16.35811667 ], [ -68.70446551, -16.35785477 ], [ -68.70455362, -16.35780316 ], [ -68.70461005, -16.35770233 ], [ -68.70474666, -16.35746334 ], [ -68.70483384, -16.35715252 ], [ -68.70480946, -16.35688938 ], [ -68.70483477, -16.35653064 ], [ -68.70487262, -16.35607625 ], [ -68.70463808, -16.35553775 ], [ -68.7045546, -16.35542153 ], [ -68.70424253, -16.35498708 ], [ -68.70403237, -16.35471172 ], [ -68.70367365, -16.35438831 ], [ -68.70321551, -16.35428004 ], [ -68.70288116, -16.35421977 ], [ -68.70257182, -16.35400407 ], [ -68.7022253, -16.35380027 ], [ -68.70183203, -16.35374793 ], [ -68.7016804, -16.35372775 ], [ -68.70156914, -16.35358408 ], [ -68.70152005, -16.35328503 ], [ -68.70144597, -16.35295575 ], [ -68.70121476, -16.3528421 ], [ -68.70024096, -16.35283167 ], [ -68.69993116, -16.35341883 ], [ -68.69991144, -16.35406967 ], [ -68.69991092, -16.35441319 ], [ -68.69989146, -16.35489227 ], [ -68.69975052, -16.35521751 ], [ -68.69965598, -16.355814 ], [ -68.69968339, -16.356257 ], [ -68.6998326, -16.35664592 ], [ -68.69985978, -16.35724259 ], [ -68.69976549, -16.35767637 ], [ -68.69976534, -16.35777581 ], [ -68.70005536, -16.3579299 ], [ -68.70045797, -16.35793047 ], [ -68.70079474, -16.35812983 ], [ -68.70113143, -16.35838342 ], [ -68.70139353, -16.358429 ], [ -68.70201192, -16.35814964 ], [ -68.70241489, -16.35791517 ], [ -68.70279875, -16.35793379 ], [ -68.70304149, -16.35839516 ], [ -68.703284, -16.35901926 ], [ -68.70342414, -16.35921833 ], [ -68.70365479, -16.35921294 ], [ -68.70378925, -16.35920979 ], [ -68.70393016, -16.35894785 ], [ -68.70411798, -16.35857748 ] ] ], [ [ [ -68.73403392, -16.3512408 ], [ -68.73310553, -16.35232441 ], [ -68.73239315, -16.3529111 ], [ -68.7321306, -16.35332632 ], [ -68.73207161, -16.35362041 ], [ -68.73209092, -16.35399356 ], [ -68.73218967, -16.35424244 ], [ -68.73225872, -16.35447214 ], [ -68.73218916, -16.35461557 ], [ -68.73208974, -16.35485462 ], [ -68.7320957, -16.35490114 ], [ -68.73212896, -16.35516083 ], [ -68.73236655, -16.35533334 ], [ -68.73257465, -16.35533361 ], [ -68.73281246, -16.35534348 ], [ -68.73304021, -16.35546814 ], [ -68.73338693, -16.35554512 ], [ -68.73363456, -16.35562197 ], [ -68.73378301, -16.35576567 ], [ -68.73398096, -16.35593813 ], [ -68.73407919, -16.35594673 ], [ -68.73425839, -16.3559624 ], [ -68.73448077, -16.35639322 ], [ -68.73448025, -16.35677591 ], [ -68.73420687, -16.35742136 ], [ -68.73403261, -16.35804302 ], [ -68.73380897, -16.35854503 ], [ -68.73351103, -16.35902302 ], [ -68.73326261, -16.35952499 ], [ -68.73323712, -16.36005117 ], [ -68.73306319, -16.36043364 ], [ -68.73278989, -16.36100734 ], [ -68.73229356, -16.36162859 ], [ -68.73192139, -16.36203473 ], [ -68.73172245, -16.3625846 ], [ -68.73132593, -16.36267977 ], [ -68.73122634, -16.36303842 ], [ -68.73115146, -16.36344493 ], [ -68.73082919, -16.36358803 ], [ -68.73075431, -16.36399455 ], [ -68.73045626, -16.36454429 ], [ -68.7299618, -16.36497626 ], [ -68.72995148, -16.36498527 ], [ -68.72998443, -16.36535692 ], [ -68.73035592, -16.36545306 ], [ -68.73072773, -16.36531003 ], [ -68.73112449, -16.36504743 ], [ -68.73162031, -16.36480888 ], [ -68.73241352, -16.36449895 ], [ -68.73298392, -16.36406914 ], [ -68.73365358, -16.36351987 ], [ -68.73434797, -16.36299454 ], [ -68.73479469, -16.36242106 ], [ -68.73516681, -16.36204362 ], [ -68.73561378, -16.36127879 ], [ -68.73588739, -16.3604659 ], [ -68.73603748, -16.35938976 ], [ -68.73586541, -16.35838497 ], [ -68.73596576, -16.35745228 ], [ -68.7361155, -16.35663924 ], [ -68.73628965, -16.35608933 ], [ -68.73666183, -16.35565926 ], [ -68.73695946, -16.35539653 ], [ -68.73748027, -16.35497143 ], [ -68.73809996, -16.3547091 ], [ -68.73884345, -16.35449476 ], [ -68.73943826, -16.35430415 ], [ -68.73995875, -16.35411344 ], [ -68.74030599, -16.35380293 ], [ -68.74080211, -16.35330125 ], [ -68.74124847, -16.35296694 ], [ -68.74179389, -16.35265667 ], [ -68.74226502, -16.35232239 ], [ -68.74236445, -16.35205941 ], [ -68.74271165, -16.35177281 ], [ -68.74303433, -16.35129483 ], [ -68.74343125, -16.35086478 ], [ -68.74382806, -16.35053041 ], [ -68.74407644, -16.35002842 ], [ -68.74422561, -16.34962199 ], [ -68.74447374, -16.34931135 ], [ -68.74477169, -16.3487855 ], [ -68.74482183, -16.34833111 ], [ -68.74504509, -16.3480922 ], [ -68.74514496, -16.34749436 ], [ -68.74522039, -16.34663338 ], [ -68.745246, -16.34598761 ], [ -68.74509829, -16.34526988 ], [ -68.74495062, -16.34452823 ], [ -68.74470433, -16.34342768 ], [ -68.744408, -16.34270976 ], [ -68.74393818, -16.34206339 ], [ -68.7435118, -16.34195047 ], [ -68.74309611, -16.34192938 ], [ -68.74263728, -16.34205283 ], [ -68.7426005, -16.34206272 ], [ -68.74214435, -16.34233005 ], [ -68.74192601, -16.34259767 ], [ -68.74152943, -16.3427694 ], [ -68.74129117, -16.34311354 ], [ -68.74091433, -16.34334269 ], [ -68.74059713, -16.34343797 ], [ -68.74039837, -16.34387783 ], [ -68.74006076, -16.34441319 ], [ -68.73968385, -16.34469974 ], [ -68.73916826, -16.34494786 ], [ -68.73881131, -16.34511963 ], [ -68.73844574, -16.34506269 ], [ -68.73785255, -16.34527924 ], [ -68.73664403, -16.34583821 ], [ -68.73599716, -16.34647019 ], [ -68.73605259, -16.3470217 ], [ -68.73605177, -16.34763641 ], [ -68.73596663, -16.34828718 ], [ -68.73596583, -16.34888381 ], [ -68.73597449, -16.34940813 ], [ -68.73592754, -16.34950752 ], [ -68.73566492, -16.3498507 ], [ -68.73509335, -16.35017542 ], [ -68.73454962, -16.35069001 ], [ -68.73403392, -16.3512408 ] ] ], [ [ [ -68.69147019, -16.35243724 ], [ -68.69178746, -16.3523229 ], [ -68.69202567, -16.35207449 ], [ -68.6921453, -16.35161544 ], [ -68.69215596, -16.35153846 ], [ -68.69219129, -16.3512833 ], [ -68.69229143, -16.35130716 ], [ -68.69246281, -16.35134801 ], [ -68.69264091, -16.35152049 ], [ -68.69270006, -16.35171192 ], [ -68.69289792, -16.35192269 ], [ -68.69311571, -16.35205695 ], [ -68.69331401, -16.3519807 ], [ -68.69331455, -16.35163628 ], [ -68.69321584, -16.35138738 ], [ -68.69323605, -16.35113866 ], [ -68.69339501, -16.350871 ], [ -68.69339546, -16.35058398 ], [ -68.69335624, -16.35031604 ], [ -68.69337654, -16.35000991 ], [ -68.69351557, -16.34981877 ], [ -68.69377344, -16.34966607 ], [ -68.69401143, -16.3495516 ], [ -68.69401197, -16.34920718 ], [ -68.69387372, -16.34890082 ], [ -68.69381463, -16.34867112 ], [ -68.69363665, -16.34842211 ], [ -68.69363695, -16.34823076 ], [ -68.69347922, -16.34798628 ], [ -68.69324155, -16.34761788 ], [ -68.69302397, -16.34734968 ], [ -68.69284618, -16.34698586 ], [ -68.69258905, -16.34666019 ], [ -68.69211367, -16.34650642 ], [ -68.69165792, -16.34646749 ], [ -68.69124217, -16.34619899 ], [ -68.6907866, -16.34604524 ], [ -68.69029125, -16.34598711 ], [ -68.68971641, -16.34606281 ], [ -68.68898313, -16.34608086 ], [ -68.68819021, -16.34621364 ], [ -68.68751744, -16.34653048 ], [ -68.68719841, -16.34678621 ], [ -68.68694017, -16.34716852 ], [ -68.68678086, -16.34764665 ], [ -68.68669161, -16.3479702 ], [ -68.68660146, -16.34829696 ], [ -68.68654134, -16.34871784 ], [ -68.68660009, -16.34915802 ], [ -68.68655969, -16.34963633 ], [ -68.68657881, -16.35007646 ], [ -68.68659811, -16.35040177 ], [ -68.68683562, -16.35059347 ], [ -68.68713268, -16.35072786 ], [ -68.68756795, -16.35118774 ], [ -68.68778525, -16.35162816 ], [ -68.68788367, -16.35204927 ], [ -68.68800213, -16.35233646 ], [ -68.6880411, -16.35275748 ], [ -68.68813961, -16.35312119 ], [ -68.68855601, -16.35298786 ], [ -68.68871504, -16.35268194 ], [ -68.6889131, -16.35275877 ], [ -68.68932902, -16.3529316 ], [ -68.68962629, -16.35293204 ], [ -68.68992378, -16.35279853 ], [ -68.69016157, -16.35281801 ], [ -68.69071643, -16.3528571 ], [ -68.69121216, -16.35268561 ], [ -68.69147019, -16.35243724 ] ] ], [ [ [ -68.72040985, -16.33077738 ], [ -68.72018649, -16.33107845 ], [ -68.71992605, -16.33137747 ], [ -68.71979944, -16.33152282 ], [ -68.71957633, -16.33165169 ], [ -68.71907097, -16.33167972 ], [ -68.71869941, -16.33167922 ], [ -68.7184359, -16.33171742 ], [ -68.7181261, -16.33189282 ], [ -68.71789584, -16.33201595 ], [ -68.71779218, -16.33212289 ], [ -68.71749475, -16.33225166 ], [ -68.71724211, -16.33223697 ], [ -68.71688546, -16.33220779 ], [ -68.7164394, -16.33233635 ], [ -68.71591904, -16.33246481 ], [ -68.71393071, -16.33450655 ], [ -68.71405411, -16.33481766 ], [ -68.71406606, -16.33511666 ], [ -68.71397869, -16.33558295 ], [ -68.7140649, -16.33591792 ], [ -68.71392812, -16.33628847 ], [ -68.7135561, -16.33659891 ], [ -68.71340767, -16.33696705 ], [ -68.71327877, -16.33728676 ], [ -68.71316454, -16.33757007 ], [ -68.71316143, -16.3376426 ], [ -68.71313249, -16.33831747 ], [ -68.71260566, -16.33861574 ], [ -68.71201704, -16.33882422 ], [ -68.71183051, -16.33933223 ], [ -68.71189121, -16.34016946 ], [ -68.71161165, -16.34076704 ], [ -68.7111467, -16.34109528 ], [ -68.71077421, -16.34172263 ], [ -68.71040171, -16.34234998 ], [ -68.71012207, -16.34300137 ], [ -68.70978048, -16.34365866 ], [ -68.70925337, -16.3441363 ], [ -68.70869499, -16.34482319 ], [ -68.70841537, -16.34545066 ], [ -68.70804228, -16.34646668 ], [ -68.70796254, -16.34694344 ], [ -68.70797395, -16.34709316 ], [ -68.70814206, -16.34737363 ], [ -68.70855361, -16.3476454 ], [ -68.709124, -16.34814338 ], [ -68.70958216, -16.34855985 ], [ -68.70958939, -16.34856814 ], [ -68.70980403, -16.34868156 ], [ -68.70991636, -16.3489429 ], [ -68.70995833, -16.34904055 ], [ -68.71023641, -16.34945951 ], [ -68.71054589, -16.34957953 ], [ -68.71085074, -16.34956359 ], [ -68.71110331, -16.34955039 ], [ -68.71138157, -16.34984975 ], [ -68.71190119, -16.35049756 ], [ -68.71219054, -16.35065523 ], [ -68.71292864, -16.35068901 ], [ -68.71351699, -16.35068981 ], [ -68.71398152, -16.35066055 ], [ -68.71463215, -16.35042224 ], [ -68.71509677, -16.35033318 ], [ -68.71568504, -16.35039377 ], [ -68.71642826, -16.35036487 ], [ -68.71695486, -16.35024599 ], [ -68.7172649, -16.34997732 ], [ -68.71757508, -16.34961896 ], [ -68.71810175, -16.34944027 ], [ -68.71893813, -16.34923211 ], [ -68.71958884, -16.34893399 ], [ -68.71999203, -16.34848606 ], [ -68.72033316, -16.34812773 ], [ -68.72073648, -16.3475901 ], [ -68.72117051, -16.3472319 ], [ -68.72141886, -16.34678376 ], [ -68.72151252, -16.34624572 ], [ -68.72126561, -16.34567733 ], [ -68.72108044, -16.34523459 ], [ -68.7208337, -16.34454661 ], [ -68.72083442, -16.34403834 ], [ -68.72086598, -16.34361981 ], [ -68.72123819, -16.34317183 ], [ -68.72130089, -16.34263375 ], [ -68.72123968, -16.3421254 ], [ -68.72133308, -16.34176675 ], [ -68.72148845, -16.34137828 ], [ -68.72142733, -16.34081013 ], [ -68.72127344, -16.34015217 ], [ -68.72111951, -16.33952411 ], [ -68.72121312, -16.33901596 ], [ -68.72158499, -16.33880717 ], [ -68.72192555, -16.33883752 ], [ -68.72232804, -16.33886794 ], [ -68.72276112, -16.3391675 ], [ -68.72325663, -16.33910835 ], [ -68.72362866, -16.33877996 ], [ -68.72418627, -16.3386013 ], [ -68.72461968, -16.33866166 ], [ -68.7250528, -16.33893131 ], [ -68.72551739, -16.33884222 ], [ -68.72588883, -16.3389324 ], [ -68.7266321, -16.33884367 ], [ -68.72725171, -16.33860529 ], [ -68.72780965, -16.33818743 ], [ -68.72827481, -16.33767976 ], [ -68.72855435, -16.33705226 ], [ -68.7289267, -16.33648468 ], [ -68.729268, -16.33597685 ], [ -68.72942393, -16.3351698 ], [ -68.73026236, -16.33340689 ], [ -68.73035811, -16.33289309 ], [ -68.73041833, -16.33256994 ], [ -68.73057392, -16.33200207 ], [ -68.73072956, -16.33140431 ], [ -68.73094691, -16.33095611 ], [ -68.73135008, -16.33047826 ], [ -68.73156776, -16.32979088 ], [ -68.73163034, -16.32931259 ], [ -68.7315381, -16.3288341 ], [ -68.7312656, -16.32837535 ], [ -68.73085774, -16.32823527 ], [ -68.73033138, -16.3282346 ], [ -68.7298667, -16.32841339 ], [ -68.72943306, -16.32853243 ], [ -68.72890661, -16.32859155 ], [ -68.72828736, -16.32859075 ], [ -68.72763715, -16.32858991 ], [ -68.7273281, -16.32817094 ], [ -68.72686371, -16.32814044 ], [ -68.72636806, -16.32831919 ], [ -68.72581032, -16.32861745 ], [ -68.72546919, -16.32900568 ], [ -68.72515864, -16.32966303 ], [ -68.72487935, -16.33011114 ], [ -68.72441453, -16.33037962 ], [ -68.72373302, -16.33061791 ], [ -68.72314447, -16.33079653 ], [ -68.7226181, -16.33079584 ], [ -68.7219258, -16.33077938 ], [ -68.72163517, -16.33062581 ], [ -68.72159907, -16.33060674 ], [ -68.72130205, -16.33044848 ], [ -68.72097529, -16.33030454 ], [ -68.72078198, -16.33037604 ], [ -68.72058847, -16.33059105 ], [ -68.72040985, -16.33077738 ] ] ], [ [ [ -68.75869859, -16.32375978 ], [ -68.75838339, -16.32371529 ], [ -68.75832682, -16.3237073 ], [ -68.7580482, -16.32390853 ], [ -68.75764522, -16.32429675 ], [ -68.75748978, -16.32480483 ], [ -68.75721043, -16.32537258 ], [ -68.75674585, -16.32549164 ], [ -68.75606413, -16.32593932 ], [ -68.7555684, -16.32620783 ], [ -68.75497978, -16.32647623 ], [ -68.75442205, -16.32680447 ], [ -68.75395743, -16.32695342 ], [ -68.7533378, -16.32725167 ], [ -68.75290373, -16.32772954 ], [ -68.75274836, -16.32817783 ], [ -68.75265502, -16.3285365 ], [ -68.75228214, -16.32885306 ], [ -68.75228057, -16.32888714 ], [ -68.75225126, -16.32952266 ], [ -68.75252959, -16.32979207 ], [ -68.75293177, -16.33006163 ], [ -68.75348902, -16.33012208 ], [ -68.75410813, -16.33024239 ], [ -68.7546965, -16.33018328 ], [ -68.75574942, -16.33003501 ], [ -68.7568023, -16.32991663 ], [ -68.75785518, -16.32979825 ], [ -68.75856759, -16.32958978 ], [ -68.7589708, -16.32902218 ], [ -68.75915756, -16.32821514 ], [ -68.75928244, -16.32737813 ], [ -68.75946953, -16.32630201 ], [ -68.75947062, -16.32540506 ], [ -68.75928598, -16.32447801 ], [ -68.75900787, -16.32402922 ], [ -68.75869859, -16.32375978 ] ] ], [ [ [ -68.76050874, -16.29753679 ], [ -68.7601064, -16.29744664 ], [ -68.75973538, -16.29705754 ], [ -68.75936425, -16.29675813 ], [ -68.75877602, -16.29678736 ], [ -68.75831137, -16.29702602 ], [ -68.75762982, -16.29741391 ], [ -68.75694849, -16.29762242 ], [ -68.75611249, -16.29774105 ], [ -68.75543156, -16.29762067 ], [ -68.75462652, -16.29773933 ], [ -68.7535735, -16.29809688 ], [ -68.75258233, -16.2985143 ], [ -68.75177705, -16.29881234 ], [ -68.75154286, -16.29912254 ], [ -68.75128089, -16.29946952 ], [ -68.75134221, -16.29994796 ], [ -68.75199142, -16.30066628 ], [ -68.75267205, -16.30102586 ], [ -68.75313594, -16.30141508 ], [ -68.75344492, -16.30189381 ], [ -68.75384697, -16.30222316 ], [ -68.75434207, -16.30241509 ], [ -68.75493024, -16.30244567 ], [ -68.75561129, -16.30247636 ], [ -68.7560132, -16.30292529 ], [ -68.75635297, -16.30355355 ], [ -68.75625965, -16.30391222 ], [ -68.75601217, -16.30412897 ], [ -68.75591873, -16.30421081 ], [ -68.75610404, -16.3045698 ], [ -68.75616559, -16.30486886 ], [ -68.7556391, -16.30501774 ], [ -68.75486494, -16.30516633 ], [ -68.75433838, -16.30537501 ], [ -68.75374967, -16.305763 ], [ -68.75300606, -16.30624051 ], [ -68.75192196, -16.30665781 ], [ -68.75083783, -16.30710501 ], [ -68.74959885, -16.30758192 ], [ -68.74870099, -16.30761075 ], [ -68.74808204, -16.30743062 ], [ -68.74734912, -16.30742372 ], [ -68.74720748, -16.30742239 ], [ -68.74675037, -16.30775791 ], [ -68.74662584, -16.30829593 ], [ -68.74671806, -16.30880431 ], [ -68.74715127, -16.30897824 ], [ -68.74727473, -16.30927737 ], [ -68.74773912, -16.30927793 ], [ -68.74811048, -16.30939796 ], [ -68.74857492, -16.30936862 ], [ -68.7490085, -16.30924954 ], [ -68.74965854, -16.30934 ], [ -68.75018485, -16.30934063 ], [ -68.75092754, -16.30961059 ], [ -68.75163938, -16.30979081 ], [ -68.75219632, -16.31006055 ], [ -68.75266038, -16.31033018 ], [ -68.75315588, -16.31021117 ], [ -68.7538678, -16.31033159 ], [ -68.75454862, -16.31057157 ], [ -68.75499769, -16.31070224 ], [ -68.75516759, -16.31075168 ], [ -68.75556977, -16.31099133 ], [ -68.75575509, -16.31135032 ], [ -68.75584632, -16.31158243 ], [ -68.75600199, -16.31197847 ], [ -68.75612538, -16.31233739 ], [ -68.75606298, -16.312726 ], [ -68.75621723, -16.31317465 ], [ -68.75652694, -16.31308531 ], [ -68.75680595, -16.31278665 ], [ -68.75705404, -16.31245806 ], [ -68.75736404, -16.31212953 ], [ -68.75751947, -16.31162144 ], [ -68.75776766, -16.31120315 ], [ -68.7579232, -16.31060536 ], [ -68.75835729, -16.31006769 ], [ -68.7587605, -16.30947019 ], [ -68.75913253, -16.30905204 ], [ -68.75950412, -16.30899266 ], [ -68.75981357, -16.30911261 ], [ -68.76024704, -16.3090832 ], [ -68.76046368, -16.30914324 ], [ -68.76056824, -16.30931198 ], [ -68.76074177, -16.30959203 ], [ -68.761113, -16.30983164 ], [ -68.76123633, -16.31025035 ], [ -68.76114287, -16.31072862 ], [ -68.76080195, -16.31102722 ], [ -68.76077044, -16.31147566 ], [ -68.76067705, -16.31189412 ], [ -68.76045979, -16.31234235 ], [ -68.76042821, -16.31285059 ], [ -68.76053551, -16.31312354 ], [ -68.76058086, -16.31351079 ], [ -68.76065972, -16.31383617 ], [ -68.76065912, -16.31433368 ], [ -68.7605596, -16.31469713 ], [ -68.7603416, -16.31473515 ], [ -68.76000482, -16.31467736 ], [ -68.75966797, -16.31467698 ], [ -68.75956854, -16.31496389 ], [ -68.75955408, -16.31530155 ], [ -68.75970659, -16.31549982 ], [ -68.75991931, -16.31573925 ], [ -68.75995616, -16.31599044 ], [ -68.76017864, -16.31634947 ], [ -68.76053207, -16.31652805 ], [ -68.76060914, -16.31682726 ], [ -68.76119707, -16.31709701 ], [ -68.76194016, -16.31706795 ], [ -68.76268322, -16.31706878 ], [ -68.76355052, -16.31674088 ], [ -68.76429397, -16.31641283 ], [ -68.76497582, -16.31581562 ], [ -68.76556482, -16.31518841 ], [ -68.7661846, -16.31471073 ], [ -68.76683533, -16.31423308 ], [ -68.76745508, -16.31377333 ], [ -68.76810567, -16.31341526 ], [ -68.76850886, -16.31281774 ], [ -68.76860244, -16.31221988 ], [ -68.76863382, -16.31186113 ], [ -68.76900587, -16.31141306 ], [ -68.76913034, -16.31087503 ], [ -68.76903809, -16.31033676 ], [ -68.76903879, -16.3097388 ], [ -68.76941125, -16.30893195 ], [ -68.76993798, -16.30857375 ], [ -68.77083615, -16.30827574 ], [ -68.77124801, -16.30821501 ], [ -68.77164124, -16.30815702 ], [ -68.7721982, -16.3084267 ], [ -68.77233105, -16.3086089 ], [ -68.77256912, -16.30893538 ], [ -68.77284745, -16.30920476 ], [ -68.77337335, -16.3095641 ], [ -68.77411628, -16.30965459 ], [ -68.77478502, -16.30964215 ], [ -68.775796, -16.30924139 ], [ -68.77650977, -16.30884032 ], [ -68.77746188, -16.30792285 ], [ -68.77799796, -16.30694753 ], [ -68.77865298, -16.30591493 ], [ -68.77936711, -16.30516942 ], [ -68.77996274, -16.30407935 ], [ -68.78038017, -16.30287428 ], [ -68.78067833, -16.30201352 ], [ -68.781155, -16.30098073 ], [ -68.78115621, -16.29989004 ], [ -68.7809791, -16.29879917 ], [ -68.78062387, -16.29753589 ], [ -68.78038675, -16.2969616 ], [ -68.78020985, -16.29569851 ], [ -68.77967593, -16.29477948 ], [ -68.779201, -16.29426234 ], [ -68.77848796, -16.29362633 ], [ -68.77798902, -16.29343588 ], [ -68.77758699, -16.29307668 ], [ -68.77706078, -16.29301632 ], [ -68.7769592, -16.29301622 ], [ -68.77662739, -16.29301587 ], [ -68.77613197, -16.29310504 ], [ -68.7757295, -16.29313451 ], [ -68.77511035, -16.29313385 ], [ -68.77473887, -16.29313346 ], [ -68.77418192, -16.29289368 ], [ -68.77374883, -16.29262413 ], [ -68.77322287, -16.29235448 ], [ -68.77244915, -16.29217426 ], [ -68.77204709, -16.29184495 ], [ -68.77167554, -16.29190434 ], [ -68.77099404, -16.29229228 ], [ -68.77043636, -16.29268036 ], [ -68.76994084, -16.29285921 ], [ -68.7696001, -16.29303823 ], [ -68.76922816, -16.2934265 ], [ -68.76876339, -16.29378477 ], [ -68.7681441, -16.29390369 ], [ -68.76764858, -16.29408253 ], [ -68.76743152, -16.29438128 ], [ -68.76681203, -16.29467958 ], [ -68.76631618, -16.2951275 ], [ -68.76560384, -16.2953958 ], [ -68.76459702, -16.29598667 ], [ -68.76416311, -16.29640476 ], [ -68.76369843, -16.29667333 ], [ -68.76317218, -16.29664284 ], [ -68.76276952, -16.29682178 ], [ -68.76202603, -16.29723952 ], [ -68.76125187, -16.29741803 ], [ -68.76050874, -16.29753679 ] ] ], [ [ [ -68.81769017, -16.28153161 ], [ -68.81791637, -16.28183367 ], [ -68.81798312, -16.28212021 ], [ -68.8180106, -16.28242686 ], [ -68.81781948, -16.28273856 ], [ -68.81724438, -16.28282965 ], [ -68.81646148, -16.28235125 ], [ -68.81593357, -16.28211137 ], [ -68.81541191, -16.28212342 ], [ -68.81496031, -16.28195379 ], [ -68.8145442, -16.28171133 ], [ -68.81417247, -16.28175592 ], [ -68.81380342, -16.28190848 ], [ -68.8132436, -16.28188539 ], [ -68.81290112, -16.28160521 ], [ -68.81252227, -16.28136189 ], [ -68.81199972, -16.28133793 ], [ -68.81148428, -16.2816019 ], [ -68.81119242, -16.2818607 ], [ -68.81071424, -16.2821238 ], [ -68.81019258, -16.28213583 ], [ -68.80952186, -16.2821513 ], [ -68.80892745, -16.28223703 ], [ -68.80852647, -16.28260637 ], [ -68.80827275, -16.2829003 ], [ -68.80775909, -16.28323624 ], [ -68.80738913, -16.28335279 ], [ -68.80683287, -16.28347365 ], [ -68.80635646, -16.28380871 ], [ -68.80602999, -16.28417634 ], [ -68.80592443, -16.28443084 ], [ -68.80548617, -16.28480104 ], [ -68.80500532, -16.28495616 ], [ -68.80456528, -16.28525438 ], [ -68.80409597, -16.28587736 ], [ -68.80388395, -16.28635037 ], [ -68.80378371, -16.28682081 ], [ -68.80368259, -16.28725526 ], [ -68.80350871, -16.2877634 ], [ -68.80284864, -16.28821072 ], [ -68.80241392, -16.28872487 ], [ -68.80231191, -16.28912333 ], [ -68.80206172, -16.28956121 ], [ -68.80188695, -16.29003337 ], [ -68.80186124, -16.29050209 ], [ -68.80172953, -16.29100686 ], [ -68.80170292, -16.29113711 ], [ -68.80155919, -16.29135648 ], [ -68.80154926, -16.29155836 ], [ -68.8015844, -16.29177361 ], [ -68.8017072, -16.29191483 ], [ -68.80187436, -16.29204061 ], [ -68.80204045, -16.29212321 ], [ -68.80210363, -16.2922658 ], [ -68.80221258, -16.29245054 ], [ -68.80240813, -16.29251806 ], [ -68.80261795, -16.29255932 ], [ -68.80271307, -16.29278759 ], [ -68.80280677, -16.29295828 ], [ -68.80281032, -16.29310224 ], [ -68.80281672, -16.29336137 ], [ -68.80286534, -16.29351869 ], [ -68.80304919, -16.29371611 ], [ -68.80318938, -16.29395775 ], [ -68.80333242, -16.29431456 ], [ -68.80344657, -16.29470948 ], [ -68.80363148, -16.29495009 ], [ -68.80375463, -16.2951057 ], [ -68.80378836, -16.29526336 ], [ -68.80387035, -16.29556396 ], [ -68.80396583, -16.29580663 ], [ -68.80404675, -16.29606403 ], [ -68.80405209, -16.29627997 ], [ -68.8039978, -16.29649728 ], [ -68.8038694, -16.29673358 ], [ -68.8038577, -16.29686349 ], [ -68.80375691, -16.29700985 ], [ -68.8036579, -16.29722819 ], [ -68.80355569, -16.29731697 ], [ -68.80333139, -16.29729333 ], [ -68.80321285, -16.29732486 ], [ -68.80315892, -16.29755657 ], [ -68.80319264, -16.29771424 ], [ -68.80319904, -16.29797336 ], [ -68.80308761, -16.29829282 ], [ -68.8030177, -16.29848168 ], [ -68.80287646, -16.29880182 ], [ -68.80276325, -16.29904929 ], [ -68.80262023, -16.29929745 ], [ -68.80246195, -16.29953156 ], [ -68.80240872, -16.29979206 ], [ -68.80248965, -16.30004947 ], [ -68.80254219, -16.30036515 ], [ -68.80258042, -16.30070564 ], [ -68.80266596, -16.30084771 ], [ -68.80277422, -16.30100366 ], [ -68.80289737, -16.30115927 ], [ -68.80300492, -16.30128643 ], [ -68.80313535, -16.30143467 ], [ -68.80324218, -16.30153303 ], [ -68.80339462, -16.30166636 ], [ -68.80349525, -16.30181529 ], [ -68.80364769, -16.30194861 ], [ -68.80376375, -16.30211879 ], [ -68.80384183, -16.30226103 ], [ -68.80399499, -16.30242315 ], [ -68.80423502, -16.30254005 ], [ -68.80446181, -16.30266447 ], [ -68.80473173, -16.30272307 ], [ -68.80499383, -16.30276744 ], [ -68.80515762, -16.30275647 ], [ -68.80536578, -16.30273007 ], [ -68.80554323, -16.30266836 ], [ -68.80563089, -16.30259432 ], [ -68.80576948, -16.30246869 ], [ -68.80593185, -16.30240014 ], [ -68.80609351, -16.30230278 ], [ -68.806173, -16.30220013 ], [ -68.80622179, -16.30206216 ], [ -68.80629135, -16.3018589 ], [ -68.80634599, -16.30165599 ], [ -68.806445, -16.30143765 ], [ -68.80650692, -16.30122736 ], [ -68.80655394, -16.30101742 ], [ -68.80650649, -16.30066658 ], [ -68.80646685, -16.30047064 ], [ -68.80632802, -16.3001715 ], [ -68.80618644, -16.29998736 ], [ -68.8061235, -16.29985437 ], [ -68.80609025, -16.2997159 ], [ -68.80604564, -16.29952008 ], [ -68.80600416, -16.29937059 ], [ -68.80592619, -16.29923315 ], [ -68.80582859, -16.29910576 ], [ -68.80574104, -16.29898294 ], [ -68.80566674, -16.2987926 ], [ -68.80565229, -16.29861048 ], [ -68.80553221, -16.29837799 ], [ -68.80544887, -16.29832509 ], [ -68.80530749, -16.2981363 ], [ -68.80513225, -16.2977748 ], [ -68.80499307, -16.29748336 ], [ -68.80489015, -16.29734169 ], [ -68.80473812, -16.29722516 ], [ -68.80455032, -16.29716947 ], [ -68.80436103, -16.29705379 ], [ -68.80424479, -16.29687642 ], [ -68.80431577, -16.29673074 ], [ -68.80458608, -16.29660448 ], [ -68.80477211, -16.2965882 ], [ -68.8049469, -16.29662018 ], [ -68.80507141, -16.29662931 ], [ -68.80523408, -16.29667358 ], [ -68.80544732, -16.29675269 ], [ -68.80568333, -16.29674725 ], [ -68.80588326, -16.29679066 ], [ -68.80610862, -16.29685749 ], [ -68.80633577, -16.29699629 ], [ -68.80658746, -16.29712253 ], [ -68.80682554, -16.29720106 ], [ -68.80703879, -16.29728017 ], [ -68.80727657, -16.29734671 ], [ -68.80750165, -16.29740154 ], [ -68.80770306, -16.29750493 ], [ -68.80790418, -16.29759632 ], [ -68.80819551, -16.29781767 ], [ -68.80864742, -16.29805908 ], [ -68.80909815, -16.29819273 ], [ -68.80951163, -16.29832723 ], [ -68.80992243, -16.29835377 ], [ -68.81022589, -16.29856283 ], [ -68.81049743, -16.29898869 ], [ -68.81076896, -16.29941455 ], [ -68.81103783, -16.29973243 ], [ -68.8113493, -16.3002654 ], [ -68.81154453, -16.300621 ], [ -68.81173887, -16.3009406 ], [ -68.81208316, -16.30129276 ], [ -68.81246383, -16.30160807 ], [ -68.812585842782198, -16.301757604541923 ], [ -68.82428634089996, -16.293553290287541 ], [ -68.82429799, -16.2931604 ], [ -68.82428193, -16.29251259 ], [ -68.82419223, -16.29190249 ], [ -68.82395705, -16.2914398 ], [ -68.82360829, -16.29090772 ], [ -68.82354172, -16.29047834 ], [ -68.82353205, -16.29008845 ], [ -68.82334053, -16.28988282 ], [ -68.82299449, -16.28971077 ], [ -68.82264622, -16.28944875 ], [ -68.82233123, -16.28927598 ], [ -68.82201327, -16.28898325 ], [ -68.82163172, -16.28863197 ], [ -68.82137661, -16.28836779 ], [ -68.82099803, -16.28813648 ], [ -68.82074293, -16.2878723 ], [ -68.82051887, -16.2876074 ], [ -68.82044785, -16.28724894 ], [ -68.82056611, -16.28700614 ], [ -68.82071766, -16.2868526 ], [ -68.82099713, -16.28684614 ], [ -68.82124555, -16.2868404 ], [ -68.82174238, -16.28682891 ], [ -68.82220371, -16.28663819 ], [ -68.82285209, -16.28647316 ], [ -68.82337254, -16.28616104 ], [ -68.82392478, -16.28587819 ], [ -68.82441344, -16.2855368 ], [ -68.82480744, -16.28513757 ], [ -68.82523027, -16.28464766 ], [ -68.82556217, -16.28424987 ], [ -68.82570404, -16.28370643 ], [ -68.82578083, -16.28304447 ], [ -68.82576818, -16.28253462 ], [ -68.82578584, -16.28199406 ], [ -68.82592845, -16.28148062 ], [ -68.82597865, -16.28099932 ], [ -68.82605693, -16.28039734 ], [ -68.82623654, -16.28012311 ], [ -68.82656471, -16.27957536 ], [ -68.82695647, -16.27908616 ], [ -68.8271702, -16.27893478 ], [ -68.8275373, -16.27850376 ], [ -68.82787132, -16.27834238 ], [ -68.82822284, -16.27808458 ], [ -68.8283955, -16.27783091 ], [ -68.8285885, -16.27759598 ], [ -68.82884303, -16.27743644 ], [ -68.82909709, -16.27725771 ], [ -68.8292513, -16.27706208 ], [ -68.8296052, -16.27690024 ], [ -68.8297963, -16.27658853 ], [ -68.82984686, -16.27622246 ], [ -68.82970156, -16.27597615 ], [ -68.82934338, -16.27596524 ], [ -68.82894784, -16.27605122 ], [ -68.82843116, -16.27606319 ], [ -68.82786711, -16.27576896 ], [ -68.82742754, -16.27568311 ], [ -68.82684982, -16.27563886 ], [ -68.82631136, -16.2755745 ], [ -68.82565558, -16.27558968 ], [ -68.82504001, -16.27562313 ], [ -68.8242475, -16.27573749 ], [ -68.82383399, -16.2759007 ], [ -68.8234219, -16.27612149 ], [ -68.8230335, -16.27649537 ], [ -68.82282775, -16.27701868 ], [ -68.82270149, -16.27754014 ], [ -68.82243945, -16.27819918 ], [ -68.82169713, -16.27873489 ], [ -68.82118853, -16.27907314 ], [ -68.82058056, -16.27941369 ], [ -68.82001044, -16.27967653 ], [ -68.8193225, -16.27999972 ], [ -68.8187112, -16.2802059 ], [ -68.81811977, -16.28041162 ], [ -68.81780608, -16.28059171 ], [ -68.81763293, -16.28082617 ], [ -68.81758044, -16.28111547 ], [ -68.81769017, -16.28153161 ] ] ], [ [ [ -68.84787671, -16.27217341 ], [ -68.84801722, -16.27232619 ], [ -68.84824586, -16.27252493 ], [ -68.84853481, -16.27265025 ], [ -68.8487862, -16.27276444 ], [ -68.84896516, -16.27296434 ], [ -68.84909444, -16.27316539 ], [ -68.84921041, -16.27333074 ], [ -68.84932607, -16.2734841 ], [ -68.84945536, -16.27368515 ], [ -68.8495601, -16.27389877 ], [ -68.84969971, -16.27401556 ], [ -68.84983902, -16.27412035 ], [ -68.84999195, -16.27427284 ], [ -68.85014428, -16.27440133 ], [ -68.85029721, -16.27455382 ], [ -68.85043802, -16.27471859 ], [ -68.85056581, -16.27485966 ], [ -68.85066905, -16.27501331 ], [ -68.850670047725501, -16.275053204238759 ], [ -68.851292269365842, -16.274616906414348 ], [ -68.85129273, -16.27460749 ], [ -68.85121432, -16.27445327 ], [ -68.85121013, -16.27428532 ], [ -68.85113083, -16.27409511 ], [ -68.85095216, -16.27390721 ], [ -68.85079893, -16.27374273 ], [ -68.85065573, -16.27348198 ], [ -68.85060276, -16.27335118 ], [ -68.85053594, -16.27316308 ], [ -68.85051694, -16.27289944 ], [ -68.85044796, -16.27262497 ], [ -68.85038077, -16.27242247 ], [ -68.85016365, -16.27218746 ], [ -68.84996165, -16.27206012 ], [ -68.84976083, -16.27198076 ], [ -68.84945887, -16.27183174 ], [ -68.8492817, -16.27170382 ], [ -68.84918968, -16.27150191 ], [ -68.8490601, -16.27128886 ], [ -68.84889535, -16.27116065 ], [ -68.84864367, -16.27103446 ], [ -68.84844136, -16.27089513 ], [ -68.84828724, -16.27069465 ], [ -68.84817098, -16.27051731 ], [ -68.84809377, -16.27041107 ], [ -68.84797811, -16.27040314 ], [ -68.84792628, -16.27033884 ], [ -68.84779527, -16.27031788 ], [ -68.84767758, -16.27033262 ], [ -68.84758855, -16.27025067 ], [ -68.84748298, -16.27025312 ], [ -68.84739649, -16.27027313 ], [ -68.84722808, -16.27024704 ], [ -68.84715341, -16.27024277 ], [ -68.84706737, -16.27028078 ], [ -68.84701327, -16.27035406 ], [ -68.84700915, -16.27043818 ], [ -68.8469493, -16.2705296 ], [ -68.84689335, -16.27061182 ], [ -68.84688661, -16.27084004 ], [ -68.84689288, -16.27109197 ], [ -68.84693612, -16.27133103 ], [ -68.84703996, -16.27150867 ], [ -68.84718017, -16.27164945 ], [ -68.84729464, -16.27175482 ], [ -68.84750906, -16.27188187 ], [ -68.84767381, -16.27201008 ], [ -68.84787671, -16.27217341 ] ] ], [ [ [ -68.59973159, -16.2283832 ], [ -68.59942386, -16.22841234 ], [ -68.59938593, -16.22836312 ], [ -68.5993859, -16.22836308 ], [ -68.59938587, -16.22836304 ], [ -68.59920777, -16.22818974 ], [ -68.59920774, -16.2281897 ], [ -68.59899414, -16.2279241 ], [ -68.5988753, -16.22784313 ], [ -68.59868513, -16.22772739 ], [ -68.59868504, -16.2277273 ], [ -68.59844098, -16.22750564 ], [ -68.59815016, -16.22751857 ], [ -68.59815001, -16.22751857 ], [ -68.5976502, -16.22748274 ], [ -68.5972574, -16.22749329 ], [ -68.59670961, -16.2276187 ], [ -68.59607805, -16.22793983 ], [ -68.59555355, -16.2282843 ], [ -68.59513604, -16.22868666 ], [ -68.59483821, -16.22889325 ], [ -68.59483801, -16.22889338 ], [ -68.59423023, -16.2292261 ], [ -68.59423017, -16.22922615 ], [ -68.59423006, -16.22922617 ], [ -68.59338689, -16.2295908 ], [ -68.59281526, -16.22985106 ], [ -68.59257354, -16.23046042 ], [ -68.59233158, -16.23118595 ], [ -68.59223979, -16.23196984 ], [ -68.59208782, -16.23278265 ], [ -68.59187628, -16.23333399 ], [ -68.59157515, -16.23359477 ], [ -68.59154414, -16.23405934 ], [ -68.59136301, -16.23443651 ], [ -68.59133205, -16.23487204 ], [ -68.59112068, -16.23533627 ], [ -68.59111966, -16.23582994 ], [ -68.59099834, -16.23635241 ], [ -68.59066685, -16.23675833 ], [ -68.59066594, -16.23719973 ], [ -68.59069546, -16.23746114 ], [ -68.59042378, -16.23801237 ], [ -68.59015241, -16.23841839 ], [ -68.59003145, -16.23876663 ], [ -68.5896402, -16.23899819 ], [ -68.58912913, -16.23902624 ], [ -68.58864854, -16.23885108 ], [ -68.58840764, -16.23905389 ], [ -68.58882775, -16.23940317 ], [ -68.58912786, -16.23963607 ], [ -68.58961925, -16.24018981 ], [ -68.58936587, -16.24082715 ], [ -68.58942478, -16.24140806 ], [ -68.58966436, -16.24184411 ], [ -68.58993466, -16.24196079 ], [ -68.59017471, -16.24216453 ], [ -68.59020357, -16.24274538 ], [ -68.59011213, -16.24335503 ], [ -68.59026152, -16.24379091 ], [ -68.59050104, -16.24425601 ], [ -68.59077057, -16.2447473 ], [ -68.59104039, -16.24509629 ], [ -68.59125033, -16.24532901 ], [ -68.59133979, -16.24567766 ], [ -68.59156166, -16.24618869 ], [ -68.59159018, -16.24625437 ], [ -68.59167431, -16.24656954 ], [ -68.59172253, -16.24675021 ], [ -68.59208499, -16.24697449 ], [ -68.59219822, -16.24743502 ], [ -68.59268809, -16.24782917 ], [ -68.59319906, -16.2478592 ], [ -68.59352991, -16.24777271 ], [ -68.59419136, -16.2477159 ], [ -68.59485359, -16.24728157 ], [ -68.59536522, -16.24699216 ], [ -68.59569659, -16.24664432 ], [ -68.59614809, -16.24635478 ], [ -68.59672126, -16.24582499 ], [ -68.59748443, -16.24471568 ], [ -68.59807793, -16.24388374 ], [ -68.59867219, -16.24267609 ], [ -68.5986829, -16.24263135 ], [ -68.59894125, -16.24192608 ], [ -68.59898719, -16.24143761 ], [ -68.59902163, -16.24107941 ], [ -68.5992361, -16.24061298 ], [ -68.59947355, -16.23989688 ], [ -68.59973365, -16.23909398 ], [ -68.5999599, -16.23835615 ], [ -68.60007434, -16.23733584 ], [ -68.60001604, -16.23655417 ], [ -68.60003837, -16.23601083 ], [ -68.60012439, -16.23527593 ], [ -68.60012536, -16.23479406 ], [ -68.60029514, -16.23445135 ], [ -68.60038034, -16.23412481 ], [ -68.60022866, -16.23387951 ], [ -68.60012787, -16.23355262 ], [ -68.60009504, -16.23306252 ], [ -68.60007956, -16.2323601 ], [ -68.60016555, -16.23164153 ], [ -68.60020042, -16.23111888 ], [ -68.60033665, -16.23063726 ], [ -68.60037159, -16.23008195 ], [ -68.60032169, -16.22967348 ], [ -68.60028883, -16.22919972 ], [ -68.60049261, -16.22875906 ], [ -68.60069632, -16.22835107 ], [ -68.60091522, -16.22795945 ], [ -68.60110189, -16.22761677 ], [ -68.60137304, -16.22730692 ], [ -68.6016948, -16.22704617 ], [ -68.60189805, -16.22686687 ], [ -68.6020771, -16.22686381 ], [ -68.60228564, -16.22675118 ], [ -68.60237171, -16.22671327 ], [ -68.60244537, -16.22667563 ], [ -68.60253115, -16.22662573 ], [ -68.60261353, -16.22643186 ], [ -68.60268208, -16.22617828 ], [ -68.60285365, -16.22607847 ], [ -68.60293745, -16.22594459 ], [ -68.60303481, -16.22585842 ], [ -68.60324448, -16.22579377 ], [ -68.60339406, -16.22581448 ], [ -68.60356762, -16.22579864 ], [ -68.6037025, -16.22572364 ], [ -68.60377445, -16.22561403 ], [ -68.60378233, -16.2254218 ], [ -68.6038124, -16.22519469 ], [ -68.60398206, -16.22511743 ], [ -68.60412495, -16.22504874 ], [ -68.6043571, -16.22495436 ], [ -68.60451788, -16.22485984 ], [ -68.60468752, -16.2247912 ], [ -68.60485705, -16.2247829 ], [ -68.60503548, -16.22478323 ], [ -68.60518732, -16.22469732 ], [ -68.605259, -16.2245423 ], [ -68.60536638, -16.22437873 ], [ -68.6055542, -16.22414636 ], [ -68.60558136, -16.22394816 ], [ -68.60556401, -16.22369816 ], [ -68.60542158, -16.22354274 ], [ -68.60531592, -16.22352708 ], [ -68.60527061, -16.22330597 ], [ -68.60527059, -16.22330592 ], [ -68.60527058, -16.22330587 ], [ -68.60527055, -16.22330582 ], [ -68.60526002, -16.22328408 ], [ -68.60526, -16.22328403 ], [ -68.60525997, -16.22328398 ], [ -68.60525995, -16.22328393 ], [ -68.60519608, -16.22315214 ], [ -68.60519605, -16.2231521 ], [ -68.60519603, -16.22315205 ], [ -68.605196, -16.22315201 ], [ -68.60511212, -16.22303446 ], [ -68.60511209, -16.22303442 ], [ -68.60501861, -16.22298905 ], [ -68.60485954, -16.22298875 ], [ -68.60460673, -16.22307868 ], [ -68.60446609, -16.22322306 ], [ -68.60429733, -16.2233945 ], [ -68.60403506, -16.22353865 ], [ -68.60382892, -16.2236829 ], [ -68.60378194, -16.22378226 ], [ -68.60378181, -16.22384554 ], [ -68.60378182, -16.22384559 ], [ -68.60380056, -16.22390941 ], [ -68.60365407, -16.22406524 ], [ -68.60345757, -16.22417693 ], [ -68.60330561, -16.22432317 ], [ -68.60322501, -16.22447817 ], [ -68.60324237, -16.22471955 ], [ -68.603215, -16.22502118 ], [ -68.60326817, -16.22520229 ], [ -68.6032117, -16.22545841 ], [ -68.60311378, -16.22552059 ], [ -68.60299103, -16.22558331 ], [ -68.60283045, -16.22562287 ], [ -68.60270969, -16.22576957 ], [ -68.60264987, -16.22586691 ], [ -68.60253953, -16.22592936 ], [ -68.6024673, -16.22602698 ], [ -68.60240975, -16.2262203 ], [ -68.60235022, -16.22632965 ], [ -68.60208469, -16.22654053 ], [ -68.60209768, -16.22648456 ], [ -68.60199053, -16.22609332 ], [ -68.60171996, -16.22612185 ], [ -68.6014188, -16.22641168 ], [ -68.60090741, -16.226614 ], [ -68.60051578, -16.22704886 ], [ -68.60030415, -16.22765829 ], [ -68.59997269, -16.22806422 ], [ -68.59973159, -16.2283832 ] ] ], [ [ [ -68.91860749, -16.18798437 ], [ -68.9184171, -16.18831535 ], [ -68.91832312, -16.18852883 ], [ -68.91807169, -16.18880364 ], [ -68.91782026, -16.18907845 ], [ -68.91750584, -16.18922031 ], [ -68.91712795, -16.18921002 ], [ -68.91686731, -16.18912014 ], [ -68.91654397, -16.18922379 ], [ -68.91622325, -16.18911613 ], [ -68.91570051, -16.18887878 ], [ -68.91543841, -16.18873132 ], [ -68.91511963, -16.18870042 ], [ -68.91481732, -16.1885347 ], [ -68.91439486, -16.1883334 ], [ -68.91409837, -16.188398 ], [ -68.91394188, -16.18849772 ], [ -68.91380963, -16.18876972 ], [ -68.91381738, -16.18907682 ], [ -68.9136265, -16.18938861 ], [ -68.91329173, -16.18951174 ], [ -68.9129933, -16.18949957 ], [ -68.91269389, -16.18944901 ], [ -68.91237317, -16.18934133 ], [ -68.91217115, -16.18921165 ], [ -68.91202678, -16.18900379 ], [ -68.91197833, -16.18865923 ], [ -68.91161789, -16.18855249 ], [ -68.91130105, -16.18859837 ], [ -68.9111465, -16.18877486 ], [ -68.91089457, -16.18903047 ], [ -68.91039751, -16.18902297 ], [ -68.90991982, -16.18899581 ], [ -68.90944262, -16.18898785 ], [ -68.90889032, -16.1891545 ], [ -68.90799938, -16.18929071 ], [ -68.90757935, -16.18918537 ], [ -68.9068071, -16.18929957 ], [ -68.90627611, -16.18952333 ], [ -68.90544862, -16.18981169 ], [ -68.90468266, -16.19017541 ], [ -68.90392008, -16.19067349 ], [ -68.90326068, -16.19132279 ], [ -68.90266328, -16.19206665 ], [ -68.90221568, -16.19276089 ], [ -68.90192353, -16.19299823 ], [ -68.90150832, -16.19308482 ], [ -68.90113333, -16.19318966 ], [ -68.9009027, -16.19350237 ], [ -68.90051267, -16.19379962 ], [ -68.9000616, -16.1940407 ], [ -68.89966819, -16.19420359 ], [ -68.89923119, -16.19421386 ], [ -68.89892888, -16.19404811 ], [ -68.89868617, -16.19388097 ], [ -68.8982293, -16.1938917 ], [ -68.89781458, -16.19399747 ], [ -68.89766098, -16.19421234 ], [ -68.89758684, -16.19442535 ], [ -68.8975965, -16.19480923 ], [ -68.89768513, -16.19517205 ], [ -68.89768459, -16.19594029 ], [ -68.89753582, -16.1963471 ], [ -68.89734442, -16.19663968 ], [ -68.89711281, -16.196914 ], [ -68.89672422, -16.19726883 ], [ -68.89621258, -16.1974729 ], [ -68.89575474, -16.19744524 ], [ -68.89535698, -16.19743538 ], [ -68.89485651, -16.19729349 ], [ -68.8944762, -16.19718718 ], [ -68.89415596, -16.19709867 ], [ -68.89403147, -16.19689034 ], [ -68.89378779, -16.19668479 ], [ -68.89354604, -16.19655603 ], [ -68.89316814, -16.1965457 ], [ -68.89301502, -16.19677976 ], [ -68.89290114, -16.19699369 ], [ -68.89271215, -16.19738224 ], [ -68.89266076, -16.19770994 ], [ -68.89246694, -16.19790654 ], [ -68.8922334, -16.19810408 ], [ -68.89210062, -16.19835687 ], [ -68.89220862, -16.19870003 ], [ -68.89211509, -16.19893269 ], [ -68.89202252, -16.19920374 ], [ -68.89197355, -16.19962741 ], [ -68.89198561, -16.20010727 ], [ -68.89175399, -16.20038158 ], [ -68.89143808, -16.20046582 ], [ -68.89112025, -16.20047328 ], [ -68.89080001, -16.20038476 ], [ -68.8903223, -16.20035756 ], [ -68.88992549, -16.20038607 ], [ -68.88962849, -16.20043145 ], [ -68.88945308, -16.20057 ], [ -68.88922291, -16.20090189 ], [ -68.88899273, -16.20123379 ], [ -68.88856053, -16.20143598 ], [ -68.88823947, -16.20163172 ], [ -68.88782617, -16.20179506 ], [ -68.88739542, -16.20205483 ], [ -68.88707807, -16.20208147 ], [ -68.88679755, -16.20199202 ], [ -68.88659264, -16.20174715 ], [ -68.886113, -16.20164316 ], [ -68.88593181, -16.20155138 ], [ -68.88572883, -16.20138329 ], [ -68.88544109, -16.20100592 ], [ -68.88511988, -16.20087901 ], [ -68.88468383, -16.20092764 ], [ -68.88448759, -16.20102826 ], [ -68.88414989, -16.20103617 ], [ -68.8837715, -16.20100663 ], [ -68.88337421, -16.20101594 ], [ -68.88303555, -16.20098546 ], [ -68.88280934, -16.20068347 ], [ -68.88249006, -16.20063333 ], [ -68.88215477, -16.20073721 ], [ -68.88196094, -16.2009338 ], [ -68.88182863, -16.20120578 ], [ -68.88181743, -16.20155174 ], [ -68.88184837, -16.20199274 ], [ -68.88161962, -16.20238221 ], [ -68.88149405, -16.20292291 ], [ -68.88146635, -16.20340369 ], [ -68.88135679, -16.20379037 ], [ -68.88103401, -16.2043933 ], [ -68.88064827, -16.20486326 ], [ -68.88021846, -16.20516141 ], [ -68.87988171, -16.2052077 ], [ -68.87956339, -16.20519595 ], [ -68.87916609, -16.20520524 ], [ -68.87878914, -16.20523327 ], [ -68.87843205, -16.20526083 ], [ -68.87811662, -16.20536424 ], [ -68.87770426, -16.20556595 ], [ -68.87734669, -16.20557431 ], [ -68.87700803, -16.20554382 ], [ -68.87649009, -16.20549832 ], [ -68.8759571, -16.20564523 ], [ -68.87554475, -16.20584693 ], [ -68.87517789, -16.20627803 ], [ -68.87500487, -16.20651254 ], [ -68.87479501, -16.20686315 ], [ -68.87459864, -16.20759371 ], [ -68.87451229, -16.20811427 ], [ -68.87428737, -16.20865729 ], [ -68.87384921, -16.20941655 ], [ -68.87367619, -16.20965106 ], [ -68.87342226, -16.20982984 ], [ -68.87298955, -16.21001281 ], [ -68.87272104, -16.21040319 ], [ -68.87247144, -16.21075473 ], [ -68.87224458, -16.21122096 ], [ -68.87183269, -16.21144185 ], [ -68.87147511, -16.2114502 ], [ -68.87131426, -16.21137714 ], [ -68.8708966, -16.21136769 ], [ -68.87065918, -16.21141165 ], [ -68.87032338, -16.21149632 ], [ -68.8697444, -16.21139461 ], [ -68.86945812, -16.2110748 ], [ -68.86913787, -16.21098626 ], [ -68.86887433, -16.21078115 ], [ -68.86851579, -16.21075111 ], [ -68.86817375, -16.21058625 ], [ -68.86777692, -16.21061472 ], [ -68.86734564, -16.21085526 ], [ -68.86701321, -16.21107428 ], [ -68.86655035, -16.21164204 ], [ -68.86621599, -16.21178429 ], [ -68.86598096, -16.21192421 ], [ -68.86563202, -16.21227805 ], [ -68.86528499, -16.21270867 ], [ -68.86499804, -16.21315709 ], [ -68.86471397, -16.21372068 ], [ -68.8645036, -16.21405208 ], [ -68.86427768, -16.2145567 ], [ -68.86403477, -16.21517694 ], [ -68.86358649, -16.2155331 ], [ -68.86314444, -16.21613878 ], [ -68.86261572, -16.2164584 ], [ -68.86228184, -16.21661983 ], [ -68.86202214, -16.21656827 ], [ -68.86166071, -16.21642306 ], [ -68.8612988, -16.21625865 ], [ -68.8608773, -16.21609562 ], [ -68.8605367, -16.21598833 ], [ -68.8601152, -16.21582531 ], [ -68.85971644, -16.21577699 ], [ -68.85931576, -16.21565189 ], [ -68.85899695, -16.21562091 ], [ -68.85850029, -16.21563248 ], [ -68.85828225, -16.21565677 ], [ -68.85790575, -16.21570395 ], [ -68.85761255, -16.21590284 ], [ -68.85738038, -16.21615792 ], [ -68.8571676, -16.21639334 ], [ -68.85699551, -16.21666623 ], [ -68.8566858, -16.21699994 ], [ -68.85637464, -16.21727606 ], [ -68.85598259, -16.21749645 ], [ -68.85571212, -16.21781004 ], [ -68.85546487, -16.21825753 ], [ -68.85515611, -16.21862962 ], [ -68.85498353, -16.21888331 ], [ -68.85477314, -16.2192147 ], [ -68.85464174, -16.21952505 ], [ -68.85437127, -16.21983864 ], [ -68.85413622, -16.21997855 ], [ -68.85394282, -16.22019431 ], [ -68.85364674, -16.22027802 ], [ -68.85333127, -16.22038139 ], [ -68.85303949, -16.22063786 ], [ -68.85284561, -16.22083442 ], [ -68.85255718, -16.22122525 ], [ -68.85242625, -16.22155479 ], [ -68.85227832, -16.22199996 ], [ -68.85205332, -16.22254294 ], [ -68.8517029, -16.22283918 ], [ -68.85139173, -16.2231153 ], [ -68.85115907, -16.22335118 ], [ -68.85070691, -16.22355375 ], [ -68.85041608, -16.2238486 ], [ -68.85010921, -16.22429746 ], [ -68.84981838, -16.22459231 ], [ -68.84956442, -16.22477107 ], [ -68.84920681, -16.22477939 ], [ -68.84892901, -16.22463988 ], [ -68.84860731, -16.22449372 ], [ -68.84813194, -16.22456239 ], [ -68.84797683, -16.22471964 ], [ -68.8475541, -16.22530564 ], [ -68.84710337, -16.22556579 ], [ -68.84677232, -16.22584236 ], [ -68.84641949, -16.22604261 ], [ -68.84610162, -16.22605 ], [ -68.84584812, -16.22624795 ], [ -68.84545699, -16.22650671 ], [ -68.84512641, -16.22680247 ], [ -68.84479679, -16.22713663 ], [ -68.84448465, -16.22737434 ], [ -68.84417394, -16.22766965 ], [ -68.84380267, -16.22792794 ], [ -68.84348909, -16.22810808 ], [ -68.84315326, -16.2281927 ], [ -68.84283681, -16.22825767 ], [ -68.8425218, -16.22838021 ], [ -68.84212923, -16.22858139 ], [ -68.84181469, -16.22872313 ], [ -68.84144246, -16.22894303 ], [ -68.84094816, -16.22905054 ], [ -68.84049503, -16.2292147 ], [ -68.840242, -16.22943183 ], [ -68.84005335, -16.22983953 ], [ -68.83982353, -16.23019056 ], [ -68.83951329, -16.23050505 ], [ -68.83920209, -16.23078115 ], [ -68.83904582, -16.23109206 ], [ -68.83871484, -16.23177193 ], [ -68.83857537, -16.23215928 ], [ -68.83833418, -16.23245296 ], [ -68.83799127, -16.23265297 ], [ -68.83750531, -16.23309636 ], [ -68.83682305, -16.23364034 ], [ -68.83651033, -16.23405571 ], [ -68.83611535, -16.2341609 ], [ -68.83559382, -16.234173 ], [ -68.83512195, -16.23418394 ], [ -68.83480327, -16.23435938 ], [ -68.83445975, -16.23453539 ], [ -68.83424518, -16.23490047 ], [ -68.83400994, -16.23543407 ], [ -68.83369185, -16.2356335 ], [ -68.83327859, -16.23600318 ], [ -68.83298652, -16.23625002 ], [ -68.83261578, -16.23633063 ], [ -68.83229173, -16.23629013 ], [ -68.83181986, -16.23630106 ], [ -68.83142011, -16.2362143 ], [ -68.83110023, -16.23634174 ], [ -68.83083419, -16.23663599 ], [ -68.83064503, -16.23702448 ], [ -68.83057767, -16.23731412 ], [ -68.83055998, -16.23760261 ], [ -68.83079363, -16.23800531 ], [ -68.83077594, -16.2382938 ], [ -68.83068375, -16.23858402 ], [ -68.83069685, -16.23911187 ], [ -68.83045266, -16.23928557 ], [ -68.83040954, -16.23955064 ], [ -68.83034218, -16.23984029 ], [ -68.83015064, -16.2401328 ], [ -68.83023229, -16.24041899 ], [ -68.83043396, -16.24053435 ], [ -68.83060602, -16.24045835 ], [ -68.83069822, -16.24016813 ], [ -68.83094181, -16.23997043 ], [ -68.83106957, -16.24011152 ], [ -68.83103141, -16.24037647 ], [ -68.83076417, -16.24062273 ], [ -68.83072225, -16.24093579 ], [ -68.83073237, -16.24134367 ], [ -68.8306207, -16.2418504 ], [ -68.83050545, -16.24221317 ], [ -68.83028729, -16.24243429 ], [ -68.83004369, -16.24263198 ], [ -68.82984738, -16.24273256 ], [ -68.82985453, -16.24302047 ], [ -68.8299634, -16.24340206 ], [ -68.8299014, -16.24390764 ], [ -68.82981754, -16.24453375 ], [ -68.82990455, -16.24503588 ], [ -68.8300933, -16.24563168 ], [ -68.83034172, -16.2466294 ], [ -68.83054935, -16.2469847 ], [ -68.83085751, -16.24738567 ], [ -68.83113965, -16.24773924 ], [ -68.83139696, -16.24809338 ], [ -68.83192866, -16.24848917 ], [ -68.83240354, -16.2485982 ], [ -68.8326525, -16.24861644 ], [ -68.83285835, -16.24889975 ], [ -68.83323329, -16.24898708 ], [ -68.83338946, -16.24927155 ], [ -68.83359948, -16.24972281 ], [ -68.83378049, -16.25000669 ], [ -68.83391421, -16.2503877 ], [ -68.83392315, -16.25074759 ], [ -68.83373101, -16.25101612 ], [ -68.83351225, -16.25121325 ], [ -68.83349754, -16.2516217 ], [ -68.83355735, -16.25202843 ], [ -68.83379101, -16.25243113 ], [ -68.83394719, -16.25271559 ], [ -68.8344038, -16.25308911 ], [ -68.83500408, -16.25324324 ], [ -68.83547479, -16.25318431 ], [ -68.83579291, -16.25298488 ], [ -68.8360087, -16.25266779 ], [ -68.83622329, -16.25230271 ], [ -68.83629303, -16.25210904 ], [ -68.83663538, -16.25188504 ], [ -68.83690502, -16.25173475 ], [ -68.8372279, -16.25172725 ], [ -68.83757622, -16.25174318 ], [ -68.83792812, -16.25190306 ], [ -68.83828121, -16.25211093 ], [ -68.83853495, -16.25232111 ], [ -68.8387887, -16.25253128 ], [ -68.83901402, -16.25259807 ], [ -68.83938837, -16.2526614 ], [ -68.83939255, -16.25282935 ], [ -68.8393252, -16.253119 ], [ -68.83918154, -16.25333839 ], [ -68.83918811, -16.25360231 ], [ -68.83951636, -16.25381076 ], [ -68.83952054, -16.25397871 ], [ -68.83932721, -16.25419926 ], [ -68.83909991, -16.25455263 ], [ -68.8383461, -16.25547037 ], [ -68.83762036, -16.25626743 ], [ -68.83654216, -16.25788289 ], [ -68.83558814, -16.25949546 ], [ -68.83442198, -16.26132301 ], [ -68.83339764, -16.26260711 ], [ -68.83313459, -16.26327339 ], [ -68.83287527, -16.26408963 ], [ -68.83328859, -16.26447016 ], [ -68.83365893, -16.26437155 ], [ -68.83408914, -16.26418153 ], [ -68.83435815, -16.26375517 ], [ -68.83459685, -16.26335953 ], [ -68.83483853, -16.26308385 ], [ -68.83514603, -16.26295669 ], [ -68.83561027, -16.26288591 ], [ -68.83560356, -16.26261599 ], [ -68.83562865, -16.26237534 ], [ -68.83606034, -16.26224529 ], [ -68.83664802, -16.26214164 ], [ -68.83686014, -16.26192666 ], [ -68.83748111, -16.26191225 ], [ -68.83804445, -16.26207924 ], [ -68.83845553, -16.26236978 ], [ -68.83853478, -16.26305814 ], [ -68.83855194, -16.26374793 ], [ -68.83860312, -16.26455698 ], [ -68.83868536, -16.2653653 ], [ -68.83853304, -16.2663363 ], [ -68.83826678, -16.26682262 ], [ -68.83801847, -16.26723169 ], [ -68.83775125, -16.26767961 ], [ -68.83764682, -16.2682774 ], [ -68.83749977, -16.26876095 ], [ -68.83725719, -16.26940036 ], [ -68.83689156, -16.26988897 ], [ -68.83654198, -16.27022357 ], [ -68.83625345, -16.27061437 ], [ -68.83610688, -16.27111711 ], [ -68.83620115, -16.27171029 ], [ -68.83633374, -16.27224497 ], [ -68.83654248, -16.27264344 ], [ -68.8367862, -16.27284905 ], [ -68.83710749, -16.27297603 ], [ -68.83750254, -16.27287084 ], [ -68.83834988, -16.27256311 ], [ -68.83915842, -16.27229468 ], [ -68.84012355, -16.27192658 ], [ -68.84089043, -16.27158229 ], [ -68.84175381, -16.27112052 ], [ -68.84254056, -16.27077576 ], [ -68.84327992, -16.27012481 ], [ -68.84393979, -16.26947571 ], [ -68.84419743, -16.2689627 ], [ -68.84456112, -16.26839729 ], [ -68.84476776, -16.26791236 ], [ -68.84485708, -16.26750697 ], [ -68.84486644, -16.26708423 ], [ -68.84481379, -16.26656691 ], [ -68.84497877, -16.26600612 ], [ -68.84500944, -16.2656405 ], [ -68.84507219, -16.26496685 ], [ -68.84517708, -16.26438825 ], [ -68.84539184, -16.26422962 ], [ -68.8455338, -16.26434155 ], [ -68.84544305, -16.26468936 ], [ -68.84543322, -16.2650929 ], [ -68.84548682, -16.26564862 ], [ -68.84571066, -16.26585467 ], [ -68.84624814, -16.26588059 ], [ -68.84659026, -16.26604549 ], [ -68.84687611, -16.26634614 ], [ -68.847223, -16.26670298 ], [ -68.84761299, -16.26719325 ], [ -68.84837576, -16.26748281 ], [ -68.84893216, -16.26746987 ], [ -68.84950795, -16.26743728 ], [ -68.8499219, -16.26729321 ], [ -68.85063344, -16.26712302 ], [ -68.85122767, -16.26703237 ], [ -68.85184272, -16.26697965 ], [ -68.85235986, -16.26698683 ], [ -68.85280181, -16.2671686 ], [ -68.85326364, -16.2673499 ], [ -68.85359665, -16.26759783 ], [ -68.85418584, -16.2675541 ], [ -68.85458723, -16.26745474 ], [ -68.85495383, -16.26720613 ], [ -68.85526357, -16.26716891 ], [ -68.85569302, -16.26694885 ], [ -68.85601498, -16.2667541 ], [ -68.85628983, -16.26661326 ], [ -68.85660585, -16.26652908 ], [ -68.85692571, -16.26659846 ], [ -68.85728291, -16.26657093 ], [ -68.85763581, -16.26637066 ], [ -68.85785199, -16.26626959 ], [ -68.85822955, -16.2662608 ], [ -68.85860518, -16.26617522 ], [ -68.85875888, -16.26596038 ], [ -68.85897171, -16.26572496 ], [ -68.85914624, -16.26554804 ], [ -68.85948405, -16.26554017 ], [ -68.85980295, -16.26557115 ], [ -68.86014172, -16.26560167 ], [ -68.86065165, -16.26532091 ], [ -68.86091286, -16.26543005 ], [ -68.86108333, -16.26588701 ], [ -68.86115062, -16.26619273 ], [ -68.86132014, -16.2666113 ], [ -68.86157991, -16.26666286 ], [ -68.86207477, -16.2665745 ], [ -68.86246884, -16.26643087 ], [ -68.86284831, -16.26649884 ], [ -68.862866057337953, -16.266501440501607 ], [ -68.863642302250085, -16.265957142546647 ], [ -68.86362685, -16.2658277 ], [ -68.86393951, -16.26560915 ], [ -68.864260576834894, -16.26552361237227 ], [ -68.865783390099892, -16.264455825475423 ], [ -68.86569816, -16.26437738 ], [ -68.86547669, -16.26426732 ], [ -68.86529258, -16.26406035 ], [ -68.86524611, -16.26379256 ], [ -68.86523988, -16.26354303 ], [ -68.86543475, -16.26338484 ], [ -68.86589178, -16.26337418 ], [ -68.86610844, -16.2632923 ], [ -68.8664089, -16.26338132 ], [ -68.86655232, -16.26355082 ], [ -68.866853612013614, -16.263705392731985 ], [ -68.889788364999902, -16.247623690999944 ], [ -68.895227173097695, -16.242219617970562 ], [ -68.8951871, -16.24220775 ], [ -68.89480814, -16.24215903 ], [ -68.8945838, -16.24193383 ], [ -68.89432019, -16.24172876 ], [ -68.89395387, -16.24139166 ], [ -68.89370502, -16.24098266 ], [ -68.89355725, -16.24064043 ], [ -68.8932951, -16.24049293 ], [ -68.89305185, -16.24030659 ], [ -68.89274755, -16.24006406 ], [ -68.89248153, -16.23976301 ], [ -68.8923139, -16.23942124 ], [ -68.89230618, -16.23911413 ], [ -68.89229653, -16.23873025 ], [ -68.89216815, -16.23836836 ], [ -68.89194284, -16.23810477 ], [ -68.89162302, -16.23803545 ], [ -68.8913439, -16.23800358 ], [ -68.89108561, -16.23800964 ], [ -68.89080504, -16.2379202 ], [ -68.89046362, -16.23778224 ], [ -68.89025529, -16.23740302 ], [ -68.89018459, -16.23696295 ], [ -68.89015604, -16.23661792 ], [ -68.89008486, -16.23615866 ], [ -68.88985473, -16.23570312 ], [ -68.88957465, -16.23563287 ], [ -68.88934935, -16.23536927 ], [ -68.889299, -16.23494793 ], [ -68.88913572, -16.23477891 ], [ -68.88891187, -16.2345729 ], [ -68.88882468, -16.23426765 ], [ -68.88891824, -16.23403499 ], [ -68.88905442, -16.23391657 ], [ -68.88935051, -16.2338328 ], [ -68.88952449, -16.23363667 ], [ -68.88973966, -16.23349718 ], [ -68.89007694, -16.23347006 ], [ -68.89025227, -16.23332767 ], [ -68.89054836, -16.23324391 ], [ -68.89072331, -16.23308616 ], [ -68.89097822, -16.23294574 ], [ -68.89129562, -16.23291909 ], [ -68.89159412, -16.23293129 ], [ -68.89187082, -16.23286718 ], [ -68.89202494, -16.23267151 ], [ -68.89215436, -16.23228436 ], [ -68.89220962, -16.23211022 ], [ -68.89244176, -16.2318551 ], [ -68.89251544, -16.2316229 ], [ -68.89265065, -16.23146609 ], [ -68.89286775, -16.23140337 ], [ -68.893143, -16.23128168 ], [ -68.89313721, -16.23105135 ], [ -68.89321089, -16.23081916 ], [ -68.89350745, -16.23075458 ], [ -68.8937856, -16.23074805 ], [ -68.89407927, -16.23056831 ], [ -68.89409189, -16.23027993 ], [ -68.89438508, -16.23008099 ], [ -68.89470006, -16.22995836 ], [ -68.89495641, -16.22987552 ], [ -68.89509017, -16.22966112 ], [ -68.89536845, -16.22946253 ], [ -68.89549821, -16.22928663 ], [ -68.89577879, -16.22917922 ], [ -68.89601285, -16.22900087 ], [ -68.89621747, -16.22883762 ], [ -68.896586, -16.22867052 ], [ -68.89685204, -16.22857785 ], [ -68.89701667, -16.22860279 ], [ -68.8972409, -16.22862633 ], [ -68.89756943, -16.22864742 ], [ -68.89786744, -16.22864042 ], [ -68.89828574, -16.22867381 ], [ -68.89865789, -16.22865066 ], [ -68.89895445, -16.22858607 ], [ -68.89915835, -16.22839403 ], [ -68.89931718, -16.22818864 ], [ -68.89968244, -16.22789197 ], [ -68.89979549, -16.22764444 ], [ -68.9000448, -16.22748014 ], [ -68.90036718, -16.2272565 ], [ -68.90064521, -16.22704831 ], [ -68.9007299, -16.22685906 ], [ -68.90093343, -16.22665262 ], [ -68.90124416, -16.22655889 ], [ -68.90161667, -16.22655013 ], [ -68.90183618, -16.22638652 ], [ -68.90195031, -16.22618218 ], [ -68.90216946, -16.22600418 ], [ -68.90253943, -16.22589465 ], [ -68.90281588, -16.22582093 ], [ -68.90301165, -16.2257011 ], [ -68.90320306, -16.22540851 ], [ -68.90325396, -16.22506161 ], [ -68.90344876, -16.22490339 ], [ -68.90352291, -16.22469038 ], [ -68.9036959, -16.22445585 ], [ -68.90384807, -16.22418339 ], [ -68.90390235, -16.22397085 ], [ -68.90405403, -16.2236792 ], [ -68.90422606, -16.22340627 ], [ -68.90446156, -16.2232855 ], [ -68.90487731, -16.22321811 ], [ -68.90515544, -16.22321156 ], [ -68.90548882, -16.22303087 ], [ -68.90576018, -16.22275561 ], [ -68.90591525, -16.22259831 ], [ -68.90622682, -16.22234131 ], [ -68.90641968, -16.2221063 ], [ -68.90671333, -16.22192654 ], [ -68.90710921, -16.22185961 ], [ -68.90750363, -16.22173509 ], [ -68.90777838, -16.22159418 ], [ -68.90786464, -16.2210736 ], [ -68.9079979, -16.22084 ], [ -68.90841364, -16.22077259 ], [ -68.90856677, -16.22053852 ], [ -68.90871795, -16.22022767 ], [ -68.9087887, -16.21988031 ], [ -68.9089176, -16.21947395 ], [ -68.90908526, -16.21902828 ], [ -68.90933481, -16.2186767 ], [ -68.90971082, -16.21861023 ], [ -68.90996656, -16.21866182 ], [ -68.9102631, -16.21859722 ], [ -68.91067884, -16.21852981 ], [ -68.9109589, -16.21860004 ], [ -68.9113383, -16.21866792 ], [ -68.91167845, -16.21875594 ], [ -68.91197935, -16.21886409 ], [ -68.91214361, -16.21907148 ], [ -68.91212762, -16.2192255 ], [ -68.91197837, -16.21961313 ], [ -68.91180394, -16.21979009 ], [ -68.91170945, -16.21998437 ], [ -68.91171429, -16.22017631 ], [ -68.91192168, -16.22051712 ], [ -68.91204814, -16.22080223 ], [ -68.91233499, -16.22114117 ], [ -68.91269889, -16.22138227 ], [ -68.91299592, -16.22133686 ], [ -68.91323141, -16.22121608 ], [ -68.91334625, -16.22104052 ], [ -68.91351778, -16.22074839 ], [ -68.91367138, -16.22053351 ], [ -68.91392538, -16.22035851 ], [ -68.91393749, -16.22005094 ], [ -68.91375433, -16.21988241 ], [ -68.91356778, -16.21957951 ], [ -68.91326591, -16.21943298 ], [ -68.91302751, -16.2194386 ], [ -68.91284484, -16.21928926 ], [ -68.91286083, -16.21913524 ], [ -68.913075, -16.21895734 ], [ -68.91316197, -16.21866241 ], [ -68.9133031, -16.21834699 ], [ -68.9135169, -16.21795784 ], [ -68.91373373, -16.21768865 ], [ -68.91389787, -16.21730067 ], [ -68.91418919, -16.21702973 ], [ -68.91443267, -16.21683193 ], [ -68.91482636, -16.21667861 ], [ -68.91561555, -16.21644394 ], [ -68.9161334, -16.21628769 ], [ -68.91650528, -16.21625491 ], [ -68.91690442, -16.21631752 ], [ -68.91725146, -16.21628533 ], [ -68.91729143, -16.21590027 ], [ -68.91792374, -16.2153572 ], [ -68.91836284, -16.21503476 ], [ -68.91879891, -16.21459234 ], [ -68.91903449, -16.21408264 ], [ -68.91912594, -16.21376839 ], [ -68.91913743, -16.21323996 ], [ -68.91932517, -16.2128034 ], [ -68.91938754, -16.21232179 ], [ -68.91947656, -16.21191157 ], [ -68.91955152, -16.21143687 ], [ -68.91958179, -16.21116007 ], [ -68.91954968, -16.21087275 ], [ -68.91954301, -16.21060883 ], [ -68.91945022, -16.21037815 ], [ -68.9193094, -16.21021342 ], [ -68.91908228, -16.21007474 ], [ -68.91882063, -16.2100449 ], [ -68.91860987, -16.21006188 ], [ -68.91837669, -16.21017541 ], [ -68.91830826, -16.21041709 ], [ -68.91818986, -16.21064795 ], [ -68.91789158, -16.21064299 ], [ -68.91770413, -16.21059939 ], [ -68.91751637, -16.21054381 ], [ -68.91729592, -16.21066904 ], [ -68.91713663, -16.21075682 ], [ -68.91696039, -16.21066495 ], [ -68.91673357, -16.21053826 ], [ -68.91649554, -16.21045985 ], [ -68.91638985, -16.21021027 ], [ -68.91624934, -16.21005754 ], [ -68.91604584, -16.20987028 ], [ -68.91598951, -16.20960753 ], [ -68.91598223, -16.20931962 ], [ -68.9159259, -16.20905687 ], [ -68.91584565, -16.2088307 ], [ -68.91582869, -16.20865104 ], [ -68.91596102, -16.20847988 ], [ -68.91606592, -16.20820612 ], [ -68.91608529, -16.2079896 ], [ -68.91619037, -16.20772305 ], [ -68.91633451, -16.20752759 ], [ -68.91660311, -16.20734121 ], [ -68.91664519, -16.20704013 ], [ -68.91656464, -16.20680195 ], [ -68.91642261, -16.20658924 ], [ -68.91640414, -16.20634961 ], [ -68.91639899, -16.20614567 ], [ -68.91651708, -16.20590282 ], [ -68.9166376, -16.20575593 ], [ -68.91690771, -16.20562952 ], [ -68.91714209, -16.20556398 ], [ -68.91732469, -16.20541563 ], [ -68.91758239, -16.20528952 ], [ -68.91786764, -16.20527078 ], [ -68.91815047, -16.20515608 ], [ -68.91819498, -16.20495097 ], [ -68.91829097, -16.20481667 ], [ -68.91852413, -16.20470313 ], [ -68.91868281, -16.20459136 ], [ -68.91876923, -16.20437326 ], [ -68.91896302, -16.20417663 ], [ -68.91920709, -16.20400282 ], [ -68.9193385, -16.20379566 ], [ -68.91950504, -16.20350365 ], [ -68.91970761, -16.20316277 ], [ -68.92000104, -16.20297579 ], [ -68.92036925, -16.20279905 ], [ -68.92068659, -16.2025755 ], [ -68.9211181, -16.20244528 ], [ -68.92153658, -16.20229135 ], [ -68.92189541, -16.20223487 ], [ -68.92215644, -16.20224071 ], [ -68.92240596, -16.20228283 ], [ -68.9226906, -16.2022401 ], [ -68.92281838, -16.20208584 ], [ -68.92301266, -16.2019084 ], [ -68.92314394, -16.20159801 ], [ -68.92329266, -16.20119118 ], [ -68.92366426, -16.20095194 ], [ -68.92390166, -16.20090792 ], [ -68.92419817, -16.2008433 ], [ -68.92453441, -16.20077774 ], [ -68.92490989, -16.20069205 ], [ -68.92524759, -16.20068407 ], [ -68.92560806, -16.20079078 ], [ -68.92594284, -16.20066764 ], [ -68.92645689, -16.20055946 ], [ -68.92691522, -16.20060625 ], [ -68.92747974, -16.2005901 ], [ -68.92792882, -16.20056313 ], [ -68.92843404, -16.2005633 ], [ -68.92885505, -16.2005544 ], [ -68.92928543, -16.20052742 ], [ -68.92976257, -16.20054566 ], [ -68.93023971, -16.20054582 ], [ -68.93068883, -16.20042844 ], [ -68.93111927, -16.20021162 ], [ -68.93141876, -16.19989531 ], [ -68.93175568, -16.19956998 ], [ -68.9319897, -16.19921749 ], [ -68.93227048, -16.19887406 ], [ -68.9326261, -16.19859392 ], [ -68.93290689, -16.19822337 ], [ -68.93330928, -16.19794325 ], [ -68.93353389, -16.1977354 ], [ -68.93397935, -16.19735918 ], [ -68.93492997, -16.19714899 ], [ -68.93552424, -16.19661338 ], [ -68.93586108, -16.19602029 ], [ -68.93641568, -16.19563775 ], [ -68.93700984, -16.19542744 ], [ -68.93744561, -16.19508314 ], [ -68.93835668, -16.19464329 ], [ -68.9388914, -16.19449037 ], [ -68.93938643, -16.19460532 ], [ -68.93996075, -16.19447154 ], [ -68.94049548, -16.19431861 ], [ -68.9410104, -16.19414653 ], [ -68.94172334, -16.19401278 ], [ -68.94233725, -16.19393641 ], [ -68.943586706292677, -16.194168934005667 ], [ -68.951810853999916, -16.185997309999948 ], [ -68.956580639999913, -16.181273776999944 ], [ -68.959554640999897, -16.180972527999927 ], [ -68.961659039999915, -16.179308886999934 ], [ -68.973342938999906, -16.179145694999931 ], [ -68.978587441999935, -16.179020497999943 ], [ -68.982236938999904, -16.181814663999944 ], [ -68.982359082999949, -16.181926998999927 ], [ -68.985430405999921, -16.185426458999927 ], [ -68.988809250999907, -16.186959186999957 ], [ -68.993478649999929, -16.187654165999959 ], [ -69.002500608999924, -16.195275181999932 ], [ -69.00268897784089, -16.202603860119311 ], [ -69.00270479, -16.20261871 ], [ -69.00271882, -16.20262914 ], [ -69.00272338, -16.20264056 ], [ -69.00273354, -16.20265616 ], [ -69.00274475, -16.20266448 ], [ -69.00275122, -16.20267331 ], [ -69.00276889, -16.20269045 ], [ -69.00277816, -16.20270135 ], [ -69.00279197, -16.20272365 ], [ -69.00280769, -16.20274335 ], [ -69.00281606, -16.20274956 ], [ -69.00282619, -16.2027651 ], [ -69.00283265, -16.2027739 ], [ -69.00283999, -16.20278737 ], [ -69.00285011, -16.2028029 ], [ -69.00287316, -16.20282413 ], [ -69.00288213, -16.20283512 ], [ -69.00289579, -16.20284555 ], [ -69.00291642, -16.20286956 ], [ -69.00293079, -16.20288466 ], [ -69.00294592, -16.20290445 ], [ -69.0029556, -16.20292008 ], [ -69.00296799, -16.20293775 ], [ -69.00298035, -16.2029554 ], [ -69.00298576, -16.20295951 ], [ -69.0029981, -16.20297713 ], [ -69.00300503, -16.20299062 ], [ -69.00301004, -16.20300675 ], [ -69.00301504, -16.20302287 ], [ -69.00302003, -16.20303897 ], [ -69.00302769, -16.20305712 ], [ -69.00303075, -16.20307585 ], [ -69.00303571, -16.20309194 ], [ -69.00304068, -16.20310801 ], [ -69.00304296, -16.20312205 ], [ -69.00304704, -16.20318749 ], [ -69.00305107, -16.2032041 ], [ -69.0030522, -16.20322221 ], [ -69.0030523, -16.2032334 ], [ -69.00305437, -16.20324732 ], [ -69.00305644, -16.20326126 ], [ -69.00306049, -16.20327795 ], [ -69.00306256, -16.20329192 ], [ -69.00306464, -16.2033059 ], [ -69.00306289, -16.20332571 ], [ -69.00306788, -16.20333819 ], [ -69.00308273, -16.20336434 ], [ -69.00309654, -16.20338346 ], [ -69.00310639, -16.20339712 ], [ -69.00311821, -16.20341349 ], [ -69.00312805, -16.20342713 ], [ -69.00313305, -16.20343962 ], [ -69.00313804, -16.2034521 ], [ -69.00314198, -16.20345756 ], [ -69.00314607, -16.20347436 ], [ -69.00316091, -16.2035005 ], [ -69.00316879, -16.20351143 ], [ -69.00317579, -16.20352676 ], [ -69.00318278, -16.20354209 ], [ -69.00318584, -16.20355194 ], [ -69.00319677, -16.20357274 ], [ -69.00320662, -16.20358643 ], [ -69.00321843, -16.20360285 ], [ -69.00322738, -16.20362089 ], [ -69.00323437, -16.20363621 ], [ -69.00323742, -16.20364606 ], [ -69.00324725, -16.20365971 ], [ -69.00325031, -16.20366956 ], [ -69.00326515, -16.20369578 ], [ -69.00327103, -16.20370396 ], [ -69.00327715, -16.20372367 ], [ -69.00327825, -16.20373081 ], [ -69.00328328, -16.20374339 ], [ -69.00329026, -16.2037587 ], [ -69.00329725, -16.20377401 ], [ -69.00330142, -16.20379105 ], [ -69.00330756, -16.20381086 ], [ -69.00331174, -16.20382794 ], [ -69.00331396, -16.20384232 ], [ -69.00331618, -16.2038567 ], [ -69.00331951, -16.20387828 ], [ -69.00332566, -16.20389812 ], [ -69.00332593, -16.20390981 ], [ -69.00333208, -16.20392967 ], [ -69.00334189, -16.20394326 ], [ -69.00334216, -16.20395497 ], [ -69.00334917, -16.20397033 ], [ -69.0033514, -16.20398477 ], [ -69.00335644, -16.20399742 ], [ -69.00336456, -16.20402001 ], [ -69.00337436, -16.20403357 ], [ -69.0033822, -16.20404441 ], [ -69.0033959, -16.20406337 ], [ -69.00340177, -16.20407149 ], [ -69.00341433, -16.2040832 ], [ -69.00341823, -16.2040886 ], [ -69.00343744, -16.20410387 ], [ -69.00345077, -16.20411102 ], [ -69.00346796, -16.20412354 ], [ -69.00348318, -16.20413335 ], [ -69.00349643, -16.20414046 ], [ -69.00351626, -16.20415109 ], [ -69.00352286, -16.20415463 ], [ -69.00353138, -16.20416084 ], [ -69.00354182, -16.20416972 ], [ -69.00355418, -16.20418126 ], [ -69.0035673, -16.20418829 ], [ -69.00357965, -16.20419979 ], [ -69.00360317, -16.20421559 ], [ -69.00361088, -16.20422623 ], [ -69.00362897, -16.20424564 ], [ -69.00363743, -16.20425177 ], [ -69.00364898, -16.2042677 ], [ -69.0036586, -16.20428096 ], [ -69.00367013, -16.20429687 ], [ -69.00367783, -16.20430748 ], [ -69.00368936, -16.20432338 ], [ -69.00370473, -16.20434458 ], [ -69.00371897, -16.20435861 ], [ -69.00373131, -16.20436999 ], [ -69.00374098, -16.20438324 ], [ -69.0037579, -16.20439539 ], [ -69.0037637, -16.20440333 ], [ -69.00377602, -16.2044147 ], [ -69.00378834, -16.20442606 ], [ -69.00379801, -16.2044393 ], [ -69.00381032, -16.20445066 ], [ -69.00382579, -16.20447184 ], [ -69.00383352, -16.20448244 ], [ -69.00384389, -16.20449113 ], [ -69.00385356, -16.20450438 ], [ -69.00386586, -16.20451571 ], [ -69.00387553, -16.20452896 ], [ -69.0038852, -16.2045422 ], [ -69.003891, -16.20455015 ], [ -69.00390977, -16.20456486 ], [ -69.00391364, -16.20457015 ], [ -69.00392785, -16.20458412 ], [ -69.00394205, -16.20459808 ], [ -69.00395239, -16.20460674 ], [ -69.00396852, -16.20462334 ], [ -69.00399044, -16.20464788 ], [ -69.00400785, -16.20465529 ], [ -69.00402009, -16.20466657 ], [ -69.00403103, -16.20467062 ], [ -69.0040439, -16.2046773 ], [ -69.00406317, -16.20468732 ], [ -69.00407663, -16.20468941 ], [ -69.00408882, -16.20470066 ], [ -69.00409653, -16.20471121 ], [ -69.00410231, -16.20471912 ], [ -69.0041209, -16.20473369 ], [ -69.00413561, -16.20474296 ], [ -69.00414838, -16.20474959 ], [ -69.00415669, -16.20475554 ], [ -69.00416439, -16.20476608 ], [ -69.00417017, -16.20477399 ], [ -69.0041881, -16.2047931 ], [ -69.00420217, -16.20480694 ], [ -69.00421624, -16.20482078 ], [ -69.0042303, -16.20483461 ], [ -69.00424051, -16.20484316 ], [ -69.00425071, -16.20485172 ], [ -69.00426226, -16.20486752 ], [ -69.00427246, -16.20487606 ], [ -69.00428021, -16.20488663 ], [ -69.0042841, -16.20489193 ], [ -69.0043002, -16.20490845 ], [ -69.00430604, -16.2049164 ], [ -69.00431578, -16.20492964 ], [ -69.00432747, -16.20494554 ], [ -69.00433331, -16.20495349 ], [ -69.00434501, -16.2049694 ], [ -69.00435281, -16.20498 ], [ -69.0043601, -16.2049953 ], [ -69.00436299, -16.20501 ], [ -69.00436834, -16.20502267 ], [ -69.00436783, -16.20502737 ], [ -69.00444311, -16.20511743 ], [ -69.0044506, -16.20512775 ], [ -69.00446371, -16.20514582 ], [ -69.00447308, -16.20515874 ], [ -69.00448246, -16.20517167 ], [ -69.00448809, -16.20517943 ], [ -69.00449748, -16.20519238 ], [ -69.00450688, -16.20520534 ], [ -69.00451629, -16.2052183 ], [ -69.00452758, -16.20523387 ], [ -69.00453324, -16.20524167 ], [ -69.00454455, -16.20525726 ], [ -69.00455587, -16.20527287 ], [ -69.00456433, -16.20529023 ], [ -69.00457379, -16.20530326 ], [ -69.00458703, -16.20532152 ], [ -69.00459272, -16.20532936 ], [ -69.00460409, -16.20534504 ], [ -69.00461547, -16.20536073 ], [ -69.00462306, -16.2053712 ], [ -69.00463543, -16.20538254 ], [ -69.00464303, -16.20539302 ], [ -69.00465444, -16.20540876 ], [ -69.00466206, -16.20541926 ], [ -69.00467159, -16.20543239 ], [ -69.00468016, -16.2054385 ], [ -69.00469541, -16.2054481 ], [ -69.00470495, -16.20546125 ], [ -69.00472211, -16.20547348 ], [ -69.00472976, -16.20548401 ], [ -69.00473932, -16.20549718 ], [ -69.00475557, -16.20551385 ], [ -69.00476515, -16.20552704 ], [ -69.00477665, -16.20554289 ], [ -69.00478241, -16.20555081 ], [ -69.00479393, -16.20556668 ], [ -69.00480161, -16.20557725 ], [ -69.00481121, -16.20559048 ], [ -69.00482173, -16.20559926 ], [ -69.00483702, -16.20560888 ], [ -69.00484472, -16.20561948 ], [ -69.00485899, -16.20562197 ], [ -69.00488095, -16.20563507 ], [ -69.00489624, -16.20564468 ], [ -69.00490959, -16.20565164 ], [ -69.00492399, -16.20566574 ], [ -69.00494121, -16.205678 ], [ -69.00495457, -16.20568496 ], [ -69.00497072, -16.20569009 ], [ -69.00498686, -16.20569521 ], [ -69.00500299, -16.20570033 ], [ -69.00501353, -16.20570911 ], [ -69.00502965, -16.20571422 ], [ -69.00518144, -16.20572334 ], [ -69.00519738, -16.20572519 ], [ -69.00523199, -16.20572464 ], [ -69.006212975043582, -16.208773322082603 ], [ -69.011593882999932, -16.210270435999917 ], [ -69.017286789999901, -16.204370746999928 ], [ -69.02023764899991, -16.198536946999923 ], [ -69.023870552999938, -16.196029066999927 ], [ -69.038222523999934, -16.192916558999912 ], [ -69.050085465999928, -16.185829421999927 ], [ -69.058263709999949, -16.197617720999915 ], [ -69.059295180999925, -16.200589339999908 ], [ -69.063741730999936, -16.201864445999945 ], [ -69.071553983999934, -16.208705145999943 ], [ -69.091010574999927, -16.213763208999922 ], [ -69.094619459202846, -16.213567572129172 ], [ -69.09467494, -16.2135272 ], [ -69.09476602, -16.21344695 ], [ -69.09487205, -16.21336833 ], [ -69.09496685, -16.21319316 ], [ -69.09492034, -16.21293502 ], [ -69.09485597, -16.21275413 ], [ -69.09486113, -16.21257155 ], [ -69.0949167, -16.21241654 ], [ -69.09498146, -16.21223251 ], [ -69.09503729, -16.21208709 ], [ -69.09513435, -16.2119983 ], [ -69.09521105, -16.21189079 ], [ -69.09529818, -16.21180223 ], [ -69.09540794, -16.21181875 ], [ -69.09547897, -16.21187464 ], [ -69.09551254, -16.21201786 ], [ -69.09557339, -16.21206439 ], [ -69.09570252, -16.21206123 ], [ -69.09578198, -16.21205929 ], [ -69.09587929, -16.21198009 ], [ -69.09591676, -16.21189274 ], [ -69.09588319, -16.21174952 ], [ -69.09600163, -16.21171782 ], [ -69.09616231, -16.21178111 ], [ -69.09624202, -16.21178876 ], [ -69.09635329, -16.21186287 ], [ -69.09646305, -16.21187939 ], [ -69.096541, -16.21181987 ], [ -69.09658815, -16.21172268 ], [ -69.0966949, -16.21162404 ], [ -69.09675047, -16.21146904 ], [ -69.0967467, -16.21132508 ], [ -69.09668334, -16.21118259 ], [ -69.09662174, -16.21108854 ], [ -69.09658167, -16.21098149 ], [ -69.09649576, -16.21083234 ], [ -69.09644004, -16.21069686 ], [ -69.09640034, -16.2106042 ], [ -69.09642656, -16.21046672 ], [ -69.09643863, -16.21035839 ], [ -69.09641496, -16.21030855 ], [ -69.09641232, -16.21020779 ], [ -69.09648493, -16.21013399 ], [ -69.09657395, -16.21011741 ], [ -69.09670096, -16.21012871 ], [ -69.09679818, -16.21014073 ], [ -69.09686485, -16.2101247 ], [ -69.09688569, -16.21006657 ], [ -69.09688361, -16.2099874 ], [ -69.09688116, -16.20989383 ], [ -69.09689418, -16.20982149 ], [ -69.0969534, -16.20980564 ], [ -69.0969815, -16.20974013 ], [ -69.09697178, -16.20965394 ], [ -69.09704402, -16.20956575 ], [ -69.0971021, -16.20950671 ], [ -69.09717547, -16.2094617 ], [ -69.09725552, -16.20938772 ], [ -69.09728211, -16.20926463 ], [ -69.09732512, -16.20919876 ], [ -69.09737896, -16.20909181 ], [ -69.09737683, -16.20901024 ], [ -69.09734999, -16.20893407 ], [ -69.09733829, -16.20886713 ], [ -69.09738519, -16.20876035 ], [ -69.09743932, -16.20873982 ], [ -69.09753393, -16.20874711 ], [ -69.09761326, -16.20874037 ], [ -69.09768599, -16.20867137 ], [ -69.09774905, -16.20861221 ], [ -69.09780204, -16.2085485 ], [ -69.09785478, -16.20847518 ], [ -69.09792739, -16.20840139 ], [ -69.09798038, -16.20833767 ], [ -69.0980083, -16.20826497 ], [ -69.09803149, -16.20820198 ], [ -69.09803941, -16.20812496 ], [ -69.09806758, -16.20806185 ], [ -69.09814741, -16.2080743 ], [ -69.09816113, -16.20814719 ], [ -69.09818729, -16.20819757 ], [ -69.09823208, -16.20824749 ], [ -69.09827958, -16.20828234 ], [ -69.09831761, -16.20831142 ], [ -69.09836327, -16.20839433 ], [ -69.09842311, -16.20842588 ], [ -69.09848318, -16.20846642 ], [ -69.09852997, -16.20847428 ], [ -69.09859476, -16.20845769 ], [ -69.09861849, -16.2084151 ], [ -69.09861142, -16.20838226 ], [ -69.09858223, -16.20833496 ], [ -69.09856243, -16.20829043 ], [ -69.09854239, -16.2082369 ], [ -69.09852219, -16.20817737 ], [ -69.09851481, -16.20813254 ], [ -69.0984978, -16.20807594 ], [ -69.09848365, -16.20801026 ], [ -69.09848216, -16.20795328 ], [ -69.09849627, -16.20789892 ], [ -69.09850129, -16.20785378 ], [ -69.09849957, -16.2077878 ], [ -69.0984921, -16.20773997 ], [ -69.09846012, -16.20770474 ], [ -69.09840052, -16.20768219 ], [ -69.0983659, -16.20766503 ], [ -69.09834018, -16.20763145 ], [ -69.09832953, -16.2075807 ], [ -69.09833091, -16.20751464 ], [ -69.09833523, -16.20744251 ], [ -69.09833963, -16.20737339 ], [ -69.09834753, -16.20731918 ], [ -69.09834611, -16.20726519 ], [ -69.0983412, -16.20719629 ], [ -69.09838077, -16.20716531 ], [ -69.09840623, -16.2071887 ], [ -69.09842579, -16.20722423 ], [ -69.09845172, -16.20726561 ], [ -69.09849549, -16.20727654 ], [ -69.09852948, -16.20726971 ], [ -69.0985571, -16.20725703 ], [ -69.09857867, -16.2072505 ], [ -69.09863461, -16.20725214 ], [ -69.09866239, -16.20724545 ], [ -69.09868473, -16.20720049 ], [ -69.09878802, -16.20715956 ], [ -69.09884598, -16.20709572 ], [ -69.09887376, -16.20701821 ], [ -69.09894291, -16.20700212 ], [ -69.09896913, -16.20705429 ], [ -69.09899647, -16.20714966 ], [ -69.0990027, -16.20719752 ], [ -69.09903375, -16.20724477 ], [ -69.09906977, -16.20729191 ], [ -69.09915482, -16.20731383 ], [ -69.09918116, -16.20737081 ], [ -69.0991679, -16.20743355 ], [ -69.09909963, -16.20748324 ], [ -69.09908203, -16.20757009 ], [ -69.09909982, -16.20768009 ], [ -69.09912565, -16.20771787 ], [ -69.09921618, -16.20775887 ], [ -69.0993309, -16.20777527 ], [ -69.09941482, -16.20775402 ], [ -69.09946298, -16.20769522 ], [ -69.09948718, -16.20767062 ], [ -69.09956613, -16.20764948 ], [ -69.09959493, -16.20761037 ], [ -69.09968916, -16.20760326 ], [ -69.09978263, -16.20756736 ], [ -69.09987303, -16.20760356 ], [ -69.09993659, -16.2075636 ], [ -69.10002598, -16.20756141 ], [ -69.10009626, -16.2075885 ], [ -69.1001617, -16.20762051 ], [ -69.10023531, -16.2075851 ], [ -69.10027416, -16.20755054 ], [ -69.10033363, -16.20754428 ], [ -69.10038254, -16.20751427 ], [ -69.10041566, -16.20745104 ], [ -69.10042893, -16.2073883 ], [ -69.10047174, -16.20731523 ], [ -69.10050015, -16.20726172 ], [ -69.10051813, -16.20718926 ], [ -69.10056131, -16.20713058 ], [ -69.10063568, -16.20712396 ], [ -69.10066611, -16.20714722 ], [ -69.10069257, -16.20720899 ], [ -69.10076147, -16.2071833 ], [ -69.10074953, -16.20710677 ], [ -69.10074814, -16.20705399 ], [ -69.10080139, -16.20699987 ], [ -69.10084445, -16.20693639 ], [ -69.10084332, -16.20689321 ], [ -69.10084665, -16.20683071 ], [ -69.10093591, -16.20682372 ], [ -69.10098608, -16.2068417 ], [ -69.10100657, -16.20686521 ], [ -69.10111675, -16.20691124 ], [ -69.10121339, -16.20693277 ], [ -69.10127908, -16.2070692 ], [ -69.1013623, -16.2071632 ], [ -69.10143325, -16.20726349 ], [ -69.10153926, -16.20727891 ], [ -69.10158177, -16.20724185 ], [ -69.10171802, -16.20722652 ], [ -69.10174733, -16.20715978 ], [ -69.10178332, -16.20711088 ], [ -69.10187023, -16.20710875 ], [ -69.10195281, -16.20717876 ], [ -69.10202841, -16.20721892 ], [ -69.10210974, -16.20724094 ], [ -69.10218981, -16.20721497 ], [ -69.10220686, -16.20715453 ], [ -69.10225558, -16.20711733 ], [ -69.1023549, -16.2071149 ], [ -69.10247442, -16.20717199 ], [ -69.10253649, -16.20717047 ], [ -69.10260399, -16.20713881 ], [ -69.10267196, -16.20712514 ], [ -69.10279007, -16.20712826 ], [ -69.10288428, -16.20716796 ], [ -69.10295956, -16.20719613 ], [ -69.10303405, -16.20719431 ], [ -69.10313243, -16.20715589 ], [ -69.10320367, -16.20716266 ], [ -69.10325031, -16.20716452 ], [ -69.1033127, -16.207175 ], [ -69.10337588, -16.20721547 ], [ -69.10349834, -16.20726649 ], [ -69.10360179, -16.20730297 ], [ -69.10368344, -16.20733698 ], [ -69.10378983, -16.20736738 ], [ -69.10385867, -16.20738671 ], [ -69.10390515, -16.20738257 ], [ -69.10397335, -16.2073779 ], [ -69.10408564, -16.20739615 ], [ -69.1042064, -16.2074104 ], [ -69.10430151, -16.20743688 ], [ -69.10439713, -16.20748256 ], [ -69.10454838, -16.20756528 ], [ -69.10465927, -16.20762498 ], [ -69.10483001, -16.20769283 ], [ -69.1049436, -16.20766604 ], [ -69.10510635, -16.20761884 ], [ -69.10520913, -16.2075587 ], [ -69.10531128, -16.20747458 ], [ -69.10544398, -16.20741851 ], [ -69.10560189, -16.20737623 ], [ -69.10579865, -16.20729939 ], [ -69.10594116, -16.20723828 ], [ -69.10609272, -16.20714334 ], [ -69.10621536, -16.20708272 ], [ -69.10633379, -16.20705101 ], [ -69.10660824, -16.20690504 ], [ -69.10684645, -16.2067033 ], [ -69.10693269, -16.20658115 ], [ -69.10700341, -16.20643537 ], [ -69.10709694, -16.20621221 ], [ -69.10717035, -16.20597994 ], [ -69.10721893, -16.20574828 ], [ -69.10721019, -16.20560445 ], [ -69.10717241, -16.20549014 ], [ -69.10712519, -16.20539526 ], [ -69.10704284, -16.20528685 ], [ -69.10700097, -16.20520625 ], [ -69.10694816, -16.2050875 ], [ -69.10688693, -16.20502658 ], [ -69.10683513, -16.20494623 ], [ -69.10675353, -16.2048666 ], [ -69.10668746, -16.2048106 ], [ -69.10664113, -16.20474931 ], [ -69.10655444, -16.20466501 ], [ -69.10651754, -16.20458429 ], [ -69.10645185, -16.20454269 ], [ -69.10638131, -16.204506 ], [ -69.10631512, -16.2044452 ], [ -69.10624854, -16.20437001 ], [ -69.10620246, -16.20431832 ], [ -69.1061164, -16.20425801 ], [ -69.10604424, -16.20415895 ], [ -69.106003, -16.20410234 ], [ -69.10592762, -16.20407057 ], [ -69.10585124, -16.20400042 ], [ -69.10578964, -16.20392511 ], [ -69.10566448, -16.20388976 ], [ -69.10561752, -16.20380448 ], [ -69.10550537, -16.20369679 ], [ -69.10542864, -16.20361321 ], [ -69.10540142, -16.20352264 ], [ -69.10538972, -16.20345571 ], [ -69.1053681, -16.20338902 ], [ -69.10534087, -16.20329845 ], [ -69.10537362, -16.20322083 ], [ -69.10540103, -16.20312893 ], [ -69.10545823, -16.2030363 ], [ -69.10549393, -16.20288178 ], [ -69.10552787, -16.20266008 ], [ -69.10553962, -16.20253975 ], [ -69.10559657, -16.20243752 ], [ -69.1056246, -16.20236962 ], [ -69.10567225, -16.20229163 ], [ -69.10572052, -16.20223763 ], [ -69.10579401, -16.20219741 ], [ -69.10588735, -16.20215672 ], [ -69.1059355, -16.20209792 ], [ -69.10592464, -16.20201536 ], [ -69.10589271, -16.20193451 ], [ -69.1058707, -16.20185343 ], [ -69.10588654, -16.20169939 ], [ -69.10589867, -16.20159346 ], [ -69.10592632, -16.20151116 ], [ -69.1059294, -16.20143906 ], [ -69.10590714, -16.20134838 ], [ -69.1059189, -16.20122805 ], [ -69.10596132, -16.20114058 ], [ -69.10603952, -16.20109065 ], [ -69.10609722, -16.20101722 ], [ -69.10609496, -16.20093085 ], [ -69.10604341, -16.20086009 ], [ -69.10600091, -16.20075549 ], [ -69.10602706, -16.20061561 ], [ -69.10607433, -16.20052322 ], [ -69.10608653, -16.20042017 ], [ -69.1061426, -16.20028436 ], [ -69.10624361, -16.20015704 ], [ -69.1063296, -16.20002529 ], [ -69.106445, -16.19987842 ], [ -69.10648121, -16.19974309 ], [ -69.10654161, -16.19958316 ], [ -69.10659296, -16.19945707 ], [ -69.10665896, -16.19932101 ], [ -69.10673056, -16.19920882 ], [ -69.10679668, -16.19907756 ], [ -69.1068777, -16.19894593 ], [ -69.10692597, -16.19889193 ], [ -69.10702257, -16.19881394 ], [ -69.10711417, -16.19875408 ], [ -69.10715763, -16.1987062 ], [ -69.10718936, -16.198637 ], [ -69.10720208, -16.19855386 ], [ -69.10724098, -16.19847369 ], [ -69.10729161, -16.19841483 ], [ -69.10733106, -16.19835624 ], [ -69.1073899, -16.19832599 ], [ -69.10744836, -16.19828135 ], [ -69.10751101, -16.1982546 ], [ -69.1075706, -16.19825314 ], [ -69.10762322, -16.19826986 ], [ -69.10770516, -16.19826785 ], [ -69.10775673, -16.19824498 ], [ -69.10778874, -16.19818658 ], [ -69.10784051, -16.19817091 ], [ -69.1079322, -16.19811464 ], [ -69.10796115, -16.19808152 ], [ -69.10800862, -16.19804435 ], [ -69.10805887, -16.19797109 ], [ -69.10810587, -16.19791593 ], [ -69.10818333, -16.19788522 ], [ -69.10827644, -16.19788294 ], [ -69.10833594, -16.19787788 ], [ -69.10841013, -16.19781724 ], [ -69.10850445, -16.19781373 ], [ -69.10866521, -16.19778578 ], [ -69.10886495, -16.1978229 ], [ -69.10895806, -16.19782062 ], [ -69.10903891, -16.19782464 ], [ -69.10913187, -16.19781636 ], [ -69.10920541, -16.19777854 ], [ -69.10931588, -16.19772782 ], [ -69.1094262, -16.1976711 ], [ -69.10952552, -16.19766867 ], [ -69.10963756, -16.19767792 ], [ -69.1097119, -16.1976701 ], [ -69.10981027, -16.19763168 ], [ -69.10995162, -16.1975742 ], [ -69.11008755, -16.19754686 ], [ -69.11019308, -16.19754427 ], [ -69.11031134, -16.19755337 ], [ -69.11042943, -16.19755648 ], [ -69.11051542, -16.19751956 ], [ -69.1106552, -16.1974021 ], [ -69.11083285, -16.19730771 ], [ -69.11092344, -16.19720946 ], [ -69.11111735, -16.19702465 ], [ -69.11134867, -16.19684493 ], [ -69.11157982, -16.1966592 ], [ -69.11186268, -16.19655023 ], [ -69.11219677, -16.19650003 ], [ -69.11254391, -16.19647351 ], [ -69.11285554, -16.19651388 ], [ -69.11313008, -16.19656116 ], [ -69.1134183, -16.19665612 ], [ -69.11369284, -16.19670341 ], [ -69.11390005, -16.19678835 ], [ -69.11426648, -16.1968814 ], [ -69.11462172, -16.1969267 ], [ -69.11492714, -16.19696722 ], [ -69.115294, -16.19698222 ], [ -69.11567171, -16.19693694 ], [ -69.11602363, -16.19685628 ], [ -69.11636236, -16.19674594 ], [ -69.11664537, -16.19664296 ], [ -69.11695164, -16.19647939 ], [ -69.11714028, -16.19633072 ], [ -69.1172729, -16.19617742 ], [ -69.11738227, -16.1960847 ], [ -69.11751583, -16.19596739 ], [ -69.11767391, -16.19583747 ], [ -69.11777181, -16.19578105 ], [ -69.11788212, -16.19572432 ], [ -69.11799307, -16.19569159 ], [ -69.11812758, -16.19561026 ], [ -69.11823805, -16.19555953 ], [ -69.11833594, -16.19550311 ], [ -69.11845851, -16.19544008 ], [ -69.11855367, -16.19537389 ], [ -69.11867765, -16.19527001 ], [ -69.1188104, -16.19521633 ], [ -69.11893476, -16.19512685 ], [ -69.11903639, -16.19502353 ], [ -69.11913152, -16.19495637 ], [ -69.11926408, -16.1948955 ], [ -69.1193214, -16.19480766 ], [ -69.11945321, -16.194718 ], [ -69.1195852, -16.19463553 ], [ -69.11975558, -16.19459533 ], [ -69.11987646, -16.19465718 ], [ -69.11998112, -16.19466902 ], [ -69.12012208, -16.19464395 ], [ -69.12026266, -16.19460449 ], [ -69.12045708, -16.19462852 ], [ -69.12069677, -16.19467305 ], [ -69.12089937, -16.19477145 ], [ -69.12102142, -16.19483072 ], [ -69.12127167, -16.194899 ], [ -69.12132259, -16.19494576 ], [ -69.12137313, -16.19497813 ], [ -69.12143895, -16.19502453 ], [ -69.12151495, -16.19508028 ], [ -69.12162685, -16.19517836 ], [ -69.12170908, -16.19528198 ], [ -69.12183218, -16.1954278 ], [ -69.1220057, -16.19571943 ], [ -69.12208492, -16.19589754 ], [ -69.12220949, -16.19614656 ], [ -69.12226262, -16.1962773 ], [ -69.12229029, -16.19638465 ], [ -69.12235568, -16.19650908 ], [ -69.12240739, -16.19658584 ], [ -69.12247215, -16.19668628 ], [ -69.12254248, -16.19676258 ], [ -69.12260166, -16.19688716 ], [ -69.12263119, -16.19694706 ], [ -69.12267622, -16.19700597 ], [ -69.12270302, -16.19708033 ], [ -69.12274813, -16.19714224 ], [ -69.12279547, -16.19717109 ], [ -69.1228429, -16.19720294 ], [ -69.12288148, -16.197253 ], [ -69.12289866, -16.1973156 ], [ -69.12292499, -16.19737197 ], [ -69.12296923, -16.19740089 ], [ -69.12299222, -16.19744835 ], [ -69.12295361, -16.19751532 ], [ -69.12298367, -16.1975956 ], [ -69.1230135, -16.19766689 ], [ -69.12302263, -16.1977777 ], [ -69.12300414, -16.1979012 ], [ -69.12296177, -16.19806129 ], [ -69.12289721, -16.19820452 ], [ -69.12285294, -16.19829263 ], [ -69.12282117, -16.19838344 ], [ -69.12278614, -16.19846833 ], [ -69.12278819, -16.19854631 ], [ -69.12281134, -16.19859976 ], [ -69.12284045, -16.19864405 ], [ -69.12286647, -16.19868843 ], [ -69.12287449, -16.19875725 ], [ -69.12289811, -16.1988287 ], [ -69.12295261, -16.19889338 ], [ -69.12300974, -16.19893999 ], [ -69.12310219, -16.19903075 ], [ -69.12318836, -16.19911866 ], [ -69.12330946, -16.19923572 ], [ -69.12338991, -16.19929496 ], [ -69.12344528, -16.19939263 ], [ -69.1235039, -16.19949622 ], [ -69.12354097, -16.19960635 ], [ -69.1235547, -16.19977406 ], [ -69.12356414, -16.19989687 ], [ -69.12355418, -16.19999014 ], [ -69.12354095, -16.2000775 ], [ -69.12354984, -16.20017931 ], [ -69.12356996, -16.20023584 ], [ -69.12360631, -16.20031897 ], [ -69.12361939, -16.20035334 ], [ -69.12365224, -16.20039286 ], [ -69.12367826, -16.20039991 ], [ -69.12371228, -16.20040867 ], [ -69.12374055, -16.20042527 ], [ -69.12376753, -16.20046877 ], [ -69.12378041, -16.20050495 ], [ -69.12378351, -16.20054713 ], [ -69.12379465, -16.20059295 ], [ -69.12380972, -16.20063675 ], [ -69.12383416, -16.2006592 ], [ -69.12386227, -16.20067003 ], [ -69.1239027, -16.2006652 ], [ -69.12394318, -16.20069301 ], [ -69.1239583, -16.20073873 ], [ -69.1239614, -16.20078091 ], [ -69.1239922, -16.20081856 ], [ -69.12405927, -16.20087453 ], [ -69.12414864, -16.20094724 ], [ -69.12422702, -16.20097989 ], [ -69.1243273, -16.20101391 ], [ -69.12440915, -16.20102727 ], [ -69.1244747, -16.20102565 ], [ -69.12453979, -16.20100677 ], [ -69.1245756, -16.20100781 ], [ -69.12461767, -16.20102022 ], [ -69.12465735, -16.20101732 ], [ -69.12468455, -16.20099361 ], [ -69.12470773, -16.20096807 ], [ -69.12472444, -16.20092349 ], [ -69.12475547, -16.20089391 ], [ -69.12480636, -16.20086385 ], [ -69.12487543, -16.20084487 ], [ -69.12495005, -16.20081038 ], [ -69.12503242, -16.20076803 ], [ -69.12512349, -16.20075426 ], [ -69.12518252, -16.20073169 ], [ -69.12529066, -16.20068677 ], [ -69.12544808, -16.2005959 ], [ -69.12559803, -16.20048778 ], [ -69.12576481, -16.20031082 ], [ -69.12593828, -16.20010489 ], [ -69.12610352, -16.19986964 ], [ -69.12621701, -16.19965078 ], [ -69.12637053, -16.19939492 ], [ -69.12652452, -16.19915706 ], [ -69.12664395, -16.19888044 ], [ -69.12671861, -16.19860203 ], [ -69.12675761, -16.19838501 ], [ -69.12677017, -16.19815422 ], [ -69.12675302, -16.19792777 ], [ -69.12671372, -16.19770907 ], [ -69.12664235, -16.19740473 ], [ -69.12653018, -16.19710787 ], [ -69.12638308, -16.19675858 ], [ -69.12621355, -16.19640623 ], [ -69.1260171, -16.19602214 ], [ -69.12574697, -16.19544468 ], [ -69.12563451, -16.19527819 ], [ -69.12554279, -16.19504997 ], [ -69.12549907, -16.19494661 ], [ -69.12539655, -16.19473306 ], [ -69.12524334, -16.19443433 ], [ -69.125118, -16.19420334 ], [ -69.12497156, -16.19387852 ], [ -69.1247354, -16.19340177 ], [ -69.12459728, -16.19310987 ], [ -69.12448207, -16.19283902 ], [ -69.12441793, -16.19266774 ], [ -69.12439293, -16.19256752 ], [ -69.12426384, -16.19222211 ], [ -69.12420677, -16.19203625 ], [ -69.12409848, -16.19160317 ], [ -69.1240439, -16.19137044 ], [ -69.1240386, -16.19116891 ], [ -69.12398891, -16.19083882 ], [ -69.12396786, -16.19060527 ], [ -69.12391694, -16.1902284 ], [ -69.12388287, -16.18978341 ], [ -69.12383573, -16.18931402 ], [ -69.12384818, -16.18884317 ], [ -69.12385386, -16.18849252 ], [ -69.12384043, -16.18817114 ], [ -69.12383348, -16.18790723 ], [ -69.1238441, -16.1875555 ], [ -69.12381981, -16.18738804 ], [ -69.1238313, -16.18725812 ], [ -69.12382486, -16.1870134 ], [ -69.12378025, -16.18663998 ], [ -69.12370168, -16.18629812 ], [ -69.12360893, -16.1859835 ], [ -69.12346324, -16.18554534 ], [ -69.12329318, -16.18512507 ], [ -69.12318999, -16.1847915 ], [ -69.12311656, -16.18464445 ], [ -69.1229497, -16.18434606 ], [ -69.12269094, -16.18395389 ], [ -69.12247494, -16.18367591 ], [ -69.12211397, -16.18325168 ], [ -69.12184731, -16.18293653 ], [ -69.12154689, -16.18266062 ], [ -69.12117646, -16.18236723 ], [ -69.12084192, -16.18211617 ], [ -69.12044383, -16.18190508 ], [ -69.12003645, -16.18171822 ], [ -69.11968458, -16.18156361 ], [ -69.11939927, -16.18148419 ], [ -69.11909056, -16.18142167 ], [ -69.11875598, -16.18135787 ], [ -69.11852147, -16.18132041 ], [ -69.11801819, -16.18126555 ], [ -69.11743584, -16.18122703 ], [ -69.11687285, -16.18116883 ], [ -69.11622952, -16.18107899 ], [ -69.11542293, -16.18097778 ], [ -69.11473454, -16.18087464 ], [ -69.11412114, -16.18078886 ], [ -69.11348863, -16.18073235 ], [ -69.11302495, -16.1806717 ], [ -69.11254663, -16.18062102 ], [ -69.11201938, -16.18052351 ], [ -69.11132081, -16.180411 ], [ -69.11052318, -16.18031052 ], [ -69.10975523, -16.18020451 ], [ -69.10904798, -16.18010181 ], [ -69.10850931, -16.18002378 ], [ -69.10808612, -16.17999094 ], [ -69.10759252, -16.17992621 ], [ -69.1071081, -16.17983245 ], [ -69.10670439, -16.17978472 ], [ -69.10620137, -16.17973943 ], [ -69.10578873, -16.17973033 ], [ -69.10533363, -16.17969346 ], [ -69.10501075, -16.17969657 ], [ -69.10468303, -16.17970459 ], [ -69.1043609, -16.17973649 ], [ -69.10402834, -16.17974944 ], [ -69.10371476, -16.1797283 ], [ -69.10353079, -16.17972321 ], [ -69.10340628, -16.17971185 ], [ -69.10333626, -16.17969436 ], [ -69.10326586, -16.17966247 ], [ -69.10322972, -16.17961054 ], [ -69.10314989, -16.17959809 ], [ -69.10309043, -16.17960435 ], [ -69.1030614, -16.17963387 ], [ -69.10300282, -16.17967371 ], [ -69.10296869, -16.17969856 ], [ -69.10283016, -16.17972115 ], [ -69.10265027, -16.17968234 ], [ -69.10253097, -16.17968046 ], [ -69.10243663, -16.17968277 ], [ -69.10234216, -16.17968028 ], [ -69.1022524, -16.17966808 ], [ -69.1021531, -16.17967051 ], [ -69.10200935, -16.17968363 ], [ -69.10186485, -16.17966796 ], [ -69.10161912, -16.17962756 ], [ -69.10126011, -16.17955532 ], [ -69.10092871, -16.1794704 ], [ -69.10053725, -16.17934494 ], [ -69.10001736, -16.17911677 ], [ -69.09964605, -16.1789308 ], [ -69.09935344, -16.17873912 ], [ -69.09925742, -16.17867622 ], [ -69.09893482, -16.17845304 ], [ -69.09855472, -16.17816824 ], [ -69.09778112, -16.17749539 ], [ -69.09703293, -16.17681507 ], [ -69.09636723, -16.17615433 ], [ -69.09584588, -16.1755981 ], [ -69.09524778, -16.17495732 ], [ -69.09475642, -16.17440755 ], [ -69.09433378, -16.17392093 ], [ -69.09378727, -16.17325727 ], [ -69.09323264, -16.17256788 ], [ -69.09299366, -16.17226403 ], [ -69.09247657, -16.17158524 ], [ -69.091928, -16.17084241 ], [ -69.09145561, -16.17016253 ], [ -69.09113843, -16.16971798 ], [ -69.09089757, -16.16934214 ], [ -69.09068631, -16.16895838 ], [ -69.0905287, -16.16863093 ], [ -69.09034073, -16.16828261 ], [ -69.09019462, -16.16782523 ], [ -69.09016032, -16.16765321 ], [ -69.090164, -16.16750908 ], [ -69.09012413, -16.16740922 ], [ -69.09003975, -16.16731765 ], [ -69.08997047, -16.16723292 ], [ -69.08992852, -16.16705388 ], [ -69.08988639, -16.16686766 ], [ -69.08990422, -16.16669437 ], [ -69.08989914, -16.16650003 ], [ -69.08991121, -16.1663917 ], [ -69.08996985, -16.16635426 ], [ -69.09005546, -16.16620812 ], [ -69.09010094, -16.1661806 ], [ -69.0901511, -16.16619858 ], [ -69.09018164, -16.16622665 ], [ -69.09023192, -16.16624943 ], [ -69.09028107, -16.16622902 ], [ -69.09029879, -16.16614696 ], [ -69.09028114, -16.16604176 ], [ -69.09032954, -16.16599256 ], [ -69.09034789, -16.1659345 ], [ -69.09037605, -16.16587139 ], [ -69.0903692, -16.16579953 ], [ -69.09034846, -16.16576643 ], [ -69.09033169, -16.16569482 ], [ -69.09032955, -16.16561324 ], [ -69.0903628, -16.16555481 ], [ -69.09040571, -16.16548558 ], [ -69.09045944, -16.16545066 ], [ -69.0904937, -16.16543062 ], [ -69.09054756, -16.16540049 ], [ -69.09059162, -16.16537541 ], [ -69.09064039, -16.16534061 ], [ -69.09070318, -16.16527185 ], [ -69.09073568, -16.16518463 ], [ -69.09075912, -16.16513124 ], [ -69.09080205, -16.16506297 ], [ -69.0908507, -16.16502337 ], [ -69.09087911, -16.16496986 ], [ -69.09089709, -16.1648974 ], [ -69.0909255, -16.16484389 ], [ -69.09097886, -16.16479457 ], [ -69.0910326, -16.16475965 ], [ -69.09105692, -16.16473985 ], [ -69.09108049, -16.16469126 ], [ -69.09115371, -16.16464146 ], [ -69.09119752, -16.16460677 ], [ -69.0912165, -16.1645727 ], [ -69.09126414, -16.16449471 ], [ -69.09131751, -16.1644454 ], [ -69.09138117, -16.16441023 ], [ -69.0914642, -16.16435538 ], [ -69.09151272, -16.16431099 ], [ -69.09158135, -16.1642757 ], [ -69.09163, -16.1642361 ], [ -69.09169901, -16.16421521 ], [ -69.09177782, -16.16418927 ], [ -69.09185255, -16.16419705 ], [ -69.09192281, -16.16422414 ], [ -69.0919582, -16.16424729 ], [ -69.09201394, -16.16428914 ], [ -69.09203965, -16.16432212 ], [ -69.09207566, -16.16436926 ], [ -69.09211104, -16.1643924 ], [ -69.09217471, -16.16435723 ], [ -69.09223253, -16.1642886 ], [ -69.09228702, -16.16428247 ], [ -69.09234472, -16.16420903 ], [ -69.09236194, -16.16410778 ], [ -69.09240412, -16.16401072 ], [ -69.09244233, -16.16395217 ], [ -69.09250512, -16.16388341 ], [ -69.09259399, -16.16386204 ], [ -69.09270197, -16.16381138 ], [ -69.09278028, -16.16376626 ], [ -69.09282729, -16.16366428 ], [ -69.09286855, -16.16349425 ], [ -69.09292424, -16.16334405 ], [ -69.0930106, -16.1632267 ], [ -69.0930879, -16.16314319 ], [ -69.09318557, -16.16307838 ], [ -69.09329305, -16.16300853 ], [ -69.09338625, -16.16296304 ], [ -69.0934679, -16.16285541 ], [ -69.09350027, -16.16276339 ], [ -69.09353276, -16.16267617 ], [ -69.09354998, -16.16257492 ], [ -69.09355219, -16.16246923 ], [ -69.09354955, -16.16236847 ], [ -69.09356715, -16.16228161 ], [ -69.09359368, -16.16215612 ], [ -69.0936361, -16.16206866 ], [ -69.09368795, -16.16196176 ], [ -69.09373497, -16.16185978 ], [ -69.09376275, -16.16178227 ], [ -69.09378506, -16.1616857 ], [ -69.09375251, -16.16158086 ], [ -69.09370506, -16.16147639 ], [ -69.09361306, -16.1613778 ], [ -69.0935458, -16.16127574 ], [ -69.09352865, -16.16118973 ], [ -69.09352588, -16.16108416 ], [ -69.09350314, -16.16097428 ], [ -69.09346178, -16.16091287 ], [ -69.09342043, -16.16085147 ], [ -69.09338788, -16.16074663 ], [ -69.09336985, -16.16062703 ], [ -69.09335307, -16.16055542 ], [ -69.09330738, -16.16051812 ], [ -69.09324095, -16.16044772 ], [ -69.09320394, -16.1603622 ], [ -69.09318157, -16.16026672 ], [ -69.09316341, -16.16014232 ], [ -69.09311049, -16.16001878 ], [ -69.09303288, -16.15990063 ], [ -69.09295055, -16.15979221 ], [ -69.09286439, -16.1597271 ], [ -69.09277402, -16.15969089 ], [ -69.09267434, -16.15967892 ], [ -69.09252452, -16.15964897 ], [ -69.09240969, -16.15962777 ], [ -69.09228444, -16.15958762 ], [ -69.09219357, -16.15953222 ], [ -69.09200993, -16.15934945 ], [ -69.09188726, -16.159218 ], [ -69.0917161, -16.15905605 ], [ -69.091527, -16.15885421 ], [ -69.09135009, -16.15873849 ], [ -69.0912237, -16.15865515 ], [ -69.09109795, -16.15859581 ], [ -69.09099281, -16.15856476 ], [ -69.09085737, -16.15851526 ], [ -69.09068807, -16.15850019 ], [ -69.09056866, -16.1584935 ], [ -69.09042951, -16.1584921 ], [ -69.09026567, -16.1584961 ], [ -69.0901017, -16.1584953 ], [ -69.08990694, -16.15845684 ], [ -69.0898023, -16.15844499 ], [ -69.08963262, -16.15841553 ], [ -69.08953269, -16.15839396 ], [ -69.08938224, -16.15834002 ], [ -69.08928715, -16.15831353 ], [ -69.0891526, -16.15829761 ], [ -69.08900849, -16.15829633 ], [ -69.08888462, -16.15830895 ], [ -69.08878569, -16.15832577 ], [ -69.08855159, -16.15830268 ], [ -69.08831586, -16.15821721 ], [ -69.08818564, -16.15817717 ], [ -69.08799609, -16.15814819 ], [ -69.08778952, -16.158038 ], [ -69.08756956, -16.15798575 ], [ -69.08733359, -16.15792909 ], [ -69.08716365, -16.15789002 ], [ -69.0870636, -16.15786366 ], [ -69.08691937, -16.15785757 ], [ -69.08675578, -16.15787117 ], [ -69.08657842, -16.15792831 ], [ -69.08640565, -16.15797094 ], [ -69.08624356, -16.15804212 ], [ -69.0860904, -16.15807467 ], [ -69.08597759, -16.15813023 ], [ -69.08582965, -16.15817226 ], [ -69.08573122, -16.15820827 ], [ -69.08564248, -16.15823444 ], [ -69.08553451, -16.15828509 ], [ -69.08544218, -16.15836417 ], [ -69.08534897, -16.15840966 ], [ -69.08523069, -16.15844615 ], [ -69.08514667, -16.15846261 ], [ -69.08499897, -16.15851423 ], [ -69.08491557, -16.15855467 ], [ -69.08479283, -16.15861048 ], [ -69.08472457, -16.15866016 ], [ -69.08465173, -16.15872436 ], [ -69.08461923, -16.15881158 ], [ -69.08448184, -16.15887735 ], [ -69.08435834, -16.15890437 ], [ -69.08428016, -16.15895429 ], [ -69.08420706, -16.1590089 ], [ -69.08411894, -16.15905906 ], [ -69.08405663, -16.15903177 ], [ -69.08399717, -16.15903802 ], [ -69.0839484, -16.15907282 ], [ -69.08389516, -16.15912694 ], [ -69.0838151, -16.15910488 ], [ -69.08377438, -16.15906746 ], [ -69.08368972, -16.15905993 ], [ -69.08361028, -16.15906186 ], [ -69.0835651, -16.15904376 ], [ -69.08346555, -16.15903658 ], [ -69.08338277, -16.15910102 ], [ -69.08330955, -16.15915082 ], [ -69.08322527, -16.15915768 ], [ -69.08316544, -16.15914954 ], [ -69.08311442, -16.15909796 ], [ -69.08309424, -16.15908645 ], [ -69.08306345, -16.15904879 ], [ -69.08305308, -16.15903224 ], [ -69.08303018, -16.15901119 ], [ -69.08300994, -16.15899728 ], [ -69.08298977, -16.15898577 ], [ -69.08297425, -16.15896214 ], [ -69.08293352, -16.15892472 ], [ -69.08291502, -16.15888196 ], [ -69.08289944, -16.15885593 ], [ -69.08288973, -16.15880767 ], [ -69.08288898, -16.15877888 ], [ -69.08286892, -16.15877169 ], [ -69.082857, -16.15877198 ], [ -69.08283873, -16.15875706 ], [ -69.08282075, -16.15875366 ], [ -69.08276281, -16.15874163 ], [ -69.08272528, -16.15875022 ], [ -69.08270909, -16.15873909 ], [ -69.082679, -16.15872831 ], [ -69.08265507, -16.15872505 ], [ -69.08262706, -16.15871805 ], [ -69.08259742, -16.15872453 ], [ -69.0825656, -16.15872339 ], [ -69.08254325, -16.15870473 ], [ -69.0825288, -16.15868395 ], [ -69.08251995, -16.1586496 ], [ -69.08249165, -16.15863108 ], [ -69.08245977, -16.15862802 ], [ -69.08241913, -16.15859852 ], [ -69.08240106, -16.15857255 ], [ -69.08236842, -16.15855894 ], [ -69.08235569, -16.15854725 ], [ -69.08234774, -16.15852824 ], [ -69.08233725, -16.15850689 ], [ -69.0823195, -16.15849292 ], [ -69.08229448, -16.15848632 ], [ -69.08226903, -16.15846294 ], [ -69.08223793, -16.15841328 ], [ -69.08222712, -16.15837993 ], [ -69.08221563, -16.15832019 ], [ -69.08221444, -16.15827461 ], [ -69.08221108, -16.15824108 ], [ -69.08221051, -16.15821949 ], [ -69.08221758, -16.15820491 ], [ -69.08222645, -16.15816388 ], [ -69.08222309, -16.15813035 ], [ -69.08224251, -16.15811307 ], [ -69.08225492, -16.15811277 ], [ -69.082263, -16.15813658 ], [ -69.08228323, -16.15815049 ], [ -69.08230576, -16.15815715 ], [ -69.08233543, -16.15815162 ], [ -69.08235981, -16.15813422 ], [ -69.0823513, -16.15809362 ], [ -69.08234788, -16.15805769 ], [ -69.08234502, -16.15804335 ], [ -69.08232478, -16.15802944 ], [ -69.08230009, -16.15803485 ], [ -69.0822878, -16.15803995 ], [ -69.08227042, -16.15804037 ], [ -69.08225286, -16.1580336 ], [ -69.08224038, -16.1580315 ], [ -69.08222319, -16.15803912 ], [ -69.08221116, -16.15805382 ], [ -69.08218875, -16.15805197 ], [ -69.08218061, -16.15802576 ], [ -69.08216993, -16.15799721 ], [ -69.08215938, -16.15797346 ], [ -69.08214895, -16.15795451 ], [ -69.08212387, -16.15794551 ], [ -69.08210425, -16.15791718 ], [ -69.08206893, -16.15789644 ], [ -69.08204405, -16.15789464 ], [ -69.08202419, -16.15789513 ], [ -69.08200452, -16.15790281 ], [ -69.08197932, -16.15788902 ], [ -69.08197372, -16.15786515 ], [ -69.08197291, -16.15783396 ], [ -69.08197489, -16.15781471 ], [ -69.08197439, -16.15779551 ], [ -69.08195683, -16.15778874 ], [ -69.081932, -16.15778934 ], [ -69.08190761, -16.15780674 ], [ -69.0818859, -16.15783128 ], [ -69.08185667, -16.1578536 ], [ -69.08182962, -16.15786386 ], [ -69.08180243, -16.15786933 ], [ -69.08178748, -16.15786729 ], [ -69.08176718, -16.15785098 ], [ -69.08175408, -16.15782489 ], [ -69.08175345, -16.1578009 ], [ -69.08175525, -16.15777445 ], [ -69.08175723, -16.15775519 ], [ -69.08175393, -16.15772406 ], [ -69.08174095, -16.15770277 ], [ -69.08172028, -16.15767207 ], [ -69.08169496, -16.15765348 ], [ -69.08167192, -16.15762763 ], [ -69.08166596, -16.15758937 ], [ -69.08165807, -16.15757275 ], [ -69.08165012, -16.15755374 ], [ -69.08165949, -16.1575319 ], [ -69.08166631, -16.15750773 ], [ -69.08166593, -16.15749334 ], [ -69.08164799, -16.15747217 ], [ -69.08161777, -16.1574561 ], [ -69.08158506, -16.15744009 ], [ -69.08155942, -16.15740951 ], [ -69.08154632, -16.15738342 ], [ -69.08153086, -16.15736219 ], [ -69.08150541, -16.1573388 ], [ -69.08147028, -16.15732525 ], [ -69.08145991, -16.1573087 ], [ -69.08144677, -16.15728117 ], [ -69.08145589, -16.15724974 ], [ -69.08145495, -16.15721375 ], [ -69.0814491, -16.15718028 ], [ -69.08142105, -16.15715216 ], [ -69.08138554, -16.15712421 ], [ -69.0813401, -16.15709651 ], [ -69.08128995, -16.15707853 ], [ -69.08122435, -16.15703932 ], [ -69.08116911, -16.15701666 ], [ -69.08111908, -16.15700347 ], [ -69.08106123, -16.15697607 ], [ -69.08101586, -16.15695077 ], [ -69.08097812, -16.15693249 ], [ -69.08095019, -16.15690916 ], [ -69.08091512, -16.15689801 ], [ -69.08086771, -16.15688956 ], [ -69.0808475, -16.15687661 ], [ -69.08082695, -16.1568507 ], [ -69.08080442, -16.15684405 ], [ -69.08077724, -16.15684951 ], [ -69.08075235, -16.15684772 ], [ -69.08072727, -16.15683873 ], [ -69.08070226, -16.15683214 ], [ -69.08067911, -16.15680149 ], [ -69.08065856, -16.15677558 ], [ -69.08064304, -16.15675196 ], [ -69.08062013, -16.15673091 ], [ -69.08056954, -16.15669613 ], [ -69.08054912, -16.15667502 ], [ -69.08051578, -16.15663502 ], [ -69.08048766, -16.1566045 ], [ -69.08044999, -16.15658861 ], [ -69.0804027, -16.15658496 ], [ -69.0803654, -16.15658347 ], [ -69.08033753, -16.15656254 ], [ -69.08030774, -16.15656327 ], [ -69.08026585, -16.15657629 ], [ -69.08022861, -16.1565772 ], [ -69.08018889, -16.15657817 ], [ -69.08014861, -16.15655754 ], [ -69.08011342, -16.1565416 ], [ -69.0800781, -16.15652085 ], [ -69.08005774, -16.15650214 ], [ -69.0800102, -16.15648889 ], [ -69.07997519, -16.15646094 ], [ -69.07993701, -16.15642586 ], [ -69.07990921, -16.15640733 ], [ -69.07987892, -16.15638886 ], [ -69.07984856, -16.156368 ], [ -69.07978848, -16.15635025 ], [ -69.07974585, -16.15633449 ], [ -69.07969054, -16.15630943 ], [ -69.07965331, -16.15631033 ], [ -69.07961321, -16.15629691 ], [ -69.07957522, -16.15626902 ], [ -69.07953246, -16.15624846 ], [ -69.07950254, -16.15624439 ], [ -69.07947169, -16.15620433 ], [ -69.07944382, -16.1561834 ], [ -69.07939914, -16.15618449 ], [ -69.07936693, -16.15618767 ], [ -69.07933205, -16.15618372 ], [ -69.07931144, -16.15615542 ], [ -69.07930535, -16.15611235 ], [ -69.07928672, -16.15606479 ], [ -69.07925109, -16.15603205 ], [ -69.07923066, -16.15601094 ], [ -69.07920006, -16.15598047 ], [ -69.07915048, -16.15598408 ], [ -69.07913483, -16.15595566 ], [ -69.0791321, -16.15594612 ], [ -69.07910218, -16.15594205 ], [ -69.07907239, -16.15594277 ], [ -69.07904012, -16.15594356 ], [ -69.07900003, -16.15593013 ], [ -69.07897228, -16.155914 ], [ -69.07892666, -16.1558791 ], [ -69.07889103, -16.15584636 ], [ -69.07886272, -16.15580864 ], [ -69.07885459, -16.15578243 ], [ -69.07885352, -16.15574164 ], [ -69.07885246, -16.15570086 ], [ -69.0788491, -16.15566733 ], [ -69.07883587, -16.15563644 ], [ -69.07881284, -16.15561059 ], [ -69.07880731, -16.15558912 ], [ -69.0788093, -16.15556987 ], [ -69.07879619, -16.15554378 ], [ -69.07877621, -16.15553946 ], [ -69.07876113, -16.15553263 ], [ -69.07873568, -16.15550924 ], [ -69.07872214, -16.15546636 ], [ -69.07871363, -16.15542575 ], [ -69.07870078, -16.15540926 ], [ -69.07867099, -16.15540999 ], [ -69.07864921, -16.15543212 ], [ -69.07861948, -16.15543525 ], [ -69.07858429, -16.1554193 ], [ -69.078571, -16.15538601 ], [ -69.07855771, -16.15535273 ], [ -69.07854678, -16.15531458 ], [ -69.07854349, -16.15528345 ], [ -69.07852803, -16.15526222 ], [ -69.07849309, -16.15525587 ], [ -69.07844592, -16.15525702 ], [ -69.07840862, -16.15525553 ], [ -69.07837318, -16.15522999 ], [ -69.07834176, -16.15516833 ], [ -69.07832, -16.15513381 ], [ -69.07832415, -16.1551025 ], [ -69.07832575, -16.15506885 ], [ -69.07831017, -16.15504282 ], [ -69.07829192, -16.15500966 ], [ -69.07829117, -16.15498086 ], [ -69.07829265, -16.15494242 ], [ -69.07829426, -16.15490877 ], [ -69.07827873, -16.15488514 ], [ -69.07825837, -16.15486643 ], [ -69.07823585, -16.15485978 ], [ -69.07821083, -16.15485318 ], [ -69.07818061, -16.15483711 ], [ -69.07816502, -16.15481109 ], [ -69.07815199, -16.1547874 ], [ -69.07812616, -16.15474961 ], [ -69.07811089, -16.15473558 ], [ -69.07808525, -16.15470499 ], [ -69.07806496, -16.15468868 ], [ -69.07803014, -16.15468713 ], [ -69.07799935, -16.15470661 ], [ -69.07796318, -16.1547483 ], [ -69.07793879, -16.1547657 ], [ -69.07789398, -16.15476199 ], [ -69.07785885, -16.15474844 ], [ -69.07783545, -16.1547082 ], [ -69.07782967, -16.15467713 ], [ -69.07784686, -16.15466951 ], [ -69.077861, -16.15464036 ], [ -69.07785535, -16.15461409 ], [ -69.07784734, -16.15459268 ], [ -69.07784938, -16.15457582 ], [ -69.07786161, -16.15456832 ], [ -69.07787867, -16.1545559 ], [ -69.077893, -16.15453394 ], [ -69.07789498, -16.15451469 ], [ -69.07788945, -16.15449322 ], [ -69.07787902, -16.15447427 ], [ -69.07785631, -16.15446042 ], [ -69.07782404, -16.1544612 ], [ -69.07779704, -16.15447386 ], [ -69.07778023, -16.15449588 ], [ -69.07774566, -16.15450392 ], [ -69.07771333, -16.15450231 ], [ -69.07769384, -16.15451719 ], [ -69.07766641, -16.15451306 ], [ -69.07765325, -16.15448457 ], [ -69.07764753, -16.1544559 ], [ -69.07765659, -16.15442207 ], [ -69.07768085, -16.15439987 ], [ -69.07769493, -16.15436832 ], [ -69.07770094, -16.15431295 ], [ -69.07768293, -16.15428939 ], [ -69.0776529, -16.15428051 ], [ -69.07765469, -16.15425406 ], [ -69.07765903, -16.15422995 ], [ -69.07763656, -16.15422569 ], [ -69.0776146, -16.15424063 ], [ -69.0775948, -16.15424352 ], [ -69.07757208, -16.15422967 ], [ -69.0775614, -16.15420112 ], [ -69.0775555, -16.15416525 ], [ -69.0775671, -16.15413376 ], [ -69.07756399, -16.15410983 ], [ -69.0775512, -16.15409573 ], [ -69.07753684, -16.15407832 ], [ -69.07751654, -16.15406201 ], [ -69.07750356, -16.15404072 ], [ -69.07749338, -16.15403136 ], [ -69.0774657, -16.15401763 ], [ -69.07744578, -16.15401572 ], [ -69.07742865, -16.15402574 ], [ -69.07740625, -16.15402388 ], [ -69.07738328, -16.15400043 ], [ -69.07738985, -16.15396666 ], [ -69.07740412, -16.15394231 ], [ -69.07740604, -16.15392065 ], [ -69.07740548, -16.15389906 ], [ -69.07741509, -16.15388682 ], [ -69.07743458, -16.15387195 ], [ -69.07743383, -16.15384315 ], [ -69.07742327, -16.1538194 ], [ -69.0773982, -16.15381041 ], [ -69.07737083, -16.15380868 ], [ -69.07733359, -16.15380959 ], [ -69.07730877, -16.15381019 ], [ -69.0772858, -16.15378674 ], [ -69.07726271, -16.1537585 ], [ -69.07725432, -16.15372269 ], [ -69.07723142, -16.15370164 ], [ -69.077218, -16.15366355 ], [ -69.07719535, -16.1536521 ], [ -69.07718498, -16.15363555 ], [ -69.0771792, -16.15360448 ], [ -69.07718621, -16.1535875 ], [ -69.07718813, -16.15356585 ], [ -69.0771898, -16.1535346 ], [ -69.07719414, -16.15351049 ], [ -69.07719345, -16.1534841 ], [ -69.07717812, -16.15346766 ], [ -69.07716062, -16.15346329 ], [ -69.07712797, -16.15344968 ], [ -69.07709589, -16.15345766 ], [ -69.0770617, -16.1534801 ], [ -69.07704209, -16.15349018 ], [ -69.07702657, -16.15346655 ], [ -69.07701341, -16.15343807 ], [ -69.07701005, -16.15340454 ], [ -69.07701662, -16.15337077 ], [ -69.0769962, -16.15334966 ], [ -69.07696851, -16.15333593 ], [ -69.07695299, -16.1533123 ], [ -69.07694697, -16.15327163 ], [ -69.07696055, -16.15322089 ], [ -69.07698741, -16.15320343 ], [ -69.07700932, -16.15318609 ], [ -69.07701608, -16.15315951 ], [ -69.0770201, -16.15312341 ], [ -69.07701197, -16.1530972 ], [ -69.07700333, -16.15305179 ], [ -69.07699513, -16.15302318 ], [ -69.07696472, -16.15299992 ], [ -69.07693647, -16.15296459 ], [ -69.07691096, -16.15293881 ], [ -69.07688576, -16.15292501 ], [ -69.07685287, -16.15290181 ], [ -69.07682506, -16.15288328 ], [ -69.07681158, -16.1528428 ], [ -69.07681033, -16.15279481 ], [ -69.07681932, -16.15275858 ], [ -69.07682087, -16.15272253 ], [ -69.07682024, -16.15269854 ], [ -69.07679424, -16.15265404 ], [ -69.07674353, -16.15261446 ], [ -69.07672006, -16.15257182 ], [ -69.07671353, -16.15251196 ], [ -69.07669726, -16.15245954 ], [ -69.07669199, -16.15244767 ], [ -69.07669812, -16.1523971 ], [ -69.07669699, -16.15235391 ], [ -69.0766811, -16.15231589 ], [ -69.07665813, -16.15229244 ], [ -69.07662238, -16.1522549 ], [ -69.07658687, -16.15222696 ], [ -69.07654621, -16.15219194 ], [ -69.07651828, -16.15216861 ], [ -69.07648086, -16.15216232 ], [ -69.0764314, -16.15217072 ], [ -69.07637927, -16.15217199 ], [ -69.07635593, -16.15213415 ], [ -69.07633004, -16.15209397 ], [ -69.07628926, -16.15205415 ], [ -69.07624423, -16.15199427 ], [ -69.07619889, -16.15197016 ], [ -69.07616816, -16.1519349 ], [ -69.07618174, -16.15188416 ], [ -69.07616506, -16.15181614 ], [ -69.0761416, -16.1517735 ], [ -69.07610696, -16.15173113 ], [ -69.07607567, -16.15167427 ], [ -69.07606318, -16.15162416 ], [ -69.07603199, -16.1515709 ], [ -69.07600861, -16.15153186 ], [ -69.07601102, -16.15148139 ], [ -69.07604779, -16.15146249 ], [ -69.0760691, -16.15142235 ], [ -69.07606779, -16.15137197 ], [ -69.07604989, -16.15125717 ], [ -69.07604782, -16.151178 ], [ -69.07602408, -16.15112456 ], [ -69.07598218, -16.15108957 ], [ -69.07594754, -16.1510472 ], [ -69.07590508, -16.15099061 ], [ -69.07586709, -16.15096273 ], [ -69.07580686, -16.15093899 ], [ -69.07576524, -16.15091479 ], [ -69.07573442, -16.15087593 ], [ -69.07570648, -16.15080459 ], [ -69.07564969, -16.15076996 ], [ -69.07557447, -16.15074299 ], [ -69.07550353, -16.15073751 ], [ -69.07547846, -16.15069059 ], [ -69.07547743, -16.150651 ], [ -69.07551019, -16.15062139 ], [ -69.07552825, -16.15059935 ], [ -69.07554258, -16.15057739 ], [ -69.07553782, -16.15053789 ], [ -69.07556323, -16.15051207 ], [ -69.07557328, -16.15046861 ], [ -69.07554972, -16.15042237 ], [ -69.07555566, -16.15036461 ], [ -69.07553974, -16.15032538 ], [ -69.07552381, -16.15028616 ], [ -69.07550779, -16.15024334 ], [ -69.07547259, -16.15017937 ], [ -69.07545341, -16.15015823 ], [ -69.07545711, -16.15010953 ], [ -69.07546524, -16.15006431 ], [ -69.07545205, -16.15003463 ], [ -69.07542962, -16.15000816 ], [ -69.07540457, -16.14999977 ], [ -69.07538501, -16.14996424 ], [ -69.07538073, -16.14991933 ], [ -69.07540183, -16.14989481 ], [ -69.07541338, -16.14986151 ], [ -69.07540639, -16.14983167 ], [ -69.07538102, -16.14981129 ], [ -69.07536194, -16.14979375 ], [ -69.07534277, -16.14977321 ], [ -69.07531453, -16.14976189 ], [ -69.07528335, -16.14975665 ], [ -69.07525526, -16.14975133 ], [ -69.07525146, -16.14972441 ], [ -69.07526953, -16.14970297 ], [ -69.07527534, -16.14968782 ], [ -69.07528697, -16.14965753 ], [ -69.07528603, -16.14962154 ], [ -69.0752851, -16.14958555 ], [ -69.07526562, -16.14955302 ], [ -69.07523683, -16.14952071 ], [ -69.07520541, -16.14950647 ], [ -69.07514948, -16.14950483 ], [ -69.07511218, -16.14950334 ], [ -69.07509007, -16.14948887 ], [ -69.07508626, -16.14946195 ], [ -69.07508859, -16.14943189 ], [ -69.07511317, -16.14942229 ], [ -69.07513458, -16.14940976 ], [ -69.07515878, -16.14938516 ], [ -69.07515808, -16.14935817 ], [ -69.07513286, -16.14934378 ], [ -69.07510478, -16.14933846 ], [ -69.07508314, -16.14934199 ], [ -69.07506382, -16.14931545 ], [ -69.07504799, -16.14930384 ], [ -69.0750199, -16.14929852 ], [ -69.07504689, -16.14926185 ], [ -69.07506496, -16.1492404 ], [ -69.07506426, -16.14921341 ], [ -69.07504517, -16.14919587 ], [ -69.07502004, -16.14918448 ], [ -69.07501918, -16.14915149 ], [ -69.07502802, -16.14913327 ], [ -69.07503631, -16.14909406 ], [ -69.07504554, -16.14909083 ], [ -69.075064, -16.14908438 ], [ -69.07509169, -16.1490747 ], [ -69.07511279, -16.14905018 ], [ -69.07511209, -16.14902319 ], [ -69.0751051, -16.14899335 ], [ -69.07507957, -16.14896696 ], [ -69.07506017, -16.14893743 ], [ -69.07503464, -16.14891104 ], [ -69.07502703, -16.14885721 ], [ -69.07500127, -16.14882182 ], [ -69.07496333, -16.14879574 ], [ -69.07494091, -16.14876928 ], [ -69.07493066, -16.14873352 ], [ -69.07492956, -16.14869153 ], [ -69.07491024, -16.14866499 ], [ -69.07492466, -16.14862263 ], [ -69.07494917, -16.14861003 ], [ -69.07497074, -16.1486035 ], [ -69.07500495, -16.14860567 ], [ -69.07502388, -16.14861721 ], [ -69.07506119, -16.1486193 ], [ -69.07508842, -16.14859163 ], [ -69.07512836, -16.14857565 ], [ -69.07517149, -16.1485626 ], [ -69.07517381, -16.14853253 ], [ -69.07515728, -16.14849392 ], [ -69.07515658, -16.14846693 ], [ -69.07511845, -16.14843365 ], [ -69.07508393, -16.14841949 ], [ -69.07506453, -16.14838995 ], [ -69.0750663, -16.14833889 ], [ -69.07507428, -16.14828768 ], [ -69.07506435, -16.14826391 ], [ -69.07503882, -16.14823753 ], [ -69.07503113, -16.1481807 ], [ -69.07502964, -16.14812372 ], [ -69.0750412, -16.14809042 ], [ -69.07505911, -16.14806298 ], [ -69.07508571, -16.14801132 ], [ -69.07510284, -16.14795388 ], [ -69.07507979, -16.14790343 ], [ -69.07504154, -16.14786535 ], [ -69.07500647, -16.14783019 ], [ -69.07498365, -16.14778873 ], [ -69.0749762, -16.1477409 ], [ -69.07496851, -16.14768407 ], [ -69.07498882, -16.14762956 ], [ -69.0749816, -16.14759072 ], [ -69.07496809, -16.14754904 ], [ -69.0749611, -16.1475192 ], [ -69.0749538, -16.14747736 ], [ -69.07492911, -16.14736393 ], [ -69.07491404, -16.14726226 ], [ -69.07491743, -16.14715415 ], [ -69.07492129, -16.14706402 ], [ -69.07495571, -16.14695515 ], [ -69.07499092, -16.14687627 ], [ -69.07500719, -16.14678585 ], [ -69.07506148, -16.14672451 ], [ -69.07513391, -16.14664472 ], [ -69.07515702, -16.14657813 ], [ -69.07517266, -16.14646372 ], [ -69.07521423, -16.14639068 ], [ -69.07527535, -16.14635319 ], [ -69.0753858, -16.14630248 ], [ -69.07546569, -16.14627052 ], [ -69.07560765, -16.14623706 ], [ -69.07574292, -16.14618575 ], [ -69.07584764, -16.14615319 ], [ -69.07592101, -16.14610939 ], [ -69.07600789, -16.14610727 ], [ -69.07610067, -16.14609301 ], [ -69.07617451, -16.1460672 ], [ -69.07627907, -16.14602864 ], [ -69.07639573, -16.14597779 ], [ -69.07650696, -16.14595707 ], [ -69.07660005, -16.14595481 ], [ -69.07671144, -16.14594009 ], [ -69.07680917, -16.14587769 ], [ -69.07690721, -16.14582729 ], [ -69.07699811, -16.14574105 ], [ -69.07708947, -16.1456728 ], [ -69.07716269, -16.145623 ], [ -69.07721046, -16.14554981 ], [ -69.07730001, -16.14541199 ], [ -69.07737878, -16.145194 ], [ -69.07744353, -16.14500997 ], [ -69.07747515, -16.14488916 ], [ -69.07749063, -16.14472073 ], [ -69.07749543, -16.14452376 ], [ -69.07748262, -16.14441363 ], [ -69.07747056, -16.1443323 ], [ -69.07748879, -16.14426944 ], [ -69.07749238, -16.14421653 ], [ -69.07745179, -16.14418391 ], [ -69.07742596, -16.14414613 ], [ -69.07742955, -16.14409323 ], [ -69.07745809, -16.14404452 ], [ -69.07748166, -16.14399593 ], [ -69.07748041, -16.14394794 ], [ -69.07745408, -16.14389097 ], [ -69.07745221, -16.14381899 ], [ -69.07744958, -16.14371822 ], [ -69.07746197, -16.14362189 ], [ -69.07748479, -16.14354451 ], [ -69.07750265, -16.14346725 ], [ -69.07751541, -16.14338531 ], [ -69.07750612, -16.14333837 ], [ -69.07749314, -16.14331708 ], [ -69.07749258, -16.14329548 ], [ -69.07751206, -16.1432806 ], [ -69.07752639, -16.14325865 ], [ -69.07752608, -16.14324665 ], [ -69.07750839, -16.14323508 ], [ -69.07749573, -16.14322578 ], [ -69.07749033, -16.14320911 ], [ -69.0774897, -16.14318512 ], [ -69.07749398, -16.14315861 ], [ -69.07751104, -16.14314619 ], [ -69.07753058, -16.14313371 ], [ -69.07753275, -16.14312165 ], [ -69.07752232, -16.1431027 ], [ -69.0775047, -16.14309352 ], [ -69.077497, -16.14308411 ], [ -69.07750618, -16.14305508 ], [ -69.07751809, -16.14303558 ], [ -69.07752739, -16.14301135 ], [ -69.07752186, -16.14298988 ], [ -69.07750647, -16.14297104 ], [ -69.07749821, -16.14294003 ], [ -69.0774951, -16.1429161 ], [ -69.07749441, -16.14288971 ], [ -69.0775008, -16.14284874 ], [ -69.07749986, -16.14281276 ], [ -69.07750681, -16.14279338 ], [ -69.07752616, -16.1427737 ], [ -69.07753547, -16.14274947 ], [ -69.0775349, -16.14272788 ], [ -69.07753421, -16.14270148 ], [ -69.07752608, -16.14267527 ], [ -69.07752018, -16.14263941 ], [ -69.07751924, -16.14260342 ], [ -69.07752927, -16.14251195 ], [ -69.07754892, -16.14240823 ], [ -69.07756926, -16.14233092 ], [ -69.07760729, -16.14226517 ], [ -69.0776631, -16.14216718 ], [ -69.07768714, -16.14213658 ], [ -69.0777177, -16.14211783 ], [ -69.0777353, -16.14207839 ], [ -69.07776834, -16.14203557 ], [ -69.07779556, -16.1420079 ], [ -69.07782604, -16.14198615 ], [ -69.07785652, -16.1419644 ], [ -69.07788979, -16.14193058 ], [ -69.07792267, -16.14188177 ], [ -69.07795284, -16.14184802 ], [ -69.077983, -16.14181428 ], [ -69.07802605, -16.14179822 ], [ -69.07805041, -16.14177962 ], [ -69.0780874, -16.14176972 ], [ -69.0781244, -16.14175982 ], [ -69.07814852, -16.14173222 ], [ -69.07816597, -16.14168678 ], [ -69.07818364, -16.14165034 ], [ -69.07821699, -16.14161952 ], [ -69.07824096, -16.14158592 ], [ -69.07827399, -16.14154311 ], [ -69.07829756, -16.14149451 ], [ -69.07830872, -16.14144623 ], [ -69.07831328, -16.1413831 ], [ -69.07832358, -16.14130182 ], [ -69.07831271, -16.14124207 ], [ -69.07831115, -16.14118209 ], [ -69.0783095, -16.14111911 ], [ -69.0783198, -16.14103783 ], [ -69.07834345, -16.14099224 ], [ -69.0783801, -16.14094513 ], [ -69.07840359, -16.14089355 ], [ -69.07843647, -16.14084473 ], [ -69.07845089, -16.14080236 ], [ -69.07847431, -16.14074778 ], [ -69.07847305, -16.14069979 ], [ -69.07848406, -16.14064551 ], [ -69.0785015, -16.14060007 ], [ -69.07852817, -16.1405514 ], [ -69.07855151, -16.14049382 ], [ -69.07857213, -16.1404513 ], [ -69.07859338, -16.14043278 ], [ -69.07864043, -16.140332 ], [ -69.07869012, -16.14023716 ], [ -69.0787333, -16.14017849 ], [ -69.07876875, -16.14010921 ], [ -69.0788041, -16.14003632 ], [ -69.07882131, -16.13998188 ], [ -69.07885648, -16.1399018 ], [ -69.0788924, -16.13985051 ], [ -69.07895438, -16.13979859 ], [ -69.07902084, -16.13977536 ], [ -69.0790536, -16.13974575 ], [ -69.07910516, -16.13972289 ], [ -69.07912293, -16.13969005 ], [ -69.0791514, -16.13963894 ], [ -69.07921739, -16.13959771 ], [ -69.0793248, -16.13957349 ], [ -69.07942515, -16.13956384 ], [ -69.07953322, -16.13956481 ], [ -69.07971175, -16.13955326 ], [ -69.07983406, -16.13952867 ], [ -69.07997154, -16.13951451 ], [ -69.080046, -16.1395127 ], [ -69.08015723, -16.13949198 ], [ -69.08026493, -16.13947855 ], [ -69.08039686, -16.13945613 ], [ -69.08050561, -16.13945948 ], [ -69.08062033, -16.13945368 ], [ -69.0807228, -16.13945419 ], [ -69.08083808, -16.13946938 ], [ -69.08092542, -16.13948526 ], [ -69.08101572, -16.13949506 ], [ -69.0811057, -16.13949286 ], [ -69.08117172, -16.13952427 ], [ -69.08121649, -16.13957419 ], [ -69.0812576, -16.1396032 ], [ -69.08131781, -16.13964974 ], [ -69.08137189, -16.13969944 ], [ -69.08140417, -16.13974667 ], [ -69.08144153, -16.13975056 ], [ -69.08147914, -16.13976405 ], [ -69.08149931, -16.13977556 ], [ -69.08150974, -16.13979451 ], [ -69.08151514, -16.13981118 ], [ -69.08154288, -16.13982731 ], [ -69.08157738, -16.13981687 ], [ -69.08160456, -16.1398114 ], [ -69.08164186, -16.1398129 ], [ -69.08166184, -16.13981721 ], [ -69.08169436, -16.13982602 ], [ -69.08175139, -16.13982223 ], [ -69.08177609, -16.13981682 ], [ -69.08182033, -16.13979894 ], [ -69.08184534, -16.13980553 ], [ -69.08188028, -16.13981188 ], [ -69.08192496, -16.13981079 ], [ -69.08195412, -16.13978608 ], [ -69.08198887, -16.13978523 ], [ -69.08201133, -16.13978948 ], [ -69.08207339, -16.13978797 ], [ -69.08211826, -16.13979408 ], [ -69.08216313, -16.13980018 ], [ -69.08219961, -16.13977049 ], [ -69.08224919, -16.13976688 ], [ -69.08226346, -16.13974252 ], [ -69.08227747, -16.13970857 ], [ -69.0823291, -16.1396881 ], [ -69.0823664, -16.13968959 ], [ -69.08239059, -16.139665 ], [ -69.08240461, -16.13963104 ], [ -69.08242855, -16.13959685 ], [ -69.08247528, -16.13957891 ], [ -69.08250736, -16.13957092 ], [ -69.08251443, -16.13955634 ], [ -69.08251311, -16.13950596 ], [ -69.08249734, -16.13947273 ], [ -69.0824959, -16.13941755 ], [ -69.08250687, -16.13936207 ], [ -69.08252243, -16.13929207 ], [ -69.08255487, -16.13920245 ], [ -69.08260926, -16.13909789 ], [ -69.08271024, -16.13887456 ], [ -69.08284943, -16.13864069 ], [ -69.08294583, -16.13847989 ], [ -69.08308384, -16.13834328 ], [ -69.08323962, -16.13817383 ], [ -69.08332998, -16.13806719 ], [ -69.08347877, -16.13788711 ], [ -69.08361994, -16.13772882 ], [ -69.08372976, -16.13765412 ], [ -69.08388257, -16.13751355 ], [ -69.08398848, -16.13743174 ], [ -69.08411541, -16.137299 ], [ -69.08428739, -16.13717957 ], [ -69.08442894, -16.13703567 ], [ -69.08454079, -16.1368961 ], [ -69.08465664, -16.13676723 ], [ -69.08472616, -16.13671872 ], [ -69.08478442, -16.13666689 ], [ -69.08485059, -16.13663286 ], [ -69.08495466, -16.13662312 ], [ -69.08501795, -16.13662158 ], [ -69.08508125, -16.13662003 ], [ -69.08518857, -16.1365922 ], [ -69.08529485, -16.13652479 ], [ -69.08536764, -16.13645891 ], [ -69.08548118, -16.13638412 ], [ -69.08557658, -16.13632778 ], [ -69.08569469, -16.13628528 ], [ -69.08576487, -16.13626196 ], [ -69.08585357, -16.13623459 ], [ -69.08599736, -16.13617706 ], [ -69.0860814, -16.13611379 ], [ -69.08618255, -16.13599249 ], [ -69.08624359, -16.13590457 ], [ -69.0863051, -16.13583465 ], [ -69.08636373, -16.13579721 ], [ -69.08647231, -16.13572277 ], [ -69.08660881, -16.13562341 ], [ -69.08670609, -16.13554421 ], [ -69.08680237, -16.13542663 ], [ -69.08683423, -16.13531542 ], [ -69.08685033, -16.13517098 ], [ -69.08688603, -16.13501646 ], [ -69.08696145, -16.13486097 ], [ -69.08702832, -16.13475851 ], [ -69.0871004, -16.13466552 ], [ -69.08723639, -16.13454696 ], [ -69.08736905, -16.13449091 ], [ -69.08749749, -16.13446376 ], [ -69.08759691, -16.13446614 ], [ -69.08766866, -16.13455081 ], [ -69.0877156, -16.13463609 ], [ -69.08773633, -16.1346692 ], [ -69.08783687, -16.13471476 ], [ -69.0878874, -16.13474714 ], [ -69.08797166, -16.13474028 ], [ -69.08799907, -16.13464838 ], [ -69.0880812, -16.13455995 ], [ -69.08811866, -16.13447261 ], [ -69.08812212, -16.1344149 ], [ -69.08807543, -16.13433922 ], [ -69.08801932, -16.13428297 ], [ -69.08796359, -16.13424112 ], [ -69.08787285, -16.13419052 ], [ -69.08780034, -16.13407705 ], [ -69.08782739, -16.13397172 ], [ -69.0878749, -16.13388893 ], [ -69.08799751, -16.13382832 ], [ -69.08804005, -16.13374566 ], [ -69.08807726, -16.13364872 ], [ -69.08819452, -16.13357383 ], [ -69.08829852, -16.13356169 ], [ -69.0883875, -16.13354511 ], [ -69.08846505, -16.1334712 ], [ -69.08853776, -16.1334022 ], [ -69.08854505, -16.13330119 ], [ -69.08856203, -16.13319034 ], [ -69.08868603, -16.1328032 ], [ -69.08887777, -16.13234717 ], [ -69.08907311, -16.13202838 ], [ -69.08942, -16.13161659 ], [ -69.0896385, -16.13142399 ], [ -69.08978045, -16.1313437 ], [ -69.08992416, -16.13133059 ], [ -69.09005348, -16.13133703 ], [ -69.09016816, -16.13135344 ], [ -69.09030741, -16.13135964 ], [ -69.09042222, -16.13138084 ], [ -69.09053206, -16.13140217 ], [ -69.0906512, -16.13139926 ], [ -69.09077493, -16.13138183 ], [ -69.09087421, -16.1313794 ], [ -69.09101918, -16.13141427 ], [ -69.09112915, -16.1314404 ], [ -69.0912092, -16.13146245 ], [ -69.09129893, -16.13147466 ], [ -69.09138703, -16.13142449 ], [ -69.0914708, -16.13139844 ], [ -69.09164939, -16.13138927 ], [ -69.09174462, -16.13138407 ], [ -69.09187432, -16.1314049 ], [ -69.09194382, -16.13140321 ], [ -69.09204757, -16.13138146 ], [ -69.09213196, -16.1313794 ], [ -69.09221239, -16.13141585 ], [ -69.09226725, -16.13142411 ], [ -69.09233738, -16.1314464 ], [ -69.0923627, -16.13146499 ], [ -69.09238369, -16.13150769 ], [ -69.0924146, -16.13155015 ], [ -69.09245394, -16.13153479 ], [ -69.09246236, -16.13147696 ], [ -69.09249598, -16.13143293 ], [ -69.09255455, -16.13139308 ], [ -69.09263398, -16.13139114 ], [ -69.09269355, -16.13138969 ], [ -69.09275161, -16.13133065 ], [ -69.09276958, -16.13125819 ], [ -69.09277725, -16.13117157 ], [ -69.09277003, -16.13108532 ], [ -69.09281766, -16.13100733 ], [ -69.09288899, -16.13088555 ], [ -69.0929803, -16.13076809 ], [ -69.09310227, -16.13068348 ], [ -69.09318402, -16.13058065 ], [ -69.09329173, -16.1305204 ], [ -69.0933704, -16.13048967 ], [ -69.09346856, -16.13044406 ], [ -69.09352191, -16.13039474 ], [ -69.09357972, -16.1303261 ], [ -69.09362315, -16.13027703 ], [ -69.09362189, -16.13022904 ], [ -69.0936344, -16.13013751 ], [ -69.09367298, -16.13009335 ], [ -69.09373142, -16.13004871 ], [ -69.09377472, -16.12999483 ], [ -69.09378314, -16.12993701 ], [ -69.09380114, -16.12986551 ], [ -69.09379988, -16.12981752 ], [ -69.09378361, -16.1297651 ], [ -69.0937728, -16.12973176 ], [ -69.09377689, -16.12969805 ], [ -69.09379958, -16.12961587 ], [ -69.09381296, -16.12955792 ], [ -69.09381133, -16.12949554 ], [ -69.09380486, -16.12943808 ], [ -69.09380807, -16.12937078 ], [ -69.0938464, -16.12931703 ], [ -69.09385991, -16.12926388 ], [ -69.09386349, -16.12921098 ], [ -69.09382761, -16.12916864 ], [ -69.09374668, -16.129113 ], [ -69.09370113, -16.12908051 ], [ -69.09364526, -16.12903386 ], [ -69.09360467, -16.12900124 ], [ -69.09355415, -16.12896886 ], [ -69.09352324, -16.1289264 ], [ -69.0935015, -16.12885491 ], [ -69.09345594, -16.12882242 ], [ -69.09340021, -16.12878057 ], [ -69.09329357, -16.12869194 ], [ -69.09319499, -16.1285311 ], [ -69.0931123, -16.12840828 ], [ -69.09304525, -16.12831389 ], [ -69.09299794, -16.12821422 ], [ -69.09298066, -16.12812341 ], [ -69.09296923, -16.12806607 ], [ -69.09294315, -16.1280187 ], [ -69.09289188, -16.12795753 ], [ -69.09286172, -16.12794386 ], [ -69.09281691, -16.12794015 ], [ -69.09273127, -16.12789423 ], [ -69.09265034, -16.12783859 ], [ -69.09257387, -16.12776364 ], [ -69.09251166, -16.12766433 ], [ -69.09243368, -16.12753179 ], [ -69.09238166, -16.12744183 ], [ -69.09231015, -16.12736676 ], [ -69.09220465, -16.12732132 ], [ -69.09210374, -16.12726137 ], [ -69.09202589, -16.12713363 ], [ -69.09197461, -16.12707246 ], [ -69.09187892, -16.12702198 ], [ -69.09178919, -16.12700977 ], [ -69.09168986, -16.12697258 ], [ -69.09160961, -16.12689532 ], [ -69.09156064, -16.12687491 ], [ -69.09148618, -16.12687673 ], [ -69.09138174, -16.12687208 ], [ -69.09128019, -16.12683495 ], [ -69.09116746, -16.12679809 ], [ -69.09109187, -16.12675672 ], [ -69.09099804, -16.12673021 ], [ -69.09091985, -16.12673212 ], [ -69.09084661, -16.12678072 ], [ -69.09078817, -16.12682536 ], [ -69.09069995, -16.12687073 ], [ -69.09060065, -16.12691997 ], [ -69.09048217, -16.12694807 ], [ -69.09038174, -16.12695413 ], [ -69.09028494, -16.12695649 ], [ -69.09018955, -16.12701284 ], [ -69.09011985, -16.12705415 ], [ -69.09006829, -16.12707702 ], [ -69.08993741, -16.12705861 ], [ -69.0898703, -16.12705665 ], [ -69.08980041, -16.12709077 ], [ -69.08970465, -16.12713272 ], [ -69.0896341, -16.12714164 ], [ -69.08954799, -16.12712574 ], [ -69.08943564, -16.12710328 ], [ -69.08933484, -16.12709494 ], [ -69.08925684, -16.12710404 ], [ -69.08918704, -16.12714176 ], [ -69.08909547, -16.12720161 ], [ -69.08902001, -16.12727908 ], [ -69.08893923, -16.12732426 ], [ -69.08886523, -16.12734408 ], [ -69.08874647, -16.12736138 ], [ -69.0886385, -16.12736402 ], [ -69.08853454, -16.12737736 ], [ -69.08848279, -16.12739303 ], [ -69.08837138, -16.12740655 ], [ -69.08833137, -16.12744354 ], [ -69.08827321, -16.12749898 ], [ -69.08820435, -16.12757268 ], [ -69.08808997, -16.12761509 ], [ -69.08800499, -16.12764237 ], [ -69.0879097, -16.12770231 ], [ -69.08781087, -16.12776955 ], [ -69.08770859, -16.12784767 ], [ -69.08766217, -16.12792443 ], [ -69.08757582, -16.12804177 ], [ -69.08748119, -16.12812691 ], [ -69.08737156, -16.12820881 ], [ -69.08727683, -16.12829034 ], [ -69.08714161, -16.12839088 ], [ -69.08702456, -16.12847368 ], [ -69.08694722, -16.12850798 ], [ -69.08688161, -16.12856359 ], [ -69.08677534, -16.12863101 ], [ -69.0866725, -16.12868754 ], [ -69.08655543, -16.12876962 ], [ -69.08643426, -16.1288374 ], [ -69.08631233, -16.12887638 ], [ -69.08620196, -16.12892949 ], [ -69.08609521, -16.12897891 ], [ -69.08593252, -16.1290261 ], [ -69.08583572, -16.12902846 ], [ -69.08573519, -16.12903091 ], [ -69.08563057, -16.12901906 ], [ -69.08554055, -16.12899605 ], [ -69.08541972, -16.12893418 ], [ -69.08534748, -16.12887832 ], [ -69.08530158, -16.12883263 ], [ -69.08526322, -16.12879035 ], [ -69.08521053, -16.12877003 ], [ -69.08516166, -16.12875322 ], [ -69.08512693, -16.12870725 ], [ -69.08507099, -16.12870502 ], [ -69.08501142, -16.12870647 ], [ -69.08494384, -16.12868651 ], [ -69.08489422, -16.12864091 ], [ -69.08481109, -16.12859612 ], [ -69.08473913, -16.12855106 ], [ -69.08466335, -16.1285025 ], [ -69.08458022, -16.12845771 ], [ -69.08450062, -16.12840564 ], [ -69.08443583, -16.1283496 ], [ -69.08438583, -16.1282896 ], [ -69.08432438, -16.12821908 ], [ -69.08428546, -16.12815521 ], [ -69.08423518, -16.12808441 ], [ -69.08417429, -16.12803548 ], [ -69.08413956, -16.12798951 ], [ -69.08411925, -16.12792519 ], [ -69.08405771, -16.12785107 ], [ -69.08398165, -16.1277917 ], [ -69.08389405, -16.12771822 ], [ -69.08379537, -16.1276486 ], [ -69.0837449, -16.12757061 ], [ -69.08370428, -16.12744196 ], [ -69.08362422, -16.12737189 ], [ -69.08357469, -16.12732988 ], [ -69.08351103, -16.12720324 ], [ -69.08345265, -16.12710743 ], [ -69.08339568, -16.12706561 ], [ -69.08335638, -16.12698734 ], [ -69.0832898, -16.12686293 ], [ -69.08325022, -16.12677386 ], [ -69.08321017, -16.12666681 ], [ -69.08314872, -16.12659628 ], [ -69.08310542, -16.12650731 ], [ -69.08308742, -16.12638891 ], [ -69.08305967, -16.12632477 ], [ -69.08300883, -16.12623238 ], [ -69.08296675, -16.12619019 ], [ -69.0829308, -16.12609744 ], [ -69.08291365, -16.12601143 ], [ -69.08285229, -16.12594451 ], [ -69.08277148, -16.12584565 ], [ -69.08268565, -16.12569722 ], [ -69.08269131, -16.12562866 ], [ -69.08269287, -16.12554579 ], [ -69.08269099, -16.12547382 ], [ -69.08264797, -16.12539564 ], [ -69.08261725, -16.12536038 ], [ -69.0826429, -16.1252013 ], [ -69.08263385, -16.12514031 ], [ -69.08261736, -16.12507949 ], [ -69.0826004, -16.12500068 ], [ -69.08259443, -16.1249144 ], [ -69.08259255, -16.12484242 ], [ -69.08263403, -16.12471897 ], [ -69.0826461, -16.12461064 ], [ -69.08265511, -16.1245276 ], [ -69.0826776, -16.1243902 ], [ -69.08269321, -16.12427459 ], [ -69.0827133, -16.12404507 ], [ -69.08281503, -16.12366087 ], [ -69.08289268, -16.12335288 ], [ -69.0829651, -16.1229874 ], [ -69.08303063, -16.12264369 ], [ -69.0830683, -16.12237413 ], [ -69.08310224, -16.12224726 ], [ -69.08317266, -16.1220907 ], [ -69.08320622, -16.12194943 ], [ -69.08324201, -16.1217505 ], [ -69.08327214, -16.12162012 ], [ -69.08338097, -16.12136539 ], [ -69.08345111, -16.12119803 ], [ -69.08358153, -16.12091396 ], [ -69.08365855, -16.12072482 ], [ -69.0838024, -16.12038425 ], [ -69.08386806, -16.12018819 ], [ -69.08393188, -16.12006419 ], [ -69.08397289, -16.11992275 ], [ -69.08402182, -16.11979911 ], [ -69.08408714, -16.1197327 ], [ -69.08412834, -16.11959845 ], [ -69.08417034, -16.11935255 ], [ -69.08420269, -16.11916451 ], [ -69.08422183, -16.1190416 ], [ -69.08432099, -16.1186445 ], [ -69.08439268, -16.11839427 ], [ -69.08444708, -16.11819488 ], [ -69.0845297, -16.11807763 ], [ -69.08461398, -16.11788112 ], [ -69.08465918, -16.11775757 ], [ -69.08473751, -16.11761882 ], [ -69.08479185, -16.11755988 ], [ -69.08484144, -16.11746143 ], [ -69.08488051, -16.11738846 ], [ -69.08494248, -16.11733653 ], [ -69.08502077, -16.11731013 ], [ -69.08517134, -16.11722723 ], [ -69.08528478, -16.11714884 ], [ -69.08542512, -16.1171022 ], [ -69.08550962, -16.11705693 ], [ -69.08555335, -16.11701985 ], [ -69.08567173, -16.11698815 ], [ -69.08576806, -16.11696779 ], [ -69.08587805, -16.11690029 ], [ -69.08596505, -16.11680814 ], [ -69.08602646, -16.11673462 ], [ -69.08606087, -16.11662574 ], [ -69.08607219, -16.11648862 ], [ -69.08611645, -16.11632909 ], [ -69.08614926, -16.11615904 ], [ -69.08620441, -16.11598844 ], [ -69.08627955, -16.11586993 ], [ -69.0864034, -16.11576248 ], [ -69.08652772, -16.11567302 ], [ -69.08664554, -16.11561972 ], [ -69.08684068, -16.11553213 ], [ -69.08702188, -16.1154809 ], [ -69.0872511, -16.11541408 ], [ -69.08755106, -16.11534554 ], [ -69.08781675, -16.11524902 ], [ -69.08817208, -16.11516112 ], [ -69.08855031, -16.11509427 ], [ -69.08899758, -16.11496091 ], [ -69.08934079, -16.11483729 ], [ -69.0896569, -16.11470281 ], [ -69.08999517, -16.11453249 ], [ -69.09030691, -16.11434482 ], [ -69.09059296, -16.11417218 ], [ -69.09085517, -16.11394251 ], [ -69.0910261, -16.11378348 ], [ -69.09117507, -16.1136394 ], [ -69.09129482, -16.11351764 ], [ -69.09157852, -16.11325502 ], [ -69.09186526, -16.11296641 ], [ -69.09201785, -16.11281864 ], [ -69.09215575, -16.11267842 ], [ -69.09232926, -16.11247612 ], [ -69.09246221, -16.11228921 ], [ -69.09268681, -16.11204605 ], [ -69.09290434, -16.11181746 ], [ -69.09309313, -16.11162919 ], [ -69.09323872, -16.11147007 ], [ -69.09335045, -16.11132689 ], [ -69.09345187, -16.11121638 ], [ -69.09353589, -16.1111531 ], [ -69.09361973, -16.11108263 ], [ -69.09375483, -16.1109785 ], [ -69.09381567, -16.11088338 ], [ -69.09389074, -16.11076271 ], [ -69.09399065, -16.11059462 ], [ -69.09405856, -16.11048492 ], [ -69.09415587, -16.11036011 ], [ -69.09423886, -16.11025725 ], [ -69.09436261, -16.11014619 ], [ -69.09445144, -16.10998196 ], [ -69.0945365, -16.10981567 ], [ -69.09463075, -16.10971614 ], [ -69.09473894, -16.10958025 ], [ -69.0948946, -16.10940719 ], [ -69.09498677, -16.10922848 ], [ -69.09504592, -16.10906859 ], [ -69.09508998, -16.10890186 ], [ -69.09513612, -16.1088143 ], [ -69.0952233, -16.10872935 ], [ -69.09529615, -16.10866634 ], [ -69.09534954, -16.10857141 ], [ -69.09540016, -16.10851255 ], [ -69.09548446, -16.10846008 ], [ -69.09556867, -16.108404 ], [ -69.09558578, -16.10834596 ], [ -69.09558418, -16.10828478 ], [ -69.09553753, -16.1082103 ], [ -69.09554723, -16.10815389 ], [ -69.09554878, -16.10807102 ], [ -69.09556579, -16.10800939 ], [ -69.09557517, -16.10794074 ], [ -69.09560623, -16.10784635 ], [ -69.09567508, -16.10777264 ], [ -69.09573342, -16.1077244 ], [ -69.0957911, -16.10765097 ], [ -69.09581108, -16.10756045 ], [ -69.09583012, -16.10743395 ], [ -69.09582767, -16.10734038 ], [ -69.09581042, -16.10725077 ], [ -69.0958051, -16.10718968 ], [ -69.09580293, -16.10710691 ], [ -69.09576821, -16.10706094 ], [ -69.09571915, -16.10703693 ], [ -69.09566162, -16.10697352 ], [ -69.09563787, -16.10692009 ], [ -69.09562491, -16.10685198 ], [ -69.09560441, -16.10678046 ], [ -69.09559098, -16.10669436 ], [ -69.09558213, -16.10664056 ], [ -69.09552412, -16.10655915 ], [ -69.09552173, -16.10646774 ], [ -69.09551975, -16.10639217 ], [ -69.09551061, -16.10632757 ], [ -69.0955051, -16.10625929 ], [ -69.09551792, -16.10617975 ], [ -69.0955165, -16.10612576 ], [ -69.09548587, -16.1060941 ], [ -69.09543319, -16.10607379 ], [ -69.09539959, -16.10607101 ], [ -69.09534757, -16.10607588 ], [ -69.09527675, -16.10607401 ], [ -69.09523674, -16.106111 ], [ -69.09516685, -16.10614512 ], [ -69.09513448, -16.10618912 ], [ -69.09506003, -16.10619094 ], [ -69.09496286, -16.10617892 ], [ -69.09490367, -16.10619477 ], [ -69.09483351, -16.10621809 ], [ -69.0947787, -16.10625904 ], [ -69.09466443, -16.10630505 ], [ -69.09456123, -16.10634719 ], [ -69.09449469, -16.10636682 ], [ -69.09441029, -16.1064157 ], [ -69.09436265, -16.10644567 ], [ -69.09427788, -16.10648015 ], [ -69.09421487, -16.1064925 ], [ -69.09416761, -16.10653687 ], [ -69.09413877, -16.10657358 ], [ -69.09406907, -16.1066149 ], [ -69.09402032, -16.1066593 ], [ -69.09396905, -16.10669297 ], [ -69.09389478, -16.10670199 ], [ -69.09383159, -16.10670713 ], [ -69.09378022, -16.1067372 ], [ -69.09370624, -16.10675701 ], [ -69.0936169, -16.10675919 ], [ -69.09354932, -16.10673924 ], [ -69.09352642, -16.10671819 ], [ -69.09351403, -16.10667168 ], [ -69.09349429, -16.10662895 ], [ -69.09345678, -16.10661906 ], [ -69.09341526, -16.10659847 ], [ -69.09338236, -16.10658934 ], [ -69.09334978, -16.10659734 ], [ -69.09332343, -16.10661527 ], [ -69.0932924, -16.10660112 ], [ -69.09325972, -16.1066157 ], [ -69.0931945, -16.10654911 ], [ -69.09308636, -16.10644972 ], [ -69.0929962, -16.10632589 ], [ -69.09294453, -16.10624913 ], [ -69.09289317, -16.10618436 ], [ -69.09283034, -16.10615589 ], [ -69.09276704, -16.10610942 ], [ -69.09267876, -16.10605756 ], [ -69.09260352, -16.10602939 ], [ -69.09252224, -16.10600737 ], [ -69.09245352, -16.10599104 ], [ -69.09231686, -16.10598838 ], [ -69.09214573, -16.10585452 ], [ -69.09206257, -16.10576052 ], [ -69.09200155, -16.10556395 ], [ -69.0919432, -16.10546935 ], [ -69.09185972, -16.10536335 ], [ -69.09180663, -16.10523261 ], [ -69.09177805, -16.10508926 ], [ -69.09176824, -16.10495146 ], [ -69.09178325, -16.10481305 ], [ -69.09177359, -16.10468125 ], [ -69.09176346, -16.10453145 ], [ -69.09179025, -16.10436874 ], [ -69.09183565, -16.10420558 ], [ -69.0918494, -16.10401919 ], [ -69.09191119, -16.1037704 ], [ -69.0920045, -16.10354005 ], [ -69.09212388, -16.10335708 ], [ -69.09219583, -16.10325929 ], [ -69.09234191, -16.10314768 ], [ -69.0924393, -16.10307328 ], [ -69.09263596, -16.10299645 ], [ -69.09268277, -16.10288727 ], [ -69.09270413, -16.10275471 ], [ -69.09271309, -16.10262245 ], [ -69.09277106, -16.10246498 ], [ -69.09286625, -16.10230661 ], [ -69.0929751, -16.10219592 ], [ -69.09314412, -16.10201173 ], [ -69.09328863, -16.10184014 ], [ -69.09342167, -16.10170485 ], [ -69.09366483, -16.10150685 ], [ -69.09375012, -16.10144474 ], [ -69.09394772, -16.1014039 ], [ -69.09419275, -16.10127787 ], [ -69.09438847, -16.10116505 ], [ -69.09451036, -16.10107805 ], [ -69.09473089, -16.10096462 ], [ -69.09495205, -16.10087519 ], [ -69.09522315, -16.10079653 ], [ -69.09538321, -16.10074461 ], [ -69.0956174, -16.10067886 ], [ -69.09580353, -16.10067431 ], [ -69.0959906, -16.10070574 ], [ -69.09619228, -16.10082085 ], [ -69.09635234, -16.10076892 ], [ -69.09647611, -16.10075389 ], [ -69.0966492, -16.10072565 ], [ -69.09687067, -16.1006482 ], [ -69.09701926, -16.10063257 ], [ -69.0971322, -16.10067782 ], [ -69.09729445, -16.10070986 ], [ -69.09739592, -16.1007914 ], [ -69.09754545, -16.10081175 ], [ -69.09764754, -16.10091729 ], [ -69.09776268, -16.10104651 ], [ -69.09792619, -16.10112654 ], [ -69.09797865, -16.10123329 ], [ -69.09806896, -16.10136312 ], [ -69.09817545, -16.1016366 ], [ -69.09818833, -16.10174912 ], [ -69.09821246, -16.10191178 ], [ -69.09826461, -16.10200654 ], [ -69.09826838, -16.10215049 ], [ -69.09827214, -16.10229444 ], [ -69.09828509, -16.10240936 ], [ -69.09825907, -16.10255404 ], [ -69.09826159, -16.10265001 ], [ -69.09830506, -16.10279299 ], [ -69.09828747, -16.10287985 ], [ -69.09825002, -16.10296719 ], [ -69.09825329, -16.10309195 ], [ -69.09826598, -16.10319727 ], [ -69.09825832, -16.10328389 ], [ -69.09822954, -16.103323 ], [ -69.09813203, -16.10339261 ], [ -69.09805588, -16.10351931 ], [ -69.09802836, -16.10360641 ], [ -69.09796264, -16.10375207 ], [ -69.09790584, -16.10385909 ], [ -69.09784854, -16.10394692 ], [ -69.09779174, -16.10405394 ], [ -69.09779375, -16.10413072 ], [ -69.09785532, -16.10420603 ], [ -69.09795459, -16.10420361 ], [ -69.09799279, -16.10414505 ], [ -69.09808038, -16.10407569 ], [ -69.09816897, -16.10404471 ], [ -69.09829701, -16.10400317 ], [ -69.09845585, -16.10399928 ], [ -69.09855436, -16.10396806 ], [ -69.09868216, -16.10391692 ], [ -69.09886927, -16.10385472 ], [ -69.09910226, -16.10372418 ], [ -69.09917992, -16.10365506 ], [ -69.09925758, -16.10358594 ], [ -69.0994144, -16.10350528 ], [ -69.09961269, -16.10349082 ], [ -69.09974174, -16.10348766 ], [ -69.09986903, -16.10341732 ], [ -69.10003679, -16.10337481 ], [ -69.10016433, -16.10331407 ], [ -69.1003023, -16.10327228 ], [ -69.10047106, -16.10326815 ], [ -69.10067953, -16.10326304 ], [ -69.10080883, -16.10326948 ], [ -69.10093864, -16.10329511 ], [ -69.10102697, -16.10325454 ], [ -69.1011138, -16.10315638 ], [ -69.10117186, -16.10309734 ], [ -69.1012088, -16.1029908 ], [ -69.10125592, -16.10289362 ], [ -69.10126308, -16.10278781 ], [ -69.10126899, -16.10263402 ], [ -69.10130568, -16.10251788 ], [ -69.10130241, -16.10239313 ], [ -69.10135895, -16.10227651 ], [ -69.10136536, -16.10214191 ], [ -69.10136285, -16.10204594 ], [ -69.10130127, -16.10197062 ], [ -69.10110965, -16.10186008 ], [ -69.10101955, -16.10183348 ], [ -69.10083723, -16.10179376 ], [ -69.10071009, -16.10177527 ], [ -69.10058315, -16.10176397 ], [ -69.10045526, -16.10171669 ], [ -69.10035027, -16.10169045 ], [ -69.10022926, -16.10162139 ], [ -69.10016131, -16.10158704 ], [ -69.10003399, -16.10156135 ], [ -69.0999586, -16.10152718 ], [ -69.09986049, -16.10147917 ], [ -69.09975531, -16.10144573 ], [ -69.09970932, -16.10139644 ], [ -69.09962573, -16.10133367 ], [ -69.09951386, -16.1013292 ], [ -69.09947013, -16.10136628 ], [ -69.09935846, -16.10136902 ], [ -69.09934837, -16.10126843 ], [ -69.09931671, -16.10119718 ], [ -69.09926327, -16.10114808 ], [ -69.09921728, -16.10109879 ], [ -69.09917911, -16.10106371 ], [ -69.0991253, -16.10100021 ], [ -69.09909326, -16.10091456 ], [ -69.0990467, -16.10084368 ], [ -69.09891194, -16.10081817 ], [ -69.09883579, -16.10075521 ], [ -69.09878292, -16.1007277 ], [ -69.09870847, -16.10072952 ], [ -69.09857464, -16.10074 ], [ -69.09856569, -16.1006826 ], [ -69.09861592, -16.10060935 ], [ -69.09866728, -16.10057928 ], [ -69.09874155, -16.10057026 ], [ -69.09882175, -16.10050348 ], [ -69.0988487, -16.10039478 ], [ -69.0989142, -16.10033556 ], [ -69.09898064, -16.10031233 ], [ -69.09909844, -16.10025903 ], [ -69.09916643, -16.10029482 ], [ -69.09924013, -16.10026421 ], [ -69.09931345, -16.1002192 ], [ -69.09938639, -16.1001598 ], [ -69.0993994, -16.10008745 ], [ -69.09938243, -16.10000864 ], [ -69.09938686, -16.0998933 ], [ -69.09938573, -16.09985011 ], [ -69.09940581, -16.0997632 ], [ -69.09943351, -16.09968329 ], [ -69.09948412, -16.09962444 ], [ -69.09955037, -16.09959401 ], [ -69.0995941, -16.09955692 ], [ -69.09966591, -16.09945434 ], [ -69.09971709, -16.09941707 ], [ -69.09977608, -16.09939402 ], [ -69.09993111, -16.09933981 ], [ -69.09998228, -16.09930255 ], [ -69.10003364, -16.09927248 ], [ -69.10009321, -16.09927102 ], [ -69.10015352, -16.09929836 ], [ -69.10021346, -16.09931129 ], [ -69.10026576, -16.09931721 ], [ -69.10029743, -16.09938846 ], [ -69.10033654, -16.09945953 ], [ -69.10034493, -16.09949533 ], [ -69.10039836, -16.09954444 ], [ -69.10049515, -16.09954207 ], [ -69.10056178, -16.09952604 ], [ -69.10063453, -16.09945943 ], [ -69.10070041, -16.09941461 ], [ -69.10077524, -16.09942718 ], [ -69.10081416, -16.09949105 ], [ -69.10085902, -16.09949715 ], [ -69.10095731, -16.09955236 ], [ -69.10102451, -16.09955792 ], [ -69.10109264, -16.09959947 ], [ -69.10105005, -16.09967973 ], [ -69.10105193, -16.09975171 ], [ -69.10105269, -16.0997805 ], [ -69.10107653, -16.09983754 ], [ -69.10113722, -16.09987926 ], [ -69.10118934, -16.09987799 ], [ -69.10125395, -16.09995563 ], [ -69.10132322, -16.10004036 ], [ -69.10133331, -16.10014095 ], [ -69.10139381, -16.10017548 ], [ -69.10149955, -16.1002305 ], [ -69.10154592, -16.10029419 ], [ -69.10157777, -16.10037263 ], [ -69.10163234, -16.10046493 ], [ -69.10172338, -16.10052752 ], [ -69.10180641, -16.1005687 ], [ -69.10193335, -16.10058 ], [ -69.10206737, -16.10057671 ], [ -69.10220081, -16.10055184 ], [ -69.1023287, -16.10059912 ], [ -69.10241324, -16.10069788 ], [ -69.10241493, -16.10076266 ], [ -69.10249259, -16.1008832 ], [ -69.10259833, -16.10093823 ], [ -69.10264451, -16.10099472 ], [ -69.10265422, -16.1010809 ], [ -69.10258411, -16.10124827 ], [ -69.10249034, -16.10136581 ], [ -69.10247733, -16.10143815 ], [ -69.1024878, -16.10155313 ], [ -69.10257101, -16.1016015 ], [ -69.10266073, -16.10161371 ], [ -69.10276497, -16.10161116 ], [ -69.10287664, -16.10160843 ], [ -69.10301697, -16.10156177 ], [ -69.10309048, -16.10152396 ], [ -69.10321055, -16.10155703 ], [ -69.10328462, -16.10154081 ], [ -69.10338716, -16.10147348 ], [ -69.10345972, -16.10139968 ], [ -69.10355557, -16.10136132 ], [ -69.10362182, -16.10133089 ], [ -69.10373236, -16.10128497 ], [ -69.10383565, -16.10124643 ], [ -69.10396335, -16.10128652 ], [ -69.1040985, -16.10132642 ], [ -69.10416796, -16.10141835 ], [ -69.10427313, -16.10145178 ], [ -69.10436285, -16.10146399 ], [ -69.10447604, -16.10151883 ], [ -69.10456689, -16.10157423 ], [ -69.10471043, -16.10164993 ], [ -69.10486753, -16.10167489 ], [ -69.10500823, -16.10164264 ], [ -69.10512476, -16.10165418 ], [ -69.10522022, -16.10160143 ], [ -69.10531626, -16.10157027 ], [ -69.10538383, -16.10159022 ], [ -69.105422, -16.1016253 ], [ -69.10551153, -16.1016303 ], [ -69.10559955, -16.10157773 ], [ -69.10564271, -16.10151906 ], [ -69.10572998, -16.10143769 ], [ -69.10583383, -16.10142074 ], [ -69.10588425, -16.10135469 ], [ -69.10592798, -16.10131761 ], [ -69.10603127, -16.10127906 ], [ -69.10606849, -16.10127815 ], [ -69.10614257, -16.10126193 ], [ -69.10620119, -16.10122448 ], [ -69.10625962, -16.10117984 ], [ -69.10632492, -16.10111342 ], [ -69.10642859, -16.10108927 ], [ -69.10648721, -16.10105182 ], [ -69.10656015, -16.10099241 ], [ -69.1065953, -16.10091233 ], [ -69.10665316, -16.10084609 ], [ -69.10669595, -16.10077302 ], [ -69.1068145, -16.10074851 ], [ -69.10689659, -16.1007537 ], [ -69.10699281, -16.10072973 ], [ -69.10700525, -16.1006358 ], [ -69.10707055, -16.10056938 ], [ -69.10713907, -16.10062531 ], [ -69.10718525, -16.1006818 ], [ -69.10725339, -16.10072334 ], [ -69.10736507, -16.10072061 ], [ -69.10749663, -16.10062375 ], [ -69.10760585, -16.10052744 ], [ -69.10767059, -16.10043943 ], [ -69.10771337, -16.10036636 ], [ -69.10773363, -16.10028664 ], [ -69.10776802, -16.10017776 ], [ -69.10786292, -16.10010341 ], [ -69.10802615, -16.1000778 ], [ -69.10812294, -16.10007543 ], [ -69.1082495, -16.10007233 ], [ -69.1083543, -16.10009137 ], [ -69.10852535, -16.10007997 ], [ -69.10866511, -16.10001172 ], [ -69.10877546, -16.0999586 ], [ -69.10890184, -16.0999483 ], [ -69.10899118, -16.09994611 ], [ -69.10915422, -16.0999133 ], [ -69.10927221, -16.0998672 ], [ -69.10939096, -16.09984988 ], [ -69.10949443, -16.09981853 ], [ -69.10958971, -16.09975858 ], [ -69.10969262, -16.09970564 ], [ -69.10978253, -16.09972504 ], [ -69.1098168, -16.09974881 ], [ -69.10988116, -16.09971722 ], [ -69.10989596, -16.09968985 ], [ -69.10994544, -16.09968263 ], [ -69.10999197, -16.09968149 ], [ -69.11003182, -16.09966251 ], [ -69.1100782, -16.09965537 ], [ -69.1101124, -16.09965753 ], [ -69.11016871, -16.09967416 ], [ -69.11022113, -16.09966087 ], [ -69.11027395, -16.09966257 ], [ -69.11030568, -16.0996888 ], [ -69.11034918, -16.09969074 ], [ -69.11039564, -16.0996866 ], [ -69.11044456, -16.09965839 ], [ -69.11047869, -16.09965755 ], [ -69.11053111, -16.09964426 ], [ -69.11061416, -16.09961521 ], [ -69.11067231, -16.09958378 ], [ -69.11075862, -16.09956066 ], [ -69.11081336, -16.0995173 ], [ -69.11083405, -16.09947778 ], [ -69.11094423, -16.09941806 ], [ -69.11100533, -16.09938055 ], [ -69.11104503, -16.09935557 ], [ -69.11107557, -16.09933681 ], [ -69.11111225, -16.09931491 ], [ -69.11111735, -16.09927277 ], [ -69.11111633, -16.09923378 ], [ -69.11113965, -16.09917619 ], [ -69.11122509, -16.09912008 ], [ -69.11134019, -16.09901102 ], [ -69.11145139, -16.09899029 ], [ -69.11155066, -16.09898785 ], [ -69.11165518, -16.09894928 ], [ -69.11181461, -16.09887334 ], [ -69.11194842, -16.09876803 ], [ -69.11207588, -16.09865687 ], [ -69.11221048, -16.09858154 ], [ -69.11235129, -16.09850606 ], [ -69.11248573, -16.09842474 ], [ -69.11255861, -16.09836293 ], [ -69.11270657, -16.09832329 ], [ -69.11287408, -16.09831918 ], [ -69.11298528, -16.09829845 ], [ -69.11307025, -16.09822434 ], [ -69.11313614, -16.09813269 ], [ -69.11319534, -16.09802321 ], [ -69.11327364, -16.09793126 ], [ -69.11335272, -16.0978693 ], [ -69.11348685, -16.09777598 ], [ -69.11354731, -16.09771447 ], [ -69.11359695, -16.09771326 ], [ -69.11362302, -16.09776063 ], [ -69.11370462, -16.09779464 ], [ -69.11375207, -16.09775746 ], [ -69.11380591, -16.09772733 ], [ -69.11385466, -16.09769253 ], [ -69.11388815, -16.09764369 ], [ -69.11394657, -16.09759904 ], [ -69.11401964, -16.09754443 ], [ -69.11406789, -16.09749043 ], [ -69.1141314, -16.09745046 ], [ -69.11421986, -16.09741468 ], [ -69.11428375, -16.0973891 ], [ -69.11431353, -16.09738837 ], [ -69.11435437, -16.09743058 ], [ -69.1144101, -16.09747243 ], [ -69.11449448, -16.09747036 ], [ -69.1145683, -16.09744454 ], [ -69.11462723, -16.09741908 ], [ -69.11467686, -16.09741786 ], [ -69.11477029, -16.09738196 ], [ -69.11483864, -16.09733707 ], [ -69.11493231, -16.09731076 ], [ -69.11499099, -16.09727571 ], [ -69.11505985, -16.09725001 ], [ -69.11512336, -16.09721004 ], [ -69.11516168, -16.09715628 ], [ -69.11521452, -16.09708777 ], [ -69.11529725, -16.09702331 ], [ -69.11534563, -16.09697411 ], [ -69.11540876, -16.09691975 ], [ -69.11547215, -16.09687498 ], [ -69.11550526, -16.09681174 ], [ -69.11551367, -16.09675392 ], [ -69.11552692, -16.09669117 ], [ -69.11554005, -16.09662363 ], [ -69.11558283, -16.09655056 ], [ -69.11561109, -16.09649224 ], [ -69.11565871, -16.09641425 ], [ -69.11565707, -16.09635187 ], [ -69.11566982, -16.09626993 ], [ -69.11565838, -16.0962126 ], [ -69.11566145, -16.0961405 ], [ -69.1156943, -16.09606767 ], [ -69.11572779, -16.09601883 ], [ -69.11579526, -16.09594035 ], [ -69.1158337, -16.09589139 ], [ -69.11583219, -16.09583381 ], [ -69.11585083, -16.09578726 ], [ -69.11587006, -16.09576278 ], [ -69.11593866, -16.09572748 ], [ -69.11595687, -16.09566462 ], [ -69.11598998, -16.09560138 ], [ -69.11604294, -16.09553766 ], [ -69.11608622, -16.09548379 ], [ -69.11616946, -16.09543853 ], [ -69.11623235, -16.09537456 ], [ -69.11627041, -16.09531121 ], [ -69.11632299, -16.09523309 ], [ -69.1163561, -16.09516986 ], [ -69.11639887, -16.09509679 ], [ -69.11641175, -16.09501965 ], [ -69.11644001, -16.09496134 ], [ -69.1164735, -16.0949125 ], [ -69.11649693, -16.09485911 ], [ -69.11652532, -16.09480559 ], [ -69.11654479, -16.09479071 ], [ -69.11659851, -16.09475578 ], [ -69.11665731, -16.09472553 ], [ -69.11670223, -16.09473403 ], [ -69.11673773, -16.09476196 ], [ -69.11679258, -16.09477022 ], [ -69.11684234, -16.0947738 ], [ -69.11687237, -16.09478267 ], [ -69.11692276, -16.09481024 ], [ -69.11698741, -16.09481345 ], [ -69.11701568, -16.09475514 ], [ -69.11700945, -16.09470728 ], [ -69.11705223, -16.0946342 ], [ -69.11708087, -16.09459029 ], [ -69.1171234, -16.09450762 ], [ -69.11713715, -16.09446406 ], [ -69.11715537, -16.0944012 ], [ -69.11720845, -16.09434228 ], [ -69.117267, -16.09430243 ], [ -69.11734578, -16.09427648 ], [ -69.11740942, -16.09424131 ], [ -69.11749775, -16.09420073 ], [ -69.1175712, -16.09416051 ], [ -69.11762987, -16.09412546 ], [ -69.11767635, -16.0941176 ], [ -69.11771656, -16.09413582 ], [ -69.11775105, -16.09412536 ], [ -69.11777906, -16.09405745 ], [ -69.11782247, -16.09400837 ], [ -69.11785074, -16.09395006 ], [ -69.11786946, -16.09390639 ], [ -69.11792763, -16.09385214 ], [ -69.11798223, -16.0938508 ], [ -69.11802614, -16.09382091 ], [ -69.11804486, -16.09377724 ], [ -69.11809857, -16.09374231 ], [ -69.1181122, -16.09369396 ], [ -69.11813079, -16.09364549 ], [ -69.11812928, -16.09358791 ], [ -69.11812776, -16.09353033 ], [ -69.11815132, -16.09348173 ], [ -69.11818505, -16.09344249 ], [ -69.11822362, -16.09339833 ], [ -69.11825227, -16.09335441 ], [ -69.11827061, -16.09329634 ], [ -69.11830943, -16.09326178 ], [ -69.11838388, -16.09325995 ], [ -69.11844293, -16.09323929 ], [ -69.11850632, -16.09319452 ], [ -69.11855583, -16.09318851 ], [ -69.1186201, -16.09317732 ], [ -69.11867431, -16.09316159 ], [ -69.11872815, -16.09313146 ], [ -69.11874674, -16.09308298 ], [ -69.11874573, -16.0930446 ], [ -69.11879474, -16.09301938 ], [ -69.11884412, -16.09300857 ], [ -69.11885762, -16.09295542 ], [ -69.11885611, -16.09289784 ], [ -69.11886961, -16.09284469 ], [ -69.11888858, -16.09281062 ], [ -69.11892193, -16.09275698 ], [ -69.11898111, -16.09274112 ], [ -69.11902578, -16.09274002 ], [ -69.11908458, -16.09270977 ], [ -69.11911857, -16.09268012 ], [ -69.11917254, -16.09265479 ], [ -69.11919735, -16.09265418 ], [ -69.11926238, -16.09267179 ], [ -69.11927777, -16.09269062 ], [ -69.11933338, -16.09272766 ], [ -69.11936417, -16.09276532 ], [ -69.11940337, -16.09274515 ], [ -69.11943201, -16.09270123 ], [ -69.11947554, -16.09265695 ], [ -69.11952888, -16.09260762 ], [ -69.11955778, -16.0925733 ], [ -69.11959546, -16.09249555 ], [ -69.11959879, -16.09243305 ], [ -69.11963264, -16.09239861 ], [ -69.11970722, -16.09240158 ], [ -69.1197375, -16.09242004 ], [ -69.11979731, -16.09242817 ], [ -69.11986655, -16.09241687 ], [ -69.11991021, -16.09237738 ], [ -69.11993351, -16.09231919 ], [ -69.11993225, -16.09227121 ], [ -69.11991597, -16.09221879 ], [ -69.11992935, -16.09216084 ], [ -69.1199524, -16.09209306 ], [ -69.11998562, -16.09203462 ], [ -69.12003959, -16.09200929 ], [ -69.12009343, -16.09197916 ], [ -69.1201166, -16.09191617 ], [ -69.12015515, -16.09187105 ], [ -69.12019384, -16.09183168 ], [ -69.12023776, -16.09180179 ], [ -69.12028205, -16.0917863 ], [ -69.120321, -16.09175654 ], [ -69.12037904, -16.09169749 ], [ -69.12040247, -16.0916441 ], [ -69.12042628, -16.0916051 ], [ -69.1204852, -16.09157965 ], [ -69.12055889, -16.09154903 ], [ -69.12058333, -16.09153402 ], [ -69.12064672, -16.09148925 ], [ -69.12068529, -16.09144509 ], [ -69.1207292, -16.0914152 ], [ -69.12077845, -16.09139958 ], [ -69.12079258, -16.09137043 ], [ -69.12078177, -16.09133708 ], [ -69.12076537, -16.09127987 ], [ -69.1207594, -16.0912416 ], [ -69.12078716, -16.0911641 ], [ -69.12082077, -16.09112006 ], [ -69.12086914, -16.09107085 ], [ -69.12088798, -16.09103198 ], [ -69.12091166, -16.09098818 ], [ -69.1209403, -16.09094426 ], [ -69.12096869, -16.09089075 ], [ -69.12100802, -16.09087538 ], [ -69.12106262, -16.09087404 ], [ -69.1210924, -16.0908733 ], [ -69.12111313, -16.09090641 ], [ -69.1211485, -16.09092954 ], [ -69.12119814, -16.09092832 ], [ -69.12122333, -16.09094211 ], [ -69.12122459, -16.09099009 ], [ -69.12126047, -16.09103242 ], [ -69.12129559, -16.09104597 ], [ -69.12135019, -16.09104462 ], [ -69.12136941, -16.09102014 ], [ -69.12144794, -16.0909846 ], [ -69.12149706, -16.09096419 ], [ -69.12151578, -16.09092051 ], [ -69.12155485, -16.09089555 ], [ -69.12161837, -16.09085557 ], [ -69.12163708, -16.0908119 ], [ -69.12168163, -16.090806 ], [ -69.1217104, -16.09076688 ], [ -69.12174896, -16.09072272 ], [ -69.12177214, -16.09065973 ], [ -69.12180511, -16.0905917 ], [ -69.12184343, -16.09053794 ], [ -69.12189626, -16.09046942 ], [ -69.12194055, -16.09045393 ], [ -69.12197096, -16.09047719 ], [ -69.12200124, -16.09049565 ], [ -69.12204541, -16.09047536 ], [ -69.12205407, -16.09042713 ], [ -69.12204835, -16.09039846 ], [ -69.12206694, -16.09034999 ], [ -69.12212549, -16.09031014 ], [ -69.12218429, -16.09027988 ], [ -69.12223291, -16.09024028 ], [ -69.12228242, -16.09023426 ], [ -69.12232709, -16.09023316 ], [ -69.12237226, -16.09025126 ], [ -69.12239287, -16.09027956 ], [ -69.12246185, -16.09025866 ], [ -69.12252561, -16.09022828 ], [ -69.12259001, -16.09022189 ], [ -69.12264385, -16.09019176 ], [ -69.12268229, -16.0901428 ], [ -69.12269083, -16.09008978 ], [ -69.12271909, -16.09003146 ], [ -69.12275232, -16.08997303 ], [ -69.12279064, -16.08991927 ], [ -69.12284397, -16.08986994 ], [ -69.12291715, -16.08982013 ], [ -69.12295164, -16.08980968 ], [ -69.12300548, -16.08977954 ], [ -69.12304889, -16.08973046 ], [ -69.12305271, -16.08968715 ], [ -69.12303644, -16.08963474 ], [ -69.12300967, -16.0895989 ], [ -69.12300841, -16.08955092 ], [ -69.12303705, -16.089507 ], [ -69.12308504, -16.0894434 ], [ -69.12314321, -16.08938915 ], [ -69.12317286, -16.08938362 ], [ -69.12323217, -16.08937256 ], [ -69.12327225, -16.08938598 ], [ -69.12330813, -16.08942831 ], [ -69.12334897, -16.08947052 ], [ -69.12339439, -16.08949821 ], [ -69.1234738, -16.08949626 ], [ -69.12354712, -16.08945125 ], [ -69.1236203, -16.08940143 ], [ -69.12368776, -16.08932295 ], [ -69.12371578, -16.08925504 ], [ -69.12372444, -16.08920681 ], [ -69.12378782, -16.08916204 ], [ -69.12383695, -16.08914162 ], [ -69.12390046, -16.08910165 ], [ -69.12393903, -16.08905748 ], [ -69.12399733, -16.08900804 ], [ -69.124021, -16.08896424 ], [ -69.12403858, -16.08887738 ], [ -69.12405755, -16.0888433 ], [ -69.12411648, -16.08881785 ], [ -69.12416026, -16.08878316 ], [ -69.12417873, -16.08872989 ], [ -69.12417696, -16.08866271 ], [ -69.1242051, -16.0885996 ], [ -69.12420333, -16.08853242 ], [ -69.12423159, -16.08847411 ], [ -69.12427475, -16.08841543 ], [ -69.12432261, -16.08834703 ], [ -69.12440114, -16.08831149 ], [ -69.12444963, -16.08826708 ], [ -69.12447802, -16.08821357 ], [ -69.1245213, -16.08815969 ], [ -69.12456942, -16.08810088 ], [ -69.12462784, -16.08805623 ], [ -69.12467137, -16.08801195 ], [ -69.12476899, -16.08794713 ], [ -69.12483683, -16.08788304 ], [ -69.12487489, -16.08781968 ], [ -69.1249029, -16.08775177 ], [ -69.12494109, -16.08769322 ], [ -69.12498425, -16.08763454 ], [ -69.12504801, -16.08760416 ], [ -69.12512246, -16.08760233 ], [ -69.12524729, -16.08762806 ], [ -69.12532174, -16.08762623 ], [ -69.12538016, -16.08758158 ], [ -69.12543324, -16.08752266 ], [ -69.12551609, -16.087463 ], [ -69.12557413, -16.08740396 ], [ -69.12561678, -16.08732608 ], [ -69.12566322, -16.08727885 ], [ -69.12570889, -16.08731613 ], [ -69.12576349, -16.08731479 ], [ -69.12581185, -16.08726559 ], [ -69.12587091, -16.08724493 ], [ -69.12593963, -16.08721443 ], [ -69.12597896, -16.08719906 ], [ -69.12603166, -16.08712574 ], [ -69.12605929, -16.08704343 ], [ -69.12611199, -16.08697011 ], [ -69.12614012, -16.086907 ], [ -69.12613836, -16.08683982 ], [ -69.12618647, -16.08678102 ], [ -69.12626487, -16.08674068 ], [ -69.12635282, -16.0866857 ], [ -69.12643121, -16.08664536 ], [ -69.12650465, -16.08660514 ], [ -69.1265926, -16.08655016 ], [ -69.12667558, -16.0864953 ], [ -69.12674826, -16.08642629 ], [ -69.12681101, -16.08635752 ], [ -69.12684398, -16.08628949 ], [ -69.12688192, -16.08622134 ], [ -69.12695905, -16.08613301 ], [ -69.12700603, -16.08603102 ], [ -69.12705402, -16.08596742 ], [ -69.12713687, -16.08590776 ], [ -69.12719975, -16.0858438 ], [ -69.12725283, -16.08578487 ], [ -69.12729547, -16.085707 ], [ -69.12731331, -16.08562974 ], [ -69.12734182, -16.08558102 ], [ -69.1273795, -16.08550327 ], [ -69.12747725, -16.08544324 ], [ -69.12753529, -16.0853842 ], [ -69.12761789, -16.08531494 ], [ -69.12762134, -16.08525724 ], [ -69.12764375, -16.08516546 ], [ -69.12767176, -16.08509755 ], [ -69.12773388, -16.08500479 ], [ -69.12782132, -16.08493062 ], [ -69.12788127, -16.08486864 ], [ -69.1279444, -16.08481427 ], [ -69.12801249, -16.08475978 ], [ -69.12809547, -16.08470492 ], [ -69.12816357, -16.08465043 ], [ -69.12821652, -16.0845867 ], [ -69.12828385, -16.08450342 ], [ -69.12835144, -16.08442973 ], [ -69.12840413, -16.08435641 ], [ -69.12846752, -16.08431164 ], [ -69.12849082, -16.08425345 ], [ -69.12855802, -16.08416537 ], [ -69.12860639, -16.08411616 ], [ -69.12863427, -16.08404345 ], [ -69.12864727, -16.08397111 ], [ -69.12868978, -16.08388844 ], [ -69.12868814, -16.08382606 ], [ -69.12868663, -16.08376848 ], [ -69.1286846, -16.0836917 ], [ -69.12871185, -16.083595 ], [ -69.12872535, -16.08354185 ], [ -69.12877792, -16.08346373 ], [ -69.12885594, -16.083409 ], [ -69.12894477, -16.0833876 ], [ -69.12901337, -16.0833523 ], [ -69.12907675, -16.08330753 ], [ -69.12911977, -16.08324405 ], [ -69.12913836, -16.08319558 ], [ -69.1291763, -16.08312742 ], [ -69.12920468, -16.08307391 ], [ -69.12924287, -16.08301535 ], [ -69.12927534, -16.08292812 ], [ -69.12928947, -16.08289897 ], [ -69.12932332, -16.08286452 ], [ -69.1293825, -16.08284866 ], [ -69.12946763, -16.08287537 ], [ -69.12948836, -16.08290847 ], [ -69.12953404, -16.08294576 ], [ -69.12954511, -16.0829887 ], [ -69.12959983, -16.08299216 ], [ -69.12963457, -16.0829913 ], [ -69.12970405, -16.08298959 ], [ -69.12976348, -16.08298333 ], [ -69.12984658, -16.08293326 ], [ -69.12986938, -16.08285588 ], [ -69.12988784, -16.08280261 ], [ -69.12990592, -16.08273494 ], [ -69.12992972, -16.08269594 ], [ -69.12998356, -16.08266581 ], [ -69.13006195, -16.08262547 ], [ -69.13014048, -16.08258992 ], [ -69.13018552, -16.08253696 ], [ -69.13020922, -16.08249436 ], [ -69.13026937, -16.08242086 ], [ -69.13029912, -16.08237211 ], [ -69.13034717, -16.08231091 ], [ -69.1303448, -16.08222094 ], [ -69.13040478, -16.08214144 ], [ -69.13042134, -16.082063 ], [ -69.13044378, -16.08197242 ], [ -69.13049136, -16.08189322 ], [ -69.13052254, -16.08189846 ], [ -69.13055482, -16.08194568 ], [ -69.13062926, -16.08194385 ], [ -69.13067158, -16.08190079 ], [ -69.13068893, -16.08185235 ], [ -69.13069371, -16.08179821 ], [ -69.13066732, -16.08173884 ], [ -69.13066001, -16.08169701 ], [ -69.13068371, -16.08165441 ], [ -69.13075101, -16.08161674 ], [ -69.13080779, -16.08165136 ], [ -69.13083975, -16.08168658 ], [ -69.13096256, -16.08163554 ], [ -69.13099868, -16.08159264 ], [ -69.13100982, -16.08154435 ], [ -69.13101429, -16.08147822 ], [ -69.131031, -16.08140578 ], [ -69.1310668, -16.08135089 ], [ -69.13111596, -16.08133167 ], [ -69.13118483, -16.08135398 ], [ -69.13120686, -16.08136544 ], [ -69.13124185, -16.08139759 ], [ -69.13130738, -16.08141098 ], [ -69.13133872, -16.08142221 ], [ -69.13138214, -16.08142114 ], [ -69.13143742, -16.08139877 ], [ -69.13147385, -16.08136787 ], [ -69.13153494, -16.08133035 ], [ -69.13157734, -16.0812903 ], [ -69.13165107, -16.08126147 ], [ -69.13168727, -16.08122157 ], [ -69.13172012, -16.08117274 ], [ -69.13175011, -16.08113299 ], [ -69.13181454, -16.0811044 ], [ -69.13186299, -16.08105819 ], [ -69.13193044, -16.08102652 ], [ -69.13196003, -16.08097177 ], [ -69.13201507, -16.08094041 ], [ -69.13203902, -16.08090681 ], [ -69.13206397, -16.08084077 ], [ -69.1320977, -16.08080153 ], [ -69.1321565, -16.08077127 ], [ -69.13223081, -16.08076464 ], [ -69.13229075, -16.08077757 ], [ -69.13234177, -16.08082913 ], [ -69.13236276, -16.08087182 ], [ -69.13236886, -16.08091489 ], [ -69.13238501, -16.0809625 ], [ -69.13243094, -16.08100939 ], [ -69.13249075, -16.08101752 ], [ -69.13254955, -16.08098726 ], [ -69.13258302, -16.08093842 ], [ -69.13260733, -16.08091861 ], [ -69.13269145, -16.08090694 ], [ -69.1327407, -16.08089132 ], [ -69.13280892, -16.08084162 ], [ -69.13285703, -16.08078282 ], [ -69.13288058, -16.08073423 ], [ -69.13294421, -16.08069905 ], [ -69.13301281, -16.08066375 ], [ -69.13304666, -16.0806293 ], [ -69.1330599, -16.08056656 ], [ -69.13306869, -16.08052313 ], [ -69.13309695, -16.08046481 ], [ -69.1331695, -16.080391 ], [ -69.13320819, -16.08035164 ], [ -69.13323199, -16.08031264 ], [ -69.13325045, -16.08025937 ], [ -69.13324931, -16.08021618 ], [ -69.13328266, -16.08016254 ], [ -69.1333272, -16.08015664 ], [ -69.13337658, -16.08014582 ], [ -69.13342494, -16.08009662 ], [ -69.13344849, -16.08004802 ], [ -69.13344672, -16.07998084 ], [ -69.13346493, -16.07991797 ], [ -69.13349357, -16.07987405 ], [ -69.13351279, -16.07984957 ], [ -69.1335567, -16.07981968 ], [ -69.13359526, -16.07977552 ], [ -69.133644, -16.07974071 ], [ -69.13368421, -16.07975892 ], [ -69.13368077, -16.07981663 ], [ -69.13369642, -16.07984505 ], [ -69.1337505, -16.07982451 ], [ -69.13381859, -16.07977002 ], [ -69.1338569, -16.07971625 ], [ -69.13391544, -16.0796764 ], [ -69.13395338, -16.07960824 ], [ -69.13397196, -16.07955977 ], [ -69.13398495, -16.07948743 ], [ -69.13402785, -16.07941915 ], [ -69.134071, -16.07936047 ], [ -69.1340845, -16.07930732 ], [ -69.13410258, -16.07923965 ], [ -69.13413121, -16.07919573 ], [ -69.13418479, -16.079156 ], [ -69.1342456, -16.07912665 ], [ -69.13429842, -16.07905813 ], [ -69.13430645, -16.07898591 ], [ -69.13435851, -16.0788886 ], [ -69.13437672, -16.07882573 ], [ -69.13441478, -16.07876237 ], [ -69.13450196, -16.0786786 ], [ -69.13455554, -16.07863886 ], [ -69.1345628, -16.07853785 ], [ -69.13459577, -16.07846982 ], [ -69.13462492, -16.07844509 ], [ -69.13471719, -16.07836599 ], [ -69.13475626, -16.07834102 ], [ -69.13478679, -16.07836908 ], [ -69.13485169, -16.07838189 ], [ -69.1348858, -16.07835704 ], [ -69.13495528, -16.07835532 ], [ -69.13497921, -16.07832112 ], [ -69.13497756, -16.07825874 ], [ -69.13502542, -16.07819034 ], [ -69.13509326, -16.07812625 ], [ -69.13513704, -16.07809156 ], [ -69.13519608, -16.0780709 ], [ -69.13521492, -16.07803202 ], [ -69.13524827, -16.07797838 ], [ -69.13527678, -16.07792967 ], [ -69.13533507, -16.07788022 ], [ -69.13539731, -16.07779225 ], [ -69.13545993, -16.07771869 ], [ -69.13551326, -16.07766936 ], [ -69.135576, -16.07760059 ], [ -69.13562373, -16.07752739 ], [ -69.13562259, -16.0774842 ], [ -69.13566078, -16.07742564 ], [ -69.13570367, -16.07735737 ], [ -69.13573689, -16.07729893 ], [ -69.13575956, -16.07721674 ], [ -69.13575804, -16.07715916 ], [ -69.13580182, -16.07712447 ], [ -69.13584488, -16.07713782 ], [ -69.13587835, -16.07708898 ], [ -69.13589134, -16.07701663 ], [ -69.13589008, -16.07696865 ], [ -69.13590841, -16.07691058 ], [ -69.13595206, -16.07687109 ], [ -69.13597039, -16.07681302 ], [ -69.13596926, -16.07676983 ], [ -69.13594864, -16.07674153 ], [ -69.13590309, -16.07670905 ], [ -69.13588261, -16.07668554 ], [ -69.13585754, -16.07667656 ], [ -69.13580384, -16.07671149 ], [ -69.13573015, -16.07674212 ], [ -69.13565189, -16.07678726 ], [ -69.1356137, -16.07684582 ], [ -69.13559054, -16.07690881 ], [ -69.13558772, -16.07699051 ], [ -69.13555883, -16.07702483 ], [ -69.1355106, -16.07707884 ], [ -69.13548768, -16.07715142 ], [ -69.13548996, -16.0772378 ], [ -69.13550153, -16.07729993 ], [ -69.1355033, -16.07736711 ], [ -69.13547542, -16.07743982 ], [ -69.13544716, -16.07749813 ], [ -69.13541878, -16.07755165 ], [ -69.13542067, -16.07762362 ], [ -69.13542109, -16.07767715 ], [ -69.13539618, -16.07772098 ], [ -69.13536429, -16.07778298 ], [ -69.13531026, -16.07785274 ], [ -69.13527781, -16.07789315 ], [ -69.13523027, -16.07792673 ], [ -69.13519772, -16.07796355 ], [ -69.13515744, -16.07798975 ], [ -69.13513224, -16.07802278 ], [ -69.1351183, -16.07805913 ], [ -69.13508938, -16.07809226 ], [ -69.13503469, -16.07813682 ], [ -69.1349946, -16.07817022 ], [ -69.13495031, -16.07818571 ], [ -69.13492482, -16.07820795 ], [ -69.13486575, -16.07822741 ], [ -69.13482117, -16.07823211 ], [ -69.13479521, -16.07823635 ], [ -69.13476124, -16.07821918 ], [ -69.13474521, -16.07817636 ], [ -69.13471878, -16.07816261 ], [ -69.13467736, -16.07814563 ], [ -69.13465389, -16.07810299 ], [ -69.13460837, -16.0780717 ], [ -69.13456027, -16.07808369 ], [ -69.13450166, -16.07812115 ], [ -69.13447293, -16.07816147 ], [ -69.13443683, -16.07820485 ], [ -69.13438175, -16.07823502 ], [ -69.13434166, -16.07826841 ], [ -69.1342758, -16.07831325 ], [ -69.13420622, -16.07835818 ], [ -69.13415935, -16.07841695 ], [ -69.13410132, -16.078476 ], [ -69.13403927, -16.07852435 ], [ -69.1339883, -16.07856882 ], [ -69.13393465, -16.07865296 ], [ -69.13391049, -16.07872558 ], [ -69.13387498, -16.07879128 ], [ -69.13382019, -16.07883224 ], [ -69.13379174, -16.07888336 ], [ -69.13374535, -16.07896013 ], [ -69.13369485, -16.07902259 ], [ -69.13362183, -16.0790784 ], [ -69.13355244, -16.07913053 ], [ -69.13351626, -16.07917103 ], [ -69.1334733, -16.07923691 ], [ -69.1334039, -16.07928904 ], [ -69.13335255, -16.07931911 ], [ -69.13329776, -16.07936008 ], [ -69.13324679, -16.07940455 ], [ -69.13319582, -16.07944902 ], [ -69.13311517, -16.07949782 ], [ -69.13306763, -16.0795314 ], [ -69.1330054, -16.07957255 ], [ -69.13296512, -16.07959874 ], [ -69.13292875, -16.07963205 ], [ -69.13288131, -16.07966923 ], [ -69.13284803, -16.07969718 ], [ -69.1328046, -16.07969825 ], [ -69.13276715, -16.07969017 ], [ -69.13273589, -16.07968194 ], [ -69.13270193, -16.07968878 ], [ -69.13267449, -16.07970746 ], [ -69.13263464, -16.07972644 ], [ -69.1325823, -16.07974274 ], [ -69.13254174, -16.07973474 ], [ -69.13251017, -16.07971451 ], [ -69.13245744, -16.07971581 ], [ -69.13240558, -16.07975009 ], [ -69.1323417, -16.07979968 ], [ -69.1322997, -16.07985473 ], [ -69.13225078, -16.07988295 ], [ -69.13221101, -16.07990493 ], [ -69.13215008, -16.07994845 ], [ -69.13207372, -16.07999534 ], [ -69.13203769, -16.08004125 ], [ -69.13197087, -16.08009691 ], [ -69.131907, -16.0801465 ], [ -69.13185569, -16.08020178 ], [ -69.13180088, -16.08024214 ], [ -69.13177066, -16.08027289 ], [ -69.13173144, -16.08031587 ], [ -69.1316857, -16.08034701 ], [ -69.13164291, -16.08037207 ], [ -69.13162532, -16.08041152 ], [ -69.13161387, -16.08044781 ], [ -69.13159946, -16.08049018 ], [ -69.13156335, -16.08053308 ], [ -69.13153312, -16.08056384 ], [ -69.13151235, -16.08060036 ], [ -69.13149461, -16.08063381 ], [ -69.13149858, -16.08066672 ], [ -69.13150589, -16.08070855 ], [ -69.13146389, -16.0807636 ], [ -69.13141568, -16.08081881 ], [ -69.13138267, -16.08086163 ], [ -69.13134974, -16.08090746 ], [ -69.13130129, -16.08095367 ], [ -69.13124982, -16.08100295 ], [ -69.13118611, -16.08105854 ], [ -69.13113162, -16.08111089 ], [ -69.13108564, -16.08113303 ], [ -69.13105271, -16.08117886 ], [ -69.13103568, -16.0812393 ], [ -69.13099933, -16.0812732 ], [ -69.13092925, -16.08132294 ], [ -69.13089297, -16.08135985 ], [ -69.1308567, -16.08139675 ], [ -69.13082663, -16.0814335 ], [ -69.13079322, -16.08146134 ], [ -69.13075981, -16.08148917 ], [ -69.13073292, -16.08152884 ], [ -69.13073371, -16.08155883 ], [ -69.13070333, -16.08158359 ], [ -69.13069222, -16.08160967 ], [ -69.13067052, -16.08163421 ], [ -69.1306333, -16.08163513 ], [ -69.13058386, -16.08164355 ], [ -69.13055204, -16.08166114 ], [ -69.13052779, -16.08168334 ], [ -69.1305108, -16.08169816 ], [ -69.13048115, -16.0817037 ], [ -69.13044597, -16.08168776 ], [ -69.13041632, -16.08169329 ], [ -69.13038723, -16.08172041 ], [ -69.13036286, -16.08173782 ], [ -69.1303334, -16.08175055 ], [ -69.1303056, -16.08173203 ], [ -69.13030255, -16.08171049 ], [ -69.13027277, -16.08171123 ], [ -69.1302386, -16.08173368 ], [ -69.1302015, -16.08173939 ], [ -69.13015926, -16.08173803 ], [ -69.13010721, -16.08174171 ], [ -69.13008023, -16.08175438 ], [ -69.13004116, -16.08177935 ], [ -69.13000972, -16.08181133 ], [ -69.12997796, -16.08183132 ], [ -69.12995532, -16.08185781 ], [ -69.12992134, -16.08188745 ], [ -69.12988729, -16.0819147 ], [ -69.12987068, -16.08194392 ], [ -69.12985369, -16.08195874 ], [ -69.12981704, -16.08198125 ], [ -69.12977319, -16.08201354 ], [ -69.12975174, -16.08204768 ], [ -69.12975294, -16.08209326 ], [ -69.12975135, -16.08212691 ], [ -69.12973244, -16.08216339 ], [ -69.12973116, -16.08220904 ], [ -69.12972683, -16.08223315 ], [ -69.12971009, -16.08225757 ], [ -69.12968152, -16.08230389 ], [ -69.12968495, -16.08233982 ], [ -69.12969067, -16.08236848 ], [ -69.12966432, -16.08240515 ], [ -69.1296325, -16.08242273 ], [ -69.12960087, -16.08244752 ], [ -69.12956447, -16.08247963 ], [ -69.12955041, -16.08251118 ], [ -69.12953411, -16.0825524 ], [ -69.12951744, -16.08257921 ], [ -69.12947334, -16.08260191 ], [ -69.1294391, -16.08262196 ], [ -69.12940047, -16.08266372 ], [ -69.12939124, -16.08269036 ], [ -69.12937972, -16.08272425 ], [ -69.12936494, -16.08276639 ], [ -69.12936557, -16.08279038 ], [ -69.12935628, -16.08281462 ], [ -69.12932185, -16.08282747 ], [ -69.12929233, -16.0828378 ], [ -69.12927056, -16.08285994 ], [ -69.12924154, -16.08288946 ], [ -69.12921711, -16.08290447 ], [ -69.1291879, -16.0829268 ], [ -69.12918108, -16.08295097 ], [ -69.12916931, -16.08297527 ], [ -69.12914773, -16.08300461 ], [ -69.12912584, -16.08302195 ], [ -69.12910401, -16.0830417 ], [ -69.12908486, -16.08306858 ], [ -69.12906297, -16.08308592 ], [ -69.12904067, -16.08308791 ], [ -69.12900128, -16.08310088 ], [ -69.12896959, -16.08312327 ], [ -69.12894324, -16.08315993 ], [ -69.12890398, -16.0831777 ], [ -69.12888011, -16.0832143 ], [ -69.12887095, -16.08324334 ], [ -69.1288397, -16.08328252 ], [ -69.12879343, -16.08331727 ], [ -69.12876162, -16.08333486 ], [ -69.12873712, -16.08334746 ], [ -69.12872267, -16.08336462 ], [ -69.12870568, -16.08337945 ], [ -69.12867342, -16.08338024 ], [ -69.12864613, -16.08338091 ], [ -69.12863378, -16.08338362 ], [ -69.12861914, -16.08339358 ], [ -69.12859694, -16.08339893 ], [ -69.1285741, -16.08338029 ], [ -69.12855877, -16.08336386 ], [ -69.12854604, -16.08335217 ], [ -69.12851124, -16.08335062 ], [ -69.12847402, -16.08335154 ], [ -69.12843482, -16.08337171 ], [ -69.1284156, -16.08339619 ], [ -69.1283862, -16.08341132 ], [ -69.12833409, -16.0834126 ], [ -69.12829935, -16.08341346 ], [ -69.12825493, -16.08342415 ], [ -69.12821834, -16.08344906 ], [ -69.12818379, -16.08345711 ], [ -69.12815141, -16.08345311 ], [ -69.12808422, -16.08344756 ], [ -69.12803732, -16.08345832 ], [ -69.12800315, -16.08348077 ], [ -69.12798424, -16.08351724 ], [ -69.12796547, -16.08355852 ], [ -69.1279465, -16.08359259 ], [ -69.12792276, -16.08363399 ], [ -69.12788871, -16.08366124 ], [ -69.12786478, -16.08369544 ], [ -69.12785816, -16.08372681 ], [ -69.12782157, -16.08375172 ], [ -69.12780222, -16.0837714 ], [ -69.12778853, -16.08381735 ], [ -69.12774073, -16.08388791 ], [ -69.12769452, -16.08397187 ], [ -69.12765165, -16.08404135 ], [ -69.1275856, -16.08407899 ], [ -69.1275415, -16.08410168 ], [ -69.12750169, -16.08414587 ], [ -69.12743583, -16.08419071 ], [ -69.12735479, -16.08422511 ], [ -69.1272623, -16.084249 ], [ -69.12719549, -16.08425784 ], [ -69.12713307, -16.08429179 ], [ -69.12702597, -16.08432683 ], [ -69.12695639, -16.08437176 ], [ -69.12688327, -16.08442398 ], [ -69.12681005, -16.08447259 ], [ -69.12671489, -16.08453615 ], [ -69.12664234, -16.08460996 ], [ -69.12658076, -16.0846763 ], [ -69.12651212, -16.08475721 ], [ -69.12644759, -16.08485243 ], [ -69.12635699, -16.08494829 ], [ -69.12631059, -16.08502505 ], [ -69.12623899, -16.08513485 ], [ -69.12618227, -16.08524428 ], [ -69.1260408, -16.0853882 ], [ -69.12592778, -16.08548101 ], [ -69.12586611, -16.08554375 ], [ -69.12580835, -16.08561359 ], [ -69.12567224, -16.08567816 ], [ -69.12560303, -16.08573748 ], [ -69.12548209, -16.08581248 ], [ -69.12534541, -16.08585545 ], [ -69.12527582, -16.08590038 ], [ -69.12521526, -16.08594868 ], [ -69.12515255, -16.08597183 ], [ -69.12507896, -16.08600605 ], [ -69.12503505, -16.08603594 ], [ -69.12497032, -16.08612396 ], [ -69.12492754, -16.08619704 ], [ -69.1248884, -16.08626642 ], [ -69.12483427, -16.08633257 ], [ -69.12475046, -16.08640306 ], [ -69.12469633, -16.08646921 ], [ -69.1246274, -16.08653933 ], [ -69.12452125, -16.08661036 ], [ -69.12448145, -16.08665455 ], [ -69.12443085, -16.08671341 ], [ -69.12433596, -16.08678777 ], [ -69.12425521, -16.08683297 ], [ -69.12417426, -16.08687097 ], [ -69.12408206, -16.08690565 ], [ -69.12399768, -16.08695454 ], [ -69.12395074, -16.08701115 ], [ -69.12388535, -16.08707398 ], [ -69.12384526, -16.08710738 ], [ -69.12378387, -16.08718091 ], [ -69.12372173, -16.08722565 ], [ -69.12366732, -16.08728101 ], [ -69.12360937, -16.08734365 ], [ -69.12355562, -16.0874242 ], [ -69.12346836, -16.08750557 ], [ -69.12338064, -16.08756894 ], [ -69.12329301, -16.08763592 ], [ -69.12320575, -16.08771729 ], [ -69.12307298, -16.08776737 ], [ -69.12299557, -16.08779808 ], [ -69.12291081, -16.08783258 ], [ -69.12284292, -16.08788538 ], [ -69.12277752, -16.08794821 ], [ -69.12271967, -16.08801445 ], [ -69.12265027, -16.08806657 ], [ -69.12258803, -16.08810772 ], [ -69.12253333, -16.08815228 ], [ -69.1224604, -16.08821169 ], [ -69.12241734, -16.08827396 ], [ -69.12234059, -16.08832987 ], [ -69.1222229, -16.08838678 ], [ -69.1221093, -16.08845799 ], [ -69.12202893, -16.08851759 ], [ -69.12193404, -16.08859194 ], [ -69.12180612, -16.08868512 ], [ -69.12172584, -16.08874831 ], [ -69.1215508, -16.0888909 ], [ -69.12143387, -16.0889766 ], [ -69.12133869, -16.08904016 ], [ -69.12124753, -16.08911442 ], [ -69.12117526, -16.08919902 ], [ -69.12109507, -16.08926581 ], [ -69.12100725, -16.08932559 ], [ -69.12093069, -16.08938869 ], [ -69.12085756, -16.0894409 ], [ -69.12079226, -16.08950733 ], [ -69.12074577, -16.08958049 ], [ -69.12069145, -16.08963945 ], [ -69.12063378, -16.08971289 ], [ -69.12056495, -16.0897866 ], [ -69.12050719, -16.08985644 ], [ -69.12045362, -16.08994419 ], [ -69.1203525, -16.09006479 ], [ -69.12027641, -16.09014588 ], [ -69.12014812, -16.09022466 ], [ -69.12002001, -16.09031064 ], [ -69.11991777, -16.09038877 ], [ -69.11980808, -16.09046709 ], [ -69.11972856, -16.09055907 ], [ -69.11958698, -16.09069939 ], [ -69.11948818, -16.09076664 ], [ -69.11928991, -16.09087595 ], [ -69.11920524, -16.09091404 ], [ -69.11911408, -16.0909883 ], [ -69.1190043, -16.09106302 ], [ -69.1188866, -16.09111993 ], [ -69.11879439, -16.09115461 ], [ -69.11867307, -16.09121521 ], [ -69.11846697, -16.09133839 ], [ -69.11823252, -16.09148819 ], [ -69.11804943, -16.09160792 ], [ -69.11783264, -16.09172128 ], [ -69.11773002, -16.09178503 ], [ -69.11757557, -16.09186084 ], [ -69.11741358, -16.09193324 ], [ -69.1172916, -16.09196865 ], [ -69.1171804, -16.09198939 ], [ -69.11711749, -16.09200533 ], [ -69.11704705, -16.09201787 ], [ -69.11698749, -16.09201933 ], [ -69.1169326, -16.09205669 ], [ -69.11682418, -16.09204135 ], [ -69.11675976, -16.09199972 ], [ -69.11671043, -16.09196492 ], [ -69.11664267, -16.09193777 ], [ -69.11655752, -16.09195787 ], [ -69.11650721, -16.09202752 ], [ -69.1164255, -16.09203673 ], [ -69.11635926, -16.09206717 ], [ -69.1163121, -16.09211514 ], [ -69.11623935, -16.09218175 ], [ -69.11614667, -16.09219843 ], [ -69.11610048, -16.09214194 ], [ -69.11608809, -16.09209543 ], [ -69.1160608, -16.09204929 ], [ -69.11603036, -16.09202483 ], [ -69.11599667, -16.09201845 ], [ -69.11594178, -16.09205581 ], [ -69.11592802, -16.09209937 ], [ -69.11592973, -16.09216414 ], [ -69.11589553, -16.09228022 ], [ -69.11584483, -16.09233548 ], [ -69.115793, -16.09234756 ], [ -69.11574089, -16.09234884 ], [ -69.11568783, -16.09231413 ], [ -69.11561187, -16.09225837 ], [ -69.11559137, -16.09218686 ], [ -69.11557543, -16.09214763 ], [ -69.11552648, -16.09212723 ], [ -69.11547827, -16.09213562 ], [ -69.11540887, -16.09218774 ], [ -69.11541048, -16.09224892 ], [ -69.11544149, -16.09229497 ], [ -69.1154177, -16.09238198 ], [ -69.11535786, -16.09237265 ], [ -69.1153088, -16.09234864 ], [ -69.11522309, -16.09234715 ], [ -69.11517202, -16.09238801 ], [ -69.1151135, -16.09242906 ], [ -69.11506997, -16.09247334 ], [ -69.11504151, -16.09252446 ], [ -69.11502842, -16.0925932 ], [ -69.11500062, -16.09266951 ], [ -69.11498314, -16.09271315 ], [ -69.11498466, -16.09277073 ], [ -69.11498693, -16.0928571 ], [ -69.11497326, -16.09290425 ], [ -69.11493232, -16.09290526 ], [ -69.11486904, -16.09290681 ], [ -69.11481282, -16.09289379 ], [ -69.114742, -16.09289192 ], [ -69.11469847, -16.09293621 ], [ -69.11463624, -16.09297807 ], [ -69.11459653, -16.09302586 ], [ -69.11457561, -16.09308039 ], [ -69.11454772, -16.09315309 ], [ -69.11450352, -16.09317218 ], [ -69.11447898, -16.09323041 ], [ -69.11448049, -16.09328799 ], [ -69.11445566, -16.09333541 ], [ -69.11441919, -16.09336511 ], [ -69.11442042, -16.0934119 ], [ -69.11444036, -16.09346183 ], [ -69.11441247, -16.09353453 ], [ -69.1143761, -16.09356784 ], [ -69.11432177, -16.09362679 ], [ -69.11430811, -16.09367394 ], [ -69.11427584, -16.09372155 ], [ -69.11419767, -16.09372346 ], [ -69.11416539, -16.09377107 ], [ -69.11404189, -16.09374889 ], [ -69.11398634, -16.09376106 ], [ -69.11393696, -16.09386671 ], [ -69.11390545, -16.0939431 ], [ -69.11385437, -16.09398397 ], [ -69.11378793, -16.09400721 ], [ -69.11371405, -16.09403063 ], [ -69.11363588, -16.09403254 ], [ -69.11353806, -16.09399533 ], [ -69.1135028, -16.09398612 ], [ -69.11345116, -16.09400539 ], [ -69.11342261, -16.0940529 ], [ -69.11338185, -16.09406111 ], [ -69.11336513, -16.09413354 ], [ -69.11333229, -16.09415955 ], [ -69.11330345, -16.09419627 ], [ -69.1132962, -16.09420365 ], [ -69.11323386, -16.09424119 ], [ -69.11319301, -16.0942458 ], [ -69.11314231, -16.09430106 ], [ -69.11308676, -16.09431323 ], [ -69.1130337, -16.09427852 ], [ -69.11297786, -16.09427989 ], [ -69.11294695, -16.09423743 ], [ -69.11289045, -16.09421361 ], [ -69.11281266, -16.09422992 ], [ -69.11278344, -16.09425225 ], [ -69.11271597, -16.0942359 ], [ -69.1126631, -16.09420839 ], [ -69.11261805, -16.09419509 ], [ -69.11255076, -16.09418593 ], [ -69.11249559, -16.0942125 ], [ -69.11241416, -16.0942325 ], [ -69.112344, -16.09425583 ], [ -69.11231183, -16.09430703 ], [ -69.11227097, -16.09431164 ], [ -69.11221914, -16.09432371 ], [ -69.11216501, -16.09438986 ], [ -69.11214352, -16.0944228 ], [ -69.11211172, -16.0944884 ], [ -69.11204882, -16.09450435 ], [ -69.11201225, -16.09453045 ], [ -69.11198761, -16.09458507 ], [ -69.11193625, -16.09461514 ], [ -69.11188843, -16.09463792 ], [ -69.1118406, -16.0946607 ], [ -69.11182628, -16.09468266 ], [ -69.11178821, -16.09470808 ], [ -69.11175881, -16.09472321 ], [ -69.11174707, -16.09470189 ], [ -69.11178001, -16.09467948 ], [ -69.11181601, -16.09463178 ], [ -69.11183768, -16.09460604 ], [ -69.11187014, -16.09456563 ], [ -69.11190355, -16.09456121 ], [ -69.111951, -16.09452403 ], [ -69.11198365, -16.09449082 ], [ -69.11200523, -16.09446148 ], [ -69.11203043, -16.09442845 ], [ -69.11208599, -16.09441629 ], [ -69.11210709, -16.09436895 ], [ -69.11212467, -16.09432891 ], [ -69.11213088, -16.09428194 ], [ -69.11213357, -16.09424227 ], [ -69.11211726, -16.09418865 ], [ -69.11211231, -16.09414196 ], [ -69.1121148, -16.09409508 ], [ -69.1121131, -16.0940303 ], [ -69.11210815, -16.09398361 ], [ -69.11207286, -16.09391605 ], [ -69.11203935, -16.09391687 ], [ -69.11200995, -16.093932 ], [ -69.11197216, -16.09391132 ], [ -69.11197847, -16.09386795 ], [ -69.1119845, -16.09381379 ], [ -69.11198289, -16.09375261 ], [ -69.11199255, -16.09369475 ], [ -69.11200258, -16.09365129 ], [ -69.11199, -16.09359758 ], [ -69.11195612, -16.09358401 ], [ -69.11192968, -16.09357026 ], [ -69.11189953, -16.09355659 ], [ -69.11189104, -16.09351719 ], [ -69.11188218, -16.09346339 ], [ -69.11187332, -16.09340959 ], [ -69.11186827, -16.0933593 ], [ -69.11184165, -16.09333834 ], [ -69.11180405, -16.09332486 ], [ -69.11176635, -16.09330778 ], [ -69.11172847, -16.0932835 ], [ -69.11168648, -16.09324492 ], [ -69.11165481, -16.09317367 ], [ -69.11163478, -16.09312015 ], [ -69.11158535, -16.09308175 ], [ -69.11154709, -16.09304307 ], [ -69.11152719, -16.09299459 ], [ -69.11152233, -16.09295149 ], [ -69.11148808, -16.09292352 ], [ -69.11148685, -16.09287674 ], [ -69.11153123, -16.09286485 ], [ -69.11156054, -16.09284612 ], [ -69.11156666, -16.09279556 ], [ -69.111562, -16.09275966 ], [ -69.11156039, -16.09269848 ], [ -69.11154809, -16.09265557 ], [ -69.11154267, -16.09259088 ], [ -69.1115404, -16.09250451 ], [ -69.11157018, -16.09250378 ], [ -69.11158832, -16.09248533 ], [ -69.11162908, -16.09247713 ], [ -69.11168053, -16.09245066 ], [ -69.1116981, -16.09241061 ], [ -69.11170003, -16.09234214 ], [ -69.11166092, -16.09227108 ], [ -69.11162859, -16.09217464 ], [ -69.11160743, -16.09207793 ], [ -69.11155046, -16.09203612 ], [ -69.11151181, -16.09198305 ], [ -69.11152185, -16.09193959 ], [ -69.11153188, -16.09189613 ], [ -69.11151195, -16.0918462 ], [ -69.11148857, -16.09180716 ], [ -69.11149107, -16.09176029 ], [ -69.11152287, -16.09169468 ], [ -69.11153606, -16.09162954 ], [ -69.11153483, -16.09158276 ], [ -69.11152625, -16.09153975 ], [ -69.11151739, -16.09148595 ], [ -69.11151998, -16.09144268 ], [ -69.11154891, -16.09140956 ], [ -69.11157068, -16.09138742 ], [ -69.11159532, -16.0913328 ], [ -69.11160516, -16.09128214 ], [ -69.11159639, -16.09123194 ], [ -69.11159507, -16.09118155 ], [ -69.11160138, -16.09113819 ], [ -69.11162239, -16.09108725 ], [ -69.11165448, -16.09103245 ], [ -69.1117058, -16.09100094 ], [ -69.1117499, -16.09097825 ], [ -69.11177501, -16.09094162 ], [ -69.11178057, -16.09086947 ], [ -69.11176798, -16.09081576 ], [ -69.11174042, -16.09075882 ], [ -69.11172793, -16.09070871 ], [ -69.11172995, -16.09064384 ], [ -69.11173951, -16.09058238 ], [ -69.11175642, -16.09051715 ], [ -69.11176608, -16.09045929 ], [ -69.11176857, -16.09041242 ], [ -69.11178577, -16.09035798 ], [ -69.11181012, -16.09029256 ], [ -69.11184277, -16.09025935 ], [ -69.11189555, -16.09028326 ], [ -69.11194003, -16.09027497 ], [ -69.11196132, -16.09023483 ], [ -69.11197498, -16.09018768 ], [ -69.11203313, -16.09013224 ], [ -69.11205079, -16.09009579 ], [ -69.11209843, -16.09006582 ], [ -69.11213824, -16.09002163 ], [ -69.11216613, -16.08994892 ], [ -69.112205, -16.08986874 ], [ -69.1122409, -16.08981744 ], [ -69.11229894, -16.0897584 ], [ -69.11232387, -16.08971458 ], [ -69.11235557, -16.08964538 ], [ -69.11240293, -16.0896046 ], [ -69.11247261, -16.08956328 ], [ -69.11250479, -16.08951208 ], [ -69.11254135, -16.08948597 ], [ -69.11260397, -16.08945923 ], [ -69.11268902, -16.08943553 ], [ -69.11271738, -16.08938082 ], [ -69.11273132, -16.08934447 ], [ -69.11278111, -16.08925466 ], [ -69.11280566, -16.08919644 ], [ -69.1128491, -16.08914856 ], [ -69.11290055, -16.08912208 ], [ -69.11296289, -16.08908454 ], [ -69.1130509, -16.08903197 ], [ -69.11312039, -16.08898345 ], [ -69.11317863, -16.0889316 ], [ -69.11327037, -16.08887894 ], [ -69.11333977, -16.08882682 ], [ -69.11343198, -16.08879214 ], [ -69.11352037, -16.08875396 ], [ -69.11359646, -16.08867287 ], [ -69.11366501, -16.08858836 ], [ -69.11371132, -16.088508 ], [ -69.11375038, -16.08843502 ], [ -69.11379754, -16.08838705 ], [ -69.11387391, -16.08831675 ], [ -69.11389827, -16.08825133 ], [ -69.11394057, -16.08816027 ], [ -69.11397972, -16.08809088 ], [ -69.11397802, -16.0880261 ], [ -69.11396162, -16.08796889 ], [ -69.11398495, -16.0878646 ], [ -69.11400215, -16.08781016 ], [ -69.11403414, -16.08775176 ], [ -69.11407654, -16.08766429 ], [ -69.11410758, -16.0875699 ], [ -69.11411648, -16.08748326 ], [ -69.11410342, -16.08741155 ], [ -69.11413866, -16.08733507 ], [ -69.11415567, -16.08727343 ], [ -69.11415415, -16.08721585 ], [ -69.11413365, -16.08714433 ], [ -69.1141099, -16.0870909 ], [ -69.11408987, -16.08703737 ], [ -69.11408808, -16.08696899 ], [ -69.11410108, -16.08689665 ], [ -69.11413316, -16.08684185 ], [ -69.11416505, -16.08677984 ], [ -69.11418625, -16.08673611 ], [ -69.11422924, -16.08667095 ], [ -69.11423804, -16.08658071 ], [ -69.11421372, -16.08650568 ], [ -69.11420858, -16.08645179 ], [ -69.11420622, -16.08636182 ], [ -69.11420758, -16.08627176 ], [ -69.11422039, -16.08619222 ], [ -69.11423014, -16.08613796 ], [ -69.11425421, -16.08606175 ], [ -69.11427074, -16.08598212 ], [ -69.11428021, -16.08591707 ], [ -69.11428958, -16.08584841 ], [ -69.11429961, -16.08580496 ], [ -69.11433207, -16.08576455 ], [ -69.11436548, -16.08576012 ], [ -69.11441415, -16.08576973 ], [ -69.11446627, -16.08576845 ], [ -69.11450617, -16.08572786 ], [ -69.11453482, -16.08568395 ], [ -69.11457482, -16.08564695 ], [ -69.1146298, -16.08561319 ], [ -69.11468172, -16.08560472 ], [ -69.11472945, -16.08557834 ], [ -69.11477727, -16.08555555 ], [ -69.11480992, -16.08552234 ], [ -69.11485087, -16.08552134 ], [ -69.11489459, -16.08548425 ], [ -69.1149386, -16.08545797 ], [ -69.11496229, -16.08542413 ], [ -69.11497415, -16.08540284 ], [ -69.11500493, -16.08539308 ], [ -69.11503245, -16.0853774 ], [ -69.11506586, -16.08534957 ], [ -69.11509904, -16.08531274 ], [ -69.11513198, -16.08526692 ], [ -69.11516421, -16.0851941 ], [ -69.11520057, -16.0851602 ], [ -69.11523374, -16.08512338 ], [ -69.11524791, -16.08507201 ], [ -69.11527751, -16.08501727 ], [ -69.11531324, -16.08495937 ], [ -69.11533393, -16.08491985 ], [ -69.11537562, -16.08485281 ], [ -69.11540554, -16.08481006 ], [ -69.11545296, -16.08472487 ], [ -69.11550047, -16.08464268 ], [ -69.1155358, -16.08456979 ], [ -69.11556206, -16.08450612 ], [ -69.11557949, -16.08446068 ], [ -69.11559613, -16.08438525 ], [ -69.11559479, -16.08433427 ], [ -69.11559043, -16.08428636 ], [ -69.11560118, -16.08422307 ], [ -69.11563086, -16.08417133 ], [ -69.11564845, -16.08413189 ], [ -69.11566533, -16.08406545 ], [ -69.11566646, -16.0839904 ], [ -69.11566536, -16.08394841 ], [ -69.11567572, -16.08387013 ], [ -69.11566786, -16.08380731 ], [ -69.11567901, -16.08375902 ], [ -69.11570264, -16.08371342 ], [ -69.11573542, -16.0836616 ], [ -69.11576224, -16.08361893 ], [ -69.11577362, -16.08357964 ], [ -69.11578469, -16.08352835 ], [ -69.11586375, -16.08341622 ], [ -69.11592447, -16.08331749 ], [ -69.11597823, -16.08323695 ], [ -69.1160504, -16.08314875 ], [ -69.11612583, -16.08304246 ], [ -69.11620144, -16.08294338 ], [ -69.11625491, -16.08285204 ], [ -69.1162892, -16.08273956 ], [ -69.11635766, -16.08265145 ], [ -69.11642945, -16.08254886 ], [ -69.11653165, -16.08237469 ], [ -69.11665909, -16.08226353 ], [ -69.1167767, -16.08201456 ], [ -69.1168644, -16.08180834 ], [ -69.1169287, -16.08165672 ], [ -69.11695515, -16.08148201 ], [ -69.1169878, -16.08130716 ], [ -69.11702745, -16.08116214 ], [ -69.11710973, -16.08098606 ], [ -69.11726677, -16.08082016 ], [ -69.1174125, -16.08069654 ], [ -69.11757112, -16.08059061 ], [ -69.11772895, -16.08045469 ], [ -69.11784429, -16.08035583 ], [ -69.11798605, -16.0802227 ], [ -69.11806371, -16.08010676 ], [ -69.11820387, -16.08000729 ], [ -69.11832747, -16.07998624 ], [ -69.11841847, -16.07990598 ], [ -69.11845333, -16.0798151 ], [ -69.11852604, -16.07974729 ], [ -69.11862278, -16.07964889 ], [ -69.11866305, -16.07952786 ], [ -69.11869075, -16.07940114 ], [ -69.11876951, -16.07932718 ], [ -69.11891125, -16.07928769 ], [ -69.11905267, -16.0792362 ], [ -69.11922495, -16.07917795 ], [ -69.11929798, -16.07912213 ], [ -69.11938278, -16.07904203 ], [ -69.11944928, -16.07897437 ], [ -69.11955968, -16.07892364 ], [ -69.11965148, -16.07887337 ], [ -69.11979369, -16.07885187 ], [ -69.11992254, -16.07879469 ], [ -69.11999509, -16.07872088 ], [ -69.12009277, -16.07865846 ], [ -69.12019634, -16.0785839 ], [ -69.12024981, -16.07849255 ], [ -69.12033493, -16.07842444 ], [ -69.12042036, -16.07836832 ], [ -69.12054301, -16.07831129 ], [ -69.12065357, -16.07826656 ], [ -69.12077772, -16.07817228 ], [ -69.12084328, -16.07806864 ], [ -69.12093129, -16.07787441 ], [ -69.12097188, -16.07776538 ], [ -69.12104316, -16.07764359 ], [ -69.12110283, -16.0775521 ], [ -69.12116108, -16.07740662 ], [ -69.12117749, -16.07732219 ], [ -69.12124877, -16.0772004 ], [ -69.12131959, -16.07706062 ], [ -69.12136622, -16.07694543 ], [ -69.12138215, -16.07684301 ], [ -69.12139808, -16.07674059 ], [ -69.12143278, -16.0766437 ], [ -69.12150517, -16.0765639 ], [ -69.12157167, -16.07649624 ], [ -69.1215876, -16.07639382 ], [ -69.12160353, -16.0762914 ], [ -69.12160784, -16.07621927 ], [ -69.12164285, -16.07613438 ], [ -69.12170718, -16.07598395 ], [ -69.12178499, -16.07587401 ], [ -69.12183193, -16.07577082 ], [ -69.12186027, -16.07566809 ], [ -69.12185759, -16.07556612 ], [ -69.12187893, -16.07543356 ], [ -69.121864, -16.07533789 ], [ -69.1217996, -16.07524945 ], [ -69.12173457, -16.07513701 ], [ -69.12166396, -16.07504872 ], [ -69.12160466, -16.07491814 ], [ -69.1215401, -16.07482369 ], [ -69.12143564, -16.0746282 ], [ -69.12137845, -16.07434152 ], [ -69.12137881, -16.07411944 ], [ -69.12135547, -16.07393995 ], [ -69.12134469, -16.07376616 ], [ -69.12138927, -16.07357301 ], [ -69.12149699, -16.07342031 ], [ -69.12157363, -16.07326598 ], [ -69.12165843, -16.07318587 ], [ -69.1217704, -16.07319512 ], [ -69.12187476, -16.07315054 ], [ -69.12195319, -16.07306459 ], [ -69.12201255, -16.0729611 ], [ -69.12211022, -16.07289868 ], [ -69.12223971, -16.07286548 ], [ -69.12238223, -16.07285598 ], [ -69.12251218, -16.07284078 ], [ -69.12271038, -16.0728239 ], [ -69.12277241, -16.07282238 ], [ -69.12286704, -16.07288007 ], [ -69.12291267, -16.07296297 ], [ -69.12302034, -16.07304435 ], [ -69.12308316, -16.07307282 ], [ -69.12313951, -16.07318547 ], [ -69.12320885, -16.07322577 ], [ -69.12327835, -16.07327208 ], [ -69.12333623, -16.07334868 ], [ -69.1234501, -16.07342991 ], [ -69.12352008, -16.07349421 ], [ -69.12358321, -16.07353467 ], [ -69.12365303, -16.07359297 ], [ -69.12370408, -16.07364573 ], [ -69.12377868, -16.0736499 ], [ -69.12384628, -16.07362423 ], [ -69.12394491, -16.07359779 ], [ -69.12403144, -16.07358366 ], [ -69.12414263, -16.07356292 ], [ -69.1242433, -16.07361446 ], [ -69.12434939, -16.07363586 ], [ -69.1244488, -16.07363942 ], [ -69.12455442, -16.07364282 ], [ -69.12464064, -16.07361669 ], [ -69.1247073, -16.07355503 ], [ -69.12476108, -16.07347569 ], [ -69.12483983, -16.07340173 ], [ -69.12494465, -16.07337514 ], [ -69.1250059, -16.07334362 ], [ -69.1250285, -16.07325904 ], [ -69.12510121, -16.07319123 ], [ -69.12513033, -16.07311849 ], [ -69.12515278, -16.07302791 ], [ -69.12518158, -16.07294318 ], [ -69.12514757, -16.07282998 ], [ -69.12516428, -16.07275754 ], [ -69.12521154, -16.07266635 ], [ -69.12524082, -16.07259961 ], [ -69.12530112, -16.07253211 ], [ -69.12535585, -16.07248875 ], [ -69.1254112, -16.07246938 ], [ -69.12546577, -16.07242002 ], [ -69.12549537, -16.07236528 ], [ -69.12547518, -16.07230575 ], [ -69.12540678, -16.07230144 ], [ -69.1253581, -16.07233864 ], [ -69.12527157, -16.07235278 ], [ -69.12519555, -16.07229463 ], [ -69.1251372, -16.07220003 ], [ -69.12510192, -16.07203885 ], [ -69.12506601, -16.07185368 ], [ -69.12505523, -16.07167989 ], [ -69.12506179, -16.07145766 ], [ -69.12508763, -16.07126016 ], [ -69.1251023, -16.07110975 ], [ -69.12511475, -16.07087537 ], [ -69.12510508, -16.07074357 ], [ -69.12512658, -16.070617 ], [ -69.12521679, -16.07050674 ], [ -69.12530763, -16.07042048 ], [ -69.12537954, -16.07032268 ], [ -69.12541996, -16.07020765 ], [ -69.12547947, -16.07011016 ], [ -69.12557031, -16.0700239 ], [ -69.12570457, -16.06993657 ], [ -69.12577107, -16.06986891 ], [ -69.12588179, -16.06983018 ], [ -69.12599155, -16.06975545 ], [ -69.12610132, -16.06968073 ], [ -69.12623653, -16.06962939 ], [ -69.12631543, -16.06956142 ], [ -69.12642041, -16.06954083 ], [ -69.1265071, -16.0695327 ], [ -69.12655847, -16.06959746 ], [ -69.12657214, -16.06964514 ], [ -69.12661014, -16.06967421 ], [ -69.1266911, -16.06968422 ], [ -69.12675235, -16.0696527 ], [ -69.12675681, -16.06958657 ], [ -69.12672932, -16.06948522 ], [ -69.12666523, -16.06940877 ], [ -69.12666334, -16.0693368 ], [ -69.12667847, -16.06920438 ], [ -69.12667595, -16.06910841 ], [ -69.12669348, -16.06892552 ], [ -69.12677942, -16.06865332 ], [ -69.126824, -16.06846017 ], [ -69.126863, -16.06829115 ], [ -69.12691362, -16.06809184 ], [ -69.12699047, -16.06794591 ], [ -69.12705492, -16.06780028 ], [ -69.12712746, -16.06772647 ], [ -69.12724837, -16.06760345 ], [ -69.1273637, -16.06750459 ], [ -69.12743625, -16.06743078 ], [ -69.12753917, -16.06733221 ], [ -69.127599, -16.06724672 ], [ -69.12766363, -16.06710828 ], [ -69.12778485, -16.06699726 ], [ -69.12788189, -16.06691085 ], [ -69.12801137, -16.06687765 ], [ -69.12816613, -16.06686184 ], [ -69.12834619, -16.06686341 ], [ -69.12845117, -16.06684282 ], [ -69.12861755, -16.06679671 ], [ -69.12874766, -16.0667875 ], [ -69.1288959, -16.06675985 ], [ -69.12900693, -16.06673311 ], [ -69.1290995, -16.06671282 ], [ -69.12918603, -16.06669869 ], [ -69.12933412, -16.06666503 ], [ -69.12943321, -16.06665659 ], [ -69.1295056, -16.06657678 ], [ -69.12958912, -16.06644868 ], [ -69.12964053, -16.06627937 ], [ -69.12972216, -16.06607929 ], [ -69.12976878, -16.06596411 ], [ -69.12980794, -16.06580109 ], [ -69.12986744, -16.0657036 ], [ -69.12995239, -16.06562948 ], [ -69.12996926, -16.06556305 ], [ -69.12997867, -16.06544878 ], [ -69.12998298, -16.06537665 ], [ -69.12994528, -16.06535957 ], [ -69.12988436, -16.06540309 ], [ -69.129829, -16.06542246 ], [ -69.12973501, -16.06538876 ], [ -69.1296889, -16.06528786 ], [ -69.12968096, -16.06522204 ], [ -69.12965441, -16.06515667 ], [ -69.12957345, -16.06514666 ], [ -69.12953797, -16.06521356 ], [ -69.12947689, -16.06525107 ], [ -69.12938463, -16.06528335 ], [ -69.12930352, -16.06526734 ], [ -69.12924753, -16.06526272 ], [ -69.12919917, -16.06531193 ], [ -69.12910549, -16.06529023 ], [ -69.12904298, -16.06527376 ], [ -69.12896187, -16.06525775 ], [ -69.12888091, -16.06524774 ], [ -69.12875511, -16.06518482 ], [ -69.12863472, -16.06509175 ], [ -69.12853153, -16.06494424 ], [ -69.12849301, -16.06489598 ], [ -69.12842703, -16.06474755 ], [ -69.1283671, -16.06459298 ], [ -69.12836094, -16.06435906 ], [ -69.12837975, -16.06413052 ], [ -69.12841223, -16.06394967 ], [ -69.12846316, -16.06376235 ], [ -69.12855194, -16.06359812 ], [ -69.1286299, -16.06349416 ], [ -69.1286528, -16.06337332 ], [ -69.1286964, -16.06323805 ], [ -69.12876512, -16.06316073 ], [ -69.12881839, -16.06306219 ], [ -69.12884656, -16.06300028 ], [ -69.12890049, -16.06292693 ], [ -69.12895786, -16.06284269 ], [ -69.1290492, -16.06277562 ], [ -69.1290931, -16.06274573 ], [ -69.12914741, -16.06268677 ], [ -69.12920239, -16.06265301 ], [ -69.12923131, -16.06261989 ], [ -69.1293154, -16.0625602 ], [ -69.12935511, -16.06251241 ], [ -69.1293869, -16.0624468 ], [ -69.12941515, -16.06238849 ], [ -69.12945887, -16.0623514 ], [ -69.12950612, -16.06230702 ], [ -69.12951911, -16.06223468 ], [ -69.12954364, -16.06217646 ], [ -69.12957562, -16.06211805 ], [ -69.12961076, -16.06203796 ], [ -69.12990095, -16.06161189 ], [ -69.13015461, -16.06125033 ], [ -69.13043816, -16.06089283 ], [ -69.13062436, -16.06060976 ], [ -69.13090109, -16.06018137 ], [ -69.13100824, -16.06010191 ], [ -69.13110432, -16.0599795 ], [ -69.13121618, -16.05989032 ], [ -69.13127855, -16.05980716 ], [ -69.13132017, -16.0596909 ], [ -69.13137109, -16.0595504 ], [ -69.13142239, -16.0594243 ], [ -69.13148042, -16.05936525 ], [ -69.13154354, -16.05931088 ], [ -69.13160132, -16.05924223 ], [ -69.1316493, -16.05917863 ], [ -69.13166267, -16.05912068 ], [ -69.13169488, -16.05902386 ], [ -69.13172734, -16.05893663 ], [ -69.13178487, -16.05885839 ], [ -69.13185791, -16.05880378 ], [ -69.13189992, -16.05870191 ], [ -69.13196101, -16.05857076 ], [ -69.13196193, -16.05841709 ], [ -69.13198371, -16.05830132 ], [ -69.1320308, -16.05820413 ], [ -69.13207815, -16.05811654 ], [ -69.13210973, -16.05799572 ], [ -69.13212641, -16.05787527 ], [ -69.13219285, -16.0577584 ], [ -69.13226808, -16.05759809 ], [ -69.13231824, -16.05742881 ], [ -69.13235541, -16.05733186 ], [ -69.13239817, -16.05725878 ], [ -69.13242058, -16.057167 ], [ -69.13242327, -16.05708051 ], [ -69.13248576, -16.05700215 ], [ -69.1325191, -16.05694851 ], [ -69.13258706, -16.05688922 ], [ -69.13261531, -16.0568309 ], [ -69.13264831, -16.05668787 ], [ -69.13267325, -16.05657979 ], [ -69.13272505, -16.05647288 ], [ -69.13276209, -16.05637114 ], [ -69.13276503, -16.05629424 ], [ -69.1327284, -16.05622312 ], [ -69.13267607, -16.05612166 ], [ -69.13262417, -16.05603651 ], [ -69.13259111, -16.05591249 ], [ -69.13256962, -16.0558506 ], [ -69.13250868, -16.05579928 ], [ -69.13245308, -16.05576224 ], [ -69.13238769, -16.05573024 ], [ -69.13231746, -16.05570316 ], [ -69.1322312, -16.05563326 ], [ -69.1321709, -16.05560594 ], [ -69.13209087, -16.05558391 ], [ -69.13201147, -16.05558586 ], [ -69.13190078, -16.05553097 ], [ -69.13183577, -16.05551337 ], [ -69.13172164, -16.05551618 ], [ -69.13162735, -16.0555185 ], [ -69.13152861, -16.05554014 ], [ -69.13138572, -16.05558207 ], [ -69.13131091, -16.05556951 ], [ -69.13122133, -16.05556211 ], [ -69.1311035, -16.05561303 ], [ -69.13098517, -16.05564475 ], [ -69.13087242, -16.05570035 ], [ -69.1307887, -16.05572642 ], [ -69.13068449, -16.05572898 ], [ -69.13060535, -16.05574054 ], [ -69.13053154, -16.05576636 ], [ -69.1303791, -16.05582293 ], [ -69.13021241, -16.05590386 ], [ -69.13003158, -16.05601395 ], [ -69.12988512, -16.05610878 ], [ -69.12969276, -16.05623356 ], [ -69.12955609, -16.05632335 ], [ -69.1294338, -16.05639359 ], [ -69.12932169, -16.05647317 ], [ -69.12921467, -16.05655743 ], [ -69.12910167, -16.05660343 ], [ -69.12888573, -16.05669997 ], [ -69.1287936, -16.05678387 ], [ -69.12864204, -16.05687402 ], [ -69.12854902, -16.05692433 ], [ -69.12844136, -16.0569846 ], [ -69.12831348, -16.05703096 ], [ -69.12820061, -16.05708175 ], [ -69.12811789, -16.05714621 ], [ -69.12800082, -16.05722592 ], [ -69.12786785, -16.0572676 ], [ -69.1277747, -16.05731311 ], [ -69.12771171, -16.05737228 ], [ -69.12752693, -16.05752087 ], [ -69.12743059, -16.05763368 ], [ -69.12725523, -16.05776283 ], [ -69.12707045, -16.05791143 ], [ -69.12693453, -16.05803001 ], [ -69.12685295, -16.05813765 ], [ -69.12672759, -16.05827998 ], [ -69.12656178, -16.05839449 ], [ -69.12644817, -16.05845491 ], [ -69.12632663, -16.05855393 ], [ -69.12618845, -16.05858614 ], [ -69.12608398, -16.05857911 ], [ -69.12598104, -16.05862965 ], [ -69.12586867, -16.05869964 ], [ -69.12575887, -16.05867833 ], [ -69.12571383, -16.05866504 ], [ -69.12563086, -16.0587199 ], [ -69.12556673, -16.05873588 ], [ -69.12547231, -16.0587334 ], [ -69.12540284, -16.05873511 ], [ -69.1253499, -16.05879883 ], [ -69.1252467, -16.05883978 ], [ -69.12518269, -16.05886056 ], [ -69.12512912, -16.05890029 ], [ -69.12507529, -16.05893043 ], [ -69.12501675, -16.05897028 ], [ -69.12494282, -16.0589913 ], [ -69.1248839, -16.05901676 ], [ -69.12480055, -16.05905722 ], [ -69.12471745, -16.05910728 ], [ -69.12466413, -16.05915661 ], [ -69.12460063, -16.05919658 ], [ -69.12456716, -16.05924542 ], [ -69.12450391, -16.05929499 ], [ -69.12446522, -16.05933436 ], [ -69.12439167, -16.05936978 ], [ -69.12430348, -16.05941516 ], [ -69.12421988, -16.05944603 ], [ -69.12412809, -16.05943004 ], [ -69.12402884, -16.05943248 ], [ -69.12391445, -16.05942569 ], [ -69.12381521, -16.05942813 ], [ -69.12369153, -16.05944558 ], [ -69.12358744, -16.05945294 ], [ -69.12343857, -16.0594566 ], [ -69.12331834, -16.05941634 ], [ -69.12321362, -16.05939971 ], [ -69.12308002, -16.0594174 ], [ -69.12296117, -16.05942993 ], [ -69.12280873, -16.05948649 ], [ -69.12266036, -16.05950935 ], [ -69.12252255, -16.05955595 ], [ -69.12233461, -16.05958458 ], [ -69.12221602, -16.0596067 ], [ -69.12210264, -16.0596383 ], [ -69.12199422, -16.05966977 ], [ -69.12180591, -16.05968401 ], [ -69.12165703, -16.05968767 ], [ -69.12150232, -16.05965786 ], [ -69.12132788, -16.05963334 ], [ -69.12110852, -16.05960032 ], [ -69.12095788, -16.0595368 ], [ -69.12076957, -16.05955104 ], [ -69.12063583, -16.05956393 ], [ -69.12050557, -16.05955753 ], [ -69.12042642, -16.05956907 ], [ -69.12031342, -16.05961507 ], [ -69.12017561, -16.05966167 ], [ -69.12004163, -16.05966496 ], [ -69.11988346, -16.05969285 ], [ -69.11976499, -16.05971977 ], [ -69.11960124, -16.0597238 ], [ -69.119517, -16.05973067 ], [ -69.11935921, -16.05977296 ], [ -69.11919457, -16.0597434 ], [ -69.1190854, -16.05974608 ], [ -69.11896693, -16.059773 ], [ -69.11888345, -16.05980866 ], [ -69.11881398, -16.05981037 ], [ -69.11875023, -16.05984074 ], [ -69.11868075, -16.05984245 ], [ -69.11858722, -16.05987356 ], [ -69.11849382, -16.05990946 ], [ -69.11840412, -16.05989726 ], [ -69.11832548, -16.059928 ], [ -69.11821757, -16.05997867 ], [ -69.11808434, -16.06001075 ], [ -69.11798013, -16.06001331 ], [ -69.11787592, -16.06001587 ], [ -69.11780173, -16.0600273 ], [ -69.11769828, -16.06005865 ], [ -69.11759407, -16.06006121 ], [ -69.11746963, -16.06004986 ], [ -69.11737572, -16.06006657 ], [ -69.11725318, -16.0601272 ], [ -69.11712428, -16.06013517 ], [ -69.11702949, -16.06011829 ], [ -69.11692032, -16.06012097 ], [ -69.11679092, -16.06010975 ], [ -69.11668151, -16.06014124 ], [ -69.11656266, -16.06015377 ], [ -69.11643911, -16.06017601 ], [ -69.11630016, -16.06017942 ], [ -69.1161957, -16.06017238 ], [ -69.11607635, -16.06016571 ], [ -69.11598269, -16.06019202 ], [ -69.11588979, -16.06024712 ], [ -69.11577717, -16.0603075 ], [ -69.11562918, -16.06034474 ], [ -69.11549074, -16.06036735 ], [ -69.11531756, -16.06039081 ], [ -69.11519476, -16.06044184 ], [ -69.11501901, -16.06055659 ], [ -69.11491147, -16.06062165 ], [ -69.11481336, -16.06066727 ], [ -69.11472033, -16.06071757 ], [ -69.11457705, -16.0607451 ], [ -69.11442931, -16.06079194 ], [ -69.11429621, -16.06082881 ], [ -69.11409923, -16.06089127 ], [ -69.11398114, -16.06093258 ], [ -69.11381939, -16.06101338 ], [ -69.11366795, -16.06110832 ], [ -69.11346117, -16.06117582 ], [ -69.11330872, -16.06123238 ], [ -69.11317649, -16.06130284 ], [ -69.11305062, -16.06142597 ], [ -69.11294472, -16.06155341 ], [ -69.11286414, -16.06169943 ], [ -69.11278802, -16.06182614 ], [ -69.11276673, -16.0619611 ], [ -69.11274612, -16.06204611 ], [ -69.11273796, -16.06211354 ], [ -69.11270574, -16.06221036 ], [ -69.11270813, -16.06230153 ], [ -69.11273471, -16.0623681 ], [ -69.11274232, -16.06246874 ], [ -69.11276977, -16.0625689 ], [ -69.11277204, -16.06265527 ], [ -69.11280383, -16.06273131 ], [ -69.11289631, -16.06284908 ], [ -69.11295379, -16.0629581 ], [ -69.11301523, -16.06302862 ], [ -69.1130871, -16.06311808 ], [ -69.11313403, -16.06320336 ], [ -69.11316682, -16.06331779 ], [ -69.11315239, -16.06352461 ], [ -69.11315579, -16.06365416 ], [ -69.11317841, -16.06375924 ], [ -69.1131859, -16.06385509 ], [ -69.11315902, -16.06396618 ], [ -69.11310682, -16.06405869 ], [ -69.11301022, -16.0641619 ], [ -69.11287517, -16.06431406 ], [ -69.11274308, -16.06438932 ], [ -69.1126405, -16.06445426 ], [ -69.11251865, -16.06454176 ], [ -69.11240144, -16.06461665 ], [ -69.11222443, -16.06468342 ], [ -69.11206651, -16.0647209 ], [ -69.11190363, -16.06475851 ], [ -69.11176009, -16.06477644 ], [ -69.11161542, -16.06475118 ], [ -69.11149048, -16.06472064 ], [ -69.11133664, -16.06472441 ], [ -69.11122188, -16.06470322 ], [ -69.11107695, -16.06466836 ], [ -69.11096068, -16.06458959 ], [ -69.11085483, -16.06452977 ], [ -69.11076361, -16.06445998 ], [ -69.11069771, -16.06440878 ], [ -69.1105869, -16.06434908 ], [ -69.1104869, -16.06432272 ], [ -69.11033827, -16.06433597 ], [ -69.11024895, -16.06433816 ], [ -69.1101007, -16.06436581 ], [ -69.10999636, -16.06436357 ], [ -69.10987814, -16.06440008 ], [ -69.1097691, -16.06440755 ], [ -69.10963611, -16.06444923 ], [ -69.10955873, -16.06452795 ], [ -69.10948185, -16.06462586 ], [ -69.10945509, -16.06474176 ], [ -69.10941212, -16.06480715 ], [ -69.10940446, -16.06489377 ], [ -69.10944058, -16.0649457 ], [ -69.1095225, -16.06503972 ], [ -69.10955479, -16.06513496 ], [ -69.10958683, -16.0652206 ], [ -69.10962358, -16.06529652 ], [ -69.10965525, -16.06536777 ], [ -69.10971656, -16.06543348 ], [ -69.10973742, -16.06547138 ], [ -69.1097753, -16.06559049 ], [ -69.10978875, -16.0657246 ], [ -69.10980779, -16.06588259 ], [ -69.10983104, -16.06601166 ], [ -69.10987948, -16.06615451 ], [ -69.10993402, -16.06634043 ], [ -69.10995664, -16.06644551 ], [ -69.10996538, -16.06658934 ], [ -69.10995452, -16.06674326 ], [ -69.10993298, -16.06686862 ], [ -69.10991602, -16.06697947 ], [ -69.10985974, -16.06710569 ], [ -69.10977878, -16.06723732 ], [ -69.10970215, -16.06734483 ], [ -69.1096095, -16.06740952 ], [ -69.10948173, -16.06746067 ], [ -69.10937877, -16.06751121 ], [ -69.10926093, -16.06756212 ], [ -69.10910351, -16.0676188 ], [ -69.10900093, -16.06768373 ], [ -69.10882366, -16.0677409 ], [ -69.1087197, -16.06775305 ], [ -69.10857591, -16.06776138 ], [ -69.10835108, -16.06770927 ], [ -69.10820132, -16.06767933 ], [ -69.10804622, -16.06763512 ], [ -69.10794012, -16.0675657 ], [ -69.10778948, -16.06750217 ], [ -69.10761862, -16.06742474 ], [ -69.10747155, -16.0673083 ], [ -69.10724792, -16.06711212 ], [ -69.10706636, -16.06696773 ], [ -69.10694983, -16.06687936 ], [ -69.10684781, -16.06677623 ], [ -69.10674208, -16.0667212 ], [ -69.10668077, -16.06665548 ], [ -69.10662888, -16.06657033 ], [ -69.10655726, -16.06649046 ], [ -69.10648006, -16.06638672 ], [ -69.10641862, -16.0663162 ], [ -69.10634726, -16.06624593 ], [ -69.10628061, -16.06616593 ], [ -69.10625368, -16.06608593 ], [ -69.10622635, -16.06599057 ], [ -69.10620028, -16.06594319 ], [ -69.10613118, -16.06595929 ], [ -69.1061075, -16.06600309 ], [ -69.10603306, -16.06600491 ], [ -69.10595875, -16.06601153 ], [ -69.10590479, -16.06603686 ], [ -69.10580121, -16.06606341 ], [ -69.10574649, -16.06605995 ], [ -69.10566326, -16.0661052 ], [ -69.10561464, -16.06614481 ], [ -69.10553675, -16.06620433 ], [ -69.10547412, -16.06627789 ], [ -69.10538248, -16.06638097 ], [ -69.10526727, -16.06653264 ], [ -69.1051956, -16.06664003 ], [ -69.10512443, -16.06676661 ], [ -69.10504221, -16.06685025 ], [ -69.10499447, -16.06692344 ], [ -69.10496124, -16.06698187 ], [ -69.10489428, -16.06707955 ], [ -69.10482619, -16.06713403 ], [ -69.10473887, -16.06721299 ], [ -69.10469151, -16.06730058 ], [ -69.10467392, -16.06738744 ], [ -69.10465163, -16.06748402 ], [ -69.10461406, -16.06756656 ], [ -69.10452738, -16.06766952 ], [ -69.10443105, -16.06774582 ], [ -69.10436284, -16.06779551 ], [ -69.10428978, -16.06785011 ], [ -69.10420158, -16.06789549 ], [ -69.10407915, -16.06796091 ], [ -69.1040071, -16.0680539 ], [ -69.10392513, -16.06814714 ], [ -69.1038625, -16.06822069 ], [ -69.103751, -16.06832426 ], [ -69.10367286, -16.06837419 ], [ -69.1035596, -16.06841057 ], [ -69.10348629, -16.06845558 ], [ -69.10341819, -16.06851007 ], [ -69.10335978, -16.06855471 ], [ -69.10329539, -16.06856109 ], [ -69.10325631, -16.06858605 ], [ -69.10320323, -16.06864497 ], [ -69.10312584, -16.06872369 ], [ -69.10305825, -16.06879737 ], [ -69.10300951, -16.06883217 ], [ -69.10295618, -16.0688815 ], [ -69.10289191, -16.06889267 ], [ -69.10284329, -16.06893228 ], [ -69.10274593, -16.06900668 ], [ -69.10269247, -16.06905121 ], [ -69.10261011, -16.06913005 ], [ -69.10254152, -16.06916534 ], [ -69.10246274, -16.06919128 ], [ -69.10238981, -16.06925068 ], [ -69.10234081, -16.06927589 ], [ -69.10225833, -16.06934993 ], [ -69.10207783, -16.06947343 ], [ -69.10196011, -16.06952913 ], [ -69.10184202, -16.06957043 ], [ -69.10175765, -16.0695725 ], [ -69.10166437, -16.06961319 ], [ -69.10161574, -16.0696528 ], [ -69.10157705, -16.06969216 ], [ -69.1014886, -16.06972793 ], [ -69.10142421, -16.06973431 ], [ -69.10134594, -16.06977944 ], [ -69.10127772, -16.06982913 ], [ -69.10120912, -16.06986442 ], [ -69.10113519, -16.06988543 ], [ -69.10103681, -16.06992145 ], [ -69.10096338, -16.06996166 ], [ -69.1008547, -16.06998353 ], [ -69.10075061, -16.06999088 ], [ -69.10068201, -16.07002617 ], [ -69.10061317, -16.07005186 ], [ -69.10054953, -16.07008703 ], [ -69.10046604, -16.07012269 ], [ -69.10038268, -16.07016314 ], [ -69.10025975, -16.07020936 ], [ -69.10014661, -16.07025054 ], [ -69.09995904, -16.07029355 ], [ -69.09970261, -16.07036224 ], [ -69.09951751, -16.07038598 ], [ -69.09928477, -16.07041088 ], [ -69.09911666, -16.07043901 ], [ -69.09890961, -16.07049689 ], [ -69.09865828, -16.07057026 ], [ -69.09849168, -16.07065597 ], [ -69.09838922, -16.07072569 ], [ -69.09824832, -16.07084438 ], [ -69.09815641, -16.07093786 ], [ -69.09804504, -16.07104621 ], [ -69.09790997, -16.07119837 ], [ -69.0977609, -16.07138447 ], [ -69.09768386, -16.07147662 ], [ -69.09763511, -16.07151143 ], [ -69.09761715, -16.07158389 ], [ -69.09761407, -16.07165599 ], [ -69.09765031, -16.07171272 ], [ -69.09770095, -16.07174989 ], [ -69.09771696, -16.07179271 ], [ -69.09770867, -16.07185534 ], [ -69.09768599, -16.07193752 ], [ -69.09765772, -16.07199583 ], [ -69.09767896, -16.07204812 ], [ -69.09775019, -16.0721136 ], [ -69.0977485, -16.07223848 ], [ -69.09774988, -16.07229126 ], [ -69.09773241, -16.07238292 ], [ -69.09770019, -16.07247974 ], [ -69.09764289, -16.07256757 ], [ -69.09758076, -16.07266031 ], [ -69.0975231, -16.07273375 ], [ -69.09746109, -16.0728313 ], [ -69.09739387, -16.07291937 ], [ -69.09738633, -16.07301078 ], [ -69.09732992, -16.0731322 ], [ -69.09728381, -16.07326777 ], [ -69.09718817, -16.07340839 ], [ -69.09711115, -16.0735015 ], [ -69.09703388, -16.07358502 ], [ -69.09692163, -16.07365979 ], [ -69.09680403, -16.07372028 ], [ -69.09671557, -16.07375606 ], [ -69.09661224, -16.0737922 ], [ -69.09649859, -16.07381418 ], [ -69.09639896, -16.07380222 ], [ -69.0963244, -16.07379924 ], [ -69.09630379, -16.07377093 ], [ -69.09625467, -16.07379134 ], [ -69.09622131, -16.07384497 ], [ -69.09615296, -16.07388986 ], [ -69.09601984, -16.07392673 ], [ -69.09586166, -16.0739546 ], [ -69.09560511, -16.0740185 ], [ -69.09545214, -16.07405585 ], [ -69.09520896, -16.07406179 ], [ -69.09500549, -16.07406677 ], [ -69.09464245, -16.07404684 ], [ -69.09420956, -16.07401421 ], [ -69.09397233, -16.0739816 ], [ -69.09379304, -16.07396198 ], [ -69.09362839, -16.07393239 ], [ -69.09349874, -16.07391156 ], [ -69.09337963, -16.07391447 ], [ -69.09328037, -16.07391689 ], [ -69.09317308, -16.07399154 ], [ -69.09311069, -16.07407469 ], [ -69.09306866, -16.07417655 ], [ -69.09303222, -16.07430228 ], [ -69.0930309, -16.07444155 ], [ -69.09305451, -16.07458502 ], [ -69.09307229, -16.07469502 ], [ -69.0931412, -16.07486139 ], [ -69.09318404, -16.07498038 ], [ -69.09319264, -16.07511941 ], [ -69.09313713, -16.07527538 ], [ -69.09307537, -16.07538252 ], [ -69.09295506, -16.07552951 ], [ -69.09285335, -16.07562802 ], [ -69.09276678, -16.07573577 ], [ -69.0926858, -16.07586739 ], [ -69.092566, -16.07603357 ], [ -69.09245078, -16.07618524 ], [ -69.09230541, -16.07632323 ], [ -69.09217009, -16.07646578 ], [ -69.0919215, -16.07664471 ], [ -69.09170552, -16.07674122 ], [ -69.09140988, -16.07683007 ], [ -69.09113246, -16.07685605 ], [ -69.09092698, -16.07678425 ], [ -69.09067692, -16.07675483 ], [ -69.0904975, -16.0767304 ], [ -69.09033857, -16.07672949 ], [ -69.09011399, -16.07668696 ], [ -69.08992973, -16.07666745 ], [ -69.08974573, -16.07665754 ], [ -69.0895322, -16.07665796 ], [ -69.08934362, -16.07666257 ], [ -69.08911174, -16.07672105 ], [ -69.08885593, -16.07681372 ], [ -69.08863536, -16.07692474 ], [ -69.08845512, -16.07705879 ], [ -69.08815728, -16.07725332 ], [ -69.08790014, -16.07748527 ], [ -69.08762402, -16.07775129 ], [ -69.08730437, -16.07806159 ], [ -69.08703946, -16.07830045 ], [ -69.08671272, -16.0785293 ], [ -69.08644948, -16.07871818 ], [ -69.08627979, -16.07887597 ], [ -69.08618913, -16.07901743 ], [ -69.0861775, -16.07914255 ], [ -69.08619081, -16.07927187 ], [ -69.08621876, -16.07939122 ], [ -69.08623678, -16.07951082 ], [ -69.08622427, -16.07960235 ], [ -69.08621735, -16.07971776 ], [ -69.0862051, -16.07981889 ], [ -69.08619705, -16.07989111 ], [ -69.08618026, -16.08000867 ], [ -69.08620374, -16.08014734 ], [ -69.08621667, -16.08026226 ], [ -69.0861583, -16.08049896 ], [ -69.08604929, -16.08069848 ], [ -69.08568504, -16.08120471 ], [ -69.08540605, -16.08154965 ], [ -69.08518961, -16.08181901 ], [ -69.08500503, -16.08197716 ], [ -69.08481102, -16.08215475 ], [ -69.08461067, -16.08227968 ], [ -69.08441491, -16.08239009 ], [ -69.08426268, -16.08245622 ], [ -69.08388784, -16.08243336 ], [ -69.08349341, -16.08230494 ], [ -69.08322508, -16.08225147 ], [ -69.08280974, -16.0822736 ], [ -69.08265762, -16.08239135 ], [ -69.08249482, -16.08257538 ], [ -69.08243368, -16.08274747 ], [ -69.08239089, -16.08281591 ], [ -69.08231491, -16.08293344 ], [ -69.08221427, -16.0830891 ], [ -69.08208924, -16.0832458 ], [ -69.08191942, -16.08339879 ], [ -69.08174017, -16.08357121 ], [ -69.08156054, -16.08372924 ], [ -69.08144977, -16.08386158 ], [ -69.08124467, -16.08408986 ], [ -69.08068763, -16.08411802 ], [ -69.08059625, -16.0842675 ], [ -69.08035337, -16.08485521 ], [ -69.08026936, -16.08519877 ], [ -69.08026947, -16.08548805 ], [ -69.07997031, -16.08559665 ], [ -69.07958709, -16.0859584 ], [ -69.07900774, -16.08691688 ], [ -69.07860594, -16.08760408 ], [ -69.07824143, -16.08801102 ], [ -69.07814798, -16.0881557 ], [ -69.07813867, -16.08825515 ], [ -69.07808268, -16.08853541 ], [ -69.0776339, -16.08866214 ], [ -69.07699827, -16.08920478 ], [ -69.07630645, -16.0895124 ], [ -69.07588578, -16.08978375 ], [ -69.07473568, -16.08985648 ], [ -69.07397853, -16.09052571 ], [ -69.07305301, -16.09103228 ], [ -69.07252944, -16.09120423 ], [ -69.07221156, -16.09133994 ], [ -69.07204329, -16.09144848 ], [ -69.07165985, -16.09127684 ], [ -69.07089306, -16.09115957 ], [ -69.06952789, -16.09124138 ], [ -69.06855544, -16.09127786 ], [ -69.06759239, -16.09147705 ], [ -69.06656383, -16.09154065 ], [ -69.06550726, -16.09169466 ], [ -69.06391779, -16.09212907 ], [ -69.06327269, -16.09243663 ], [ -69.06258071, -16.09236452 ], [ -69.06234689, -16.0922109 ], [ -69.06099109, -16.09235593 ], [ -69.06035536, -16.09276292 ], [ -69.05925204, -16.09297116 ], [ -69.05809258, -16.09307092 ], [ -69.05734458, -16.09327905 ], [ -69.05700807, -16.09368594 ], [ -69.0568773, -16.09418319 ], [ -69.05690541, -16.09437302 ], [ -69.05680256, -16.09442729 ], [ -69.05678393, -16.09467138 ], [ -69.05675604, -16.09523188 ], [ -69.05627937, -16.09602755 ], [ -69.05526028, -16.09660639 ], [ -69.05424108, -16.09677841 ], [ -69.05362389, -16.09666104 ], [ -69.05269804, -16.09623638 ], [ -69.05214628, -16.09601051 ], [ -69.05108018, -16.09564012 ], [ -69.05029466, -16.09541431 ], [ -69.04965896, -16.09605631 ], [ -69.04900451, -16.09650847 ], [ -69.04862117, -16.09670744 ], [ -69.04808822, -16.09693357 ], [ -69.04754592, -16.09715969 ], [ -69.04704105, -16.09748525 ], [ -69.0468915, -16.09777457 ], [ -69.04662037, -16.09796448 ], [ -69.04634924, -16.0981815 ], [ -69.04616237, -16.09882339 ], [ -69.04614382, -16.09946525 ], [ -69.04597561, -16.09998058 ], [ -69.0456858, -16.10026089 ], [ -69.04548014, -16.1005683 ], [ -69.04541472, -16.10070391 ], [ -69.04515289, -16.10073109 ], [ -69.04379713, -16.10141843 ], [ -69.0424974, -16.10174414 ], [ -69.04171189, -16.10171717 ], [ -69.04127237, -16.10161781 ], [ -69.0411134, -16.10159976 ], [ -69.04093563, -16.10113875 ], [ -69.04061351, -16.10058617 ], [ -69.04011567, -16.1005406 ], [ -69.03908005, -16.10082492 ], [ -69.03866907, -16.10106533 ], [ -69.03810845, -16.10128055 ], [ -69.03744776, -16.1016366 ], [ -69.03705495, -16.10164212 ], [ -69.03661558, -16.10202547 ], [ -69.03587296, -16.1021566 ], [ -69.03467402, -16.10265612 ], [ -69.03382177, -16.10311845 ], [ -69.0332254, -16.10348816 ], [ -69.03260098, -16.10392577 ], [ -69.03226121, -16.10423167 ], [ -69.03193063, -16.10450854 ], [ -69.03154645, -16.10463305 ], [ -69.03045368, -16.10538035 ], [ -69.02969625, -16.10560646 ], [ -69.02899494, -16.10585064 ], [ -69.02863962, -16.10610382 ], [ -69.02820012, -16.10614908 ], [ -69.02731177, -16.10636616 ], [ -69.02633928, -16.10676405 ], [ -69.02565709, -16.10706308 ], [ -69.02489185, -16.10772253 ], [ -69.02436633, -16.10835535 ], [ -69.02386394, -16.10859717 ], [ -69.02330105, -16.10872598 ], [ -69.02286212, -16.10903905 ], [ -69.02211816, -16.10954241 ], [ -69.02128424, -16.10985059 ], [ -69.02009739, -16.11005204 ], [ -69.01976327, -16.1100961 ], [ -69.01955254, -16.11030284 ], [ -69.01922325, -16.11058881 ], [ -69.01836623, -16.11075635 ], [ -69.01714162, -16.11151614 ], [ -69.01591417, -16.11187699 ], [ -69.01453428, -16.11210466 ], [ -69.01309811, -16.11254195 ], [ -69.01219943, -16.11274421 ], [ -69.01153335, -16.11320677 ], [ -69.01118577, -16.11359684 ], [ -69.010986, -16.11394015 ], [ -69.0107693, -16.11420464 ], [ -69.01045617, -16.11448585 ], [ -69.01004679, -16.11479098 ], [ -69.0094652, -16.11542558 ], [ -69.0088526, -16.11580568 ], [ -69.00797574, -16.11618757 ], [ -69.0074729, -16.11662459 ], [ -69.00721128, -16.11717104 ], [ -69.00721442, -16.11787245 ], [ -69.00742934, -16.11840745 ], [ -69.00743282, -16.1188323 ], [ -69.00715612, -16.1193719 ], [ -69.00686176, -16.11980391 ], [ -69.00655268, -16.12024346 ], [ -69.00590898, -16.12070834 ], [ -69.00496288, -16.12129284 ], [ -69.00422343, -16.12191702 ], [ -69.00326445, -16.12258104 ], [ -69.00250287, -16.12280819 ], [ -69.00172659, -16.12315552 ], [ -69.00114676, -16.12366178 ], [ -69.00076332, -16.12396914 ], [ -68.99989439, -16.12423099 ], [ -68.99940951, -16.12499434 ], [ -68.99871241, -16.12570247 ], [ -68.9983614, -16.12596057 ], [ -68.99787632, -16.12641393 ], [ -68.99758684, -16.12674737 ], [ -68.99705711, -16.12700975 ], [ -68.99654773, -16.12729085 ], [ -68.99605969, -16.12762905 ], [ -68.99547137, -16.12793124 ], [ -68.99476243, -16.1281787 ], [ -68.99425108, -16.12838301 ], [ -68.99359728, -16.1284563 ], [ -68.99310086, -16.12846819 ], [ -68.99275886, -16.12830354 ], [ -68.99214281, -16.12829909 ], [ -68.99186333, -16.12824817 ], [ -68.99144585, -16.12823896 ], [ -68.99113306, -16.12843851 ], [ -68.99072732, -16.12873247 ], [ -68.99040451, -16.12931638 ], [ -68.9898444, -16.12994438 ], [ -68.98909918, -16.13032713 ], [ -68.98829438, -16.1307113 ], [ -68.9876102, -16.13115021 ], [ -68.98698607, -16.13160687 ], [ -68.98644187, -16.13208084 ], [ -68.98576161, -16.13267328 ], [ -68.98512106, -16.13326478 ], [ -68.98457734, -16.13375793 ], [ -68.98411649, -16.13438354 ], [ -68.98395644, -16.13511718 ], [ -68.98381379, -16.13575438 ], [ -68.98348348, -16.13604653 ], [ -68.9830123, -16.13626906 ], [ -68.98246169, -16.13649349 ], [ -68.98206601, -16.13656056 ], [ -68.98169313, -16.13674233 ], [ -68.98121802, -16.1368113 ], [ -68.9805105, -16.1371163 ], [ -68.9797726, -16.13778693 ], [ -68.97935095, -16.13839238 ], [ -68.97898739, -16.13893883 ], [ -68.97851816, -16.13923812 ], [ -68.97800823, -16.13949998 ], [ -68.97759759, -16.13975946 ], [ -68.97730806, -16.14009288 ], [ -68.97685721, -16.14033411 ], [ -68.97634532, -16.14051919 ], [ -68.97611143, -16.14069762 ], [ -68.9759207, -16.14100947 ], [ -68.97579543, -16.14155022 ], [ -68.97580622, -16.14197249 ], [ -68.97583933, -16.14249025 ], [ -68.97555852, -16.14316532 ], [ -68.97517803, -16.1438274 ], [ -68.97483578, -16.14443094 ], [ -68.97473036, -16.14497122 ], [ -68.97466711, -16.14560652 ], [ -68.97462568, -16.14631812 ], [ -68.9745764, -16.14672262 ], [ -68.97440797, -16.14712996 ], [ -68.97447981, -16.14760838 ], [ -68.9746073, -16.14793184 ], [ -68.97463354, -16.14818089 ], [ -68.97444279, -16.14849273 ], [ -68.97443274, -16.14887709 ], [ -68.97452346, -16.14931665 ], [ -68.97441529, -16.14974944 ], [ -68.97410784, -16.1501601 ], [ -68.97379549, -16.15037882 ], [ -68.97340664, -16.1507146 ], [ -68.97299598, -16.15097407 ], [ -68.97252622, -16.15125416 ], [ -68.9721989, -16.15166529 ], [ -68.97183089, -16.15203898 ], [ -68.97154182, -16.15239157 ], [ -68.97137802, -16.1525746 ], [ -68.97115542, -16.15282332 ], [ -68.97060769, -16.15316288 ], [ -68.97017813, -16.15346121 ], [ -68.96978731, -16.1537202 ], [ -68.96941831, -16.1540555 ], [ -68.96874531, -16.15493807 ], [ -68.96805034, -16.15559367 ], [ -68.96761716, -16.15604209 ], [ -68.96720253, -16.15659217 ], [ -68.96703538, -16.15718414 ], [ -68.9670281, -16.15756585 ], [ -68.96692902, -16.15806813 ], [ -68.96678046, -16.15845082 ], [ -68.96635962, -16.15907265 ], [ -68.96601305, -16.15957489 ], [ -68.96564175, -16.15995754 ], [ -68.96529519, -16.16031627 ], [ -68.96507236, -16.16084245 ], [ -68.96492378, -16.16132081 ], [ -68.9646267, -16.16179914 ], [ -68.9644039, -16.16211006 ], [ -68.9642553, -16.16270801 ], [ -68.96410669, -16.16332988 ], [ -68.96395811, -16.16378432 ], [ -68.96383431, -16.16407133 ], [ -68.96363618, -16.16475538 ], [ -68.9633143, -16.16549682 ], [ -68.96274491, -16.16623821 ], [ -68.9622993, -16.16686003 ], [ -68.9618537, -16.16738617 ], [ -68.96153186, -16.16784057 ], [ -68.96121002, -16.16829498 ], [ -68.96103663, -16.16896468 ], [ -68.96098702, -16.16951481 ], [ -68.96098686, -16.17037111 ], [ -68.96120946, -16.17116048 ], [ -68.96133312, -16.17163889 ], [ -68.96125874, -16.17226077 ], [ -68.96103591, -16.17266735 ], [ -68.96076357, -16.17307393 ], [ -68.96061497, -16.17352837 ], [ -68.96046637, -16.17400672 ], [ -68.96016928, -16.17441329 ], [ -68.95950093, -16.17479587 ], [ -68.9589811, -16.17505888 ], [ -68.95831276, -16.17534578 ], [ -68.95744639, -16.17570439 ], [ -68.95662957, -16.17584774 ], [ -68.95626322, -16.1760151 ], [ -68.95579286, -16.17642163 ], [ -68.95532254, -16.1766368 ], [ -68.95487698, -16.17678022 ], [ -68.95448098, -16.17668446 ], [ -68.95381273, -16.1765408 ], [ -68.95359004, -16.17625372 ], [ -68.95346635, -16.17594275 ], [ -68.9533922, -16.17551219 ], [ -68.95316951, -16.17522511 ], [ -68.95299638, -16.17469885 ], [ -68.95274895, -16.17434001 ], [ -68.95230347, -16.1741964 ], [ -68.95185785, -16.17460292 ], [ -68.95163499, -16.1750095 ], [ -68.95116465, -16.17529642 ], [ -68.95076856, -16.17560727 ], [ -68.95027346, -16.17589419 ], [ -68.95019913, -16.17620512 ], [ -68.95029807, -16.17649217 ], [ -68.95024844, -16.17697054 ], [ -68.95022361, -16.17728148 ], [ -68.950372, -16.17778382 ], [ -68.95071841, -16.17819052 ], [ -68.95113917, -16.17826238 ], [ -68.95138665, -16.17840595 ], [ -68.95157471, -16.17860691 ], [ -68.95162412, -16.17898963 ], [ -68.95137651, -16.17937228 ], [ -68.95093086, -16.17987447 ], [ -68.95041102, -16.18011354 ], [ -68.950015, -16.18008953 ], [ -68.94971804, -16.17985027 ], [ -68.94954488, -16.17944361 ], [ -68.94944597, -16.17906088 ], [ -68.94944604, -16.17877385 ], [ -68.94912437, -16.17836715 ], [ -68.94887693, -16.17810398 ], [ -68.94825817, -16.17798423 ], [ -68.94783736, -16.17815156 ], [ -68.94736699, -16.17848632 ], [ -68.94694614, -16.17877324 ], [ -68.94677275, -16.17922766 ], [ -68.94659938, -16.17963424 ], [ -68.94659927, -16.18004086 ], [ -68.94662394, -16.18037574 ], [ -68.94674761, -16.18068672 ], [ -68.94647524, -16.18106935 ], [ -68.94595541, -16.18121274 ], [ -68.94565843, -16.18106915 ], [ -68.94548524, -16.18080599 ], [ -68.94526253, -16.18061458 ], [ -68.94481699, -16.18061447 ], [ -68.94437635, -16.18085354 ], [ -68.94420307, -16.18090134 ], [ -68.94373285, -16.18066202 ], [ -68.94368345, -16.18030322 ], [ -68.94346076, -16.18004005 ], [ -68.94328755, -16.17987257 ], [ -68.94301538, -16.17951372 ], [ -68.94239663, -16.17939395 ], [ -68.94202535, -16.17939385 ], [ -68.94108466, -16.17984806 ], [ -68.94083698, -16.18039812 ], [ -68.94066353, -16.18101997 ], [ -68.94046536, -16.18152222 ], [ -68.94029201, -16.1818092 ], [ -68.93992078, -16.18166558 ], [ -68.93979705, -16.18154595 ], [ -68.9395001, -16.18133059 ], [ -68.93898026, -16.18147396 ], [ -68.93848514, -16.18176084 ], [ -68.93811378, -16.18202385 ], [ -68.9379404, -16.1824065 ], [ -68.93791549, -16.18288488 ], [ -68.93771737, -16.18321968 ], [ -68.93761827, -16.18350668 ], [ -68.93737071, -16.18365012 ], [ -68.93680149, -16.18341077 ], [ -68.93635599, -16.18329104 ], [ -68.93605899, -16.18319527 ], [ -68.9355095, -16.18319511 ], [ -68.93484116, -16.18329058 ], [ -68.93417278, -16.18350564 ], [ -68.9335539, -16.18374464 ], [ -68.93298444, -16.18419893 ], [ -68.93268735, -16.1844141 ], [ -68.93201904, -16.18441389 ], [ -68.93157357, -16.18419848 ], [ -68.93107857, -16.18407872 ], [ -68.93055876, -16.18410247 ], [ -68.93016264, -16.18434153 ], [ -68.92993972, -16.184772 ], [ -68.92981582, -16.18515467 ], [ -68.92939499, -16.18529804 ], [ -68.92902373, -16.18522616 ], [ -68.9283802, -16.18513027 ], [ -68.92776137, -16.18520182 ], [ -68.92726622, -16.18546476 ], [ -68.92684543, -16.18546461 ], [ -68.92657309, -16.18565587 ], [ -68.92629076, -16.18606718 ], [ -68.92606787, -16.18637805 ], [ -68.92574611, -16.18630618 ], [ -68.92488419, -16.18642334 ], [ -68.92460351, -16.18648652 ], [ -68.92425993, -16.1867862 ], [ -68.92370619, -16.18689531 ], [ -68.923229, -16.18688738 ], [ -68.92273242, -16.18689911 ], [ -68.92230202, -16.18682921 ], [ -68.92194643, -16.18706413 ], [ -68.92159083, -16.1873352 ], [ -68.92118847, -16.18757009 ], [ -68.92078613, -16.18773267 ], [ -68.9203099, -16.18771372 ], [ -68.91988018, -16.18801195 ], [ -68.91952216, -16.18800119 ], [ -68.9193182, -16.18779475 ], [ -68.91901637, -16.18764822 ], [ -68.91870002, -16.18771331 ], [ -68.91860749, -16.18798437 ] ] ], [ [ [ -68.90891954, -16.07268499 ], [ -68.90869635, -16.07288099 ], [ -68.90844274, -16.07308679 ], [ -68.90844214, -16.07327368 ], [ -68.90850842, -16.07336966 ], [ -68.90871638, -16.07343008 ], [ -68.90888882, -16.07333211 ], [ -68.90907144, -16.07313608 ], [ -68.90931492, -16.07293028 ], [ -68.9095989, -16.07284216 ], [ -68.90987275, -16.07273442 ], [ -68.9101263, -16.07265608 ], [ -68.91025822, -16.07246984 ], [ -68.9102854, -16.07224039 ], [ -68.91003526, -16.07215599 ], [ -68.90985272, -16.07217552 ], [ -68.90951802, -16.07228324 ], [ -68.90927457, -16.07244001 ], [ -68.90891954, -16.07268499 ] ] ], [ [ [ -68.86232356, -16.06877964 ], [ -68.86198091, -16.06898615 ], [ -68.86182777, -16.0692675 ], [ -68.86188341, -16.06993651 ], [ -68.86178483, -16.07026758 ], [ -68.86178461, -16.07057374 ], [ -68.8618635, -16.07097564 ], [ -68.86219963, -16.07141597 ], [ -68.86251611, -16.07166493 ], [ -68.86297103, -16.07204793 ], [ -68.86338635, -16.07246917 ], [ -68.86392043, -16.07285222 ], [ -68.86445464, -16.07306305 ], [ -68.86479104, -16.07312067 ], [ -68.86544401, -16.07331244 ], [ -68.86585958, -16.07335097 ], [ -68.86621588, -16.07325551 ], [ -68.86649327, -16.0727773 ], [ -68.8664936, -16.07227978 ], [ -68.86626975, -16.07205936 ], [ -68.86615477, -16.07194614 ], [ -68.86623011, -16.0712501 ], [ -68.86584731, -16.07045432 ], [ -68.86545504, -16.0698303 ], [ -68.86508137, -16.06935998 ], [ -68.8643805, -16.0688352 ], [ -68.86411885, -16.06864519 ], [ -68.86345505, -16.06860861 ], [ -68.862838, -16.06858109 ], [ -68.86232356, -16.06877964 ] ] ], [ [ [ -69.29023214, -15.74387988 ], [ -69.29038547, -15.74368393 ], [ -69.29045358, -15.74351838 ], [ -69.29039742, -15.74334752 ], [ -69.29034055, -15.74330695 ], [ -69.29025616, -15.7433031 ], [ -69.29019151, -15.74311268 ], [ -69.29010704, -15.74292277 ], [ -69.28994954, -15.74296519 ], [ -69.28995579, -15.7431955 ], [ -69.29001992, -15.74336672 ], [ -69.28988745, -15.74360056 ], [ -69.28977219, -15.74373794 ], [ -69.28957714, -15.74385813 ], [ -69.28936072, -15.74392125 ], [ -69.28922616, -15.74407832 ], [ -69.28917087, -15.74423338 ], [ -69.28907647, -15.74440863 ], [ -69.28906342, -15.74465864 ], [ -69.28912703, -15.74481067 ], [ -69.28913276, -15.74502179 ], [ -69.28901906, -15.74521674 ], [ -69.28890223, -15.74529653 ], [ -69.28884747, -15.74547078 ], [ -69.28879478, -15.74572179 ], [ -69.28887977, -15.7459309 ], [ -69.28898146, -15.74602434 ], [ -69.28916346, -15.74615415 ], [ -69.28922967, -15.74640215 ], [ -69.28939186, -15.74653246 ], [ -69.28954727, -15.74641327 ], [ -69.28951965, -15.74612589 ], [ -69.28961405, -15.74595063 ], [ -69.28972879, -15.74579407 ], [ -69.28980389, -15.74563851 ], [ -69.2898378, -15.74542638 ], [ -69.28983208, -15.74521526 ], [ -69.28980394, -15.74490869 ], [ -69.28981803, -15.74469706 ], [ -69.28987332, -15.74454201 ], [ -69.28998857, -15.74440464 ], [ -69.29004282, -15.7442112 ], [ -69.29007673, -15.74399907 ], [ -69.29023214, -15.74387988 ] ] ], [ [ [ -69.21190722, -15.71392251 ], [ -69.21193522, -15.71392248 ], [ -69.21195388, -15.71392246 ], [ -69.21198187, -15.71391339 ], [ -69.21200053, -15.71390434 ], [ -69.21201918, -15.71388624 ], [ -69.21203783, -15.71386814 ], [ -69.21204714, -15.71385005 ], [ -69.21206579, -15.71383195 ], [ -69.21207509, -15.71380482 ], [ -69.21209368, -15.71373248 ], [ -69.21209362, -15.71366919 ], [ -69.21209355, -15.71360591 ], [ -69.21208415, -15.71353359 ], [ -69.21207478, -15.71349744 ], [ -69.21204676, -15.71347939 ], [ -69.21201874, -15.71346134 ], [ -69.21197206, -15.71345234 ], [ -69.21193473, -15.71345238 ], [ -69.2118974, -15.71345241 ], [ -69.21185074, -15.7134615 ], [ -69.21183208, -15.71346151 ], [ -69.21181343, -15.71347961 ], [ -69.21179478, -15.71349771 ], [ -69.21178548, -15.71352484 ], [ -69.21177617, -15.71355197 ], [ -69.21175755, -15.71359719 ], [ -69.21174827, -15.71365145 ], [ -69.21175773, -15.71376896 ], [ -69.21175776, -15.71379608 ], [ -69.21176711, -15.71381416 ], [ -69.21177646, -15.71383223 ], [ -69.21179515, -15.71385933 ], [ -69.21181385, -15.71388643 ], [ -69.21186055, -15.71392255 ], [ -69.21190722, -15.71392251 ] ] ], [ [ [ -69.21152314, -15.71254873 ], [ -69.21156049, -15.71256677 ], [ -69.21159781, -15.71255769 ], [ -69.21161647, -15.71254864 ], [ -69.21163513, -15.71253958 ], [ -69.21165378, -15.71252148 ], [ -69.21167241, -15.71249434 ], [ -69.2116724, -15.71247626 ], [ -69.21167236, -15.7124401 ], [ -69.2116723, -15.71238585 ], [ -69.21166292, -15.71234066 ], [ -69.21166287, -15.71228642 ], [ -69.21164414, -15.71223219 ], [ -69.21163476, -15.71217796 ], [ -69.21162538, -15.71213277 ], [ -69.21160666, -15.71208758 ], [ -69.21159729, -15.71205143 ], [ -69.21157859, -15.71201528 ], [ -69.21155991, -15.71200626 ], [ -69.21154123, -15.7119882 ], [ -69.21151323, -15.71198823 ], [ -69.2114759, -15.71198826 ], [ -69.21145723, -15.71198828 ], [ -69.21141991, -15.71199736 ], [ -69.2113826, -15.71202451 ], [ -69.21136396, -15.71205166 ], [ -69.2113547, -15.71211495 ], [ -69.21135476, -15.71217823 ], [ -69.21136415, -15.71223246 ], [ -69.21138291, -15.71232285 ], [ -69.2113923, -15.71237708 ], [ -69.21141101, -15.71242227 ], [ -69.21143906, -15.71246744 ], [ -69.21145775, -15.71249455 ], [ -69.21147644, -15.71251261 ], [ -69.21148578, -15.71252164 ], [ -69.21152314, -15.71254873 ] ] ], [ [ [ -69.2115396, -15.71040612 ], [ -69.21154883, -15.7103157 ], [ -69.21159537, -15.71018909 ], [ -69.21168855, -15.71004435 ], [ -69.21172577, -15.70993583 ], [ -69.21175362, -15.70979116 ], [ -69.2117534, -15.70958323 ], [ -69.21172523, -15.70941149 ], [ -69.21167841, -15.70925784 ], [ -69.21165035, -15.70920363 ], [ -69.21161296, -15.70914942 ], [ -69.21157558, -15.70910425 ], [ -69.21153821, -15.70906813 ], [ -69.2114915, -15.70902297 ], [ -69.21144481, -15.7089959 ], [ -69.2113888, -15.70898691 ], [ -69.21133283, -15.70901408 ], [ -69.21124892, -15.70909553 ], [ -69.21118367, -15.70917696 ], [ -69.2111464, -15.70923124 ], [ -69.21109048, -15.70931266 ], [ -69.21105329, -15.7094483 ], [ -69.21100686, -15.70967435 ], [ -69.21099777, -15.70990942 ], [ -69.21099794, -15.71007214 ], [ -69.21103545, -15.71025292 ], [ -69.21107292, -15.71037945 ], [ -69.21111036, -15.7104879 ], [ -69.21113844, -15.71056924 ], [ -69.21113847, -15.71059636 ], [ -69.21109189, -15.71067777 ], [ -69.21106397, -15.71075916 ], [ -69.21103605, -15.71083151 ], [ -69.21101746, -15.71090385 ], [ -69.21100823, -15.7110033 ], [ -69.21101766, -15.71110274 ], [ -69.21113936, -15.7114552 ], [ -69.21121412, -15.71155457 ], [ -69.2113075, -15.71159969 ], [ -69.21135416, -15.7115906 ], [ -69.21144749, -15.71159051 ], [ -69.21156876, -15.71153615 ], [ -69.21170851, -15.71130096 ], [ -69.21175496, -15.71108395 ], [ -69.21175486, -15.71099354 ], [ -69.21175479, -15.71092122 ], [ -69.2117454, -15.71086698 ], [ -69.21173604, -15.71083987 ], [ -69.21169861, -15.7107495 ], [ -69.2116799, -15.71070432 ], [ -69.21164251, -15.71065011 ], [ -69.21158645, -15.71058688 ], [ -69.21153968, -15.71048748 ], [ -69.2115396, -15.71040612 ] ] ], [ [ [ -69.33224901, -15.67998064 ], [ -69.33195185, -15.67998826 ], [ -69.33166995, -15.6800099 ], [ -69.33137083, -15.67994555 ], [ -69.3310721, -15.67989559 ], [ -69.33080505, -15.67991684 ], [ -69.33049933, -15.68015515 ], [ -69.33020846, -15.68039307 ], [ -69.32988906, -15.68067495 ], [ -69.32953955, -15.68094318 ], [ -69.32926236, -15.68113754 ], [ -69.32912321, -15.68148682 ], [ -69.32907204, -15.68179062 ], [ -69.32900915, -15.68220995 ], [ -69.32881096, -15.68257514 ], [ -69.32861081, -15.68286836 ], [ -69.32839109, -15.68298923 ], [ -69.32814322, -15.68316843 ], [ -69.32795831, -15.68347566 ], [ -69.32789031, -15.68370787 ], [ -69.32783599, -15.68389652 ], [ -69.32769527, -15.68418821 ], [ -69.32751037, -15.68449544 ], [ -69.32732468, -15.68477388 ], [ -69.32701973, -15.68504097 ], [ -69.32674135, -15.68519215 ], [ -69.32655566, -15.68547059 ], [ -69.32638365, -15.68570546 ], [ -69.32612288, -15.68595702 ], [ -69.32602516, -15.68618999 ], [ -69.32601816, -15.68647826 ], [ -69.32602759, -15.68682372 ], [ -69.32589859, -15.6870911 ], [ -69.32571095, -15.68748002 ], [ -69.32521105, -15.6880498 ], [ -69.3245297, -15.68850898 ], [ -69.3240428, -15.68882874 ], [ -69.32356942, -15.68891768 ], [ -69.32333535, -15.68905812 ], [ -69.32316438, -15.68933137 ], [ -69.32307579, -15.68971776 ], [ -69.32284696, -15.69005012 ], [ -69.32265408, -15.69024711 ], [ -69.32256182, -15.69049915 ], [ -69.32252953, -15.69076886 ], [ -69.32251967, -15.69113402 ], [ -69.32241127, -15.69152091 ], [ -69.32224186, -15.69185174 ], [ -69.32207036, -15.69210581 ], [ -69.32196091, -15.69245431 ], [ -69.32163144, -15.69273163 ], [ -69.32146204, -15.69306246 ], [ -69.32135102, -15.69335339 ], [ -69.32110131, -15.69364787 ], [ -69.32072855, -15.69379185 ], [ -69.32043608, -15.69397218 ], [ -69.32018073, -15.69405938 ], [ -69.32015105, -15.69442505 ], [ -69.32043051, -15.69449472 ], [ -69.32072612, -15.69442954 ], [ -69.32114112, -15.69438051 ], [ -69.32151493, -15.69427491 ], [ -69.32194503, -15.69405264 ], [ -69.32223436, -15.69375715 ], [ -69.32244129, -15.69334853 ], [ -69.32269256, -15.69311163 ], [ -69.32300432, -15.69291159 ], [ -69.32321701, -15.69271409 ], [ -69.32320654, -15.69233024 ], [ -69.32300161, -15.69208581 ], [ -69.32295361, -15.69177975 ], [ -69.32313707, -15.69123729 ], [ -69.32328195, -15.69073423 ], [ -69.32347012, -15.6903645 ], [ -69.32373753, -15.68999274 ], [ -69.32392883, -15.68973817 ], [ -69.32409928, -15.68944572 ], [ -69.32430726, -15.68907548 ], [ -69.32463672, -15.68879817 ], [ -69.32494689, -15.68854055 ], [ -69.32537593, -15.68827988 ], [ -69.32570434, -15.68796418 ], [ -69.32595298, -15.68763131 ], [ -69.32626577, -15.68746965 ], [ -69.32647824, -15.68726447 ], [ -69.32673579, -15.68725787 ], [ -69.32701314, -15.68725077 ], [ -69.32722845, -15.68714922 ], [ -69.32751985, -15.68693049 ], [ -69.32775287, -15.68675167 ], [ -69.32793117, -15.6867471 ], [ -69.32824814, -15.68673898 ], [ -69.32848431, -15.68667531 ], [ -69.32847959, -15.68650258 ], [ -69.32858745, -15.68609649 ], [ -69.32879961, -15.68587979 ], [ -69.32903157, -15.68566258 ], [ -69.32922654, -15.68554235 ], [ -69.32944603, -15.68559434 ], [ -69.32966657, -15.68568472 ], [ -69.32992411, -15.68567811 ], [ -69.33018008, -15.68561393 ], [ -69.33029318, -15.68539977 ], [ -69.33040418, -15.68510884 ], [ -69.33051571, -15.6848371 ], [ -69.33062881, -15.68462293 ], [ -69.33077891, -15.68431179 ], [ -69.33094882, -15.68400015 ], [ -69.33114273, -15.68384153 ], [ -69.33133192, -15.68351018 ], [ -69.33160141, -15.68321518 ], [ -69.3317536, -15.68298081 ], [ -69.3320299, -15.68293531 ], [ -69.33240368, -15.6828297 ], [ -69.33259707, -15.68265188 ], [ -69.33288584, -15.68233718 ], [ -69.33301979, -15.6821609 ], [ -69.33354943, -15.68195525 ], [ -69.33411607, -15.68165263 ], [ -69.33456069, -15.6812379 ], [ -69.33482912, -15.68090451 ], [ -69.33517941, -15.68066506 ], [ -69.33543433, -15.68056249 ], [ -69.33576481, -15.68032354 ], [ -69.33609319, -15.68000781 ], [ -69.33620523, -15.67975526 ], [ -69.33649608, -15.67951733 ], [ -69.33673013, -15.67937688 ], [ -69.33696523, -15.67927482 ], [ -69.33712319, -15.67925156 ], [ -69.33741614, -15.67909039 ], [ -69.33758866, -15.6788747 ], [ -69.3376965, -15.67846861 ], [ -69.33792792, -15.6782322 ], [ -69.33818021, -15.67803366 ], [ -69.33847106, -15.67779572 ], [ -69.33876296, -15.67759617 ], [ -69.33899333, -15.67732137 ], [ -69.33910379, -15.67701124 ], [ -69.33935344, -15.67671675 ], [ -69.33957751, -15.67621164 ], [ -69.33990325, -15.67579995 ], [ -69.34038694, -15.675365 ], [ -69.34067254, -15.67493514 ], [ -69.34079807, -15.67445177 ], [ -69.34094342, -15.67396789 ], [ -69.34100848, -15.67344767 ], [ -69.34097606, -15.67298756 ], [ -69.34084302, -15.67247242 ], [ -69.34083199, -15.67206938 ], [ -69.34086058, -15.67166533 ], [ -69.34081466, -15.67143604 ], [ -69.34065683, -15.67125496 ], [ -69.34050298, -15.6713653 ], [ -69.34026645, -15.67141459 ], [ -69.34012221, -15.67157674 ], [ -69.34005265, -15.67175138 ], [ -69.34001399, -15.67196844 ], [ -69.34001871, -15.67214117 ], [ -69.34002462, -15.67235708 ], [ -69.34010482, -15.67257109 ], [ -69.34011112, -15.67280139 ], [ -69.34013307, -15.67306011 ], [ -69.34019801, -15.6732601 ], [ -69.34023442, -15.67350404 ], [ -69.34025794, -15.67382033 ], [ -69.34019075, -15.67408134 ], [ -69.34011106, -15.67442909 ], [ -69.33997154, -15.67476397 ], [ -69.33964203, -15.67521897 ], [ -69.33935552, -15.67561524 ], [ -69.33909635, -15.67592439 ], [ -69.33885283, -15.67626194 ], [ -69.33850649, -15.67664535 ], [ -69.33831461, -15.67669637 ], [ -69.33814262, -15.67693125 ], [ -69.33808948, -15.67716309 ], [ -69.33791631, -15.67735479 ], [ -69.33780218, -15.67753057 ], [ -69.33763018, -15.67776546 ], [ -69.33735261, -15.67794544 ], [ -69.33708911, -15.67809624 ], [ -69.33675172, -15.67826335 ], [ -69.33613124, -15.67840892 ], [ -69.33574455, -15.67840444 ], [ -69.33537507, -15.67848594 ], [ -69.33514128, -15.67863598 ], [ -69.33484689, -15.67874437 ], [ -69.33461152, -15.67883683 ], [ -69.3344227, -15.67900012 ], [ -69.33419049, -15.67920774 ], [ -69.33397077, -15.67932862 ], [ -69.33384059, -15.67946159 ], [ -69.33365303, -15.67967095 ], [ -69.33335784, -15.67975054 ], [ -69.33313654, -15.67981384 ], [ -69.33285543, -15.67986426 ], [ -69.33249963, -15.67990219 ], [ -69.33224901, -15.67998064 ] ] ], [ [ [ -69.40714722, -17.09998056 ], [ -69.373945, -17.07227556 ], [ -69.373663325322383, -17.065791806793857 ], [ -69.36960614599991, -17.063010933999919 ], [ -69.369125870999937, -17.04135666399992 ], [ -69.380233204999911, -17.022862276999945 ], [ -69.390168580803675, -17.016997665951006 ], [ -69.38982361, -17.0166182 ], [ -69.3894191, -17.016178 ], [ -69.38915736, -17.01598764 ], [ -69.38884803, -17.01576159 ], [ -69.38843162, -17.01547606 ], [ -69.38819368, -17.0152857 ], [ -69.38796763, -17.01508345 ], [ -69.38771778, -17.01479791 ], [ -69.3876345, -17.01459566 ], [ -69.38757502, -17.0144053 ], [ -69.38750363, -17.01414356 ], [ -69.38749174, -17.01392941 ], [ -69.38743225, -17.01367956 ], [ -69.38731328, -17.01340593 ], [ -69.38718241, -17.01310849 ], [ -69.38682549, -17.01275157 ], [ -69.38658754, -17.01247794 ], [ -69.38625442, -17.01207343 ], [ -69.38595698, -17.01183548 ], [ -69.38571904, -17.01157374 ], [ -69.3854216, -17.01115734 ], [ -69.38521935, -17.01081231 ], [ -69.3850171, -17.01049109 ], [ -69.38480294, -17.01014606 ], [ -69.3845531, -17.00976535 ], [ -69.38418429, -17.00932515 ], [ -69.38401772, -17.00896823 ], [ -69.38372029, -17.00845665 ], [ -69.38345855, -17.00793317 ], [ -69.3832444, -17.00769522 ], [ -69.38301835, -17.00742158 ], [ -69.38274471, -17.00711225 ], [ -69.38218554, -17.00671964 ], [ -69.3818881, -17.0064698 ], [ -69.38151929, -17.00624375 ], [ -69.38122186, -17.00605339 ], [ -69.38098391, -17.00577975 ], [ -69.38079355, -17.00561319 ], [ -69.38066268, -17.00542283 ], [ -69.38032956, -17.00491125 ], [ -69.38027007, -17.00466141 ], [ -69.3801273, -17.00444726 ], [ -69.37996074, -17.0042688 ], [ -69.37966331, -17.00404275 ], [ -69.37916362, -17.00374531 ], [ -69.37894947, -17.00363824 ], [ -69.37871152, -17.00344788 ], [ -69.37841409, -17.00317424 ], [ -69.37819994, -17.0029482 ], [ -69.37805717, -17.00262697 ], [ -69.37765267, -17.00213918 ], [ -69.37742662, -17.00181795 ], [ -69.37730764, -17.00150862 ], [ -69.37715298, -17.0011755 ], [ -69.377034, -17.00087806 ], [ -69.37683175, -17.00050925 ], [ -69.37667709, -17.00022371 ], [ -69.37648673, -16.99998577 ], [ -69.37620119, -16.99972403 ], [ -69.37592756, -16.99956936 ], [ -69.37545166, -16.99935521 ], [ -69.37521372, -16.99921244 ], [ -69.37488059, -16.99905778 ], [ -69.37470213, -16.9989626 ], [ -69.3743928, -16.99879604 ], [ -69.37432541, -16.99861747 ], [ -69.37425801, -16.99843891 ], [ -69.37390109, -16.99815337 ], [ -69.37366315, -16.99786784 ], [ -69.37348469, -16.99774886 ], [ -69.37312777, -16.99754661 ], [ -69.37294931, -16.99746333 ], [ -69.37278275, -16.99722538 ], [ -69.3725448, -16.99697554 ], [ -69.37230685, -16.9967257 ], [ -69.37219978, -16.99646396 ], [ -69.3720927, -16.99620221 ], [ -69.37205701, -16.99586909 ], [ -69.37202132, -16.99553597 ], [ -69.37181383, -16.99498267 ], [ -69.37158061, -16.99451716 ], [ -69.37128761, -16.99403116 ], [ -69.37100207, -16.99353148 ], [ -69.37050238, -16.99313887 ], [ -69.37025254, -16.99285333 ], [ -69.36978482, -16.99250869 ], [ -69.36970144, -16.99224963 ], [ -69.36961806, -16.99199057 ], [ -69.36940391, -16.99163365 ], [ -69.36930873, -16.99127673 ], [ -69.36930873, -16.99102689 ], [ -69.36921355, -16.99057479 ], [ -69.36893992, -16.99019408 ], [ -69.36876146, -16.99001562 ], [ -69.36873766, -16.98975387 ], [ -69.36871387, -16.98949213 ], [ -69.3684813, -16.98913359 ], [ -69.36836045, -16.98894728 ], [ -69.36824418, -16.98876803 ], [ -69.3681428, -16.98861173 ], [ -69.36769154, -16.98871198 ], [ -69.3674503, -16.98876557 ], [ -69.36724028, -16.98881222 ], [ -69.36036306, -16.98910667 ], [ -69.34002417, -16.98739083 ], [ -69.3344975, -16.98075556 ], [ -69.32763422, -16.96363827 ], [ -69.32760949, -16.96355501 ], [ -69.32764136, -16.96348123 ], [ -69.32757236, -16.96342996 ], [ -69.32755042, -16.96335609 ], [ -69.32758901, -16.96327659 ], [ -69.32758425, -16.96321948 ], [ -69.32756998, -16.96313382 ], [ -69.32757473, -16.96308148 ], [ -69.32756998, -16.96297678 ], [ -69.3275319, -16.9628816 ], [ -69.32744149, -16.96274835 ], [ -69.32730014, -16.96251334 ], [ -69.32725731, -16.96251334 ], [ -69.32715737, -16.96245624 ], [ -69.32710026, -16.96237058 ], [ -69.32707171, -16.96227064 ], [ -69.32698605, -16.96219925 ], [ -69.32690039, -16.96212073 ], [ -69.32687897, -16.96204935 ], [ -69.32685756, -16.96193721 ], [ -69.32664341, -16.96182092 ], [ -69.32647922, -16.96178523 ], [ -69.32641498, -16.96177809 ], [ -69.32629363, -16.96177095 ], [ -69.32612574, -16.96178377 ], [ -69.32579552, -16.96165168 ], [ -69.32555757, -16.96165168 ], [ -69.32515644, -16.96155911 ], [ -69.32504203, -16.96164722 ], [ -69.32496589, -16.96169005 ], [ -69.32490878, -16.96167577 ], [ -69.32485643, -16.96164722 ], [ -69.32475649, -16.9616377 ], [ -69.32468511, -16.96164722 ], [ -69.3245709, -16.96172812 ], [ -69.32453758, -16.96178999 ], [ -69.32443765, -16.9618233 ], [ -69.3243615, -16.96176143 ], [ -69.32426633, -16.96174716 ], [ -69.32417591, -16.96172336 ], [ -69.32405693, -16.96176619 ], [ -69.32399031, -16.96183282 ], [ -69.32388085, -16.96186613 ], [ -69.32380471, -16.9618233 ], [ -69.32373333, -16.96178999 ], [ -69.32372857, -16.96170909 ], [ -69.32361435, -16.96165674 ], [ -69.32347634, -16.96169957 ], [ -69.32347634, -16.96172812 ], [ -69.32345731, -16.96178523 ], [ -69.32337641, -16.96188993 ], [ -69.32329075, -16.96196607 ], [ -69.32319557, -16.96194227 ], [ -69.32317653, -16.9618471 ], [ -69.32310039, -16.96175192 ], [ -69.3230528, -16.96185185 ], [ -69.32300521, -16.96197559 ], [ -69.32292907, -16.96208504 ], [ -69.32279582, -16.96213739 ], [ -69.3226816, -16.96211835 ], [ -69.3225436, -16.96206601 ], [ -69.32239607, -16.96203269 ], [ -69.32223902, -16.96199938 ], [ -69.32212005, -16.96197083 ], [ -69.3220677, -16.96187089 ], [ -69.32204391, -16.96177571 ], [ -69.32202487, -16.96169481 ], [ -69.32197902, -16.96159605 ], [ -69.32192553, -16.96159193 ], [ -69.32185355, -16.96168053 ], [ -69.32181072, -16.9617186 ], [ -69.32175837, -16.96179475 ], [ -69.32168223, -16.96185661 ], [ -69.32160133, -16.96185661 ], [ -69.32144904, -16.96184234 ], [ -69.32140145, -16.96180902 ], [ -69.32135862, -16.96175668 ], [ -69.32135387, -16.96169957 ], [ -69.3213562, -16.96152305 ], [ -69.32135862, -16.96142355 ], [ -69.32132531, -16.96133789 ], [ -69.32128248, -16.96123795 ], [ -69.32122537, -16.9611285 ], [ -69.32112544, -16.96105711 ], [ -69.32107785, -16.96109519 ], [ -69.32100646, -16.96115229 ], [ -69.32093508, -16.9612094 ], [ -69.32085894, -16.96122368 ], [ -69.32075424, -16.96119036 ], [ -69.32065288, -16.96116502 ], [ -69.32048298, -16.96124747 ], [ -69.32040684, -16.9612094 ], [ -69.32031166, -16.9611047 ], [ -69.32024504, -16.96101904 ], [ -69.32021734, -16.96102102 ], [ -69.32012844, -16.96102737 ], [ -69.32024722, -16.96074305 ], [ -69.324024817694706, -16.95271653162574 ], [ -69.319169272999943, -16.949741304999918 ], [ -69.31995318740114, -16.94400688305365 ], [ -69.30440639, -16.91648722 ], [ -69.28609417, -16.89546667 ], [ -69.26143833, -16.86875528 ], [ -69.25334444, -16.86053889 ], [ -69.21912222, -16.83676944 ], [ -69.21209722, -16.82062222 ], [ -69.19917778, -16.79766667 ], [ -69.18774167, -16.79662778 ], [ -69.18649101, -16.79459996 ], [ -69.18499195, -16.790888 ], [ -69.18356427, -16.78710466 ], [ -69.18277905, -16.78453484 ], [ -69.18306459, -16.78096565 ], [ -69.18349289, -16.77446972 ], [ -69.18427811, -16.7692587 ], [ -69.18442576613343, -16.767683692050138 ], [ -69.184151847339606, -16.765145283022608 ], [ -69.18335012, -16.76319107 ], [ -69.18277905, -16.76033572 ], [ -69.18181667, -16.75707778 ], [ -69.181783526427324, -16.754944029226436 ], [ -69.181511091999937, -16.754388242999937 ], [ -69.18052978399993, -16.748995701999945 ], [ -69.180544563061304, -16.743999625036949 ], [ -69.1799237, -16.74270391 ], [ -69.17878156, -16.73977718 ], [ -69.17799633, -16.7374929 ], [ -69.17642589, -16.73478031 ], [ -69.17407022, -16.73171081 ], [ -69.17164317, -16.7290696 ], [ -69.16981111, -16.72734722 ], [ -69.16857367, -16.7260001 ], [ -69.16664631, -16.72350166 ], [ -69.16521863, -16.72207399 ], [ -69.16329127, -16.72057493 ], [ -69.16257743, -16.72043216 ], [ -69.16072145, -16.72014662 ], [ -69.15765194, -16.72000386 ], [ -69.15336891, -16.71986109 ], [ -69.15151293, -16.71978971 ], [ -69.14922865, -16.71879033 ], [ -69.14772959, -16.71814788 ], [ -69.14623053, -16.71757681 ], [ -69.14371111, -16.71604444 ], [ -69.14289344, -16.71585838 ], [ -69.14226883, -16.71570371 ], [ -69.14160853, -16.71539438 ], [ -69.14041285, -16.71454968 ], [ -69.13978229, -16.71400835 ], [ -69.13948486, -16.71377635 ], [ -69.13893758, -16.71333615 ], [ -69.13847359, -16.71300898 ], [ -69.13812262, -16.71287811 ], [ -69.13784898, -16.71271154 ], [ -69.13779544, -16.71259852 ], [ -69.13758129, -16.71250334 ], [ -69.13736119, -16.71244385 ], [ -69.13717083, -16.71230108 ], [ -69.13699832, -16.71216427 ], [ -69.13679607, -16.71196796 ], [ -69.13656407, -16.7118133 ], [ -69.13601085, -16.71148017 ], [ -69.13547547, -16.71116489 ], [ -69.13525537, -16.71096264 ], [ -69.13502337, -16.71080797 ], [ -69.13476163, -16.71065926 ], [ -69.13457722, -16.71063546 ], [ -69.13448204, -16.71060572 ], [ -69.13432143, -16.71052839 ], [ -69.13394072, -16.71030234 ], [ -69.13358975, -16.71011198 ], [ -69.13342913, -16.70998111 ], [ -69.13318524, -16.70984429 ], [ -69.13298893, -16.70977291 ], [ -69.13282237, -16.70974316 ], [ -69.13265581, -16.70979075 ], [ -69.13235243, -16.70995137 ], [ -69.13213827, -16.71015362 ], [ -69.13195981, -16.71032018 ], [ -69.13175756, -16.71051054 ], [ -69.13157315, -16.71064141 ], [ -69.1313828, -16.71085556 ], [ -69.13125193, -16.71106376 ], [ -69.13111511, -16.71120058 ], [ -69.13082957, -16.71132551 ], [ -69.13052024, -16.71147422 ], [ -69.13017522, -16.71161104 ], [ -69.12994917, -16.71174191 ], [ -69.12963389, -16.71193822 ], [ -69.12925913, -16.71214642 ], [ -69.12899144, -16.71236652 ], [ -69.12867616, -16.71252713 ], [ -69.12820027, -16.71280077 ], [ -69.12790283, -16.71291975 ], [ -69.1273133, -16.71322903 ], [ -69.1268049, -16.7135486 ], [ -69.12654654, -16.71373471 ], [ -69.12623126, -16.71393102 ], [ -69.12602306, -16.71404999 ], [ -69.12574942, -16.71418681 ], [ -69.12560894, -16.71431362 ], [ -69.12545884, -16.71443951 ], [ -69.12522643, -16.71468645 ], [ -69.12510102, -16.71490065 ], [ -69.12502791, -16.71512707 ], [ -69.12496012, -16.71529653 ], [ -69.12484523, -16.7155431 ], [ -69.12478581, -16.71577588 ], [ -69.12466082, -16.71584648 ], [ -69.12447641, -16.71594761 ], [ -69.12421467, -16.71601899 ], [ -69.12410794, -16.71598893 ], [ -69.12386585, -16.71599861 ], [ -69.12368185, -16.71594051 ], [ -69.12344134, -16.71590597 ], [ -69.12333323, -16.71584367 ], [ -69.12310822, -16.71582864 ], [ -69.12279889, -16.71587028 ], [ -69.12216149, -16.71587272 ], [ -69.12175193, -16.71593571 ], [ -69.12120465, -16.71606063 ], [ -69.12075249, -16.71619713 ], [ -69.12030046, -16.71631642 ], [ -69.11996951, -16.71637987 ], [ -69.11935462, -16.71638781 ], [ -69.11895606, -16.71631643 ], [ -69.11809166, -16.71575685 ], [ -69.10841944, -16.71341667 ], [ -69.100625, -16.71128889 ], [ -69.08784722, -16.70245 ], [ -69.08655319, -16.70184709 ], [ -69.08469721, -16.70072875 ], [ -69.08326954, -16.69949143 ], [ -69.08248431, -16.69825411 ], [ -69.0816515, -16.69713576 ], [ -69.08115182, -16.69637433 ], [ -69.08060454, -16.69516081 ], [ -69.07993829, -16.69428041 ], [ -69.07941481, -16.6934238 ], [ -69.078582, -16.6934238 ], [ -69.07732088, -16.69349518 ], [ -69.07491763, -16.6938521 ], [ -69.07346616, -16.69435179 ], [ -69.07251437, -16.69504184 ], [ -69.07134844, -16.69523219 ], [ -69.07027768, -16.69506563 ], [ -69.06713679, -16.69409005 ], [ -69.06499528, -16.69337621 ], [ -69.06328206, -16.69268617 ], [ -69.06202095, -16.69240063 ], [ -69.06033153, -16.69221028 ], [ -69.05861832, -16.69187715 ], [ -69.05761111, -16.69162222 ], [ -69.05748187, -16.69161147 ], [ -69.05737717, -16.69151154 ], [ -69.05723916, -16.69137829 ], [ -69.05711067, -16.69125931 ], [ -69.05700598, -16.69114986 ], [ -69.05694411, -16.69104516 ], [ -69.05690128, -16.69093095 ], [ -69.05686797, -16.69082149 ], [ -69.05668713, -16.69058831 ], [ -69.05653484, -16.69038367 ], [ -69.05636352, -16.6901029 ], [ -69.05621599, -16.68989826 ], [ -69.05610654, -16.68974598 ], [ -69.05604467, -16.68963652 ], [ -69.05593522, -16.68953183 ], [ -69.05575914, -16.6893843 ], [ -69.05564492, -16.68924153 ], [ -69.05551167, -16.68906545 ], [ -69.05527373, -16.68875612 ], [ -69.05521662, -16.68863239 ], [ -69.05516427, -16.68849914 ], [ -69.05505006, -16.68829926 ], [ -69.05498343, -16.68820409 ], [ -69.05488826, -16.68810891 ], [ -69.0548026, -16.68799945 ], [ -69.05465983, -16.68787096 ], [ -69.054617, -16.6877853 ], [ -69.05458844, -16.68769964 ], [ -69.05456465, -16.68760922 ], [ -69.05445721, -16.68750536 ], [ -69.05422201, -16.68712619 ], [ -69.05409352, -16.68695487 ], [ -69.05375087, -16.68679782 ], [ -69.05332257, -16.68671216 ], [ -69.05309414, -16.68671216 ], [ -69.05287999, -16.68675499 ], [ -69.05276578, -16.6868121 ], [ -69.05223754, -16.68679782 ], [ -69.05180923, -16.6868121 ], [ -69.05149514, -16.6868121 ], [ -69.05118106, -16.68685493 ], [ -69.05088124, -16.68688348 ], [ -69.05061474, -16.68682995 ], [ -69.05043628, -16.68680615 ], [ -69.05029947, -16.68682995 ], [ -69.05019239, -16.68684184 ], [ -69.05010911, -16.68688943 ], [ -69.05007342, -16.68695487 ], [ -69.0499128, -16.68698461 ], [ -69.04978193, -16.68696082 ], [ -69.04967486, -16.68688943 ], [ -69.04955588, -16.68678831 ], [ -69.04943691, -16.68673477 ], [ -69.04932983, -16.68668718 ], [ -69.04923466, -16.68666933 ], [ -69.04912758, -16.68666933 ], [ -69.04899671, -16.68666338 ], [ -69.0488361, -16.68663959 ], [ -69.04865169, -16.6866158 ], [ -69.04847323, -16.686592 ], [ -69.04829477, -16.6865801 ], [ -69.04820554, -16.68662769 ], [ -69.04799139, -16.68669313 ], [ -69.04783077, -16.68672287 ], [ -69.0477356, -16.68677046 ], [ -69.04749765, -16.68685969 ], [ -69.04731324, -16.68693108 ], [ -69.04712883, -16.6870441 ], [ -69.04686709, -16.68713333 ], [ -69.04664104, -16.68715117 ], [ -69.04646853, -16.68720471 ], [ -69.04633766, -16.6872642 ], [ -69.04621274, -16.68737722 ], [ -69.04612351, -16.68754973 ], [ -69.04602238, -16.68769845 ], [ -69.04590341, -16.68780553 ], [ -69.045719, -16.68791855 ], [ -69.04549295, -16.68803752 ], [ -69.04532639, -16.68812081 ], [ -69.0450706, -16.68830521 ], [ -69.04495758, -16.68842419 ], [ -69.04470178, -16.68851936 ], [ -69.04448168, -16.6885848 ], [ -69.0441783, -16.68864429 ], [ -69.04370241, -16.6885848 ], [ -69.04341092, -16.68849557 ], [ -69.0431016, -16.68831711 ], [ -69.04276847, -16.68806727 ], [ -69.04223904, -16.68759137 ], [ -69.0417453, -16.68717497 ], [ -69.04137054, -16.68678831 ], [ -69.04113259, -16.68653846 ], [ -69.04091249, -16.6863957 ], [ -69.04066265, -16.68625293 ], [ -69.04050798, -16.6861756 ], [ -69.04019865, -16.68619106 ], [ -69.04004161, -16.68626245 ], [ -69.03981318, -16.68619106 ], [ -69.03968469, -16.68603402 ], [ -69.03959903, -16.68587697 ], [ -69.03942771, -16.68569138 ], [ -69.03922783, -16.68563427 ], [ -69.0389994, -16.68557716 ], [ -69.03849972, -16.68563427 ], [ -69.0381428, -16.6856771 ], [ -69.03778588, -16.68560571 ], [ -69.03750034, -16.68547722 ], [ -69.03728619, -16.68522024 ], [ -69.03714342, -16.68499181 ], [ -69.0369721, -16.68483477 ], [ -69.03681506, -16.68470628 ], [ -69.03622971, -16.68457779 ], [ -69.03585852, -16.68453496 ], [ -69.03560153, -16.68443502 ], [ -69.03534455, -16.68436364 ], [ -69.03497336, -16.68430653 ], [ -69.03477348, -16.68420659 ], [ -69.03454505, -16.68403527 ], [ -69.03434518, -16.6838354 ], [ -69.03420241, -16.68344992 ], [ -69.03400254, -16.68316439 ], [ -69.03355996, -16.6828503 ], [ -69.03337436, -16.68272181 ], [ -69.03324587, -16.68237917 ], [ -69.03300316, -16.68202225 ], [ -69.03258914, -16.68172243 ], [ -69.03228932, -16.68166533 ], [ -69.03208945, -16.68159394 ], [ -69.03154693, -16.68115136 ], [ -69.03099014, -16.68065168 ], [ -69.03077599, -16.68042325 ], [ -69.03059039, -16.68025193 ], [ -69.03037624, -16.68003778 ], [ -69.03006215, -16.67972369 ], [ -69.02993366, -16.67945243 ], [ -69.02987655, -16.67918117 ], [ -69.02971951, -16.67865293 ], [ -69.02956246, -16.67833884 ], [ -69.02939114, -16.67803903 ], [ -69.0292341, -16.67782488 ], [ -69.02893428, -16.67761073 ], [ -69.02866303, -16.67749651 ], [ -69.02849171, -16.67736802 ], [ -69.028249, -16.67733947 ], [ -69.02793491, -16.67735374 ], [ -69.02767793, -16.67735374 ], [ -69.02736384, -16.67739657 ], [ -69.02710686, -16.6773823 ], [ -69.02677849, -16.67725381 ], [ -69.02652151, -16.67712532 ], [ -69.02635019, -16.67699682 ], [ -69.02613247, -16.67666025 ], [ -69.025747, -16.67580364 ], [ -69.02564706, -16.67534679 ], [ -69.02549002, -16.67490421 ], [ -69.02541863, -16.6744759 ], [ -69.02529014, -16.67373351 ], [ -69.02479045, -16.67301967 ], [ -69.02446209, -16.67254854 ], [ -69.02431932, -16.67227728 ], [ -69.02394812, -16.6720203 ], [ -69.02357693, -16.6718347 ], [ -69.02319145, -16.67160627 ], [ -69.02289164, -16.67144923 ], [ -69.02260611, -16.67133502 ], [ -69.02234913, -16.6712208 ], [ -69.02199221, -16.6712208 ], [ -69.02137831, -16.67110659 ], [ -69.02075013, -16.67082105 ], [ -69.01997918, -16.6704213 ], [ -69.01943667, -16.67019287 ], [ -69.0188656, -16.669993 ], [ -69.01799471, -16.66973602 ], [ -69.01766635, -16.66957897 ], [ -69.01736654, -16.66933627 ], [ -69.01700962, -16.66913639 ], [ -69.01658131, -16.66896507 ], [ -69.01626722, -16.66890797 ], [ -69.0159103, -16.66893652 ], [ -69.01571043, -16.66896507 ], [ -69.01545345, -16.6691364 ], [ -69.01535351, -16.66920778 ], [ -68.98788541, -16.68296055 ], [ -68.9877712, -16.68221816 ], [ -68.98771409, -16.68141866 ], [ -68.98725723, -16.68090469 ], [ -68.98680038, -16.68050494 ], [ -68.98662905, -16.67987677 ], [ -68.98714302, -16.67959123 ], [ -68.98765698, -16.67907727 ], [ -68.9878283, -16.67884884 ], [ -68.98805673, -16.67833487 ], [ -68.98839937, -16.67833488 ], [ -68.98891334, -16.6785062 ], [ -68.9894273, -16.67816355 ], [ -68.98954151, -16.67730695 ], [ -68.98937019, -16.67639323 ], [ -68.98925598, -16.67547952 ], [ -68.98965573, -16.67416606 ], [ -68.98959862, -16.67319524 ], [ -68.98959862, -16.6720531 ], [ -68.98954151, -16.6712536 ], [ -68.98982705, -16.67056831 ], [ -68.99028391, -16.66948328 ], [ -68.99079787, -16.66839825 ], [ -68.99108341, -16.66759875 ], [ -68.99142605, -16.66714189 ], [ -68.99211133, -16.66548579 ], [ -68.99315473, -16.66422943 ], [ -68.99398754, -16.66342636 ], [ -68.99550444, -16.66205817 ], [ -68.99633725, -16.6606305 ], [ -68.99666562, -16.65912033 ], [ -68.99666562, -16.65909675 ], [ -68.99666562, -16.65759748 ], [ -68.99628491, -16.65578909 ], [ -68.99561866, -16.65445659 ], [ -68.99504759, -16.65340963 ], [ -68.99533312, -16.65245784 ], [ -68.99657044, -16.65122052 ], [ -68.99771258, -16.65083981 ], [ -68.99780776, -16.64893624 ], [ -68.99771258, -16.64788927 ], [ -68.99752223, -16.64522428 ], [ -68.99723669, -16.64360624 ], [ -68.99729212279594, -16.643392428737954 ], [ -68.997059430999911, -16.643051424999953 ], [ -68.99745155865476, -16.642777464588832 ], [ -68.99790294, -16.64103643 ], [ -68.9994258, -16.63941839 ], [ -69.00123419, -16.63846661 ], [ -69.00351847, -16.63751482 ], [ -69.00542204, -16.63694375 ], [ -69.006513420963131, -16.636348450345174 ], [ -69.016934486999901, -16.611802850999936 ], [ -69.019309545999931, -16.601949346999959 ], [ -69.02504945499993, -16.597431754999945 ], [ -69.031043352999916, -16.575043683999922 ], [ -69.030613579999908, -16.56767784099992 ], [ -69.032854686416528, -16.562514512205144 ], [ -69.03271357, -16.56251791 ], [ -69.03257746, -16.56250809 ], [ -69.03247903, -16.56237943 ], [ -69.03232492, -16.56219971 ], [ -69.03213145, -16.56207334 ], [ -69.03207307, -16.56191751 ], [ -69.03206798, -16.56172109 ], [ -69.0320096, -16.56156526 ], [ -69.03193866, -16.56144904 ], [ -69.03180017, -16.56134756 ], [ -69.03162095, -16.56124705 ], [ -69.03148348, -16.56118485 ], [ -69.03122517, -16.56117797 ], [ -69.03095261, -16.56114523 ], [ -69.03076253, -16.56114981 ], [ -69.03038066, -16.56109349 ], [ -69.0301339, -16.56100771 ], [ -69.02987254, -16.56088298 ], [ -69.02968959, -16.56063843 ], [ -69.02958878, -16.56041811 ], [ -69.02944792, -16.56022495 ], [ -69.02930842, -16.56008418 ], [ -69.02918216, -16.55992999 ], [ -69.02913736, -16.55977383 ], [ -69.02910512, -16.55957806 ], [ -69.02901925, -16.55940979 ], [ -69.02883935, -16.5592831 ], [ -69.02867405, -16.55919536 ], [ -69.02842729, -16.55910958 ], [ -69.02827489, -16.55899532 ], [ -69.02820023, -16.55873506 ], [ -69.02819514, -16.55853864 ], [ -69.02820398, -16.55835498 ], [ -69.0282145, -16.5582368 ], [ -69.02812965, -16.55810782 ], [ -69.02803258, -16.55803154 ], [ -69.0279036, -16.55777259 ], [ -69.02784455, -16.55759057 ], [ -69.02771931, -16.55747566 ], [ -69.02764735, -16.55732015 ], [ -69.02767487, -16.55680848 ], [ -69.02772037, -16.55646671 ], [ -69.02789077, -16.55622675 ], [ -69.02792675, -16.55604244 ], [ -69.0279882, -16.55579201 ], [ -69.02809173, -16.55559297 ], [ -69.02825195, -16.55548429 ], [ -69.02839587, -16.55527118 ], [ -69.02847157, -16.55504661 ], [ -69.02865724, -16.5548718 ], [ -69.02876314, -16.55476443 ], [ -69.02896273, -16.55460239 ], [ -69.02903843, -16.55437781 ], [ -69.02911379, -16.55414015 ], [ -69.02921698, -16.55392802 ], [ -69.02945594, -16.55371262 ], [ -69.02953266, -16.55352733 ], [ -69.02953062, -16.55344876 ], [ -69.02945969, -16.55333254 ], [ -69.0293616, -16.55321698 ], [ -69.02915659, -16.5531695 ], [ -69.02889795, -16.55314952 ], [ -69.02866715, -16.55315508 ], [ -69.02844992, -16.55316031 ], [ -69.02828632, -16.55313804 ], [ -69.02797439, -16.55315866 ], [ -69.02756844, -16.55322084 ], [ -69.02731116, -16.55325324 ], [ -69.02701551, -16.55337828 ], [ -69.02663977, -16.55355767 ], [ -69.0263852, -16.55369482 ], [ -69.02591542, -16.55391577 ], [ -69.02563336, -16.55404049 ], [ -69.02539168, -16.55415113 ], [ -69.02509638, -16.55428926 ], [ -69.02485775, -16.55451775 ], [ -69.02452544, -16.55480091 ], [ -69.02433807, -16.55491024 ], [ -69.02393584, -16.55511646 ], [ -69.02345215, -16.55532464 ], [ -69.02307538, -16.55546473 ], [ -69.02276412, -16.55551152 ], [ -69.02238938, -16.55573018 ], [ -69.02198444, -16.55583164 ], [ -69.02163482, -16.55597108 ], [ -69.02133545, -16.55595207 ], [ -69.02114706, -16.55602211 ], [ -69.02082629, -16.55622637 ], [ -69.02052895, -16.55628593 ], [ -69.02028456, -16.5562918 ], [ -69.01988981, -16.55626198 ], [ -69.01965016, -16.55645118 ], [ -69.01924528, -16.55704663 ], [ -69.01868731, -16.55722606 ], [ -69.01827815, -16.55751312 ], [ -69.01719939, -16.55765672 ], [ -69.01664142, -16.55787203 ], [ -69.01593466, -16.5581591 ], [ -69.0149675, -16.55826681 ], [ -69.01429791, -16.55826685 ], [ -69.01385155, -16.55873329 ], [ -69.0134424, -16.55927148 ], [ -69.01292163, -16.55966616 ], [ -69.01188007, -16.55991736 ], [ -69.01122909, -16.56013266 ], [ -69.0102619, -16.56009683 ], [ -69.00959231, -16.56009687 ], [ -69.00903433, -16.56045566 ], [ -69.00829034, -16.56056333 ], [ -69.00754635, -16.56052748 ], [ -69.00683957, -16.56095803 ], [ -69.00616999, -16.56120919 ], [ -69.0056864, -16.56146035 ], [ -69.00512841, -16.56160387 ], [ -69.00479361, -16.56192677 ], [ -69.00412402, -16.56196267 ], [ -69.00382642, -16.56221381 ], [ -69.00367763, -16.56268022 ], [ -69.00341724, -16.56300312 ], [ -69.00289644, -16.56321839 ], [ -69.00245004, -16.56325428 ], [ -69.00178044, -16.56361306 ], [ -69.00133404, -16.56390008 ], [ -69.00129684, -16.56433061 ], [ -69.00062724, -16.5649764 ], [ -69.00010643, -16.56519166 ], [ -68.99951123, -16.56522754 ], [ -68.99884162, -16.56526342 ], [ -68.99843241, -16.56555043 ], [ -68.9982836, -16.5659092 ], [ -68.998079, -16.56626797 ], [ -68.99755818, -16.5663756 ], [ -68.99737218, -16.56677025 ], [ -68.99718617, -16.56720077 ], [ -68.99662814, -16.56781068 ], [ -68.99588412, -16.56784654 ], [ -68.99547492, -16.56763127 ], [ -68.99499131, -16.56730836 ], [ -68.99458211, -16.56709309 ], [ -68.9939497, -16.56702132 ], [ -68.99328007, -16.56716481 ], [ -68.99324285, -16.56791823 ], [ -68.99376365, -16.5683129 ], [ -68.99313122, -16.56852814 ], [ -68.9926848, -16.56881514 ], [ -68.99238717, -16.56924566 ], [ -68.99175474, -16.56949677 ], [ -68.99075031, -16.56942498 ], [ -68.9903039, -16.56928145 ], [ -68.9898203, -16.56895853 ], [ -68.98929949, -16.568815 ], [ -68.98855546, -16.56892259 ], [ -68.98844383, -16.56931723 ], [ -68.987923, -16.56956834 ], [ -68.98736502, -16.56899427 ], [ -68.98714184, -16.56856373 ], [ -68.98669545, -16.56820493 ], [ -68.98610024, -16.56813314 ], [ -68.9855794, -16.56838424 ], [ -68.98543057, -16.56881476 ], [ -68.98563887, -16.56920225 ], [ -68.98571322, -16.56984805 ], [ -68.98534118, -16.57024267 ], [ -68.98455994, -16.57038612 ], [ -68.98418789, -16.57074487 ], [ -68.98344384, -16.57103183 ], [ -68.98284863, -16.57078064 ], [ -68.98240226, -16.57027832 ], [ -68.98203027, -16.56995539 ], [ -68.98154667, -16.56984772 ], [ -68.98061659, -16.57024228 ], [ -68.98057933, -16.57081632 ], [ -68.97976088, -16.5710315 ], [ -68.97912844, -16.5711032 ], [ -68.97890516, -16.57171309 ], [ -68.97935154, -16.57217953 ], [ -68.97935149, -16.57264594 ], [ -68.97923981, -16.5733276 ], [ -68.97842132, -16.57368629 ], [ -68.97812367, -16.57404503 ], [ -68.97790042, -16.57429614 ], [ -68.97730517, -16.57440371 ], [ -68.97685874, -16.5745113 ], [ -68.97630066, -16.57479825 ], [ -68.97585421, -16.57504934 ], [ -68.97544493, -16.57544394 ], [ -68.97514731, -16.57547978 ], [ -68.97473813, -16.57504921 ], [ -68.97451497, -16.57465453 ], [ -68.97418019, -16.57433159 ], [ -68.97380818, -16.57429567 ], [ -68.97339893, -16.57447501 ], [ -68.97317192, -16.57497726 ], [ -68.97298587, -16.57526425 ], [ -68.97227902, -16.57530004 ], [ -68.97194427, -16.57479771 ], [ -68.97164667, -16.57465416 ], [ -68.97112588, -16.57440295 ], [ -68.97075388, -16.57422351 ], [ -68.97015865, -16.57422343 ], [ -68.96986089, -16.57515619 ], [ -68.96997695, -16.57627722 ], [ -68.96991193, -16.57642265 ], [ -68.96977862, -16.57669821 ], [ -68.96960865, -16.57708871 ], [ -68.96948822, -16.57723761 ], [ -68.96925945, -16.57751245 ], [ -68.96898227, -16.57787911 ], [ -68.96883737, -16.57810848 ], [ -68.96866817, -16.57839529 ], [ -68.96853536, -16.57860171 ], [ -68.96833063, -16.57885368 ], [ -68.96807799, -16.57912833 ], [ -68.96788527, -16.57936887 ], [ -68.96780098, -16.57947195 ], [ -68.96762113, -16.57958582 ], [ -68.96740584, -16.57965334 ], [ -68.96726256, -16.57966379 ], [ -68.96707148, -16.57968541 ], [ -68.96685628, -16.5797414 ], [ -68.96658201, -16.5797163 ], [ -68.96634388, -16.57964537 ], [ -68.96604626, -16.57955095 ], [ -68.96581999, -16.57949163 ], [ -68.96566548, -16.57940981 ], [ -68.96541542, -16.5793388 ], [ -68.96528425, -16.57932628 ], [ -68.96514107, -16.57932521 ], [ -68.96498595, -16.57932404 ], [ -68.96491435, -16.57932351 ], [ -68.96478259, -16.57939165 ], [ -68.96463819, -16.57955189 ], [ -68.96454188, -16.5796664 ], [ -68.96446916, -16.57981565 ], [ -68.9643003, -16.58005636 ], [ -68.96410784, -16.58026232 ], [ -68.96402388, -16.5803193 ], [ -68.96379708, -16.58032913 ], [ -68.96359441, -16.58030455 ], [ -68.96339243, -16.5801878 ], [ -68.96310718, -16.58003586 ], [ -68.9629051, -16.57993062 ], [ -68.96257213, -16.57977833 ], [ -68.96231031, -16.57968416 ], [ -68.96211966, -16.57964816 ], [ -68.96194094, -16.57961225 ], [ -68.96163079, -16.57959839 ], [ -68.96140373, -16.57964277 ], [ -68.96128389, -16.57971101 ], [ -68.96117616, -16.57975628 ], [ -68.96100851, -16.57983567 ], [ -68.96084128, -16.57985747 ], [ -68.96068608, -16.57986781 ], [ -68.96048418, -16.57973954 ], [ -68.96030658, -16.57955384 ], [ -68.96004616, -16.57927532 ], [ -68.95985559, -16.57922779 ], [ -68.95970056, -16.5792151 ], [ -68.95947385, -16.57921338 ], [ -68.95922328, -16.5792115 ], [ -68.95896017, -16.57929017 ], [ -68.95874478, -16.5793692 ], [ -68.95862477, -16.57946048 ], [ -68.95843238, -16.57965492 ], [ -68.95829992, -16.57981524 ], [ -68.95810744, -16.58002121 ], [ -68.95797438, -16.58026218 ], [ -68.95792431, -16.58057293 ], [ -68.95793503, -16.58073433 ], [ -68.95793434, -16.58082651 ], [ -68.95792136, -16.58096469 ], [ -68.95787328, -16.58101042 ], [ -68.95765738, -16.58115858 ], [ -68.95737041, -16.58123708 ], [ -68.95716755, -16.58123555 ], [ -68.95684539, -16.58123311 ], [ -68.95644004, -16.58118395 ], [ -68.95605856, -16.58113497 ], [ -68.9558801, -16.58106449 ], [ -68.95567794, -16.58097077 ], [ -68.95558266, -16.58094701 ], [ -68.95537956, -16.58098004 ], [ -68.95528332, -16.58108302 ], [ -68.95523385, -16.58131311 ], [ -68.95521983, -16.58158955 ], [ -68.95520608, -16.58183143 ], [ -68.95520383, -16.58213101 ], [ -68.95520287, -16.58225776 ], [ -68.9551413, -16.58251079 ], [ -68.95505665, -16.58265996 ], [ -68.95473274, -16.58288796 ], [ -68.95457674, -16.58300201 ], [ -68.9544448, -16.5830932 ], [ -68.95418116, -16.583241 ], [ -68.95407246, -16.58341302 ], [ -68.95406001, -16.58348206 ], [ -68.95403485, -16.58365472 ], [ -68.95400916, -16.58389651 ], [ -68.95397032, -16.58429952 ], [ -68.95390944, -16.58446038 ], [ -68.95376443, -16.58470126 ], [ -68.95364433, -16.58480406 ], [ -68.95352492, -16.58481468 ], [ -68.95333382, -16.58483628 ], [ -68.95316651, -16.58486958 ], [ -68.95302271, -16.58494915 ], [ -68.95290278, -16.58502891 ], [ -68.95278258, -16.58514323 ], [ -68.95257878, -16.58526843 ], [ -68.95237584, -16.58527842 ], [ -68.95214947, -16.58523061 ], [ -68.95203067, -16.58516057 ], [ -68.95187624, -16.58506722 ], [ -68.95171084, -16.58484703 ], [ -68.9516402, -16.58471974 ], [ -68.95159369, -16.58455806 ], [ -68.95151155, -16.58437307 ], [ -68.95140521, -16.58423399 ], [ -68.95132194, -16.58419879 ], [ -68.95119112, -16.58414018 ], [ -68.9511076, -16.58413955 ], [ -68.95085615, -16.58425287 ], [ -68.95061698, -16.58432019 ], [ -68.95047379, -16.58431911 ], [ -68.95022408, -16.58420199 ], [ -68.95016468, -16.58416696 ], [ -68.95011694, -16.58416661 ], [ -68.94999762, -16.5841657 ], [ -68.94970968, -16.58437092 ], [ -68.94939665, -16.58473729 ], [ -68.94928865, -16.58481713 ], [ -68.94903668, -16.58499958 ], [ -68.94884549, -16.5850327 ], [ -68.94766279, -16.58520807 ], [ -68.94766201, -16.58531178 ], [ -68.94774396, -16.58551981 ], [ -68.94779082, -16.5856354 ], [ -68.94778986, -16.58576214 ], [ -68.94760939, -16.58595666 ], [ -68.94749007, -16.58595575 ], [ -68.94703602, -16.58603297 ], [ -68.94694003, -16.58610137 ], [ -68.94673587, -16.58627267 ], [ -68.94667569, -16.58634135 ], [ -68.94656707, -16.58650184 ], [ -68.94649496, -16.58657043 ], [ -68.94636274, -16.58669618 ], [ -68.94613532, -16.58678663 ], [ -68.94592063, -16.58677347 ], [ -68.9457662, -16.58668011 ], [ -68.94559976, -16.58659819 ], [ -68.94531329, -16.58660753 ], [ -68.94516896, -16.58675623 ], [ -68.94501183, -16.58702006 ], [ -68.94487804, -16.58735321 ], [ -68.94473231, -16.58768627 ], [ -68.94461141, -16.58789276 ], [ -68.94444234, -16.5881565 ], [ -68.94427328, -16.58842024 ], [ -68.94414063, -16.5886036 ], [ -68.94394804, -16.58882107 ], [ -68.94352882, -16.58902529 ], [ -68.94331333, -16.58911583 ], [ -68.94313329, -16.58925273 ], [ -68.94300116, -16.58936695 ], [ -68.94280901, -16.58952681 ], [ -68.94209191, -16.58967114 ], [ -68.9418401, -16.58983054 ], [ -68.9416361, -16.58997878 ], [ -68.94120486, -16.59019443 ], [ -68.94088197, -16.59028415 ], [ -68.9405834, -16.59031644 ], [ -68.94041634, -16.59031516 ], [ -68.94016575, -16.59031325 ], [ -68.93971274, -16.59025218 ], [ -68.93931966, -16.59015698 ], [ -68.93889281, -16.58979651 ], [ -68.93852588, -16.58940193 ], [ -68.93845516, -16.58928615 ], [ -68.93831381, -16.58904309 ], [ -68.93827862, -16.58896216 ], [ -68.938208, -16.58883487 ], [ -68.93810166, -16.58869578 ], [ -68.93786406, -16.58855568 ], [ -68.93769744, -16.58849679 ], [ -68.93753118, -16.58839182 ], [ -68.93737623, -16.58836759 ], [ -68.93717285, -16.58843516 ], [ -68.93698017, -16.58866416 ], [ -68.93684794, -16.58878989 ], [ -68.93657217, -16.58896063 ], [ -68.93622506, -16.58909624 ], [ -68.93591394, -16.58920909 ], [ -68.93554341, -16.58928692 ], [ -68.93535258, -16.58927393 ], [ -68.93523395, -16.58918084 ], [ -68.93503277, -16.58896036 ], [ -68.93490301, -16.58876348 ], [ -68.93468972, -16.58856595 ], [ -68.93448774, -16.58844917 ], [ -68.93411854, -16.58835415 ], [ -68.9339635, -16.58834145 ], [ -68.93380828, -16.58835178 ], [ -68.93364026, -16.58847724 ], [ -68.93342327, -16.58876365 ], [ -68.93325419, -16.58902739 ], [ -68.93297718, -16.58935943 ], [ -68.93268966, -16.58950702 ], [ -68.9325226, -16.58950573 ], [ -68.93222437, -16.58949192 ], [ -68.93185454, -16.58947757 ], [ -68.93160396, -16.58947564 ], [ -68.93152042, -16.589475 ], [ -68.9314004, -16.58956626 ], [ -68.93137627, -16.58960065 ], [ -68.9313273, -16.58976159 ], [ -68.93131404, -16.58993433 ], [ -68.93138423, -16.59011925 ], [ -68.93149004, -16.59032747 ], [ -68.93166718, -16.59057081 ], [ -68.93188047, -16.59076834 ], [ -68.93202304, -16.59085009 ], [ -68.93218913, -16.59097812 ], [ -68.93234311, -16.5911291 ], [ -68.93242576, -16.59124496 ], [ -68.9324361, -16.59145246 ], [ -68.93242338, -16.59155607 ], [ -68.93231405, -16.59180874 ], [ -68.9320845, -16.59217571 ], [ -68.93196385, -16.59234763 ], [ -68.93178292, -16.59259974 ], [ -68.93160199, -16.59285186 ], [ -68.93132611, -16.59303411 ], [ -68.93115862, -16.59309044 ], [ -68.93075361, -16.59299515 ], [ -68.93055171, -16.59286684 ], [ -68.9304924, -16.59282029 ], [ -68.93032534, -16.59281901 ], [ -68.93010993, -16.59289802 ], [ -68.93002516, -16.59305869 ], [ -68.92996338, -16.59333476 ], [ -68.92986563, -16.59363361 ], [ -68.92972057, -16.59387448 ], [ -68.92950366, -16.59414936 ], [ -68.92910793, -16.59439982 ], [ -68.92892867, -16.59443301 ], [ -68.92859402, -16.59449957 ], [ -68.92817557, -16.59460006 ], [ -68.92779353, -16.59462017 ], [ -68.92757892, -16.59459547 ], [ -68.92732885, -16.59452441 ], [ -68.92707826, -16.59452248 ], [ -68.92676694, -16.59465836 ], [ -68.92657469, -16.59482972 ], [ -68.92629881, -16.59501196 ], [ -68.92609524, -16.59510258 ], [ -68.92594629, -16.59510989 ], [ -68.92568934, -16.5951225 ], [ -68.92534408, -16.59501613 ], [ -68.9252252, -16.59495759 ], [ -68.92483264, -16.59479324 ], [ -68.92470218, -16.59468853 ], [ -68.92450074, -16.59450261 ], [ -68.92438291, -16.59430581 ], [ -68.92438389, -16.59417906 ], [ -68.92438566, -16.59394862 ], [ -68.92442226, -16.59384519 ], [ -68.9244828, -16.59373044 ], [ -68.92448378, -16.59360369 ], [ -68.92440149, -16.59344173 ], [ -68.92430612, -16.59342948 ], [ -68.92415099, -16.59342828 ], [ -68.92397182, -16.59344994 ], [ -68.92380405, -16.59354083 ], [ -68.92353931, -16.59382686 ], [ -68.92336941, -16.59419429 ], [ -68.92327199, -16.59444704 ], [ -68.92325784, -16.594735 ], [ -68.92316105, -16.5949071 ], [ -68.92303924, -16.59522881 ], [ -68.92290567, -16.59552737 ], [ -68.92279712, -16.59567633 ], [ -68.92273938, -16.59571384 ], [ -68.92256924, -16.59582437 ], [ -68.92227037, -16.5958912 ], [ -68.92197161, -16.59594652 ], [ -68.92174474, -16.59640653 ], [ -68.92146621, -16.59661475 ], [ -68.92121424, -16.59669271 ], [ -68.92096556, -16.59690022 ], [ -68.92083704, -16.59713371 ], [ -68.92057306, -16.59732718 ], [ -68.92026284, -16.59746412 ], [ -68.91990455, -16.59747256 ], [ -68.91960087, -16.59727806 ], [ -68.91936019, -16.59721171 ], [ -68.91900117, -16.59719135 ], [ -68.91888065, -16.59715098 ], [ -68.91854274, -16.59678443 ], [ -68.91838653, -16.59651444 ], [ -68.91828893, -16.59619985 ], [ -68.91819134, -16.59588526 ], [ -68.91802093, -16.59564441 ], [ -68.91780756, -16.59547659 ], [ -68.91756724, -16.59542463 ], [ -68.91729999, -16.59548853 ], [ -68.9171001, -16.59585334 ], [ -68.91710738, -16.59614124 ], [ -68.91702364, -16.59637368 ], [ -68.91672981, -16.59656784 ], [ -68.91636023, -16.59672058 ], [ -68.91607914, -16.59682802 ], [ -68.91582936, -16.59699234 ], [ -68.91559268, -16.59708433 ], [ -68.91530685, -16.59700464 ], [ -68.91492635, -16.59672551 ], [ -68.91469404, -16.59639969 ], [ -68.91444863, -16.59614619 ], [ -68.91427968, -16.59596292 ], [ -68.91399166, -16.59579685 ], [ -68.91381762, -16.59541204 ], [ -68.91367743, -16.59518487 ], [ -68.91340471, -16.59503284 ], [ -68.91289641, -16.59501599 ], [ -68.91248497, -16.59528494 ], [ -68.91221006, -16.5956371 ], [ -68.91190602, -16.59601875 ], [ -68.91157177, -16.5963867 ], [ -68.91128193, -16.59673921 ], [ -68.91101758, -16.59691827 ], [ -68.91072556, -16.5971844 ], [ -68.9105242, -16.59749162 ], [ -68.91038219, -16.59778303 ], [ -68.91028496, -16.5980734 ], [ -68.91021651, -16.59831987 ], [ -68.91004391, -16.5985832 ], [ -68.90976245, -16.59867624 ], [ -68.90937466, -16.59869975 ], [ -68.90901746, -16.59875136 ], [ -68.90878952, -16.59859827 ], [ -68.90867811, -16.59832722 ], [ -68.90877788, -16.59813762 ], [ -68.90892026, -16.59786061 ], [ -68.90872036, -16.59763484 ], [ -68.90838865, -16.597513 ], [ -68.90823282, -16.59725739 ], [ -68.9080748, -16.59691541 ], [ -68.90781629, -16.59673424 ], [ -68.90761639, -16.59650847 ], [ -68.90747331, -16.59616614 ], [ -68.90736226, -16.59590948 ], [ -68.90713615, -16.59582837 ], [ -68.90679206, -16.59580764 ], [ -68.90646363, -16.59581536 ], [ -68.9060926, -16.59591049 ], [ -68.90570445, -16.59591961 ], [ -68.90538986, -16.59588379 ], [ -68.90506107, -16.5958771 ], [ -68.9047938, -16.59594099 ], [ -68.90457278, -16.59606141 ], [ -68.90436633, -16.59616709 ], [ -68.90406921, -16.59623168 ], [ -68.90376845, -16.59615232 ], [ -68.90349683, -16.59604346 ], [ -68.903211, -16.59596375 ], [ -68.90294156, -16.59594126 ], [ -68.90277299, -16.59577237 ], [ -68.9025618, -16.59569091 ], [ -68.90227889, -16.59572635 ], [ -68.90207425, -16.595904 ], [ -68.90174836, -16.59601248 ], [ -68.90155937, -16.59621857 ], [ -68.90142865, -16.59636567 ], [ -68.90121089, -16.59661565 ], [ -68.9010514, -16.59680664 ], [ -68.90093524, -16.596939 ], [ -68.90074625, -16.59714509 ], [ -68.90050993, -16.59725146 ], [ -68.90027252, -16.59731464 ], [ -68.90006134, -16.59723317 ], [ -68.89983414, -16.59710887 ], [ -68.89965536, -16.59712746 ], [ -68.89929961, -16.59723663 ], [ -68.89917179, -16.5974989 ], [ -68.89902867, -16.59774712 ], [ -68.89873336, -16.59788368 ], [ -68.89831717, -16.59796546 ], [ -68.89802259, -16.59813081 ], [ -68.89765046, -16.59818275 ], [ -68.89726049, -16.59811987 ], [ -68.8970038, -16.59801066 ], [ -68.8968316, -16.59769781 ], [ -68.8967639, -16.59738251 ], [ -68.89678613, -16.59707951 ], [ -68.89674902, -16.5967923 ], [ -68.89656516, -16.59660936 ], [ -68.89639804, -16.59649805 ], [ -68.89627353, -16.59629932 ], [ -68.89613554, -16.59615851 ], [ -68.89587849, -16.5960349 ], [ -68.89566513, -16.59586706 ], [ -68.89549402, -16.59559739 ], [ -68.89538553, -16.59544149 ], [ -68.89502543, -16.59537791 ], [ -68.89466714, -16.59538631 ], [ -68.89436603, -16.59529254 ], [ -68.89397934, -16.59535921 ], [ -68.89378527, -16.59536376 ], [ -68.89364837, -16.59526614 ], [ -68.89346596, -16.59514078 ], [ -68.89310731, -16.59513477 ], [ -68.89266018, -16.59517405 ], [ -68.89234668, -16.5951814 ], [ -68.89212674, -16.59534499 ], [ -68.89198543, -16.59566518 ], [ -68.89199377, -16.59599628 ], [ -68.89180731, -16.59630312 ], [ -68.89159261, -16.59643779 ], [ -68.89127983, -16.59647392 ], [ -68.89098742, -16.59672563 ], [ -68.89080024, -16.59700368 ], [ -68.89035563, -16.59714373 ], [ -68.88986625, -16.59728482 ], [ -68.88968819, -16.5973322 ], [ -68.88937505, -16.59735393 ], [ -68.88893631, -16.59713374 ], [ -68.88858426, -16.59679629 ], [ -68.88841533, -16.59661299 ], [ -68.88815756, -16.59646058 ], [ -68.88806328, -16.59627554 ], [ -68.88796646, -16.59598973 ], [ -68.88782522, -16.59571936 ], [ -68.8876268, -16.59555115 ], [ -68.88734134, -16.59548581 ], [ -68.88712944, -16.59537554 ], [ -68.88688805, -16.59528036 ], [ -68.88660441, -16.595287 ], [ -68.88638084, -16.59530663 ], [ -68.8859053, -16.59540418 ], [ -68.88549128, -16.5955723 ], [ -68.88508015, -16.59585559 ], [ -68.88468287, -16.59609534 ], [ -68.88429581, -16.5961476 ], [ -68.88374453, -16.5962037 ], [ -68.88338697, -16.59624087 ], [ -68.88302868, -16.59624924 ], [ -68.88274503, -16.59625587 ], [ -68.88247234, -16.59610381 ], [ -68.88214137, -16.59601071 ], [ -68.88183194, -16.59606116 ], [ -68.88153373, -16.59608253 ], [ -68.88119037, -16.59609055 ], [ -68.88084484, -16.5960122 ], [ -68.88052989, -16.59596195 ], [ -68.88008564, -16.59611636 ], [ -68.87974554, -16.59625394 ], [ -68.87936499, -16.59656531 ], [ -68.87906016, -16.59691812 ], [ -68.87875606, -16.59729973 ], [ -68.87847928, -16.59757986 ], [ -68.8780543, -16.59790667 ], [ -68.87776259, -16.59818715 ], [ -68.87734892, -16.59836966 ], [ -68.87696511, -16.59855147 ], [ -68.87668615, -16.59874523 ], [ -68.87644946, -16.59883717 ], [ -68.87616617, -16.59885819 ], [ -68.87586579, -16.59879318 ], [ -68.87562295, -16.59864041 ], [ -68.87533894, -16.59863263 ], [ -68.87507239, -16.59872528 ], [ -68.87486591, -16.59883092 ], [ -68.87461248, -16.59885124 ], [ -68.87434376, -16.59885751 ], [ -68.87412199, -16.59894911 ], [ -68.87388874, -16.59894015 ], [ -68.87358474, -16.59873118 ], [ -68.8733088, -16.59844954 ], [ -68.87312315, -16.59819461 ], [ -68.87279255, -16.5981159 ], [ -68.87237418, -16.59811125 ], [ -68.87214844, -16.5980445 ], [ -68.87175668, -16.5979096 ], [ -68.87150072, -16.59782914 ], [ -68.87125897, -16.59771955 ], [ -68.87088395, -16.59765628 ], [ -68.87061559, -16.59767694 ], [ -68.87042224, -16.59771025 ], [ -68.87029739, -16.59749711 ], [ -68.87038083, -16.5972503 ], [ -68.87038998, -16.59701962 ], [ -68.87031064, -16.59683422 ], [ -68.87017051, -16.59660703 ], [ -68.870073, -16.59629242 ], [ -68.86991938, -16.59612315 ], [ -68.86982475, -16.59592371 ], [ -68.86990566, -16.59557613 ], [ -68.86998946, -16.59534371 ], [ -68.86988099, -16.5951878 ], [ -68.86969932, -16.59509121 ], [ -68.86943868, -16.59482361 ], [ -68.86915142, -16.59468627 ], [ -68.8688921, -16.5947096 ], [ -68.86877808, -16.59492832 ], [ -68.86857485, -16.59516351 ], [ -68.8685362, -16.59540928 ], [ -68.86849683, -16.59562625 ], [ -68.86830889, -16.5958755 ], [ -68.86817958, -16.59608016 ], [ -68.86798948, -16.59624304 ], [ -68.86781538, -16.59644875 ], [ -68.86772653, -16.59647962 ], [ -68.86766141, -16.59626508 ], [ -68.8676702, -16.59602002 ], [ -68.86764806, -16.59573246 ], [ -68.86740523, -16.59557967 ], [ -68.86688056, -16.59550547 ], [ -68.86662425, -16.59541062 ], [ -68.86644078, -16.59524205 ], [ -68.86637529, -16.59501311 ], [ -68.86627923, -16.59475608 ], [ -68.86627165, -16.59445378 ], [ -68.86622038, -16.59419571 ], [ -68.86607989, -16.59395411 ], [ -68.86592844, -16.59387122 ], [ -68.86576314, -16.59383186 ], [ -68.8654482, -16.59378158 ], [ -68.86528687, -16.59390057 ], [ -68.86508544, -16.59420774 ], [ -68.86500525, -16.5945841 ], [ -68.86480238, -16.59483369 ], [ -68.86454679, -16.59476763 ], [ -68.86430072, -16.59448528 ], [ -68.86416167, -16.59430127 ], [ -68.86394979, -16.59419097 ], [ -68.86363485, -16.59414069 ], [ -68.86330894, -16.5942491 ], [ -68.86312064, -16.59448395 ], [ -68.86297784, -16.59474654 ], [ -68.86285877, -16.59476372 ], [ -68.86274814, -16.59452143 ], [ -68.8627118, -16.59426301 ], [ -68.86276647, -16.59406008 ], [ -68.86276178, -16.59387294 ], [ -68.86268281, -16.59370193 ], [ -68.86253065, -16.59359024 ], [ -68.86226193, -16.5935965 ], [ -68.86187919, -16.59382146 ], [ -68.86161805, -16.59413002 ], [ -68.86132704, -16.59443927 ], [ -68.86101858, -16.5946481 ], [ -68.86075131, -16.59471194 ], [ -68.86043709, -16.59469044 ], [ -68.86014248, -16.59485574 ], [ -68.8598038, -16.59505087 ], [ -68.85954929, -16.59502798 ], [ -68.85943975, -16.59482888 ], [ -68.85938776, -16.59454201 ], [ -68.85938128, -16.59428289 ], [ -68.85936095, -16.59406731 ], [ -68.85926417, -16.59378148 ], [ -68.85915535, -16.59361117 ], [ -68.85902836, -16.59331165 ], [ -68.85890137, -16.59301212 ], [ -68.85873356, -16.59287198 ], [ -68.85846448, -16.59286384 ], [ -68.85826017, -16.59305584 ], [ -68.85794595, -16.59303434 ], [ -68.85766086, -16.59298335 ], [ -68.85745403, -16.59307459 ], [ -68.85733748, -16.59319253 ], [ -68.85708297, -16.59316964 ], [ -68.85692757, -16.59292839 ], [ -68.85674771, -16.59290376 ], [ -68.85646802, -16.59306871 ], [ -68.85618654, -16.59316167 ], [ -68.85603618, -16.59312196 ], [ -68.85589678, -16.59292354 ], [ -68.85567034, -16.59282798 ], [ -68.85543076, -16.59280474 ], [ -68.85526331, -16.592679 ], [ -68.85519892, -16.59249325 ], [ -68.85519424, -16.59230611 ], [ -68.85520449, -16.59211862 ], [ -68.85533525, -16.59197154 ], [ -68.85552716, -16.59188066 ], [ -68.85565899, -16.59177677 ], [ -68.85575881, -16.5915872 ], [ -68.85587248, -16.5913541 ], [ -68.85594353, -16.59120841 ], [ -68.85613414, -16.5910657 ], [ -68.8563399, -16.59093128 ], [ -68.85657587, -16.59081057 ], [ -68.85684098, -16.59066036 ], [ -68.85712102, -16.59050982 ], [ -68.85722192, -16.59036343 ], [ -68.85740034, -16.59033048 ], [ -68.8576239, -16.59031087 ], [ -68.8579811, -16.59025935 ], [ -68.8581588, -16.59019761 ], [ -68.85854226, -16.59000144 ], [ -68.85867373, -16.58988315 ], [ -68.85884927, -16.58973503 ], [ -68.85906815, -16.58952829 ], [ -68.85915268, -16.58932467 ], [ -68.85888217, -16.58925894 ], [ -68.85863199, -16.5894088 ], [ -68.85833595, -16.58951651 ], [ -68.85804062, -16.58965301 ], [ -68.85767102, -16.58980564 ], [ -68.85749656, -16.58999695 ], [ -68.85727659, -16.59016051 ], [ -68.85698019, -16.59025382 ], [ -68.85668306, -16.59031835 ], [ -68.85638701, -16.59042606 ], [ -68.85617982, -16.59050289 ], [ -68.85594384, -16.59062361 ], [ -68.85570751, -16.59072993 ], [ -68.85554726, -16.59089209 ], [ -68.85540085, -16.59101073 ], [ -68.85515067, -16.59116058 ], [ -68.85500534, -16.5913224 ], [ -68.85481163, -16.59134131 ], [ -68.85471667, -16.59112746 ], [ -68.85448878, -16.59097431 ], [ -68.85439346, -16.59074607 ], [ -68.85441684, -16.59048625 ], [ -68.85451918, -16.59039745 ], [ -68.85466702, -16.5903364 ], [ -68.85493501, -16.59030137 ], [ -68.85521973, -16.59033796 ], [ -68.85556308, -16.59032998 ], [ -68.85584348, -16.59019383 ], [ -68.85607945, -16.59007311 ], [ -68.85638971, -16.58993626 ], [ -68.85662568, -16.58981555 ], [ -68.85696615, -16.5896924 ], [ -68.85726255, -16.58959909 ], [ -68.8574836, -16.58947872 ], [ -68.85770644, -16.58943032 ], [ -68.85791364, -16.58935348 ], [ -68.8581354, -16.5892619 ], [ -68.85826723, -16.58915801 ], [ -68.85847299, -16.58902359 ], [ -68.85866309, -16.58886073 ], [ -68.85889907, -16.58874001 ], [ -68.85919367, -16.58857472 ], [ -68.85944384, -16.58842486 ], [ -68.85963683, -16.58837716 ], [ -68.85993287, -16.58826944 ], [ -68.860321, -16.58826041 ], [ -68.86057406, -16.58822572 ], [ -68.86070373, -16.58803545 ], [ -68.86077477, -16.58788976 ], [ -68.86095067, -16.58775603 ], [ -68.8611575, -16.5876648 ], [ -68.86131954, -16.5875746 ], [ -68.86143429, -16.58738468 ], [ -68.86141612, -16.58725547 ], [ -68.86117583, -16.58720345 ], [ -68.8609082, -16.58725289 ], [ -68.86061288, -16.58738939 ], [ -68.86017044, -16.58761575 ], [ -68.8598012, -16.58778278 ], [ -68.85957944, -16.58787436 ], [ -68.85925606, -16.58808354 ], [ -68.85876848, -16.58829653 ], [ -68.85835445, -16.5884646 ], [ -68.85794258, -16.58871905 ], [ -68.85761524, -16.58876987 ], [ -68.85733125, -16.58876207 ], [ -68.85706434, -16.58884029 ], [ -68.85675301, -16.58893396 ], [ -68.85649923, -16.58893986 ], [ -68.85627386, -16.58888748 ], [ -68.85607908, -16.5888632 ], [ -68.85581001, -16.58885505 ], [ -68.85561594, -16.58885956 ], [ -68.85550857, -16.58874683 ], [ -68.85535389, -16.58853437 ], [ -68.85523194, -16.58843638 ], [ -68.85510928, -16.58830959 ], [ -68.85501467, -16.58811014 ], [ -68.85499399, -16.58788016 ], [ -68.85501737, -16.58762035 ], [ -68.8551474, -16.58744448 ], [ -68.85530478, -16.58716715 ], [ -68.85529693, -16.58685333 ], [ -68.85524387, -16.58652328 ], [ -68.85516312, -16.58628029 ], [ -68.85500808, -16.58605343 ], [ -68.85494369, -16.58586768 ], [ -68.85489315, -16.58563839 ], [ -68.85479459, -16.58528059 ], [ -68.85475933, -16.58506535 ], [ -68.85475142, -16.58474865 ], [ -68.85464153, -16.58453515 ], [ -68.85450358, -16.58439432 ], [ -68.85429387, -16.58437038 ], [ -68.85397013, -16.58456516 ], [ -68.85385754, -16.58484144 ], [ -68.85372895, -16.58507489 ], [ -68.85352355, -16.58522371 ], [ -68.8533633, -16.58538587 ], [ -68.85327877, -16.58558949 ], [ -68.85323938, -16.58580646 ], [ -68.85320071, -16.58605222 ], [ -68.85311438, -16.58618386 ], [ -68.85290827, -16.58630388 ], [ -68.85270068, -16.58648443 ], [ -68.85254294, -16.58674736 ], [ -68.85228035, -16.58699833 ], [ -68.8520924, -16.58724756 ], [ -68.85203736, -16.58743608 ], [ -68.85205732, -16.58763727 ], [ -68.85193934, -16.58769763 ], [ -68.85181164, -16.58736931 ], [ -68.85171884, -16.58724183 ], [ -68.85155211, -16.58714488 ], [ -68.85138359, -16.58697594 ], [ -68.85100787, -16.58688384 ], [ -68.85078323, -16.58686025 ], [ -68.85046974, -16.58686753 ], [ -68.85030446, -16.58682816 ], [ -68.84992946, -16.58676485 ], [ -68.84980716, -16.58665246 ], [ -68.84966777, -16.58645404 ], [ -68.8494577, -16.58641571 ], [ -68.84918972, -16.58645073 ], [ -68.84891695, -16.58641385 ], [ -68.84869375, -16.58644784 ], [ -68.84849429, -16.58623642 ], [ -68.84847398, -16.58602083 ], [ -68.8484256, -16.58587792 ], [ -68.84825816, -16.58575217 ], [ -68.84785331, -16.58568955 ], [ -68.84748047, -16.5857126 ], [ -68.84718514, -16.58584909 ], [ -68.84679486, -16.58577172 ], [ -68.84655385, -16.58569089 ], [ -68.84640422, -16.58567996 ], [ -68.84604954, -16.58583223 ], [ -68.84593514, -16.58603653 ], [ -68.84571517, -16.58620008 ], [ -68.84556014, -16.58597321 ], [ -68.84551177, -16.5858303 ], [ -68.84515134, -16.58575224 ], [ -68.84488192, -16.58572968 ], [ -68.8446679, -16.58553299 ], [ -68.84464903, -16.58537499 ], [ -68.844628, -16.58513061 ], [ -68.84460517, -16.58481426 ], [ -68.84469007, -16.58462504 ], [ -68.84486382, -16.58440495 ], [ -68.84497534, -16.58408548 ], [ -68.84522804, -16.58403641 ], [ -68.8456158, -16.58401301 ], [ -68.84594314, -16.58396221 ], [ -68.84613792, -16.58398649 ], [ -68.84641544, -16.58373519 ], [ -68.84658739, -16.58344313 ], [ -68.8466097, -16.58314013 ], [ -68.84657374, -16.5828961 ], [ -68.84662591, -16.58259241 ], [ -68.84671153, -16.58243198 ], [ -68.84676585, -16.58221466 ], [ -68.84675938, -16.58195555 ], [ -68.8465763, -16.58180135 ], [ -68.84640994, -16.58171879 ], [ -68.8463015, -16.58156286 ], [ -68.84626374, -16.58124686 ], [ -68.84637849, -16.58105695 ], [ -68.84649253, -16.58083824 ], [ -68.84657419, -16.58051947 ], [ -68.8465688, -16.58030353 ], [ -68.84644579, -16.58016235 ], [ -68.84615714, -16.57996739 ], [ -68.84591909, -16.5800046 ], [ -68.84570831, -16.57993748 ], [ -68.84568907, -16.57976508 ], [ -68.84586138, -16.57948741 ], [ -68.84612253, -16.57917887 ], [ -68.84621841, -16.57883095 ], [ -68.84630402, -16.57867053 ], [ -68.84646319, -16.57846518 ], [ -68.84662201, -16.57824544 ], [ -68.84676482, -16.57798286 ], [ -68.84683263, -16.57770761 ], [ -68.84687238, -16.57750504 ], [ -68.84688228, -16.57730315 ], [ -68.84678841, -16.57713249 ], [ -68.84663303, -16.57689123 ], [ -68.84645031, -16.57675143 ], [ -68.84624979, -16.57649682 ], [ -68.84615951, -16.5764701 ], [ -68.84598038, -16.57647426 ], [ -68.84585035, -16.57665012 ], [ -68.84594565, -16.57687837 ], [ -68.84605805, -16.57719264 ], [ -68.8460048, -16.57745315 ], [ -68.84578664, -16.57768867 ], [ -68.84564131, -16.57785048 ], [ -68.84547819, -16.57789748 ], [ -68.84535662, -16.57781387 ], [ -68.84542443, -16.57753863 ], [ -68.84549512, -16.57737855 ], [ -68.84550609, -16.57721985 ], [ -68.84536708, -16.57703583 ], [ -68.84522986, -16.57692378 ], [ -68.84499103, -16.57692932 ], [ -68.84461964, -16.57700995 ], [ -68.84441281, -16.57710117 ], [ -68.84414555, -16.57716499 ], [ -68.84405204, -16.57700871 ], [ -68.84400152, -16.57677943 ], [ -68.8441017, -16.57660426 ], [ -68.84412617, -16.57638763 ], [ -68.84401773, -16.57623171 ], [ -68.84391991, -16.57590269 ], [ -68.84409401, -16.575697 ], [ -68.84428412, -16.57553415 ], [ -68.84429222, -16.57526029 ], [ -68.84443288, -16.57491133 ], [ -68.84448692, -16.5746825 ], [ -68.8445576, -16.57452242 ], [ -68.84475094, -16.57448913 ], [ -68.84495848, -16.5744267 ], [ -68.84510416, -16.57427928 ], [ -68.8452939, -16.57410203 ], [ -68.84551314, -16.5739097 ], [ -68.84550883, -16.57373695 ], [ -68.845652, -16.57348877 ], [ -68.84575254, -16.57332799 ], [ -68.8457155, -16.57304078 ], [ -68.84557577, -16.57282796 ], [ -68.84542112, -16.57261549 ], [ -68.84535638, -16.57241534 ], [ -68.8453947, -16.57215518 ], [ -68.84538788, -16.57188167 ], [ -68.84532207, -16.57163833 ], [ -68.84516741, -16.57142586 ], [ -68.84516131, -16.57118114 ], [ -68.84530663, -16.57101933 ], [ -68.84543594, -16.57081468 ], [ -68.8454462, -16.57062719 ], [ -68.84544153, -16.57044005 ], [ -68.84531925, -16.57032765 ], [ -68.84504769, -16.57021872 ], [ -68.84487919, -16.57004979 ], [ -68.84474162, -16.56992334 ], [ -68.84448427, -16.56978527 ], [ -68.84437943, -16.5697733 ], [ -68.84421929, -16.56982023 ], [ -68.84407362, -16.56996764 ], [ -68.8438945, -16.5699718 ], [ -68.84378714, -16.56985906 ], [ -68.84366377, -16.56970348 ], [ -68.84348394, -16.56967884 ], [ -68.84327568, -16.56971248 ], [ -68.84308378, -16.56980335 ], [ -68.84291995, -16.56982155 ], [ -68.8427831, -16.5697239 ], [ -68.84259787, -16.56948333 ], [ -68.84250401, -16.56931266 ], [ -68.84238208, -16.56921466 ], [ -68.84209668, -16.56914926 ], [ -68.84184113, -16.56908316 ], [ -68.84147859, -16.56891872 ], [ -68.84120883, -16.56888176 ], [ -68.84113814, -16.56904184 ], [ -68.84113147, -16.56937328 ], [ -68.84124492, -16.56973075 ], [ -68.84132601, -16.56998814 ], [ -68.84140603, -16.57020234 ], [ -68.84146897, -16.57033051 ], [ -68.84142849, -16.5705043 ], [ -68.84132544, -16.5705643 ], [ -68.84109795, -16.57042554 ], [ -68.84105913, -16.57006634 ], [ -68.84099225, -16.56977982 ], [ -68.84083688, -16.56953855 ], [ -68.84062504, -16.56942823 ], [ -68.84044699, -16.56947557 ], [ -68.84021031, -16.56956748 ], [ -68.84004289, -16.56944172 ], [ -68.83991451, -16.5690846 ], [ -68.83989277, -16.56881144 ], [ -68.83990052, -16.56852318 ], [ -68.83989479, -16.56829285 ], [ -68.8399484, -16.56804675 ], [ -68.83995902, -16.56787365 ], [ -68.83977524, -16.56769066 ], [ -68.83968137, -16.56751999 ], [ -68.83964542, -16.56727596 ], [ -68.83963933, -16.56703124 ], [ -68.83956219, -16.5669322 ], [ -68.83942713, -16.56690652 ], [ -68.83911762, -16.56707213 ], [ -68.83900322, -16.56727644 ], [ -68.83881241, -16.56741049 ], [ -68.83863723, -16.56757299 ], [ -68.83850934, -16.56783522 ], [ -68.83850266, -16.56816666 ], [ -68.8385859, -16.56851043 ], [ -68.83845443, -16.5686287 ], [ -68.83829275, -16.56873327 ], [ -68.83813357, -16.56893861 ], [ -68.83797404, -16.56912956 ], [ -68.83768809, -16.56916211 ], [ -68.83735935, -16.56915532 ], [ -68.83718166, -16.56921705 ], [ -68.8369894, -16.56929352 ], [ -68.83679321, -16.56921164 ], [ -68.83675798, -16.5689964 ], [ -68.83686843, -16.56863375 ], [ -68.83700909, -16.5682848 ], [ -68.83701398, -16.56788138 ], [ -68.83708217, -16.56762053 ], [ -68.83728648, -16.56742855 ], [ -68.83735466, -16.56716771 ], [ -68.83734892, -16.56693738 ], [ -68.8374964, -16.56686194 ], [ -68.83780519, -16.56666754 ], [ -68.8380095, -16.56647556 ], [ -68.83804676, -16.56617222 ], [ -68.83803887, -16.56585552 ], [ -68.83788279, -16.56558546 ], [ -68.83760982, -16.56541894 ], [ -68.83743845, -16.56513483 ], [ -68.83704284, -16.56484151 ], [ -68.83675494, -16.56467534 ], [ -68.83657331, -16.56457872 ], [ -68.83625699, -16.56447081 ], [ -68.83598509, -16.56434747 ], [ -68.83546016, -16.5642588 ], [ -68.83527997, -16.56421976 ], [ -68.83496688, -16.56424141 ], [ -68.83467122, -16.56436348 ], [ -68.83448183, -16.56455512 ], [ -68.83436744, -16.56475942 ], [ -68.83435645, -16.56491811 ], [ -68.83418092, -16.56506622 ], [ -68.83399714, -16.56488322 ], [ -68.83410975, -16.56460694 ], [ -68.83414736, -16.564318 ], [ -68.83415262, -16.56392897 ], [ -68.83392407, -16.56374701 ], [ -68.83362375, -16.56368194 ], [ -68.83329286, -16.56358877 ], [ -68.83311335, -16.56337687 ], [ -68.83290657, -16.56306957 ], [ -68.83289464, -16.56258972 ], [ -68.83276369, -16.56232869 ], [ -68.83263691, -16.56223559 ], [ -68.83238635, -16.56216937 ], [ -68.83210853, -16.56200776 ], [ -68.83207231, -16.56155247 ], [ -68.83211252, -16.56116744 ], [ -68.83198217, -16.56093039 ], [ -68.83170614, -16.56084076 ], [ -68.83142832, -16.56067914 ], [ -68.8313708, -16.56036839 ], [ -68.8316349, -16.55997818 ], [ -68.83200149, -16.55970563 ], [ -68.83222598, -16.55972444 ], [ -68.83287396, -16.55975746 ], [ -68.83302382, -16.559778 ], [ -68.83349767, -16.55981504 ], [ -68.83386306, -16.55949451 ], [ -68.83390266, -16.55908548 ], [ -68.8337942, -16.5587279 ], [ -68.83336593, -16.55852175 ], [ -68.83289268, -16.5585087 ], [ -68.83218021, -16.55888528 ], [ -68.83201324, -16.55917722 ], [ -68.83171949, -16.55937606 ], [ -68.83140504, -16.55974343 ], [ -68.83110951, -16.5598703 ], [ -68.83083825, -16.5599726 ], [ -68.83051843, -16.56012403 ], [ -68.83024956, -16.5603223 ], [ -68.82998248, -16.56059255 ], [ -68.82973371, -16.5605983 ], [ -68.82955003, -16.56021845 ], [ -68.82976796, -16.55997334 ], [ -68.8300416, -16.55996702 ], [ -68.83040998, -16.55976645 ], [ -68.8306279, -16.55952134 ], [ -68.83062074, -16.55923343 ], [ -68.83044064, -16.55899754 ], [ -68.8299869, -16.55876797 ], [ -68.82968421, -16.55860692 ], [ -68.82933176, -16.55844703 ], [ -68.82919783, -16.55806602 ], [ -68.8291871, -16.55763416 ], [ -68.82892939, -16.55728002 ], [ -68.82899686, -16.55699039 ], [ -68.82936881, -16.55693377 ], [ -68.82999191, -16.55696738 ], [ -68.83008128, -16.5565572 ], [ -68.829922, -16.55615758 ], [ -68.82998768, -16.55579597 ], [ -68.82992898, -16.55543723 ], [ -68.82982471, -16.55524759 ], [ -68.82991467, -16.55486141 ], [ -68.83013199, -16.55459231 ], [ -68.83029598, -16.55418041 ], [ -68.83048664, -16.55383992 ], [ -68.8303545, -16.55353089 ], [ -68.83022118, -16.55317388 ], [ -68.83026019, -16.55274086 ], [ -68.83043313, -16.55268885 ], [ -68.83063512, -16.55280421 ], [ -68.83091054, -16.55286986 ], [ -68.83113025, -16.55269673 ], [ -68.83114796, -16.55240824 ], [ -68.83116389, -16.55204778 ], [ -68.83133444, -16.5518998 ], [ -68.83145404, -16.55170498 ], [ -68.83156888, -16.55131822 ], [ -68.83155933, -16.55093434 ], [ -68.83175058, -16.55061784 ], [ -68.83209406, -16.55041784 ], [ -68.83213426, -16.55003281 ], [ -68.8322266, -16.54974259 ], [ -68.83245048, -16.54973741 ], [ -68.8326264, -16.54980536 ], [ -68.83300072, -16.54984471 ], [ -68.83334361, -16.54962072 ], [ -68.83358699, -16.54939903 ], [ -68.83390679, -16.54924759 ], [ -68.8340441, -16.54876429 ], [ -68.83406181, -16.5484758 ], [ -68.83378042, -16.54817023 ], [ -68.83358023, -16.54812685 ], [ -68.83345108, -16.54793779 ], [ -68.83352093, -16.54774412 ], [ -68.83368909, -16.54750017 ], [ -68.83370381, -16.54709172 ], [ -68.83372272, -16.54685122 ], [ -68.83384232, -16.5466564 ], [ -68.83401286, -16.54650841 ], [ -68.83425624, -16.54628672 ], [ -68.8344232, -16.54599478 ], [ -68.83441783, -16.54577885 ], [ -68.83441066, -16.54549094 ], [ -68.83457882, -16.54524698 ], [ -68.83492408, -16.54511896 ], [ -68.83522138, -16.54506406 ], [ -68.8353955, -16.54506003 ], [ -68.83586932, -16.54509707 ], [ -68.83604046, -16.54497308 ], [ -68.83618314, -16.5447057 ], [ -68.83647148, -16.54429092 ], [ -68.83690907, -16.54387267 ], [ -68.83704816, -16.54346134 ], [ -68.83701194, -16.54300606 ], [ -68.83688159, -16.54276902 ], [ -68.83670269, -16.54258111 ], [ -68.83664697, -16.54234234 ], [ -68.83664219, -16.5421504 ], [ -68.83683641, -16.54195385 ], [ -68.83706028, -16.54194866 ], [ -68.8372356, -16.54199261 ], [ -68.83793208, -16.54197648 ], [ -68.83815057, -16.54175536 ], [ -68.83846975, -16.54157992 ], [ -68.83856925, -16.54157762 ], [ -68.83889202, -16.54154613 ], [ -68.83923668, -16.54139411 ], [ -68.8395274, -16.54107529 ], [ -68.83981991, -16.54082844 ], [ -68.83998985, -16.54065646 ], [ -68.84025689, -16.5403862 ], [ -68.84044752, -16.54004569 ], [ -68.8404916, -16.53961736 ], [ -68.84048622, -16.53940143 ], [ -68.84080301, -16.53913001 ], [ -68.84102209, -16.53893288 ], [ -68.84106407, -16.53861983 ], [ -68.84127956, -16.53827874 ], [ -68.84152412, -16.53810503 ], [ -68.84204288, -16.53794896 ], [ -68.84233957, -16.53787006 ], [ -68.84291047, -16.53780881 ], [ -68.84340496, -16.53767731 ], [ -68.84382782, -16.5376675 ], [ -68.84403219, -16.53787882 ], [ -68.84428751, -16.53813697 ], [ -68.84463275, -16.53800893 ], [ -68.84474755, -16.53762216 ], [ -68.84483867, -16.53728396 ], [ -68.84513237, -16.53708509 ], [ -68.84525195, -16.53689027 ], [ -68.84544316, -16.53657375 ], [ -68.84576173, -16.5363743 ], [ -68.84613005, -16.53617371 ], [ -68.84642314, -16.53595085 ], [ -68.84701772, -16.53584102 ], [ -68.8473138, -16.53573812 ], [ -68.84764255, -16.53594655 ], [ -68.84794103, -16.53593962 ], [ -68.84815531, -16.53555054 ], [ -68.84819668, -16.53521349 ], [ -68.84838789, -16.53489697 ], [ -68.848562, -16.53489293 ], [ -68.84895578, -16.53471574 ], [ -68.8492264, -16.53458943 ], [ -68.84946974, -16.53436772 ], [ -68.8497334, -16.53436159 ], [ -68.84990332, -16.5341896 ], [ -68.84989673, -16.53392568 ], [ -68.84976698, -16.53371264 ], [ -68.84949097, -16.53362302 ], [ -68.84911788, -16.53363169 ], [ -68.84889821, -16.53380483 ], [ -68.84849724, -16.53369411 ], [ -68.8481685, -16.53348569 ], [ -68.84764556, -16.53347382 ], [ -68.84732281, -16.53350532 ], [ -68.84697219, -16.53341743 ], [ -68.8466908, -16.53311188 ], [ -68.84665576, -16.53270458 ], [ -68.84674328, -16.53222242 ], [ -68.84660814, -16.53179344 ], [ -68.84642625, -16.53148558 ], [ -68.84643999, -16.53103874 ], [ -68.84655478, -16.53065198 ], [ -68.84672291, -16.53040801 ], [ -68.84690061, -16.53054792 ], [ -68.84698121, -16.53078612 ], [ -68.84730636, -16.53085059 ], [ -68.84744961, -16.5306072 ], [ -68.84744123, -16.5302713 ], [ -68.84753054, -16.52986112 ], [ -68.8476714, -16.52952176 ], [ -68.8475908, -16.52928357 ], [ -68.84706548, -16.52917573 ], [ -68.84674453, -16.52927921 ], [ -68.84631989, -16.52921704 ], [ -68.84611971, -16.52917368 ], [ -68.84569867, -16.52925546 ], [ -68.84553234, -16.52957141 ], [ -68.84539029, -16.52986278 ], [ -68.84517899, -16.53037182 ], [ -68.84511036, -16.53061348 ], [ -68.84501865, -16.53092769 ], [ -68.8447753, -16.53114939 ], [ -68.84453494, -16.53149106 ], [ -68.84431886, -16.53180815 ], [ -68.8440986, -16.5319573 ], [ -68.84394397, -16.53174483 ], [ -68.84383671, -16.53143523 ], [ -68.84380286, -16.53107592 ], [ -68.84404501, -16.53080623 ], [ -68.8443387, -16.53060737 ], [ -68.84433392, -16.53041543 ], [ -68.84395484, -16.53018416 ], [ -68.84357039, -16.52973696 ], [ -68.84344004, -16.52949991 ], [ -68.84313678, -16.5293149 ], [ -68.84301063, -16.5292458 ], [ -68.84255215, -16.52882432 ], [ -68.84232591, -16.52873354 ], [ -68.84202445, -16.5286205 ], [ -68.84177213, -16.52848231 ], [ -68.84188932, -16.52819152 ], [ -68.84220728, -16.52796809 ], [ -68.8425555, -16.52796001 ], [ -68.84285696, -16.52807305 ], [ -68.84330586, -16.52811065 ], [ -68.84391871, -16.52773634 ], [ -68.84395948, -16.5273753 ], [ -68.84380127, -16.52701887 ], [ -68.84342041, -16.52671562 ], [ -68.84318161, -16.526121 ], [ -68.84300511, -16.52602907 ], [ -68.8425781, -16.52587093 ], [ -68.84237732, -16.52580357 ], [ -68.84222749, -16.52578303 ], [ -68.84178158, -16.52586539 ], [ -68.84168394, -16.52614133 ], [ -68.84167025, -16.52639131 ], [ -68.84153288, -16.52647132 ], [ -68.84119079, -16.52632561 ], [ -68.84104577, -16.52609851 ], [ -68.84094054, -16.52587049 ], [ -68.84071242, -16.52565029 ], [ -68.84007429, -16.5261651 ], [ -68.83962795, -16.52620064 ], [ -68.8392185, -16.52659497 ], [ -68.83899484, -16.52720471 ], [ -68.83869711, -16.52741975 ], [ -68.83851088, -16.5277425 ], [ -68.83817599, -16.52792163 ], [ -68.8379531, -16.52759856 ], [ -68.8374698, -16.52734704 ], [ -68.83687489, -16.52713131 ], [ -68.83657714, -16.52738222 ], [ -68.83627971, -16.52723848 ], [ -68.83568444, -16.52745328 ], [ -68.83531239, -16.52759649 ], [ -68.835126, -16.52809863 ], [ -68.83501402, -16.52856494 ], [ -68.83490205, -16.52903126 ], [ -68.83456147, -16.52949095 ], [ -68.83454748, -16.52974435 ], [ -68.83434262, -16.52999618 ], [ -68.83415073, -16.53012138 ], [ -68.83409089, -16.53014393 ], [ -68.83405501, -16.53015517 ], [ -68.83388848, -16.53009619 ], [ -68.83374655, -16.52994523 ], [ -68.8336639, -16.52984086 ], [ -68.83344955, -16.52979302 ], [ -68.83340184, -16.52979263 ], [ -68.83321144, -16.52973346 ], [ -68.83308098, -16.52964021 ], [ -68.83295098, -16.52948935 ], [ -68.83284437, -16.52939629 ], [ -68.83266553, -16.52938332 ], [ -68.83254577, -16.52943995 ], [ -68.83237755, -16.52958839 ], [ -68.83219749, -16.5297252 ], [ -68.83196971, -16.52986161 ], [ -68.83174259, -16.52991738 ], [ -68.83155163, -16.52992734 ], [ -68.83133691, -16.52992558 ], [ -68.83099134, -16.52987668 ], [ -68.8308961, -16.52985285 ], [ -68.83071717, -16.52985139 ], [ -68.83052565, -16.52993049 ], [ -68.83040551, -16.53003322 ], [ -68.83011781, -16.53020371 ], [ -68.82998527, -16.53036395 ], [ -68.82982944, -16.53045486 ], [ -68.82957808, -16.53055652 ], [ -68.82943456, -16.53060143 ], [ -68.82919588, -16.53061101 ], [ -68.82889737, -16.53064314 ], [ -68.82853951, -16.53064021 ], [ -68.82830093, -16.53063826 ], [ -68.8279192, -16.53063515 ], [ -68.82743011, -16.53063115 ], [ -68.82710813, -16.53061699 ], [ -68.82670254, -16.53061367 ], [ -68.82639258, -16.53058809 ], [ -68.8259992, -16.5305503 ], [ -68.82579698, -16.5304795 ], [ -68.82555934, -16.53036233 ], [ -68.82547679, -16.53024643 ], [ -68.82516787, -16.53009409 ], [ -68.82485809, -16.53004546 ], [ -68.8246677, -16.52998629 ], [ -68.82432233, -16.52991432 ], [ -68.82416725, -16.52991305 ], [ -68.82297664, -16.52963033 ], [ -68.82273525, -16.52942849 ], [ -68.82229078, -16.52864851 ], [ -68.82208508, -16.52835032 ], [ -68.82234331, -16.52750615 ], [ -68.82285854, -16.5271589 ], [ -68.82321952, -16.52656317 ], [ -68.82409496, -16.52646457 ], [ -68.82476426, -16.52656448 ], [ -68.8254854, -16.52626706 ], [ -68.8260004, -16.52616815 ], [ -68.82668348, -16.5256586 ], [ -68.82670969, -16.52537073 ], [ -68.82683086, -16.52514126 ], [ -68.82705977, -16.52486658 ], [ -68.82770026, -16.52542451 ], [ -68.82816333, -16.52582225 ], [ -68.82847179, -16.52636887 ], [ -68.82893499, -16.5266176 ], [ -68.82960477, -16.52617112 ], [ -68.83048024, -16.52602283 ], [ -68.83114954, -16.52612271 ], [ -68.83176696, -16.52666957 ], [ -68.83253945, -16.52652119 ], [ -68.83284879, -16.52607441 ], [ -68.8334151, -16.5261742 ], [ -68.83398099, -16.52677069 ], [ -68.8349415, -16.5267746 ], [ -68.83526911, -16.52577831 ], [ -68.83557856, -16.52518252 ], [ -68.8355789, -16.52478516 ], [ -68.83527046, -16.52418888 ], [ -68.83521939, -16.52369214 ], [ -68.83619825, -16.52304721 ], [ -68.83645633, -16.52230237 ], [ -68.83661138, -16.52160711 ], [ -68.83656048, -16.52091169 ], [ -68.83630349, -16.52036512 ], [ -68.83676752, -16.51962044 ], [ -68.83779764, -16.51922389 ], [ -68.83800413, -16.51857834 ], [ -68.83846832, -16.51763497 ], [ -68.83893201, -16.51728764 ], [ -68.83913858, -16.51654276 ], [ -68.83980498, -16.51548696 ], [ -68.83992557, -16.51532662 ], [ -68.83997516, -16.51509656 ], [ -68.83998896, -16.51486621 ], [ -68.8400159, -16.51448617 ], [ -68.8398875, -16.51413943 ], [ -68.83974595, -16.51394239 ], [ -68.83949706, -16.51374448 ], [ -68.83917707, -16.51348837 ], [ -68.83896516, -16.51314095 ], [ -68.83891886, -16.51296773 ], [ -68.83882513, -16.51275956 ], [ -68.83874341, -16.51253995 ], [ -68.83861445, -16.51226236 ], [ -68.83847319, -16.51203075 ], [ -68.83833192, -16.51179914 ], [ -68.83819029, -16.51161361 ], [ -68.83791838, -16.51131181 ], [ -68.83769317, -16.51113713 ], [ -68.83742051, -16.51092749 ], [ -68.83717153, -16.5107411 ], [ -68.83700586, -16.51057843 ], [ -68.83734267, -16.50914057 ], [ -68.83718875, -16.50849474 ], [ -68.83662299, -16.50779892 ], [ -68.8361085, -16.50735149 ], [ -68.83554304, -16.50630798 ], [ -68.83502911, -16.50521484 ], [ -68.83430886, -16.50456857 ], [ -68.83389702, -16.50451857 ], [ -68.83343374, -16.50441886 ], [ -68.83307347, -16.50426956 ], [ -68.83213206, -16.50412037 ], [ -68.8321231, -16.50367643 ], [ -68.83182915, -16.50367651 ], [ -68.83182942, -16.50336522 ], [ -68.83182958, -16.50318443 ], [ -68.83182968, -16.50306691 ], [ -68.83182979, -16.50293131 ], [ -68.83180186, -16.50273241 ], [ -68.83175513, -16.50258774 ], [ -68.83209793, -16.50225914 ], [ -68.83237581, -16.50201062 ], [ -68.83249502, -16.5017811 ], [ -68.83259445, -16.50147502 ], [ -68.83277295, -16.50147517 ], [ -68.83307438, -16.50152707 ], [ -68.83333241, -16.50129766 ], [ -68.83345171, -16.50095333 ], [ -68.83349162, -16.50066635 ], [ -68.83341252, -16.5003984 ], [ -68.83327391, -16.5001304 ], [ -68.83293701, -16.49981633 ], [ -68.83265954, -16.49958649 ], [ -68.83216372, -16.49956696 ], [ -68.83184627, -16.49970064 ], [ -68.83133053, -16.49977677 ], [ -68.83103304, -16.49975739 ], [ -68.83083486, -16.49958502 ], [ -68.83081517, -16.49941279 ], [ -68.83099394, -16.49910678 ], [ -68.83119236, -16.49901127 ], [ -68.83141063, -16.49889664 ], [ -68.83162886, -16.49882028 ], [ -68.83186707, -16.49857172 ], [ -68.83186731, -16.49830384 ], [ -68.83164935, -16.49805491 ], [ -68.83153055, -16.4978252 ], [ -68.83119372, -16.49744224 ], [ -68.83121378, -16.49717437 ], [ -68.83151123, -16.49723201 ], [ -68.83170945, -16.49736611 ], [ -68.83228448, -16.49751965 ], [ -68.83238388, -16.49725185 ], [ -68.83234428, -16.49717528 ], [ -68.83222541, -16.4970221 ], [ -68.83206688, -16.4968689 ], [ -68.83188851, -16.49671568 ], [ -68.83169031, -16.49656244 ], [ -68.8314525, -16.49635177 ], [ -68.8312545, -16.49596892 ], [ -68.83113591, -16.49549046 ], [ -68.83117604, -16.49495472 ], [ -68.83117644, -16.49449549 ], [ -68.83089921, -16.49399777 ], [ -68.83054222, -16.49399748 ], [ -68.83026444, -16.49413119 ], [ -68.82976857, -16.4941882 ], [ -68.82945119, -16.49424534 ], [ -68.82917353, -16.49424511 ], [ -68.82881634, -16.49447444 ], [ -68.82889537, -16.49481893 ], [ -68.82913323, -16.4949722 ], [ -68.82921236, -16.49520188 ], [ -68.82921216, -16.49543149 ], [ -68.82901351, -16.49579489 ], [ -68.8289339, -16.49610098 ], [ -68.82867584, -16.49636865 ], [ -68.82867554, -16.49671307 ], [ -68.82893316, -16.4969429 ], [ -68.8289329, -16.49724905 ], [ -68.8286155, -16.49732533 ], [ -68.82835773, -16.49724858 ], [ -68.82810015, -16.49696135 ], [ -68.82780276, -16.4968463 ], [ -68.82748548, -16.49678863 ], [ -68.82740633, -16.49657809 ], [ -68.82714873, -16.49632147 ], [ -68.8269109, -16.49612993 ], [ -68.8269111, -16.49590031 ], [ -68.82691141, -16.49555589 ], [ -68.82683232, -16.49528794 ], [ -68.82661443, -16.4949816 ], [ -68.82619798, -16.49492386 ], [ -68.82578153, -16.49488524 ], [ -68.82552351, -16.49509551 ], [ -68.82522579, -16.49534401 ], [ -68.82494813, -16.49534377 ], [ -68.82484907, -16.49522888 ], [ -68.82471049, -16.49494175 ], [ -68.82467105, -16.49469297 ], [ -68.82433418, -16.49436739 ], [ -68.8240964, -16.49413758 ], [ -68.82403729, -16.49369743 ], [ -68.8242358, -16.49350625 ], [ -68.82465232, -16.49346833 ], [ -68.82512831, -16.49346873 ], [ -68.82556473, -16.49335429 ], [ -68.82629853, -16.49337404 ], [ -68.82681436, -16.49318312 ], [ -68.82695341, -16.49293448 ], [ -68.82733048, -16.49264777 ], [ -68.82772738, -16.49238022 ], [ -68.82818361, -16.49228492 ], [ -68.82844163, -16.49207465 ], [ -68.82895736, -16.4919794 ], [ -68.82907626, -16.4920943 ], [ -68.82949266, -16.49219032 ], [ -68.82973078, -16.49203743 ], [ -68.82981038, -16.49173134 ], [ -68.82971152, -16.49138684 ], [ -68.82943396, -16.49127181 ], [ -68.8288985, -16.49125224 ], [ -68.82854148, -16.49129021 ], [ -68.82824385, -16.49144305 ], [ -68.8278472, -16.49144272 ], [ -68.82727182, -16.49171013 ], [ -68.82683519, -16.49205419 ], [ -68.82661669, -16.4924367 ], [ -68.82623973, -16.49258947 ], [ -68.82604163, -16.49234055 ], [ -68.82560562, -16.49199577 ], [ -68.82508971, -16.49228235 ], [ -68.82465341, -16.49226286 ], [ -68.82415771, -16.4921285 ], [ -68.82382076, -16.4918986 ], [ -68.82362262, -16.49168795 ], [ -68.82374185, -16.4914393 ], [ -68.82398004, -16.49120989 ], [ -68.82431735, -16.49103796 ], [ -68.82471421, -16.49080868 ], [ -68.82499197, -16.4906941 ], [ -68.82530964, -16.49031167 ], [ -68.8252305, -16.49010113 ], [ -68.82509191, -16.48983313 ], [ -68.82511198, -16.48956526 ], [ -68.82535019, -16.48931671 ], [ -68.82566779, -16.48901082 ], [ -68.82588632, -16.48859004 ], [ -68.82597399, -16.48813279 ], [ -68.82643049, -16.48773134 ], [ -68.82690645, -16.48775087 ], [ -68.82724346, -16.48790423 ], [ -68.82746136, -16.48819143 ], [ -68.82789952, -16.48834487 ], [ -68.82857407, -16.4880584 ], [ -68.82928802, -16.48807812 ], [ -68.82990292, -16.48796381 ], [ -68.83077579, -16.4876775 ], [ -68.83127156, -16.48771617 ], [ -68.8319457, -16.48790806 ], [ -68.83246117, -16.48809982 ], [ -68.83295699, -16.48808108 ], [ -68.83331407, -16.48796656 ], [ -68.83369086, -16.48800513 ], [ -68.83404769, -16.48817762 ], [ -68.83436975, -16.48843141 ], [ -68.83471185, -16.48844603 ], [ -68.83506884, -16.48843196 ], [ -68.83542569, -16.48859011 ], [ -68.83583912, -16.48867654 ], [ -68.83633003, -16.48860517 ], [ -68.83673173, -16.48849067 ], [ -68.83731184, -16.48847677 ], [ -68.83766892, -16.48836224 ], [ -68.83815998, -16.48810431 ], [ -68.83851714, -16.48788932 ], [ -68.83897834, -16.48777486 ], [ -68.83927583, -16.48777509 ], [ -68.83942472, -16.48758864 ], [ -68.83964797, -16.4874166 ], [ -68.84006449, -16.48737387 ], [ -68.84056723, -16.48737425 ], [ -68.84099859, -16.48737458 ], [ -68.84147461, -16.48731754 ], [ -68.84190607, -16.48717436 ], [ -68.84218894, -16.48685885 ], [ -68.84227847, -16.48650014 ], [ -68.84253158, -16.48619896 ], [ -68.84272516, -16.48592644 ], [ -68.84282955, -16.48558927 ], [ -68.84278521, -16.48524481 ], [ -68.84283013, -16.48487172 ], [ -68.84287497, -16.48459908 ], [ -68.84312797, -16.48442706 ], [ -68.84326189, -16.48435541 ], [ -68.84373799, -16.4841979 ], [ -68.84390173, -16.48404016 ], [ -68.84406548, -16.48386808 ], [ -68.84414009, -16.48356676 ], [ -68.84414021, -16.4834089 ], [ -68.84414039, -16.48319363 ], [ -68.84415543, -16.48297838 ], [ -68.84421518, -16.4826627 ], [ -68.84440876, -16.48239018 ], [ -68.84460239, -16.4820459 ], [ -68.84463237, -16.4817589 ], [ -68.8448556, -16.48160121 ], [ -68.84510851, -16.48152964 ], [ -68.84543564, -16.48164469 ], [ -68.84568871, -16.4813722 ], [ -68.84573357, -16.48107087 ], [ -68.84594194, -16.48089881 ], [ -68.84617691, -16.48093773 ], [ -68.84638505, -16.48105269 ], [ -68.84680142, -16.48118216 ], [ -68.84705416, -16.48132585 ], [ -68.84727703, -16.48162738 ], [ -68.8475446, -16.48182849 ], [ -68.84785689, -16.48190047 ], [ -68.84810979, -16.48184325 ], [ -68.84834791, -16.48165686 ], [ -68.84839272, -16.48141293 ], [ -68.84863084, -16.48124089 ], [ -68.84886904, -16.48095404 ], [ -68.84891392, -16.480624 ], [ -68.84891412, -16.48036568 ], [ -68.84912262, -16.48001567 ], [ -68.84921208, -16.47972871 ], [ -68.84952458, -16.47952803 ], [ -68.84988173, -16.47929867 ], [ -68.85017942, -16.47901186 ], [ -68.85059592, -16.47895475 ], [ -68.85099749, -16.47898374 ], [ -68.85141411, -16.47876877 ], [ -68.8517117, -16.47861112 ], [ -68.85220265, -16.47845361 ], [ -68.85260442, -16.47820993 ], [ -68.85302091, -16.47816717 ], [ -68.85355637, -16.47813884 ], [ -68.85399523, -16.47802434 ], [ -68.85420362, -16.47780922 ], [ -68.85441203, -16.4775654 ], [ -68.85467978, -16.47752253 ], [ -68.85484338, -16.47753699 ], [ -68.8551408, -16.4775946 ], [ -68.85542344, -16.47753739 ], [ -68.85560205, -16.47736531 ], [ -68.8559442, -16.47727944 ], [ -68.85622672, -16.47738009 ], [ -68.85644974, -16.47749505 ], [ -68.85677685, -16.47763878 ], [ -68.8571785, -16.47755295 ], [ -68.85752083, -16.47722311 ], [ -68.85772915, -16.47709409 ], [ -68.858101, -16.47707999 ], [ -68.85844318, -16.47695107 ], [ -68.8586067, -16.47706599 ], [ -68.85903802, -16.47708063 ], [ -68.85949169, -16.47703788 ], [ -68.85999739, -16.47703822 ], [ -68.86041392, -16.47692369 ], [ -68.86091972, -16.47678052 ], [ -68.86136589, -16.47682386 ], [ -68.86173757, -16.47703937 ], [ -68.86213922, -16.47695353 ], [ -68.86264495, -16.47689646 ], [ -68.86294223, -16.47716933 ], [ -68.86350743, -16.47715534 ], [ -68.86399827, -16.47712696 ], [ -68.86444458, -16.47696939 ], [ -68.86480165, -16.47682611 ], [ -68.86512899, -16.47663976 ], [ -68.86553061, -16.47658261 ], [ -68.8659025, -16.47649675 ], [ -68.86624472, -16.4763104 ], [ -68.86660179, -16.47615277 ], [ -68.86713009, -16.47571683 ], [ -68.86754675, -16.47540138 ], [ -68.86785928, -16.4751289 ], [ -68.8683205, -16.47491393 ], [ -68.86878173, -16.47467025 ], [ -68.86913882, -16.47446956 ], [ -68.86952574, -16.47415408 ], [ -68.86991258, -16.47393906 ], [ -68.87019536, -16.47366656 ], [ -68.87044834, -16.47345145 ], [ -68.87079062, -16.47316464 ], [ -68.87125184, -16.47292096 ], [ -68.87159403, -16.47276331 ], [ -68.87184838, -16.47272902 ], [ -68.87208651, -16.4724852 ], [ -68.8722205, -16.47228437 ], [ -68.87253293, -16.47214105 ], [ -68.8728453, -16.47208384 ], [ -68.87309821, -16.47198353 ], [ -68.87329166, -16.47182579 ], [ -68.87348512, -16.47165369 ], [ -68.87372322, -16.47145292 ], [ -68.87403567, -16.47126655 ], [ -68.8742589, -16.47105142 ], [ -68.87463087, -16.47082202 ], [ -68.87489866, -16.47070737 ], [ -68.87521104, -16.47063581 ], [ -68.87558284, -16.47066473 ], [ -68.87591005, -16.47066492 ], [ -68.87616302, -16.47044981 ], [ -68.87634163, -16.470249 ], [ -68.87652017, -16.4701343 ], [ -68.87669869, -16.470077 ], [ -68.87699612, -16.47010587 ], [ -68.87721919, -16.47014906 ], [ -68.87745423, -16.47007744 ], [ -68.87769227, -16.46996277 ], [ -68.87784108, -16.46981935 ], [ -68.87806431, -16.46960421 ], [ -68.87824289, -16.46944646 ], [ -68.87846608, -16.46928872 ], [ -68.87873387, -16.46915972 ], [ -68.87891234, -16.46915982 ], [ -68.87913545, -16.46913125 ], [ -68.87932885, -16.46904526 ], [ -68.87953709, -16.46901667 ], [ -68.87970078, -16.46887326 ], [ -68.87990903, -16.46881597 ], [ -68.88011732, -16.46870128 ], [ -68.88017691, -16.46854346 ], [ -68.88041492, -16.46847184 ], [ -68.88066773, -16.46851503 ], [ -68.88095026, -16.4686013 ], [ -68.88117335, -16.46860143 ], [ -68.88139651, -16.46848675 ], [ -68.88158998, -16.46828594 ], [ -68.88167935, -16.46805638 ], [ -68.88188762, -16.46798474 ], [ -68.88203629, -16.46807093 ], [ -68.88214035, -16.46815709 ], [ -68.8824527, -16.46811422 ], [ -68.88269067, -16.4681 ], [ -68.882951, -16.46801404 ], [ -68.88315923, -16.46798545 ], [ -68.88333768, -16.4680286 ], [ -68.88357558, -16.46814354 ], [ -68.88388797, -16.46802891 ], [ -68.88418549, -16.46792862 ], [ -68.88440853, -16.46800049 ], [ -68.88457205, -16.4681441 ], [ -68.88485458, -16.46823036 ], [ -68.88519671, -16.46814444 ], [ -68.88531579, -16.46797229 ], [ -68.88549435, -16.46781453 ], [ -68.88567291, -16.46767112 ], [ -68.88591091, -16.46761384 ], [ -68.88616374, -16.46761398 ], [ -68.88634217, -16.46770018 ], [ -68.88653544, -16.46781509 ], [ -68.88681799, -16.46787265 ], [ -68.88705597, -16.46784408 ], [ -68.88718994, -16.46764324 ], [ -68.88733875, -16.46751416 ], [ -68.88750237, -16.46747119 ], [ -68.88774033, -16.46747132 ], [ -68.88802291, -16.46748582 ], [ -68.88832038, -16.46745728 ], [ -68.88860288, -16.46758659 ], [ -68.88892998, -16.46775898 ], [ -68.88930164, -16.46804619 ], [ -68.88960643, -16.46821857 ], [ -68.88993365, -16.46819004 ], [ -68.89026085, -16.46819021 ], [ -68.89064756, -16.46816171 ], [ -68.89093031, -16.46786048 ], [ -68.89125756, -16.46777455 ], [ -68.89167394, -16.46787522 ], [ -68.89204565, -16.46806197 ], [ -68.89250655, -16.46834923 ], [ -68.89286331, -16.46867949 ], [ -68.89326459, -16.46921068 ], [ -68.8936956, -16.46975624 ], [ -68.89411189, -16.47004347 ], [ -68.89445404, -16.46990013 ], [ -68.89467481, -16.46958823 ], [ -68.89487078, -16.46934065 ], [ -68.89513857, -16.46919728 ], [ -68.89542113, -16.46924047 ], [ -68.89570369, -16.46928367 ], [ -68.8960457, -16.469413 ], [ -68.89634306, -16.46959971 ], [ -68.8964173, -16.46982936 ], [ -68.89641718, -16.47005898 ], [ -68.89649138, -16.47036038 ], [ -68.89662512, -16.47059007 ], [ -68.89683325, -16.47074803 ], [ -68.89689265, -16.47092027 ], [ -68.89684794, -16.47110681 ], [ -68.89669917, -16.47117849 ], [ -68.89647597, -16.4713793 ], [ -68.89647582, -16.47165197 ], [ -68.8965798, -16.47189599 ], [ -68.8967136, -16.47201086 ], [ -68.89689204, -16.4720827 ], [ -68.89695143, -16.4722693 ], [ -68.8971, -16.47258509 ], [ -68.89726347, -16.47282914 ], [ -68.89756084, -16.4730015 ], [ -68.89796248, -16.47288689 ], [ -68.89822391, -16.47262738 ], [ -68.89836444, -16.47262745 ], [ -68.89854248, -16.47256425 ], [ -68.89869245, -16.47243777 ], [ -68.89870184, -16.47239257 ], [ -68.89870194, -16.47220274 ], [ -68.89870196, -16.47215754 ], [ -68.89869266, -16.47203097 ], [ -68.89866461, -16.47191344 ], [ -68.89860847, -16.47178686 ], [ -68.89860854, -16.47165126 ], [ -68.89861795, -16.4715699 ], [ -68.89861797, -16.47152471 ], [ -68.8987117, -16.47144339 ], [ -68.89879602, -16.47144343 ], [ -68.8990396, -16.47145259 ], [ -68.89918947, -16.47151594 ], [ -68.89930188, -16.47153408 ], [ -68.89939552, -16.47162452 ], [ -68.8994985, -16.47176921 ], [ -68.89954531, -16.47184155 ], [ -68.89954528, -16.47189579 ], [ -68.8995639, -16.47212179 ], [ -68.89966688, -16.47226648 ], [ -68.89980736, -16.47237502 ], [ -68.89992914, -16.47238412 ], [ -68.90010715, -16.47238421 ], [ -68.90023829, -16.47242043 ], [ -68.9003975, -16.47254706 ], [ -68.90047241, -16.47262846 ], [ -68.90058477, -16.47275507 ], [ -68.90070655, -16.47278225 ], [ -68.90083771, -16.47278231 ], [ -68.90102509, -16.47276432 ], [ -68.90127806, -16.47273732 ], [ -68.90147486, -16.47261989 ], [ -68.90171853, -16.47246633 ], [ -68.90181224, -16.47241213 ], [ -68.90197155, -16.47232181 ], [ -68.90217771, -16.47224055 ], [ -68.90236508, -16.47224967 ], [ -68.90244002, -16.47226779 ], [ -68.90264607, -16.47237636 ], [ -68.90278658, -16.47242163 ], [ -68.9028709, -16.47242167 ], [ -68.90303017, -16.47242174 ], [ -68.90316133, -16.4724218 ], [ -68.90330186, -16.47242187 ], [ -68.90339552, -16.47248519 ], [ -68.90346107, -16.4725485 ], [ -68.90350788, -16.47262084 ], [ -68.90359218, -16.47265704 ], [ -68.90373271, -16.4726571 ], [ -68.9038639, -16.47260292 ], [ -68.90391077, -16.47253967 ], [ -68.9040045, -16.47244931 ], [ -68.90407947, -16.47240414 ], [ -68.90425748, -16.47240423 ], [ -68.90444485, -16.47241335 ], [ -68.90458537, -16.47244053 ], [ -68.90475395, -16.47254005 ], [ -68.90492254, -16.47264861 ], [ -68.90509114, -16.47273004 ], [ -68.90527849, -16.47276628 ], [ -68.90547524, -16.47274829 ], [ -68.90554083, -16.47273928 ], [ -68.90575637, -16.47262186 ], [ -68.90580324, -16.47256765 ], [ -68.90588761, -16.47245016 ], [ -68.9060001, -16.47232366 ], [ -68.90610318, -16.47226946 ], [ -68.90627182, -16.47226954 ], [ -68.90637487, -16.47226958 ], [ -68.90653412, -16.47231486 ], [ -68.90661842, -16.47236009 ], [ -68.90675887, -16.47251383 ], [ -68.90693681, -16.47265855 ], [ -68.90705856, -16.47273996 ], [ -68.90727402, -16.47278526 ], [ -68.90742388, -16.47288476 ], [ -68.90755501, -16.47293906 ], [ -68.90771426, -16.47298433 ], [ -68.90795781, -16.47305676 ], [ -68.90808895, -16.47311105 ], [ -68.90817323, -16.47319245 ], [ -68.90825753, -16.47323768 ], [ -68.90834185, -16.47323772 ], [ -68.90855733, -16.47323782 ], [ -68.90864165, -16.47322881 ], [ -68.90886652, -16.47318371 ], [ -68.90900708, -16.47312953 ], [ -68.9091289, -16.47306631 ], [ -68.90921324, -16.47302114 ], [ -68.90930695, -16.47297598 ], [ -68.90943812, -16.472967 ], [ -68.90955991, -16.47296706 ], [ -68.90964421, -16.47300325 ], [ -68.90977535, -16.47306659 ], [ -68.90988772, -16.47318415 ], [ -68.91003756, -16.47331078 ], [ -68.9100844, -16.47331983 ], [ -68.91017809, -16.47331987 ], [ -68.91027178, -16.47330184 ], [ -68.91034675, -16.47325667 ], [ -68.91044045, -16.47323863 ], [ -68.91047792, -16.47323864 ], [ -68.91057161, -16.47323868 ], [ -68.91061844, -16.47326582 ], [ -68.91066526, -16.47331104 ], [ -68.91074019, -16.47335628 ], [ -68.91080576, -16.47338342 ], [ -68.91092754, -16.47341963 ], [ -68.91101186, -16.47341967 ], [ -68.91105869, -16.47344681 ], [ -68.91115233, -16.47355533 ], [ -68.91123663, -16.47360056 ], [ -68.9113303, -16.47363676 ], [ -68.91149893, -16.47364587 ], [ -68.91162071, -16.47369112 ], [ -68.91181745, -16.47370025 ], [ -68.91203292, -16.47370938 ], [ -68.91214536, -16.47369134 ], [ -68.91228592, -16.47362812 ], [ -68.91240776, -16.4735197 ], [ -68.91254836, -16.47335704 ], [ -68.91267022, -16.47322149 ], [ -68.91275458, -16.47313113 ], [ -68.91290455, -16.47295943 ], [ -68.91300765, -16.47287812 ], [ -68.91319507, -16.47277876 ], [ -68.91340119, -16.47275172 ], [ -68.91350425, -16.47275176 ], [ -68.91376657, -16.47275187 ], [ -68.91415067, -16.47278819 ], [ -68.91432868, -16.47277922 ], [ -68.91445049, -16.47275215 ], [ -68.9146098, -16.47266182 ], [ -68.91476911, -16.47255341 ], [ -68.91499399, -16.47249022 ], [ -68.91520012, -16.4724451 ], [ -68.91544371, -16.4724452 ], [ -68.91576224, -16.47244533 ], [ -68.91594961, -16.47247252 ], [ -68.91616508, -16.47248165 ], [ -68.91638056, -16.47248174 ], [ -68.91649299, -16.47248178 ], [ -68.91675532, -16.47247285 ], [ -68.91701764, -16.47247295 ], [ -68.9171488, -16.472473 ], [ -68.9174579, -16.4726268 ], [ -68.9176733, -16.47281672 ], [ -68.91785124, -16.47297951 ], [ -68.91798237, -16.47306996 ], [ -68.91811348, -16.47317849 ], [ -68.91817906, -16.47318756 ], [ -68.91828212, -16.47318759 ], [ -68.91837581, -16.47318763 ], [ -68.91845077, -16.4731515 ], [ -68.9185445, -16.4730521 ], [ -68.91857267, -16.47288939 ], [ -68.91858208, -16.47278996 ], [ -68.91859149, -16.4727086 ], [ -68.91862902, -16.47256398 ], [ -68.91887272, -16.47229288 ], [ -68.91903202, -16.47222062 ], [ -68.91919131, -16.47216644 ], [ -68.91937869, -16.4721394 ], [ -68.91957544, -16.47213043 ], [ -68.91994086, -16.47203113 ], [ -68.92016572, -16.4720041 ], [ -68.92047489, -16.47200422 ], [ -68.92072784, -16.47200431 ], [ -68.92084962, -16.47204052 ], [ -68.92110253, -16.47215813 ], [ -68.92128049, -16.47227572 ], [ -68.92150529, -16.47238428 ], [ -68.92162705, -16.47246568 ], [ -68.92178628, -16.47256518 ], [ -68.92199235, -16.4726647 ], [ -68.92211414, -16.47269186 ], [ -68.9223015, -16.47271001 ], [ -68.92252629, -16.47286377 ], [ -68.92268553, -16.47292711 ], [ -68.92292912, -16.4729272 ], [ -68.92312587, -16.47292727 ], [ -68.92331324, -16.47292734 ], [ -68.92351935, -16.4729455 ], [ -68.92368798, -16.47296364 ], [ -68.92382848, -16.47302697 ], [ -68.92400646, -16.47310839 ], [ -68.92410013, -16.47315362 ], [ -68.92414697, -16.47316268 ], [ -68.92425937, -16.47321696 ], [ -68.92433428, -16.47331643 ], [ -68.92446539, -16.47345207 ], [ -68.92472767, -16.47356969 ], [ -68.92499, -16.47356978 ], [ -68.92514926, -16.47357888 ], [ -68.92532726, -16.47359702 ], [ -68.92551458, -16.47374172 ], [ -68.92562697, -16.47383216 ], [ -68.92575809, -16.47395877 ], [ -68.92582364, -16.47404015 ], [ -68.9259548, -16.47404924 ], [ -68.9261047, -16.47404025 ], [ -68.9261703, -16.47399507 ], [ -68.92625467, -16.47387759 ], [ -68.92634838, -16.4738053 ], [ -68.92642333, -16.47380532 ], [ -68.92645144, -16.47380533 ], [ -68.9264983, -16.47376015 ], [ -68.92649833, -16.47367879 ], [ -68.92649835, -16.47361551 ], [ -68.92649839, -16.47352512 ], [ -68.9264984, -16.47347992 ], [ -68.92658272, -16.47347995 ], [ -68.92660145, -16.47349803 ], [ -68.9266389, -16.47357036 ], [ -68.92663889, -16.47360652 ], [ -68.92664821, -16.47374213 ], [ -68.92665756, -16.47378733 ], [ -68.92668563, -16.47388678 ], [ -68.92676056, -16.473932 ], [ -68.92703237, -16.47362474 ], [ -68.92705117, -16.47346203 ], [ -68.92711678, -16.47337165 ], [ -68.92724797, -16.47330842 ], [ -68.92739787, -16.47330847 ], [ -68.92752903, -16.4733266 ], [ -68.92761332, -16.47339895 ], [ -68.92767886, -16.47351649 ], [ -68.92785679, -16.47370638 ], [ -68.92795044, -16.47382394 ], [ -68.92804404, -16.47404092 ], [ -68.92813766, -16.47424887 ], [ -68.92826874, -16.47446588 ], [ -68.92840922, -16.4746196 ], [ -68.92862466, -16.47471911 ], [ -68.92886821, -16.47482767 ], [ -68.92913989, -16.47488201 ], [ -68.92930853, -16.47488206 ], [ -68.92959896, -16.47488216 ], [ -68.92974887, -16.47487317 ], [ -68.92993629, -16.47475572 ], [ -68.93015181, -16.47463827 ], [ -68.93026425, -16.47459311 ], [ -68.93027362, -16.47458407 ], [ -68.9304142, -16.47445756 ], [ -68.93048918, -16.47436719 ], [ -68.93058292, -16.47422258 ], [ -68.93059238, -16.47398755 ], [ -68.93059241, -16.47388811 ], [ -68.93057376, -16.47363498 ], [ -68.93049888, -16.47344512 ], [ -68.93048957, -16.47329144 ], [ -68.93049901, -16.47308353 ], [ -68.93063027, -16.47281238 ], [ -68.93065839, -16.47276718 ], [ -68.9307615, -16.47262258 ], [ -68.9308552, -16.47258645 ], [ -68.93097699, -16.47258649 ], [ -68.93104257, -16.47259555 ], [ -68.93110814, -16.47264077 ], [ -68.93120179, -16.47272216 ], [ -68.93127674, -16.47272219 ], [ -68.93140791, -16.47272223 ], [ -68.93153908, -16.47269516 ], [ -68.93157656, -16.47266805 ], [ -68.9316609, -16.47262288 ], [ -68.93177332, -16.47262291 ], [ -68.93194196, -16.47262297 ], [ -68.93216678, -16.47269536 ], [ -68.93246654, -16.47282201 ], [ -68.93268199, -16.47291248 ], [ -68.93282249, -16.47301197 ], [ -68.93297236, -16.47308433 ], [ -68.93315037, -16.47308439 ], [ -68.93349703, -16.47303026 ], [ -68.93364693, -16.47303031 ], [ -68.93403104, -16.47306659 ], [ -68.93435894, -16.47308477 ], [ -68.93448073, -16.47308481 ], [ -68.93477115, -16.47311202 ], [ -68.93496789, -16.47313016 ], [ -68.93535198, -16.47321164 ], [ -68.93552062, -16.47321169 ], [ -68.93570799, -16.47321175 ], [ -68.93590475, -16.47316661 ], [ -68.93604529, -16.47314857 ], [ -68.93630765, -16.47303113 ], [ -68.93657936, -16.47298602 ], [ -68.936748, -16.47298607 ], [ -68.93715086, -16.47298619 ], [ -68.93754433, -16.47301343 ], [ -68.93783477, -16.47301351 ], [ -68.9381252, -16.4730136 ], [ -68.93829383, -16.47302269 ], [ -68.93857488, -16.47304989 ], [ -68.93876225, -16.47309515 ], [ -68.93908075, -16.47321276 ], [ -68.93922125, -16.47329416 ], [ -68.9393805, -16.47336652 ], [ -68.93963343, -16.47344795 ], [ -68.93986764, -16.47347514 ], [ -68.93998944, -16.47347518 ], [ -68.94021426, -16.47356564 ], [ -68.94035477, -16.47364704 ], [ -68.94055148, -16.47372845 ], [ -68.94075757, -16.47381891 ], [ -68.94086997, -16.47389126 ], [ -68.94103859, -16.47395459 ], [ -68.9412728, -16.47400889 ], [ -68.9415445, -16.47399089 ], [ -68.94173188, -16.4739819 ], [ -68.94201294, -16.47397294 ], [ -68.94228463, -16.47400917 ], [ -68.94246262, -16.47404538 ], [ -68.94265936, -16.47407255 ], [ -68.94283737, -16.4740726 ], [ -68.94300601, -16.47407265 ], [ -68.94322151, -16.47400039 ], [ -68.94337143, -16.47391907 ], [ -68.94340892, -16.47388292 ], [ -68.9435776, -16.47374737 ], [ -68.94380247, -16.47367511 ], [ -68.94406479, -16.47367518 ], [ -68.94416785, -16.47368425 ], [ -68.94434585, -16.47370238 ], [ -68.94444891, -16.4737024 ], [ -68.94467376, -16.47370246 ], [ -68.94481429, -16.4737025 ], [ -68.94505788, -16.47369352 ], [ -68.94519842, -16.4736574 ], [ -68.94534833, -16.47363032 ], [ -68.94569368, -16.47343712 ], [ -68.94584246, -16.47328169 ], [ -68.94615855, -16.47315022 ], [ -68.94656756, -16.47316228 ], [ -68.94698896, -16.47317435 ], [ -68.94737321, -16.47307877 ], [ -68.94760874, -16.47293532 ], [ -68.94804255, -16.47288759 ], [ -68.94843915, -16.47294749 ], [ -68.94899691, -16.47287587 ], [ -68.94938117, -16.47275637 ], [ -68.94970342, -16.47274449 ], [ -68.95002567, -16.47274456 ], [ -68.95031071, -16.47286422 ], [ -68.95065773, -16.47293606 ], [ -68.95099238, -16.47291222 ], [ -68.95135182, -16.47290035 ], [ -68.95171127, -16.47281672 ], [ -68.95200874, -16.47279286 ], [ -68.95264084, -16.47284085 ], [ -68.95326057, -16.47276923 ], [ -68.95378114, -16.47272151 ], [ -68.9543761, -16.47255421 ], [ -68.95457446, -16.47233899 ], [ -68.95499591, -16.47214773 ], [ -68.95556604, -16.47214785 ], [ -68.95630975, -16.47190883 ], [ -68.95700389, -16.47164587 ], [ -68.95757512, -16.47116452 ], [ -68.95799491, -16.4710674 ], [ -68.95823295, -16.47072302 ], [ -68.95827269, -16.47035947 ], [ -68.95809425, -16.47018723 ], [ -68.95791579, -16.47011065 ], [ -68.95760335, -16.4702432 ], [ -68.95722169, -16.47024445 ], [ -68.95702339, -16.47022528 ], [ -68.95674576, -16.47020609 ], [ -68.95650782, -16.4701295 ], [ -68.95621038, -16.47003376 ], [ -68.9558931, -16.46997629 ], [ -68.95563535, -16.46980402 ], [ -68.95545696, -16.46940216 ], [ -68.95537769, -16.46917252 ], [ -68.95523891, -16.46901942 ], [ -68.95506046, -16.4689237 ], [ -68.95486218, -16.46882799 ], [ -68.9546243, -16.46848351 ], [ -68.95450539, -16.46815819 ], [ -68.95444599, -16.46777549 ], [ -68.95434691, -16.46746931 ], [ -68.95416847, -16.46731619 ], [ -68.95395035, -16.46725874 ], [ -68.95371242, -16.46712475 ], [ -68.95359352, -16.46676116 ], [ -68.95369275, -16.46643589 ], [ -68.95371266, -16.46609721 ], [ -68.95367307, -16.46582932 ], [ -68.95361364, -16.46558055 ], [ -68.95359388, -16.46525526 ], [ -68.95349478, -16.46506389 ], [ -68.95325684, -16.46496816 ], [ -68.95303873, -16.46487244 ], [ -68.95282064, -16.46473845 ], [ -68.95262236, -16.46462359 ], [ -68.95242414, -16.46429826 ], [ -68.95242421, -16.46403037 ], [ -68.95242427, -16.46378162 ], [ -68.95242435, -16.46345633 ], [ -68.95252359, -16.46305452 ], [ -68.95270214, -16.46272927 ], [ -68.95282116, -16.46257622 ], [ -68.95284108, -16.46221267 ], [ -68.95286103, -16.46171517 ], [ -68.95268264, -16.46138984 ], [ -68.95246455, -16.46123671 ], [ -68.95216718, -16.46093048 ], [ -68.95183009, -16.460873 ], [ -68.95155249, -16.4607964 ], [ -68.95147329, -16.46035628 ], [ -68.9514337, -16.46005012 ], [ -68.95129494, -16.45987787 ], [ -68.95109668, -16.45972475 ], [ -68.95101743, -16.45945684 ], [ -68.95101752, -16.45911242 ], [ -68.95095811, -16.45878711 ], [ -68.95079953, -16.45857659 ], [ -68.9504426, -16.45858608 ], [ -68.95036338, -16.45820336 ], [ -68.95022465, -16.45787804 ], [ -68.95030854, -16.45743209 ], [ -68.95064128, -16.45703621 ], [ -68.95089915, -16.45671098 ], [ -68.95083973, -16.45642394 ], [ -68.95056215, -16.45632821 ], [ -68.95040351, -16.45632817 ], [ -68.95018545, -16.4560985 ], [ -68.9500269, -16.45579231 ], [ -68.94986829, -16.45567746 ], [ -68.94965021, -16.45554346 ], [ -68.94951151, -16.45512247 ], [ -68.9495116, -16.45479718 ], [ -68.94951165, -16.45460583 ], [ -68.94944755, -16.4541052 ], [ -68.9497101, -16.4539553 ], [ -68.95006708, -16.45372576 ], [ -68.95008697, -16.45351529 ], [ -68.94988872, -16.45334302 ], [ -68.94963098, -16.45320902 ], [ -68.94919475, -16.45320891 ], [ -68.94897671, -16.4528874 ], [ -68.94869915, -16.45271512 ], [ -68.94850095, -16.45238978 ], [ -68.94854072, -16.45196882 ], [ -68.94850116, -16.45160525 ], [ -68.94838225, -16.45137561 ], [ -68.94838237, -16.45093551 ], [ -68.94846178, -16.45055283 ], [ -68.94846187, -16.45022754 ], [ -68.94840247, -16.44990223 ], [ -68.94838274, -16.4495004 ], [ -68.94852163, -16.44915601 ], [ -68.94848207, -16.44881157 ], [ -68.94848212, -16.44860109 ], [ -68.94868042, -16.44856287 ], [ -68.94883909, -16.44837156 ], [ -68.94887882, -16.44812282 ], [ -68.94862108, -16.44800795 ], [ -68.94824439, -16.44783564 ], [ -68.94798666, -16.44766336 ], [ -68.94782814, -16.44728063 ], [ -68.94780841, -16.44691706 ], [ -68.94766973, -16.44649607 ], [ -68.94788793, -16.44613256 ], [ -68.94784837, -16.44576899 ], [ -68.94768985, -16.44538625 ], [ -68.94765028, -16.44506095 ], [ -68.9475116, -16.44465335 ], [ -68.94765047, -16.44436636 ], [ -68.94792814, -16.44407941 ], [ -68.94804715, -16.44390722 ], [ -68.94834462, -16.44371595 ], [ -68.94846364, -16.44352463 ], [ -68.94864213, -16.4433716 ], [ -68.94897924, -16.4432186 ], [ -68.94915772, -16.44310384 ], [ -68.94917767, -16.44264461 ], [ -68.94915791, -16.44237671 ], [ -68.9490192, -16.44203226 ], [ -68.94900787, -16.44176915 ], [ -68.94898314, -16.44156584 ], [ -68.94899556, -16.44144625 ], [ -68.94907581, -16.44140949 ], [ -68.94927285, -16.44142219 ], [ -68.94947888, -16.44162111 ], [ -68.94972235, -16.44190141 ], [ -68.94994711, -16.4421365 ], [ -68.95016249, -16.44240775 ], [ -68.95031233, -16.44255242 ], [ -68.95055579, -16.442896 ], [ -68.95059218, -16.44317504 ], [ -68.95061443, -16.44338313 ], [ -68.95066643, -16.44357688 ], [ -68.95074817, -16.44380652 ], [ -68.95088939, -16.44400747 ], [ -68.95115331, -16.44416396 ], [ -68.95131687, -16.4442501 ], [ -68.95151018, -16.44430755 ], [ -68.95156985, -16.44431864 ], [ -68.95170757, -16.44448729 ], [ -68.95189488, -16.44467717 ], [ -68.95198586, -16.44506109 ], [ -68.95192633, -16.44526199 ], [ -68.95174784, -16.44541982 ], [ -68.95158426, -16.44540543 ], [ -68.9513612, -16.44537667 ], [ -68.95118271, -16.44554884 ], [ -68.95116778, -16.44574976 ], [ -68.95139081, -16.44589332 ], [ -68.95162872, -16.44600818 ], [ -68.95183689, -16.44613739 ], [ -68.95200044, -16.44623788 ], [ -68.95205988, -16.44645316 ], [ -68.95203007, -16.44669713 ], [ -68.95189619, -16.44686931 ], [ -68.95173257, -16.44704148 ], [ -68.95162842, -16.44722802 ], [ -68.9516135, -16.44741458 ], [ -68.95164319, -16.44764421 ], [ -68.95170265, -16.44773033 ], [ -68.95173236, -16.4478882 ], [ -68.95177692, -16.44808912 ], [ -68.95192558, -16.44829007 ], [ -68.95214862, -16.44841928 ], [ -68.9523122, -16.44841932 ], [ -68.95264339, -16.4482933 ], [ -68.95280265, -16.44826621 ], [ -68.95292443, -16.44822104 ], [ -68.95309307, -16.44812164 ], [ -68.95318676, -16.4480855 ], [ -68.95352405, -16.4478415 ], [ -68.95358969, -16.4475432 ], [ -68.95366466, -16.4474257 ], [ -68.9536647, -16.4472449 ], [ -68.95365537, -16.44708218 ], [ -68.95358047, -16.4469104 ], [ -68.95359159, -16.44649656 ], [ -68.9536214, -16.44620955 ], [ -68.95348761, -16.4459799 ], [ -68.95335384, -16.44569285 ], [ -68.95317549, -16.44529098 ], [ -68.95305657, -16.44507569 ], [ -68.95293766, -16.44483169 ], [ -68.95275927, -16.44457333 ], [ -68.952566, -16.44434367 ], [ -68.9523876, -16.44414271 ], [ -68.95222409, -16.44388436 ], [ -68.95198622, -16.44359728 ], [ -68.95183757, -16.44336763 ], [ -68.95164434, -16.44299876 ], [ -68.95139166, -16.44251077 ], [ -68.9511538, -16.44220934 ], [ -68.95091595, -16.44186486 ], [ -68.95067809, -16.44159213 ], [ -68.95042537, -16.44127635 ], [ -68.95015776, -16.44101797 ], [ -68.94980097, -16.44058735 ], [ -68.94951849, -16.44034331 ], [ -68.94928063, -16.44008494 ], [ -68.94904275, -16.43988396 ], [ -68.94868593, -16.43962556 ], [ -68.94845546, -16.43950352 ], [ -68.94821758, -16.4393456 ], [ -68.94796201, -16.43928845 ], [ -68.94766741, -16.4391876 ], [ -68.94738488, -16.43913012 ], [ -68.94711896, -16.439008 ], [ -68.94695378, -16.43861337 ], [ -68.94692415, -16.43819719 ], [ -68.94691132, -16.43816 ], [ -68.9467607, -16.43772356 ], [ -68.94664183, -16.43739345 ], [ -68.9461958, -16.43707762 ], [ -68.94564567, -16.4368048 ], [ -68.94530372, -16.43658945 ], [ -68.94487254, -16.43634537 ], [ -68.94454544, -16.43618742 ], [ -68.9439655, -16.43618726 ], [ -68.94344504, -16.43615842 ], [ -68.94285027, -16.43601475 ], [ -68.94230013, -16.43582804 ], [ -68.9415864, -16.43565563 ], [ -68.9409768, -16.43539713 ], [ -68.94036722, -16.43506689 ], [ -68.93968329, -16.43475097 ], [ -68.93902908, -16.43447811 ], [ -68.93856072, -16.4343115 ], [ -68.93804033, -16.43409608 ], [ -68.93726722, -16.43369402 ], [ -68.93680633, -16.43342121 ], [ -68.93619675, -16.43311965 ], [ -68.93566152, -16.43284682 ], [ -68.93515603, -16.43255964 ], [ -68.93469519, -16.43215767 ], [ -68.93427892, -16.43191357 ], [ -68.93386263, -16.43168382 ], [ -68.93350586, -16.43138234 ], [ -68.93307474, -16.43105212 ], [ -68.93261388, -16.4307506 ], [ -68.93210835, -16.43060693 ], [ -68.93168459, -16.43050633 ], [ -68.93117908, -16.43031961 ], [ -68.93040594, -16.43006103 ], [ -68.92975172, -16.42990295 ], [ -68.92905289, -16.4297592 ], [ -68.92848786, -16.42970161 ], [ -68.9280566, -16.42978757 ], [ -68.92756593, -16.42970129 ], [ -68.92707531, -16.4294715 ], [ -68.92648055, -16.42938519 ], [ -68.9260642, -16.42938504 ], [ -68.92570135, -16.42945667 ], [ -68.92550798, -16.42961446 ], [ -68.92519574, -16.42952825 ], [ -68.92488347, -16.42954249 ], [ -68.92464542, -16.42990118 ], [ -68.92445199, -16.43021683 ], [ -68.92416937, -16.4304607 ], [ -68.92399082, -16.43073331 ], [ -68.92376764, -16.43107765 ], [ -68.92358906, -16.43143636 ], [ -68.92346998, -16.43173769 ], [ -68.92333598, -16.43218253 ], [ -68.92326149, -16.43252693 ], [ -68.92311265, -16.43288565 ], [ -68.92306796, -16.4331009 ], [ -68.92308267, -16.43350274 ], [ -68.9232164, -16.43374675 ], [ -68.92320144, -16.43397637 ], [ -68.9229188, -16.43426328 ], [ -68.92262133, -16.43442104 ], [ -68.92225699, -16.43446682 ], [ -68.92200418, -16.43452413 ], [ -68.92152833, -16.43452396 ], [ -68.92120121, -16.43446643 ], [ -68.92106732, -16.43459554 ], [ -68.92079957, -16.43481071 ], [ -68.92045755, -16.43483928 ], [ -68.92014535, -16.4346526 ], [ -68.91983313, -16.43452332 ], [ -68.9194167, -16.43468102 ], [ -68.91897053, -16.43483871 ], [ -68.91849467, -16.43486723 ], [ -68.91804857, -16.4348527 ], [ -68.91766199, -16.43473774 ], [ -68.91730512, -16.43469455 ], [ -68.91693337, -16.4346944 ], [ -68.9166063, -16.43450771 ], [ -68.91619, -16.43434968 ], [ -68.91589258, -16.43439261 ], [ -68.91536465, -16.43447851 ], [ -68.91484942, -16.43466244 ], [ -68.91469201, -16.43460393 ], [ -68.91454214, -16.43459483 ], [ -68.91426118, -16.43449528 ], [ -68.91399893, -16.43443189 ], [ -68.91378353, -16.4343414 ], [ -68.91351194, -16.43423281 ], [ -68.91335272, -16.43419659 ], [ -68.913053, -16.4341603 ], [ -68.91287503, -16.43416023 ], [ -68.91272516, -16.43416017 ], [ -68.9125753, -16.43413299 ], [ -68.91238796, -16.43413291 ], [ -68.91213506, -16.4341328 ], [ -68.91194774, -16.43407848 ], [ -68.91177918, -16.43397897 ], [ -68.91158255, -16.43382521 ], [ -68.91140463, -16.43369858 ], [ -68.91098195, -16.43342379 ], [ -68.91081279, -16.43322611 ], [ -68.91080614, -16.43318182 ], [ -68.91075895, -16.43286728 ], [ -68.9107655, -16.43253583 ], [ -68.91064144, -16.4323515 ], [ -68.91039806, -16.43216997 ], [ -68.91015576, -16.43203163 ], [ -68.90992693, -16.43183535 ], [ -68.90982179, -16.43180902 ], [ -68.9095704, -16.43190136 ], [ -68.90929354, -16.43216714 ], [ -68.90900249, -16.43246207 ], [ -68.90873727, -16.43259794 ], [ -68.90842803, -16.43276366 ], [ -68.90811952, -16.43295817 ], [ -68.90792852, -16.43307789 ], [ -68.907616, -16.43311405 ], [ -68.90734279, -16.43293322 ], [ -68.90704047, -16.43278188 ], [ -68.90677016, -16.43271622 ], [ -68.9066181, -16.43260456 ], [ -68.90634888, -16.43258208 ], [ -68.90603782, -16.43267582 ], [ -68.90566528, -16.43269898 ], [ -68.90548338, -16.43258802 ], [ -68.90534187, -16.43230327 ], [ -68.90507048, -16.43219441 ], [ -68.90472668, -16.43217368 ], [ -68.90447456, -16.43223722 ], [ -68.9041606, -16.43221579 ], [ -68.90388775, -16.43204936 ], [ -68.90348066, -16.43188607 ], [ -68.90317762, -16.43170594 ], [ -68.9027446, -16.43155046 ], [ -68.9022747, -16.43141146 ], [ -68.90188289, -16.43067045 ], [ -68.9015949, -16.43034712 ], [ -68.90127583, -16.43002452 ], [ -68.90101287, -16.42946053 ], [ -68.90082113, -16.42925497 ], [ -68.90056724, -16.42905088 ], [ -68.90015571, -16.42876045 ], [ -68.89980784, -16.42852855 ], [ -68.89937204, -16.42850878 ], [ -68.89881194, -16.42849191 ], [ -68.89831701, -16.42859356 ], [ -68.89774297, -16.428517 ], [ -68.89730717, -16.42849722 ], [ -68.89659095, -16.42845401 ], [ -68.89609678, -16.42858563 ], [ -68.89560411, -16.42877724 ], [ -68.89517133, -16.42887742 ], [ -68.89451273, -16.4286528 ], [ -68.89404057, -16.4284238 ], [ -68.89372378, -16.42819116 ], [ -68.89306669, -16.42802652 ], [ -68.89272109, -16.42788458 ], [ -68.89234216, -16.42765339 ], [ -68.8920216, -16.4272708 ], [ -68.89146075, -16.42722392 ], [ -68.89105679, -16.42723339 ], [ -68.89083323, -16.42699856 ], [ -68.89051419, -16.42667595 ], [ -68.89020043, -16.42656326 ], [ -68.88973431, -16.42657418 ], [ -68.88936217, -16.42661291 ], [ -68.88883089, -16.42650532 ], [ -68.88836629, -16.42657622 ], [ -68.88799189, -16.42652497 ], [ -68.88749545, -16.42656661 ], [ -68.8871832, -16.4265139 ], [ -68.88686718, -16.42631124 ], [ -68.88655191, -16.42613858 ], [ -68.88605322, -16.42609023 ], [ -68.88558786, -16.42613114 ], [ -68.88505809, -16.42608352 ], [ -68.8845253, -16.42591594 ], [ -68.88433811, -16.42589031 ], [ -68.88383791, -16.42578198 ], [ -68.88346686, -16.42561662 ], [ -68.88331107, -16.42535619 ], [ -68.88332569, -16.42494773 ], [ -68.88319175, -16.42456676 ], [ -68.88291227, -16.42433323 ], [ -68.88287717, -16.42392593 ], [ -68.88286753, -16.42354205 ], [ -68.88266203, -16.42328279 ], [ -68.88236131, -16.42319379 ], [ -68.88196718, -16.42334705 ], [ -68.8818028, -16.42373501 ], [ -68.88163662, -16.42405098 ], [ -68.88139646, -16.42439269 ], [ -68.88117815, -16.42461386 ], [ -68.88091193, -16.42490817 ], [ -68.88081852, -16.42515042 ], [ -68.88060201, -16.42544356 ], [ -68.88008478, -16.42564771 ], [ -68.87963852, -16.42570616 ], [ -68.87922012, -16.42588399 ], [ -68.87877566, -16.42601441 ], [ -68.87833, -16.42609685 ], [ -68.87801164, -16.42629634 ], [ -68.87754293, -16.42645134 ], [ -68.87717365, -16.42660401 ], [ -68.87680075, -16.42661272 ], [ -68.87632662, -16.42655178 ], [ -68.87611992, -16.42624452 ], [ -68.875821, -16.4262275 ], [ -68.87552991, -16.42652238 ], [ -68.87543769, -16.42681261 ], [ -68.8752721, -16.42715258 ], [ -68.87492828, -16.42732865 ], [ -68.87463116, -16.42738361 ], [ -68.87408365, -16.42737239 ], [ -68.87370775, -16.42726113 ], [ -68.8733106, -16.42729441 ], [ -68.87322984, -16.42733843 ], [ -68.87294251, -16.42749506 ], [ -68.87249143, -16.42736155 ], [ -68.87223625, -16.42720583 ], [ -68.87218831, -16.42717657 ], [ -68.87181361, -16.4271133 ], [ -68.87142343, -16.42702758 ], [ -68.87113624, -16.4267342 ], [ -68.87081873, -16.42647154 ], [ -68.87041327, -16.42642098 ], [ -68.87016467, -16.42642678 ], [ -68.86978276, -16.42607559 ], [ -68.86940236, -16.42578438 ], [ -68.86939184, -16.42536451 ], [ -68.86898412, -16.42522398 ], [ -68.86896985, -16.42465416 ], [ -68.86883729, -16.42432716 ], [ -68.8685917, -16.42445292 ], [ -68.86841653, -16.42490713 ], [ -68.86811179, -16.42515431 ], [ -68.8676131, -16.42510592 ], [ -68.86724247, -16.42520459 ], [ -68.86712343, -16.42541742 ], [ -68.86684226, -16.42536396 ], [ -68.86658615, -16.42506985 ], [ -68.86611929, -16.42505073 ], [ -68.86568801, -16.42521083 ], [ -68.86540834, -16.42521735 ], [ -68.86506577, -16.42519532 ], [ -68.8647831, -16.42508188 ], [ -68.86456183, -16.424937 ], [ -68.86437539, -16.42494134 ], [ -68.86391077, -16.42501219 ], [ -68.86341959, -16.4252637 ], [ -68.86314367, -16.42542017 ], [ -68.8629314, -16.42563517 ], [ -68.86249861, -16.42573528 ], [ -68.86199693, -16.42556692 ], [ -68.86165286, -16.42548491 ], [ -68.86124889, -16.42549432 ], [ -68.86102959, -16.42549943 ], [ -68.86084493, -16.42550373 ], [ -68.86047204, -16.42551241 ], [ -68.86013022, -16.42552037 ], [ -68.85975508, -16.42543908 ], [ -68.85968254, -16.42545397 ], [ -68.85926014, -16.42554063 ], [ -68.85898872, -16.42587704 ], [ -68.85896964, -16.42635762 ], [ -68.85904078, -16.42671606 ], [ -68.8592658, -16.42701091 ], [ -68.85939609, -16.42724794 ], [ -68.85928304, -16.4277007 ], [ -68.8588986, -16.42788487 ], [ -68.85882217, -16.42792149 ], [ -68.85848409, -16.4280794 ], [ -68.85789442, -16.42812313 ], [ -68.85742606, -16.42804401 ], [ -68.85689179, -16.42781638 ], [ -68.85650991, -16.42746516 ], [ -68.85625382, -16.42717104 ], [ -68.85572686, -16.42709882 ], [ -68.85569223, -16.42709408 ], [ -68.85512025, -16.4274317 ], [ -68.85511005, -16.42743771 ], [ -68.85510797, -16.42743827 ], [ -68.85461585, -16.42756924 ], [ -68.85423173, -16.42712805 ], [ -68.85397564, -16.42683393 ], [ -68.85362783, -16.42660195 ], [ -68.85318904, -16.42646211 ], [ -68.85293966, -16.42645525 ], [ -68.85259788, -16.42644585 ], [ -68.85211537, -16.42654709 ], [ -68.85161593, -16.42646868 ], [ -68.8512187, -16.42674798 ], [ -68.85063651, -16.42709161 ], [ -68.84976717, -16.42714182 ], [ -68.84924489, -16.42739402 ], [ -68.8485998, -16.42770909 ], [ -68.84795696, -16.42811413 ], [ -68.8472164, -16.42834139 ], [ -68.8464721, -16.42841869 ], [ -68.84578322, -16.42822463 ], [ -68.84512617, -16.42805983 ], [ -68.84462075, -16.42774147 ], [ -68.8441494, -16.42754235 ], [ -68.84343618, -16.42761892 ], [ -68.84278212, -16.42757408 ], [ -68.84240623, -16.42746277 ], [ -68.84226804, -16.42730753 ], [ -68.84211834, -16.42713936 ], [ -68.84192443, -16.42684378 ], [ -68.84188065, -16.42633465 ], [ -68.84173133, -16.42617448 ], [ -68.84168898, -16.42612904 ], [ -68.84143964, -16.42610482 ], [ -68.84097651, -16.42623559 ], [ -68.84093294, -16.42624932 ], [ -68.8403595, -16.42642995 ], [ -68.84015094, -16.42679489 ], [ -68.83990607, -16.42695061 ], [ -68.83950584, -16.42710993 ], [ -68.83929279, -16.42729492 ], [ -68.83898279, -16.42733212 ], [ -68.83860393, -16.42710083 ], [ -68.83855942, -16.42656172 ], [ -68.83849204, -16.42635322 ], [ -68.83823748, -16.42611906 ], [ -68.83816861, -16.42585058 ], [ -68.83809676, -16.42546214 ], [ -68.83784294, -16.42525796 ], [ -68.83743673, -16.42517735 ], [ -68.83678044, -16.42504252 ], [ -68.83605902, -16.42478916 ], [ -68.83582957, -16.42431435 ], [ -68.83553945, -16.42390096 ], [ -68.83522349, -16.42369822 ], [ -68.83478398, -16.42352835 ], [ -68.83413068, -16.42351348 ], [ -68.83372075, -16.4232829 ], [ -68.83319175, -16.42326515 ], [ -68.83292476, -16.42378147 ], [ -68.83287006, -16.42408282 ], [ -68.83263265, -16.42453844 ], [ -68.83220581, -16.42487841 ], [ -68.83167904, -16.42495062 ], [ -68.83153424, -16.42518664 ], [ -68.83152963, -16.42519415 ], [ -68.83115525, -16.4251428 ], [ -68.83096582, -16.42502715 ], [ -68.83043607, -16.4249794 ], [ -68.83037785, -16.42497724 ], [ -68.83013731, -16.42496831 ], [ -68.82966439, -16.42495524 ], [ -68.82926663, -16.42496445 ], [ -68.82903316, -16.42493988 ], [ -68.82889255, -16.42492509 ], [ -68.82870531, -16.42487419 ], [ -68.82856699, -16.4248366 ], [ -68.82821658, -16.42474868 ], [ -68.82786855, -16.42475673 ], [ -68.82764541, -16.42478589 ], [ -68.82731807, -16.42462542 ], [ -68.8269416, -16.42449009 ], [ -68.82669122, -16.42442386 ], [ -68.82636686, -16.42438335 ], [ -68.8259697, -16.42441654 ], [ -68.82562465, -16.42454455 ], [ -68.82544671, -16.42454866 ], [ -68.8253512, -16.42455087 ], [ -68.82522154, -16.42433781 ], [ -68.8250185, -16.42417446 ], [ -68.82506263, -16.42409559 ], [ -68.82520903, -16.42383396 ], [ -68.82542264, -16.42342091 ], [ -68.82549008, -16.42313127 ], [ -68.82563089, -16.42279193 ], [ -68.82554917, -16.42250573 ], [ -68.82539406, -16.42226926 ], [ -68.82497086, -16.42225503 ], [ -68.82485985, -16.42221389 ], [ -68.82454409, -16.42209685 ], [ -68.82430964, -16.42167015 ], [ -68.82418393, -16.42161764 ], [ -68.8239829, -16.42153367 ], [ -68.8234875, -16.42161714 ], [ -68.82299925, -16.42198852 ], [ -68.8226021, -16.4220217 ], [ -68.82227834, -16.42200518 ], [ -68.82200191, -16.42189153 ], [ -68.8218279, -16.42189555 ], [ -68.82145918, -16.42207212 ], [ -68.8214687, -16.422456 ], [ -68.82144979, -16.4226965 ], [ -68.82108285, -16.42294505 ], [ -68.8209657, -16.42323583 ], [ -68.82104563, -16.42345004 ], [ -68.82119895, -16.42361455 ], [ -68.82110368, -16.42378479 ], [ -68.82077872, -16.42372028 ], [ -68.82066917, -16.4233147 ], [ -68.82075433, -16.42273657 ], [ -68.82072471, -16.42254521 ], [ -68.82049919, -16.4224784 ], [ -68.82012809, -16.42255899 ], [ -68.81980968, -16.42275839 ], [ -68.81951553, -16.42293323 ], [ -68.81919653, -16.42310864 ], [ -68.81883315, -16.42350114 ], [ -68.81881082, -16.42353206 ], [ -68.81856862, -16.42386734 ], [ -68.81843227, -16.42389695 ], [ -68.81819752, -16.42394793 ], [ -68.81787437, -16.42395539 ], [ -68.81784949, -16.42395597 ], [ -68.81729664, -16.42372866 ], [ -68.81704448, -16.42359044 ], [ -68.81693397, -16.42359299 ], [ -68.81659701, -16.42360077 ], [ -68.81625433, -16.42382474 ], [ -68.81591165, -16.4240487 ], [ -68.81561809, -16.42424753 ], [ -68.81552994, -16.42470569 ], [ -68.81546428, -16.4250673 ], [ -68.81511743, -16.42512332 ], [ -68.81507858, -16.42512421 ], [ -68.81469482, -16.42513307 ], [ -68.81407274, -16.42512341 ], [ -68.81360798, -16.4250381 ], [ -68.81348889, -16.42503265 ], [ -68.81325935, -16.42502214 ], [ -68.8128616, -16.42503131 ], [ -68.81243958, -16.42506505 ], [ -68.81193586, -16.42481259 ], [ -68.81153098, -16.42453384 ], [ -68.81112789, -16.42432708 ], [ -68.81055137, -16.42414832 ], [ -68.81018731, -16.42350853 ], [ -68.80993456, -16.42334631 ], [ -68.80959292, -16.42327545 ], [ -68.80930952, -16.42321667 ], [ -68.80914161, -16.42320647 ], [ -68.80873657, -16.42318186 ], [ -68.80830097, -16.42367203 ], [ -68.80791153, -16.42401709 ], [ -68.80751198, -16.42391982 ], [ -68.8074611, -16.42390744 ], [ -68.80734412, -16.42373604 ], [ -68.80720301, -16.42352928 ], [ -68.80714617, -16.42324251 ], [ -68.80693543, -16.42276723 ], [ -68.80665427, -16.42246162 ], [ -68.80634943, -16.42220457 ], [ -68.80577352, -16.42204979 ], [ -68.80559919, -16.42185387 ], [ -68.80554327, -16.42179102 ], [ -68.80543401, -16.42155133 ], [ -68.80535917, -16.42138714 ], [ -68.80525084, -16.42102954 ], [ -68.80506853, -16.42069765 ], [ -68.80463821, -16.42039547 ], [ -68.80449556, -16.42031577 ], [ -68.80418423, -16.42014185 ], [ -68.80378115, -16.41993507 ], [ -68.80340234, -16.41970372 ], [ -68.80295167, -16.41957016 ], [ -68.80287616, -16.41954778 ], [ -68.80262579, -16.41948153 ], [ -68.80207771, -16.41944612 ], [ -68.80186347, -16.41983516 ], [ -68.80204696, -16.42021504 ], [ -68.8021032, -16.42047782 ], [ -68.80191796, -16.42103423 ], [ -68.80177947, -16.42146953 ], [ -68.80171319, -16.42180715 ], [ -68.80174279, -16.42199852 ], [ -68.80194344, -16.42206592 ], [ -68.80202216, -16.42223216 ], [ -68.80185645, -16.42257206 ], [ -68.80168776, -16.422792 ], [ -68.80177182, -16.42317417 ], [ -68.80177834, -16.42343809 ], [ -68.80164044, -16.42389739 ], [ -68.80140074, -16.424263 ], [ -68.80118708, -16.42467603 ], [ -68.80092073, -16.42497023 ], [ -68.80080651, -16.42538097 ], [ -68.80071951, -16.42588711 ], [ -68.80050348, -16.42620416 ], [ -68.80031052, -16.42644866 ], [ -68.79999623, -16.42681599 ], [ -68.79988023, -16.42715475 ], [ -68.79971036, -16.4273267 ], [ -68.79951859, -16.42761919 ], [ -68.79922619, -16.42786598 ], [ -68.79890775, -16.42806535 ], [ -68.79849105, -16.428315 ], [ -68.79809625, -16.42844411 ], [ -68.79785417, -16.42871374 ], [ -68.79751524, -16.42888958 ], [ -68.7969997, -16.4291655 ], [ -68.79652795, -16.42920035 ], [ -68.79578392, -16.42928947 ], [ -68.79534177, -16.42951568 ], [ -68.79478893, -16.42928832 ], [ -68.79460899, -16.42905239 ], [ -68.79425858, -16.42896441 ], [ -68.7941464, -16.42873076 ], [ -68.79399637, -16.42841829 ], [ -68.79389279, -16.42825262 ], [ -68.79364242, -16.42818635 ], [ -68.79332569, -16.42819362 ], [ -68.79302092, -16.42820062 ], [ -68.79264802, -16.42820919 ], [ -68.79229465, -16.42800124 ], [ -68.79203718, -16.42764706 ], [ -68.79168442, -16.4274631 ], [ -68.79166387, -16.4274442 ], [ -68.79150626, -16.42729915 ], [ -68.79145003, -16.42703637 ], [ -68.79152115, -16.42690131 ], [ -68.79161636, -16.42672047 ], [ -68.79165899, -16.42643141 ], [ -68.79155068, -16.4260738 ], [ -68.79100603, -16.42585384 ], [ -68.78974607, -16.42690439 ], [ -68.7895588, -16.42684997 ], [ -68.78946521, -16.42677755 ], [ -68.78922193, -16.42655131 ], [ -68.78905352, -16.42637939 ], [ -68.78890376, -16.4262798 ], [ -68.788782, -16.42627967 ], [ -68.7886977, -16.42627959 ], [ -68.78825236, -16.42617957 ], [ -68.78788591, -16.42620704 ], [ -68.78764779, -16.4262341 ], [ -68.7875242, -16.42636657 ], [ -68.78739226, -16.42646323 ], [ -68.78714561, -16.42644728 ], [ -68.78698563, -16.42631411 ], [ -68.7868189, -16.42620991 ], [ -68.78657847, -16.4261434 ], [ -68.78635527, -16.42617013 ], [ -68.78613259, -16.42621844 ], [ -68.78588648, -16.42622409 ], [ -68.78560432, -16.42628097 ], [ -68.78537578, -16.42639424 ], [ -68.78515541, -16.42653613 ], [ -68.78490166, -16.42653474 ], [ -68.7845989, -16.42666412 ], [ -68.78442115, -16.42671861 ], [ -68.78419635, -16.42668055 ], [ -68.78380783, -16.42655982 ], [ -68.78358529, -16.42641128 ], [ -68.78339874, -16.42610827 ], [ -68.78331541, -16.42595654 ], [ -68.7831104, -16.42571157 ], [ -68.78288927, -16.42562061 ], [ -68.78272734, -16.42550909 ], [ -68.78248538, -16.4253802 ], [ -68.78223088, -16.42514597 ], [ -68.78213808, -16.42501366 ], [ -68.78200645, -16.42492065 ], [ -68.7818071, -16.42490601 ], [ -68.78156063, -16.42499808 ], [ -68.78131345, -16.42506136 ], [ -68.78096377, -16.42500215 ], [ -68.78076276, -16.42492033 ], [ -68.78052411, -16.4249258 ], [ -68.7802381, -16.42502837 ], [ -68.78001435, -16.42523515 ], [ -68.7798299, -16.42542183 ], [ -68.77959502, -16.42558085 ], [ -68.77946076, -16.42578558 ], [ -68.7793355, -16.42595169 ], [ -68.77926091, -16.42615505 ], [ -68.77919507, -16.4263102 ], [ -68.77901962, -16.42645825 ], [ -68.77871884, -16.42648627 ], [ -68.77837507, -16.42646533 ], [ -68.77801921, -16.4265599 ], [ -68.77778692, -16.42682449 ], [ -68.77770627, -16.42718643 ], [ -68.77766719, -16.42741779 ], [ -68.77765758, -16.42763407 ], [ -68.77748601, -16.42794047 ], [ -68.77740183, -16.42815846 ], [ -68.77722637, -16.42830651 ], [ -68.77710386, -16.42817968 ], [ -68.7771117, -16.42789143 ], [ -68.77713658, -16.4276892 ], [ -68.77698211, -16.42747668 ], [ -68.77664011, -16.42752772 ], [ -68.77648275, -16.42780499 ], [ -68.77638471, -16.42806651 ], [ -68.77618084, -16.42827283 ], [ -68.77597555, -16.42842156 ], [ -68.77581324, -16.4284973 ], [ -68.77558879, -16.42847362 ], [ -68.77534518, -16.42827754 ], [ -68.77517757, -16.42813734 ], [ -68.77490449, -16.42795634 ], [ -68.77451208, -16.42777806 ], [ -68.77418074, -16.42765601 ], [ -68.77385012, -16.42756274 ], [ -68.77355109, -16.42754078 ], [ -68.7732819, -16.42751812 ], [ -68.77302967, -16.42742667 ], [ -68.77270472, -16.42736208 ], [ -68.77240405, -16.42727293 ], [ -68.77195716, -16.42730715 ], [ -68.77166532, -16.4275779 ], [ -68.77149542, -16.42774983 ], [ -68.77095086, -16.4278583 ], [ -68.77052647, -16.42779598 ], [ -68.77022756, -16.42777881 ], [ -68.76945867, -16.4278684 ], [ -68.7690615, -16.42790148 ], [ -68.7686833, -16.42769406 ], [ -68.76823053, -16.42748835 ], [ -68.76795471, -16.42739863 ], [ -68.76779791, -16.42709013 ], [ -68.76756769, -16.42683131 ], [ -68.76729188, -16.42674159 ], [ -68.76719047, -16.42646063 ], [ -68.76735817, -16.42599587 ], [ -68.76738947, -16.42564947 ], [ -68.76732322, -16.42538211 ], [ -68.76708362, -16.42534917 ], [ -68.76676589, -16.42537563 ], [ -68.76657219, -16.42559131 ], [ -68.76649876, -16.42584266 ], [ -68.76634342, -16.42599985 ], [ -68.76602568, -16.42602631 ], [ -68.76580221, -16.42583936 ], [ -68.76548166, -16.42575065 ], [ -68.76531691, -16.42552395 ], [ -68.76529043, -16.42525569 ], [ -68.76530326, -16.42496732 ], [ -68.76543542, -16.42467622 ], [ -68.76552733, -16.42436684 ], [ -68.76552216, -16.4241557 ], [ -68.76535694, -16.42390981 ], [ -68.76513535, -16.42379964 ], [ -68.7648754, -16.42374796 ], [ -68.76441799, -16.4237584 ], [ -68.76414238, -16.42387992 ], [ -68.7639255, -16.42396169 ], [ -68.76372616, -16.42394704 ], [ -68.76360213, -16.42375782 ], [ -68.76349657, -16.42351056 ], [ -68.76332948, -16.42318789 ], [ -68.76318227, -16.42286476 ], [ -68.76304259, -16.42284874 ], [ -68.76278499, -16.42289303 ], [ -68.76258236, -16.42274401 ], [ -68.76245786, -16.4225356 ], [ -68.76209659, -16.42240941 ], [ -68.76167896, -16.42241893 ], [ -68.76140241, -16.42250206 ], [ -68.76102612, -16.42273727 ], [ -68.76075052, -16.42285879 ], [ -68.76043561, -16.42300041 ], [ -68.76015718, -16.42300675 ], [ -68.75982004, -16.42305286 ], [ -68.7595189, -16.42294449 ], [ -68.75919788, -16.42283658 ], [ -68.75881767, -16.42274923 ], [ -68.75837921, -16.42272081 ], [ -68.75806336, -16.42282404 ], [ -68.75761158, -16.4230648 ], [ -68.75729855, -16.42328319 ], [ -68.75682641, -16.42350521 ], [ -68.75664836, -16.42354768 ], [ -68.75631027, -16.42355538 ], [ -68.75614554, -16.42332867 ], [ -68.75565932, -16.42297486 ], [ -68.75535255, -16.42263615 ], [ -68.75483125, -16.42247519 ], [ -68.75421099, -16.42233567 ], [ -68.75373134, -16.42225058 ], [ -68.75341033, -16.42214266 ], [ -68.7530652, -16.42186244 ], [ -68.75295826, -16.42155759 ], [ -68.75294699, -16.42109693 ], [ -68.75303798, -16.42074916 ], [ -68.75324736, -16.42036029 ], [ -68.75337531, -16.41989646 ], [ -68.75332755, -16.41957106 ], [ -68.75312164, -16.41928767 ], [ -68.75267709, -16.41900972 ], [ -68.75194033, -16.41898808 ], [ -68.7512712, -16.4192914 ], [ -68.75096965, -16.4198168 ], [ -68.75065661, -16.42003518 ], [ -68.75043269, -16.41982902 ], [ -68.7502675, -16.41958311 ], [ -68.74996966, -16.4196091 ], [ -68.7497963, -16.4198435 ], [ -68.74955531, -16.41975296 ], [ -68.74933327, -16.41962358 ], [ -68.74899472, -16.41961208 ], [ -68.74865898, -16.41971574 ], [ -68.74830757, -16.41999261 ], [ -68.7480769, -16.42032435 ], [ -68.7476209, -16.42039233 ], [ -68.74729942, -16.42026521 ], [ -68.7471134, -16.41998137 ], [ -68.74702729, -16.41971445 ], [ -68.74674559, -16.41958643 ], [ -68.74619016, -16.41965667 ], [ -68.74583031, -16.41958803 ], [ -68.74550837, -16.41944171 ], [ -68.74522901, -16.41940966 ], [ -68.74489187, -16.41945573 ], [ -68.74459918, -16.41969285 ], [ -68.74430228, -16.41975721 ], [ -68.7439883, -16.41993719 ], [ -68.74357535, -16.42013863 ], [ -68.74310286, -16.42027802 ], [ -68.74123275, -16.42310772 ], [ -68.74087707, -16.42292648 ], [ -68.74009017, -16.42302495 ], [ -68.73970582, -16.42327759 ], [ -68.73934969, -16.42343986 ], [ -68.73908742, -16.42344857 ], [ -68.73899425, -16.42307783 ], [ -68.73896643, -16.42286987 ], [ -68.7387323, -16.4228515 ], [ -68.73834794, -16.42310414 ], [ -68.73758884, -16.42342863 ], [ -68.73715811, -16.42333769 ], [ -68.7369901, -16.42290357 ], [ -68.73719656, -16.42260551 ], [ -68.73776818, -16.42239831 ], [ -68.73810571, -16.42213658 ], [ -68.73838768, -16.4214047 ], [ -68.738407, -16.42096177 ], [ -68.73773315, -16.42058126 ], [ -68.73692754, -16.42067065 ], [ -68.73578414, -16.4212116 ], [ -68.73523156, -16.42119283 ], [ -68.73351701, -16.42158841 ], [ -68.73283254, -16.42212994 ], [ -68.73209222, -16.42240923 ], [ -68.72977888, -16.4223249 ], [ -68.72919842, -16.42214336 ], [ -68.72876775, -16.42201625 ], [ -68.7284027, -16.42185306 ], [ -68.72788787, -16.4216264 ], [ -68.72701825, -16.42059473 ], [ -68.72672847, -16.42018756 ], [ -68.72645781, -16.41950018 ], [ -68.72627143, -16.41883099 ], [ -68.72602868, -16.41827924 ], [ -68.72561744, -16.41766399 ], [ -68.72549607, -16.4173836 ], [ -68.72551542, -16.41694971 ], [ -68.72547935, -16.41595528 ], [ -68.7251431, -16.41529494 ], [ -68.72483461, -16.4148787 ], [ -68.7238919, -16.41356186 ], [ -68.72335772, -16.41281568 ], [ -68.72266591, -16.41192886 ], [ -68.72256305, -16.41181121 ], [ -68.722208, -16.41121411 ], [ -68.72162814, -16.41064383 ], [ -68.72076744, -16.40998278 ], [ -68.7200746, -16.40982818 ], [ -68.71949432, -16.40955621 ], [ -68.71880229, -16.40884114 ], [ -68.71840972, -16.40829822 ], [ -68.71798017, -16.40742078 ], [ -68.71754128, -16.40652525 ], [ -68.71700857, -16.40574711 ], [ -68.71622277, -16.40513134 ], [ -68.71553043, -16.40465129 ], [ -68.7149505, -16.40415331 ], [ -68.71453942, -16.40346573 ], [ -68.71422194, -16.40282347 ], [ -68.71391389, -16.40213602 ], [ -68.71388623, -16.40183767 ], [ -68.71406525, -16.40109664 ], [ -68.71475892, -16.40065463 ], [ -68.71549898, -16.400511 ], [ -68.71640764, -16.40034951 ], [ -68.71742871, -16.40016105 ], [ -68.718431, -16.40000872 ], [ -68.71921797, -16.39980185 ], [ -68.71985531, -16.39945015 ], [ -68.72068946, -16.39899022 ], [ -68.72128022, -16.39845766 ], [ -68.72151497, -16.39801501 ], [ -68.72156258, -16.39746364 ], [ -68.72133893, -16.39668592 ], [ -68.72090869, -16.39629664 ], [ -68.72023503, -16.39586183 ], [ -68.71949555, -16.39561677 ], [ -68.71880268, -16.39552545 ], [ -68.71746372, -16.39536997 ], [ -68.7169863, -16.39523373 ], [ -68.71677113, -16.39507977 ], [ -68.71634121, -16.39448256 ], [ -68.71597697, -16.39379504 ], [ -68.71570639, -16.39310764 ], [ -68.71498686, -16.39203093 ], [ -68.71297554, -16.39059086 ], [ -68.7114596, -16.3898204 ], [ -68.71016825, -16.38915871 ], [ -68.70909219, -16.38856963 ], [ -68.70815676, -16.38788131 ], [ -68.70786755, -16.38714868 ], [ -68.70797272, -16.38569341 ], [ -68.70818025, -16.38468124 ], [ -68.7084158, -16.3837143 ], [ -68.70885749, -16.38265725 ], [ -68.70913965, -16.38182597 ], [ -68.70946866, -16.38097668 ], [ -68.70927324, -16.38014474 ], [ -68.70879621, -16.37978249 ], [ -68.7079348, -16.37971801 ], [ -68.70697888, -16.38023196 ], [ -68.70523368, -16.38253468 ], [ -68.70482976, -16.38336578 ], [ -68.70459488, -16.38388072 ], [ -68.70429464, -16.38426902 ], [ -68.70319718, -16.38546977 ], [ -68.70225028, -16.38619162 ], [ -68.70177247, -16.38633558 ], [ -68.70117349, -16.38610874 ], [ -68.70072456, -16.38573747 ], [ -68.69968625, -16.38498568 ], [ -68.69816051, -16.38455863 ], [ -68.69746831, -16.38406044 ], [ -68.69684154, -16.3836437 ], [ -68.69641113, -16.38341709 ], [ -68.69561587, -16.38296394 ], [ -68.69512023, -16.38252932 ], [ -68.69463418, -16.3819591 ], [ -68.69420428, -16.38140705 ], [ -68.6937459, -16.38110807 ], [ -68.69310001, -16.38095345 ], [ -68.69240776, -16.38050044 ], [ -68.69207145, -16.37999372 ], [ -68.69221259, -16.37956001 ], [ -68.69233733, -16.37764375 ], [ -68.69229065, -16.37755328 ], [ -68.69131685, -16.3775157 ], [ -68.69052957, -16.37795749 ], [ -68.68966789, -16.37807374 ], [ -68.68937818, -16.37771172 ], [ -68.68935997, -16.37738626 ], [ -68.68933249, -16.37699751 ], [ -68.68918339, -16.37653625 ], [ -68.68889394, -16.37601152 ], [ -68.68879155, -16.37562265 ], [ -68.68900763, -16.37518002 ], [ -68.68936449, -16.37452968 ], [ -68.68961797, -16.37411422 ], [ -68.68968432, -16.37360808 ], [ -68.68911384, -16.37315525 ], [ -68.68853368, -16.37290127 ], [ -68.68796299, -16.37258404 ], [ -68.68769174, -16.37234859 ], [ -68.68736454, -16.37205884 ], [ -68.68681299, -16.37148851 ], [ -68.68635541, -16.3707104 ], [ -68.68591634, -16.37006791 ], [ -68.68543952, -16.36961521 ], [ -68.68488783, -16.36913527 ], [ -68.68442935, -16.36892667 ], [ -68.68354065, -16.36840102 ], [ -68.68344759, -16.36803929 ], [ -68.68346648, -16.36793988 ], [ -68.68375735, -16.36756968 ], [ -68.68384236, -16.36710878 ], [ -68.68398366, -16.36658468 ], [ -68.68424636, -16.36625964 ], [ -68.68460241, -16.36611553 ], [ -68.68508013, -16.36599873 ], [ -68.68582037, -16.3656744 ], [ -68.68636383, -16.36544017 ], [ -68.68655172, -16.36505174 ], [ -68.68640278, -16.36450009 ], [ -68.68632835, -16.36420166 ], [ -68.68620798, -16.36335174 ], [ -68.68610587, -16.36280015 ], [ -68.68610594, -16.36275495 ], [ -68.68586409, -16.36176021 ], [ -68.68543391, -16.36142509 ], [ -68.68456427, -16.36070964 ], [ -68.68442441, -16.36034784 ], [ -68.6843972, -16.35979637 ], [ -68.68419917, -16.35955292 ], [ -68.68391587, -16.35961231 ], [ -68.68356927, -16.35946828 ], [ -68.68345616, -16.35926592 ], [ -68.68298454, -16.35906202 ], [ -68.68255427, -16.35879018 ], [ -68.68202186, -16.35799387 ], [ -68.68202228, -16.35773946 ], [ -68.68183086, -16.35749718 ], [ -68.6815341, -16.35717383 ], [ -68.68119994, -16.35699394 ], [ -68.68094023, -16.3567424 ], [ -68.6805691, -16.35645482 ], [ -68.68016033, -16.3564542 ], [ -68.6799372, -16.3565615 ], [ -68.67967702, -16.35659698 ], [ -68.67941713, -16.35645307 ], [ -68.67926896, -16.35616583 ], [ -68.67886073, -16.35584231 ], [ -68.67841516, -16.35562636 ], [ -68.67804374, -16.35551816 ], [ -68.67759841, -16.35515871 ], [ -68.67726444, -16.35487117 ], [ -68.67700497, -16.35447612 ], [ -68.67637367, -16.35422401 ], [ -68.67622574, -16.35379325 ], [ -68.67644934, -16.35339895 ], [ -68.67633881, -16.35282474 ], [ -68.67615355, -16.35250155 ], [ -68.67600603, -16.35181965 ], [ -68.67601715, -16.35135512 ], [ -68.67603264, -16.35070749 ], [ -68.6760827, -16.35039663 ], [ -68.67633094, -16.35008607 ], [ -68.67635638, -16.3496795 ], [ -68.67635705, -16.34927289 ], [ -68.67633299, -16.34884232 ], [ -68.67660619, -16.34841221 ], [ -68.67690389, -16.34814956 ], [ -68.67747377, -16.34807868 ], [ -68.67784536, -16.34807925 ], [ -68.67826649, -16.34807989 ], [ -68.67863815, -16.34803262 ], [ -68.67883696, -16.34765023 ], [ -68.67871372, -16.34726735 ], [ -68.67851578, -16.34712354 ], [ -68.67856583, -16.34681267 ], [ -68.67883864, -16.34662174 ], [ -68.67896289, -16.34638275 ], [ -68.67896328, -16.34614357 ], [ -68.67901341, -16.34578486 ], [ -68.67908812, -16.3455458 ], [ -68.67903888, -16.34535437 ], [ -68.67881617, -16.34521052 ], [ -68.67859365, -16.34494708 ], [ -68.678495, -16.34468383 ], [ -68.67852055, -16.3442055 ], [ -68.67847183, -16.34370314 ], [ -68.67852208, -16.34327269 ], [ -68.67852274, -16.34286608 ], [ -68.67830026, -16.34257872 ], [ -68.678202, -16.34207628 ], [ -68.67807861, -16.34178907 ], [ -68.67795558, -16.3412866 ], [ -68.6780304, -16.34097577 ], [ -68.67830308, -16.3408566 ], [ -68.67872467, -16.34057022 ], [ -68.6790222, -16.34040324 ], [ -68.67926968, -16.34054713 ], [ -68.67946734, -16.34085837 ], [ -68.67973975, -16.34090662 ], [ -68.68018569, -16.34087381 ], [ -68.6804343, -16.34032406 ], [ -68.68085553, -16.34025295 ], [ -68.6812019, -16.34051657 ], [ -68.68169714, -16.34063691 ], [ -68.68219272, -16.34054199 ], [ -68.68278766, -16.34027978 ], [ -68.6832832, -16.34020877 ], [ -68.68410039, -16.34037742 ], [ -68.68447257, -16.33999529 ], [ -68.68472071, -16.33973256 ], [ -68.68514205, -16.33958967 ], [ -68.68541476, -16.33944657 ], [ -68.68583565, -16.33959071 ], [ -68.68657867, -16.33966357 ], [ -68.68706516, -16.33944105 ], [ -68.68737521, -16.33919037 ], [ -68.68759843, -16.33901131 ], [ -68.68767305, -16.33882007 ], [ -68.68795818, -16.33865307 ], [ -68.68824317, -16.33858173 ], [ -68.68866449, -16.33845081 ], [ -68.68902403, -16.33822411 ], [ -68.68935889, -16.33793758 ], [ -68.68945848, -16.33761483 ], [ -68.68970676, -16.33725642 ], [ -68.69021506, -16.33694623 ], [ -68.69064891, -16.33671964 ], [ -68.69101451, -16.33657188 ], [ -68.69131206, -16.33638097 ], [ -68.69159732, -16.33613024 ], [ -68.69203111, -16.33593953 ], [ -68.69241534, -16.3357607 ], [ -68.6926759, -16.3354621 ], [ -68.69281265, -16.3351394 ], [ -68.6928875, -16.33479269 ], [ -68.69295012, -16.33435029 ], [ -68.69306203, -16.33406583 ], [ -68.69309976, -16.33369515 ], [ -68.6931868, -16.33348001 ], [ -68.69336053, -16.33326499 ], [ -68.6934603, -16.33282265 ], [ -68.6936588, -16.33260767 ], [ -68.69384487, -16.33241659 ], [ -68.69408038, -16.33229734 ], [ -68.69435306, -16.33216619 ], [ -68.6945515, -16.33198708 ], [ -68.69461376, -16.33177191 ], [ -68.69470075, -16.33158069 ], [ -68.69486209, -16.33136565 ], [ -68.69501722, -16.33116257 ], [ -68.6952525, -16.33118683 ], [ -68.69552479, -16.33130682 ], [ -68.69571027, -16.33149843 ], [ -68.69601975, -16.33159455 ], [ -68.69623015, -16.33169053 ], [ -68.69646527, -16.33182242 ], [ -68.69675, -16.33190654 ], [ -68.69709678, -16.33190704 ], [ -68.69729476, -16.33202692 ], [ -68.69762911, -16.33206327 ], [ -68.69787685, -16.33203971 ], [ -68.69824857, -16.33193261 ], [ -68.69853365, -16.3317895 ], [ -68.69893023, -16.33162264 ], [ -68.6993389, -16.33164714 ], [ -68.69964839, -16.33174326 ], [ -68.70000737, -16.33186336 ], [ -68.70035383, -16.33207912 ], [ -68.70068801, -16.3322231 ], [ -68.70093541, -16.33242676 ], [ -68.7011207, -16.33274992 ], [ -68.70124404, -16.33308496 ], [ -68.7013054, -16.33345578 ], [ -68.70149066, -16.33380286 ], [ -68.70175036, -16.33405915 ], [ -68.70196053, -16.33431059 ], [ -68.70226978, -16.33456217 ], [ -68.70256682, -16.3347061 ], [ -68.70283931, -16.33469453 ], [ -68.70312439, -16.33455142 ], [ -68.70334771, -16.33430059 ], [ -68.70355853, -16.3341215 ], [ -68.70389327, -16.33389474 ], [ -68.70422802, -16.33366799 ], [ -68.70443852, -16.33370416 ], [ -68.70466116, -16.33389582 ], [ -68.70493337, -16.33407559 ], [ -68.70531768, -16.33383694 ], [ -68.70550372, -16.33365781 ], [ -68.70581362, -16.33347886 ], [ -68.70611087, -16.33347927 ], [ -68.70646994, -16.33355153 ], [ -68.70680447, -16.33346828 ], [ -68.70725656, -16.33344499 ], [ -68.70775171, -16.33362506 ], [ -68.70797415, -16.33396023 ], [ -68.7080975, -16.33429526 ], [ -68.7083944, -16.33453485 ], [ -68.70875327, -16.33473865 ], [ -68.70890151, -16.33500196 ], [ -68.70896301, -16.33528907 ], [ -68.7090987, -16.33565999 ], [ -68.70942042, -16.33586374 ], [ -68.70974266, -16.33572067 ], [ -68.7099037, -16.33569698 ], [ -68.71030007, -16.3356736 ], [ -68.71053561, -16.33553042 ], [ -68.71073383, -16.33549481 ], [ -68.71108044, -16.33561488 ], [ -68.71147679, -16.33560346 ], [ -68.71186078, -16.33558007 ], [ -68.71218324, -16.33528153 ], [ -68.71227027, -16.33505442 ], [ -68.71254302, -16.33486344 ], [ -68.71289001, -16.33473236 ], [ -68.71322457, -16.33462519 ], [ -68.71346012, -16.33447004 ], [ -68.71379456, -16.33444657 ], [ -68.71577062, -16.3323211 ], [ -68.71580064, -16.33212022 ], [ -68.71581843, -16.33180333 ], [ -68.71585, -16.33138479 ], [ -68.71603625, -16.33105617 ], [ -68.71637715, -16.33084734 ], [ -68.71684206, -16.33051908 ], [ -68.71715186, -16.33039991 ], [ -68.71749267, -16.33025087 ], [ -68.71774067, -16.33004192 ], [ -68.71817423, -16.3299827 ], [ -68.71823671, -16.32959411 ], [ -68.71826815, -16.32926527 ], [ -68.71857829, -16.32890691 ], [ -68.71901193, -16.32878789 ], [ -68.71950797, -16.32834008 ], [ -68.71960141, -16.32795153 ], [ -68.71935444, -16.32744293 ], [ -68.71893979, -16.32704143 ], [ -68.71886356, -16.32683146 ], [ -68.7184243, -16.3263156 ], [ -68.71817287, -16.32538415 ], [ -68.71801442, -16.32489578 ], [ -68.71731372, -16.3239095 ], [ -68.71708034, -16.32344815 ], [ -68.7170152, -16.32317686 ], [ -68.71682827, -16.3229687 ], [ -68.71619289, -16.32213617 ], [ -68.71598767, -16.32162966 ], [ -68.7159224, -16.32144877 ], [ -68.71561405, -16.3210506 ], [ -68.7150061, -16.32067915 ], [ -68.71388275, -16.32066859 ], [ -68.71317107, -16.32081226 ], [ -68.71255322, -16.32081142 ], [ -68.7116922, -16.32065657 ], [ -68.71073736, -16.32064622 ], [ -68.70931433, -16.32071659 ], [ -68.70840645, -16.32059782 ], [ -68.70817246, -16.32057037 ], [ -68.70803201, -16.32058826 ], [ -68.70738602, -16.32062353 ], [ -68.70674993, -16.32029721 ], [ -68.7062445, -16.32024226 ], [ -68.70588857, -16.32037737 ], [ -68.70534586, -16.32021389 ], [ -68.70524161, -16.32016706 ], [ -68.70477818, -16.32028757 ], [ -68.70444107, -16.32045931 ], [ -68.70420308, -16.32059292 ], [ -68.70380638, -16.32086025 ], [ -68.70309266, -16.321108 ], [ -68.70263696, -16.32106909 ], [ -68.70216146, -16.32103015 ], [ -68.70201442, -16.32104632 ], [ -68.70164617, -16.32108683 ], [ -68.70132881, -16.32129686 ], [ -68.7010414, -16.32135386 ], [ -68.70054594, -16.32141056 ], [ -68.70030806, -16.32146763 ], [ -68.69981251, -16.32158173 ], [ -68.69945554, -16.32177257 ], [ -68.69919751, -16.32205923 ], [ -68.69882098, -16.32207783 ], [ -68.69826572, -16.32236405 ], [ -68.69778962, -16.3227078 ], [ -68.69721447, -16.32303227 ], [ -68.6969194, -16.32325785 ], [ -68.69653995, -16.32354794 ], [ -68.69608361, -16.32392997 ], [ -68.69550831, -16.32435011 ], [ -68.69480506, -16.3247192 ], [ -68.69463571, -16.32480808 ], [ -68.69433797, -16.32513295 ], [ -68.69384211, -16.32543838 ], [ -68.69340548, -16.32587785 ], [ -68.69300895, -16.32601121 ], [ -68.69251317, -16.32625924 ], [ -68.69193825, -16.32643062 ], [ -68.69156178, -16.32641093 ], [ -68.69122533, -16.32614256 ], [ -68.69124572, -16.32577903 ], [ -68.69134534, -16.32543475 ], [ -68.69114769, -16.32510917 ], [ -68.69063251, -16.32508928 ], [ -68.69052508, -16.32508646 ], [ -68.69049468, -16.32508566 ], [ -68.68985974, -16.32506901 ], [ -68.68966167, -16.32501131 ], [ -68.68974124, -16.32482008 ], [ -68.69005861, -16.32461389 ], [ -68.69031651, -16.32442292 ], [ -68.69053478, -16.3242319 ], [ -68.6907729, -16.32402176 ], [ -68.69101081, -16.32394557 ], [ -68.69134788, -16.32381212 ], [ -68.69158606, -16.32356372 ], [ -68.69178478, -16.32320045 ], [ -68.6918846, -16.32272222 ], [ -68.69176634, -16.32232022 ], [ -68.69156885, -16.32189897 ], [ -68.69131152, -16.32172638 ], [ -68.69091555, -16.32151532 ], [ -68.69063885, -16.32105568 ], [ -68.69067915, -16.32063477 ], [ -68.69085791, -16.32035949 ], [ -68.69087845, -16.31990029 ], [ -68.6907604, -16.31936434 ], [ -68.69066208, -16.31888583 ], [ -68.6905244, -16.31823505 ], [ -68.69036675, -16.31767991 ], [ -68.69046675, -16.31708688 ], [ -68.69084411, -16.31653252 ], [ -68.6908055, -16.31588188 ], [ -68.69082602, -16.31543033 ], [ -68.6910248, -16.31502879 ], [ -68.6913424, -16.31466569 ], [ -68.6917592, -16.3142262 ], [ -68.69215611, -16.31382495 ], [ -68.69273148, -16.31334742 ], [ -68.69310885, -16.31277393 ], [ -68.693506, -16.31221959 ], [ -68.69396259, -16.31166535 ], [ -68.69447832, -16.31130253 ], [ -68.69511321, -16.31076767 ], [ -68.69564902, -16.31023267 ], [ -68.69614523, -16.30967848 ], [ -68.69652208, -16.30943027 ], [ -68.69697798, -16.30931611 ], [ -68.69755288, -16.30912559 ], [ -68.69804864, -16.30885841 ], [ -68.69842569, -16.30847625 ], [ -68.6984263, -16.30807442 ], [ -68.69816934, -16.30767223 ], [ -68.6979658, -16.30760466 ], [ -68.69741679, -16.3074224 ], [ -68.69676338, -16.30713444 ], [ -68.69593194, -16.30665487 ], [ -68.69505307, -16.30625822 ], [ -68.69478354, -16.30613658 ], [ -68.69381264, -16.30615431 ], [ -68.69307935, -16.30626805 ], [ -68.69218741, -16.30647724 ], [ -68.69141434, -16.30668659 ], [ -68.69070063, -16.30695344 ], [ -68.69014533, -16.30727792 ], [ -68.68964976, -16.30741879 ], [ -68.68925352, -16.30739907 ], [ -68.68895652, -16.30726469 ], [ -68.68863956, -16.30722595 ], [ -68.68824323, -16.30726364 ], [ -68.68798534, -16.30745461 ], [ -68.68766829, -16.30747327 ], [ -68.68721269, -16.30739606 ], [ -68.68683635, -16.30731896 ], [ -68.68647961, -16.30737584 ], [ -68.68614238, -16.30762409 ], [ -68.68590428, -16.30783422 ], [ -68.68556742, -16.30785285 ], [ -68.68521092, -16.30775665 ], [ -68.68481464, -16.30775606 ], [ -68.68437855, -16.30787021 ], [ -68.68386342, -16.30785031 ], [ -68.6832492, -16.30784939 ], [ -68.68263484, -16.307925 ], [ -68.68213937, -16.3080008 ], [ -68.68168338, -16.30817232 ], [ -68.68100927, -16.3084392 ], [ -68.68037463, -16.30880562 ], [ -68.67997798, -16.30903464 ], [ -68.67966055, -16.30928291 ], [ -68.67902594, -16.30962637 ], [ -68.67860929, -16.30997017 ], [ -68.67811322, -16.31040951 ], [ -68.67755792, -16.31071482 ], [ -68.67698262, -16.31113491 ], [ -68.67620896, -16.31168863 ], [ -68.67561428, -16.3118408 ], [ -68.67527737, -16.31187855 ], [ -68.67496, -16.31208854 ], [ -68.67474131, -16.3125283 ], [ -68.67444362, -16.31281487 ], [ -68.67422525, -16.31306328 ], [ -68.67400666, -16.31344564 ], [ -68.67372876, -16.31375137 ], [ -68.67343068, -16.31426754 ], [ -68.67297422, -16.31470694 ], [ -68.67251804, -16.31497412 ], [ -68.67212133, -16.31522226 ], [ -68.67158609, -16.3153745 ], [ -68.67112997, -16.31560341 ], [ -68.67087201, -16.31582497 ], [ -68.67049492, -16.31618794 ], [ -68.67003832, -16.31670387 ], [ -68.66981965, -16.31712449 ], [ -68.66926391, -16.31767853 ], [ -68.66886706, -16.31800319 ], [ -68.66843065, -16.31828953 ], [ -68.66793493, -16.31849923 ], [ -68.66743949, -16.31853672 ], [ -68.66696387, -16.31857424 ], [ -68.66668665, -16.318459 ], [ -68.66625098, -16.31830523 ], [ -68.66601324, -16.31828572 ], [ -68.66555743, -16.31832327 ], [ -68.66506199, -16.31836075 ], [ -68.66466599, -16.31818791 ], [ -68.66425017, -16.31801504 ], [ -68.66387353, -16.31811011 ], [ -68.66353625, -16.31835833 ], [ -68.6630207, -16.31856799 ], [ -68.66240605, -16.31879662 ], [ -68.66183099, -16.31904445 ], [ -68.6612165, -16.31917741 ], [ -68.66076095, -16.31906187 ], [ -68.66052353, -16.31885101 ], [ -68.66014725, -16.3187356 ], [ -68.65990957, -16.31867781 ], [ -68.65943411, -16.31861964 ], [ -68.65919636, -16.31860012 ], [ -68.65881965, -16.31873345 ], [ -68.65866143, -16.31856099 ], [ -68.65834459, -16.31844566 ], [ -68.65790906, -16.31821534 ], [ -68.65753261, -16.3181956 ], [ -68.65719576, -16.31819505 ], [ -68.65683909, -16.31819447 ], [ -68.65654201, -16.31811745 ], [ -68.65628458, -16.31802136 ], [ -68.6560869, -16.31775315 ], [ -68.65600794, -16.31758081 ], [ -68.65571085, -16.31750379 ], [ -68.65553242, -16.3175609 ], [ -68.65531402, -16.31780929 ], [ -68.6549769, -16.31796182 ], [ -68.65485761, -16.31819124 ], [ -68.65473802, -16.31859288 ], [ -68.65461869, -16.31884143 ], [ -68.65451911, -16.31912829 ], [ -68.6542413, -16.31935745 ], [ -68.65396359, -16.31952921 ], [ -68.65374542, -16.31964366 ], [ -68.65354704, -16.31977728 ], [ -68.65324911, -16.32017862 ], [ -68.652892, -16.32042678 ], [ -68.65265398, -16.32056033 ], [ -68.65241617, -16.32057908 ], [ -68.65221778, -16.32071269 ], [ -68.65201919, -16.32096112 ], [ -68.6519002, -16.32101832 ], [ -68.65162234, -16.32126662 ], [ -68.65140434, -16.32128539 ], [ -68.65120606, -16.3213616 ], [ -68.65092824, -16.32159076 ], [ -68.65069035, -16.32164777 ], [ -68.65043269, -16.32168562 ], [ -68.65025405, -16.32185753 ], [ -68.65011507, -16.32201038 ], [ -68.64989707, -16.32202915 ], [ -68.6495899, -16.32204778 ], [ -68.64929257, -16.32210469 ], [ -68.64913401, -16.32212356 ], [ -68.64901502, -16.32218076 ], [ -68.64871762, -16.32227594 ], [ -68.64853894, -16.32246699 ], [ -68.64839986, -16.32267724 ], [ -68.64822138, -16.32275348 ], [ -68.64786443, -16.32290597 ], [ -68.64768582, -16.32305875 ], [ -68.64748715, -16.32334544 ], [ -68.64738777, -16.32351748 ], [ -68.64710991, -16.32376577 ], [ -68.64687199, -16.32384191 ], [ -68.64653492, -16.32395615 ], [ -68.64629707, -16.32399403 ], [ -68.64597985, -16.32408917 ], [ -68.64556348, -16.32422241 ], [ -68.64542453, -16.32435612 ], [ -68.645226, -16.32456627 ], [ -68.6449878, -16.32479548 ], [ -68.64490847, -16.32483362 ], [ -68.64445244, -16.32498593 ], [ -68.64431331, -16.32521531 ], [ -68.64429291, -16.32554057 ], [ -68.64413394, -16.32578905 ], [ -68.64383632, -16.32599903 ], [ -68.64361783, -16.32628568 ], [ -68.64332039, -16.32639999 ], [ -68.64325079, -16.32663366 ], [ -68.64320077, -16.32680161 ], [ -68.64308142, -16.32705016 ], [ -68.64272467, -16.32708783 ], [ -68.64250645, -16.3272214 ], [ -68.64232821, -16.32716369 ], [ -68.64222955, -16.32693391 ], [ -68.64223017, -16.3265943 ], [ -68.64222025, -16.32657988 ], [ -68.64205212, -16.32637168 ], [ -68.6416964, -16.32636204 ], [ -68.64146198, -16.32656956 ], [ -68.64131175, -16.32681338 ], [ -68.64114262, -16.3271566 ], [ -68.64088053, -16.32746572 ], [ -68.64072265, -16.32742885 ], [ -68.64042528, -16.32750488 ], [ -68.64018731, -16.32760015 ], [ -68.64004812, -16.3278678 ], [ -68.64002767, -16.32821219 ], [ -68.64006664, -16.32857581 ], [ -68.6401849, -16.32892044 ], [ -68.64030327, -16.32920766 ], [ -68.64048102, -16.32953325 ], [ -68.64048096, -16.3295678 ], [ -68.64048053, -16.32980114 ], [ -68.64022271, -16.32991551 ], [ -68.64004444, -16.32987693 ], [ -68.63982653, -16.32983829 ], [ -68.63962687, -16.32988934 ], [ -68.63952915, -16.32991432 ], [ -68.63923156, -16.33010516 ], [ -68.63903316, -16.33023877 ], [ -68.63869614, -16.33031855 ], [ -68.63857682, -16.33054797 ], [ -68.63843769, -16.33077734 ], [ -68.63821943, -16.33093005 ], [ -68.63792194, -16.33106348 ], [ -68.63778284, -16.33127372 ], [ -68.63780223, -16.33150337 ], [ -68.63796031, -16.33175239 ], [ -68.63811855, -16.33190574 ], [ -68.63807857, -16.33209702 ], [ -68.63793954, -16.33226899 ], [ -68.63774099, -16.33247913 ], [ -68.63768094, -16.33280432 ], [ -68.63768052, -16.33303393 ], [ -68.63756077, -16.33349296 ], [ -68.63750087, -16.33374161 ], [ -68.63730221, -16.33400915 ], [ -68.63706399, -16.33423836 ], [ -68.63670704, -16.33437169 ], [ -68.63646911, -16.33444782 ], [ -68.63623131, -16.33444741 ], [ -68.6358151, -16.33448496 ], [ -68.63570924, -16.33456828 ], [ -68.6356768, -16.33459382 ], [ -68.6355968, -16.33465679 ], [ -68.63543798, -16.33480959 ], [ -68.63531883, -16.33494333 ], [ -68.63510082, -16.33496209 ], [ -68.63478375, -16.33496154 ], [ -68.63460551, -16.33490383 ], [ -68.63450604, -16.33511414 ], [ -68.63452925, -16.33513913 ], [ -68.63452864, -16.33513903 ], [ -68.63433016, -16.33530612 ], [ -68.63420591, -16.33552117 ], [ -68.63418065, -16.33578423 ], [ -68.63388326, -16.33585546 ], [ -68.63368532, -16.33573553 ], [ -68.63346243, -16.33571122 ], [ -68.63336357, -16.33559146 ], [ -68.63324007, -16.3353999 ], [ -68.63296773, -16.33532767 ], [ -68.63271989, -16.33539899 ], [ -68.63242295, -16.33523105 ], [ -68.63229946, -16.33503949 ], [ -68.63229982, -16.33484814 ], [ -68.63215182, -16.33451303 ], [ -68.63187957, -16.33439296 ], [ -68.63173095, -16.3343927 ], [ -68.63145851, -16.33436831 ], [ -68.63128526, -16.33429625 ], [ -68.63111213, -16.33415244 ], [ -68.63108776, -16.33393713 ], [ -68.63108794, -16.33384146 ], [ -68.63101381, -16.33374565 ], [ -68.63074152, -16.3336495 ], [ -68.63054326, -16.33369699 ], [ -68.63031997, -16.33388795 ], [ -68.63002268, -16.33391135 ], [ -68.62975043, -16.33379128 ], [ -68.62935433, -16.33367099 ], [ -68.62893296, -16.33381376 ], [ -68.6289821, -16.33402911 ], [ -68.62900659, -16.33417266 ], [ -68.62870921, -16.33424389 ], [ -68.62836238, -16.3342672 ], [ -68.62808964, -16.33441023 ], [ -68.62808918, -16.33464941 ], [ -68.62796465, -16.33500797 ], [ -68.62776603, -16.3352468 ], [ -68.62776549, -16.33553382 ], [ -68.62764105, -16.33584454 ], [ -68.6274178, -16.33601157 ], [ -68.6272482, -16.33605941 ], [ -68.62734945, -16.33581629 ], [ -68.62737522, -16.33529014 ], [ -68.62736777, -16.33520947 ], [ -68.62732667, -16.33476385 ], [ -68.62738102, -16.33416446 ], [ -68.62740257, -16.33392684 ], [ -68.62760182, -16.33335316 ], [ -68.62787529, -16.33282744 ], [ -68.62795034, -16.33243531 ], [ -68.62809946, -16.33217247 ], [ -68.62839693, -16.3320534 ], [ -68.6285959, -16.33162322 ], [ -68.62862139, -16.33124058 ], [ -68.62894413, -16.33085845 ], [ -68.62931599, -16.33069168 ], [ -68.62986111, -16.33059696 ], [ -68.63010981, -16.33022897 ], [ -68.63018402, -16.33011916 ], [ -68.6305068, -16.32971311 ], [ -68.63078039, -16.32911564 ], [ -68.6308061, -16.3286134 ], [ -68.63120345, -16.32806397 ], [ -68.63132895, -16.32800009 ], [ -68.6317542, -16.32738655 ], [ -68.63175123, -16.32733329 ], [ -68.63150383, -16.32717739 ], [ -68.63124381, -16.32714106 ], [ -68.63077321, -16.32712828 ], [ -68.63026544, -16.32712739 ], [ -68.62986894, -16.32722237 ], [ -68.62953449, -16.32725766 ], [ -68.6291259, -16.32719715 ], [ -68.62874177, -16.3273041 ], [ -68.62838227, -16.32748286 ], [ -68.62810951, -16.32763785 ], [ -68.6277002, -16.32796002 ], [ -68.62736547, -16.32813882 ], [ -68.62717929, -16.32835375 ], [ -68.62698086, -16.32849691 ], [ -68.62672064, -16.32856821 ], [ -68.62643561, -16.32866338 ], [ -68.6261505, -16.32879442 ], [ -68.62601402, -16.32892573 ], [ -68.62576623, -16.32897313 ], [ -68.62559277, -16.3290087 ], [ -68.62522102, -16.32911567 ], [ -68.62498553, -16.32921093 ], [ -68.62482434, -16.32930631 ], [ -68.62467545, -16.32944956 ], [ -68.62453914, -16.32948519 ], [ -68.62440277, -16.32955671 ], [ -68.62424136, -16.32977168 ], [ -68.62401811, -16.32993871 ], [ -68.62374384, -16.32999749 ], [ -68.62355575, -16.33016336 ], [ -68.62323704, -16.33037975 ], [ -68.6229463, -16.33065043 ], [ -68.62266502, -16.33087592 ], [ -68.62220568, -16.33119149 ], [ -68.62179324, -16.33146195 ], [ -68.62167145, -16.33150693 ], [ -68.62131532, -16.33170517 ], [ -68.621006, -16.33190349 ], [ -68.62059361, -16.33214682 ], [ -68.62034977, -16.33237238 ], [ -68.62008715, -16.33262502 ], [ -68.61982423, -16.33303134 ], [ -68.61955195, -16.33343764 ], [ -68.61933619, -16.33366325 ], [ -68.6191204, -16.33390694 ], [ -68.61870781, -16.3342497 ], [ -68.61841715, -16.33447518 ], [ -68.61812672, -16.33458313 ], [ -68.61783585, -16.33491707 ], [ -68.61738612, -16.33509706 ], [ -68.6168148, -16.33522258 ], [ -68.61662447, -16.33522223 ], [ -68.61651724, -16.33526942 ], [ -68.61638371, -16.33544779 ], [ -68.61626169, -16.33561028 ], [ -68.61611159, -16.33576369 ], [ -68.61608324, -16.33589923 ], [ -68.61572728, -16.33600706 ], [ -68.61534291, -16.33627756 ], [ -68.61531387, -16.33628856 ], [ -68.61529751, -16.3363113 ], [ -68.61475199, -16.33659732 ], [ -68.6141574, -16.33664407 ], [ -68.61376111, -16.33661943 ], [ -68.61316662, -16.33661834 ], [ -68.61272098, -16.33649793 ], [ -68.61222566, -16.33644918 ], [ -68.61150717, -16.33651961 ], [ -68.61051672, -16.33632644 ], [ -68.60991822, -16.33607642 ], [ -68.60953908, -16.33591802 ], [ -68.60911817, -16.33582157 ], [ -68.60869693, -16.33589255 ], [ -68.60842435, -16.33593988 ], [ -68.60800354, -16.33579559 ], [ -68.60770658, -16.33565152 ], [ -68.60738432, -16.33577052 ], [ -68.60706226, -16.33579383 ], [ -68.6068397, -16.33560207 ], [ -68.60617161, -16.33524205 ], [ -68.60575085, -16.33507384 ], [ -68.60545418, -16.33478627 ], [ -68.60530604, -16.33454681 ], [ -68.60498455, -16.33428311 ], [ -68.60476229, -16.33394783 ], [ -68.60444056, -16.33380372 ], [ -68.60426755, -16.33361205 ], [ -68.60399542, -16.33344411 ], [ -68.60359953, -16.33322811 ], [ -68.60335197, -16.33315589 ], [ -68.60300548, -16.33301172 ], [ -68.60283242, -16.33284397 ], [ -68.60256038, -16.33262819 ], [ -68.60232532, -16.33250338 ], [ -68.60217732, -16.33219216 ], [ -68.60190505, -16.33209597 ], [ -68.60148391, -16.3321191 ], [ -68.60111255, -16.33202272 ], [ -68.60086543, -16.33173524 ], [ -68.60049436, -16.33149535 ], [ -68.59990056, -16.33115937 ], [ -68.59960415, -16.3307522 ], [ -68.59901084, -16.33017704 ], [ -68.59846673, -16.32976939 ], [ -68.59757614, -16.32921757 ], [ -68.59683388, -16.32880955 ], [ -68.59619076, -16.32837779 ], [ -68.59546054, -16.32813721 ], [ -68.59491586, -16.32801657 ], [ -68.59454481, -16.32777668 ], [ -68.5944962, -16.32732214 ], [ -68.59454628, -16.32705914 ], [ -68.59481924, -16.32682048 ], [ -68.59486947, -16.32648572 ], [ -68.59462261, -16.32607863 ], [ -68.59442515, -16.3257434 ], [ -68.59440112, -16.32538458 ], [ -68.59435227, -16.32504963 ], [ -68.59410502, -16.32483389 ], [ -68.5938816, -16.32507264 ], [ -68.59346033, -16.32516751 ], [ -68.59306353, -16.32540592 ], [ -68.59269164, -16.32557263 ], [ -68.59249364, -16.3255005 ], [ -68.59237033, -16.32523716 ], [ -68.59224708, -16.3249499 ], [ -68.592025, -16.32454286 ], [ -68.59172787, -16.32449445 ], [ -68.59150495, -16.32449402 ], [ -68.59100957, -16.32449306 ], [ -68.59078704, -16.32430128 ], [ -68.59076292, -16.3239903 ], [ -68.59059048, -16.32353552 ], [ -68.59026908, -16.32324788 ], [ -68.59009635, -16.3229366 ], [ -68.58989899, -16.32255353 ], [ -68.58947832, -16.32236137 ], [ -68.58900741, -16.32250396 ], [ -68.58878414, -16.32267095 ], [ -68.58828836, -16.32286133 ], [ -68.58804077, -16.32281302 ], [ -68.58766959, -16.32264486 ], [ -68.58744662, -16.32266834 ], [ -68.58714899, -16.32285911 ], [ -68.58675271, -16.32284876 ], [ -68.58648055, -16.32270472 ], [ -68.58603486, -16.32263209 ], [ -68.58583737, -16.32232077 ], [ -68.58606094, -16.32201027 ], [ -68.58638328, -16.32184348 ], [ -68.58650793, -16.32146103 ], [ -68.58611143, -16.32155592 ], [ -68.58581401, -16.32165102 ], [ -68.58561591, -16.32162671 ], [ -68.58521996, -16.3214585 ], [ -68.58522056, -16.32117148 ], [ -68.58571674, -16.32078977 ], [ -68.58598975, -16.3205272 ], [ -68.58616434, -16.31995351 ], [ -68.5860415, -16.3194749 ], [ -68.58604311, -16.31870952 ], [ -68.58582145, -16.31811113 ], [ -68.58569882, -16.31753685 ], [ -68.58562574, -16.31695311 ], [ -68.58587468, -16.31635564 ], [ -68.58595054, -16.31561432 ], [ -68.58607559, -16.31504053 ], [ -68.58644801, -16.31461073 ], [ -68.58689404, -16.31451593 ], [ -68.58736782, -16.31447141 ], [ -68.58773999, -16.3141612 ], [ -68.58806229, -16.31400636 ], [ -68.58843409, -16.31387554 ], [ -68.58875652, -16.3136609 ], [ -68.58900479, -16.31337436 ], [ -68.5894757, -16.31321981 ], [ -68.5897859, -16.31293339 ], [ -68.58987338, -16.31255087 ], [ -68.589837, -16.31218007 ], [ -68.58987508, -16.31173287 ], [ -68.59013596, -16.31133873 ], [ -68.59022337, -16.31099208 ], [ -68.59028639, -16.310466 ], [ -68.59041754, -16.30992331 ], [ -68.59051741, -16.30954081 ], [ -68.59069152, -16.30918238 ], [ -68.5909897, -16.30871655 ], [ -68.5912503, -16.30845395 ], [ -68.59147377, -16.30817933 ], [ -68.59161081, -16.30778494 ], [ -68.59210739, -16.30718794 ], [ -68.59261635, -16.30659097 ], [ -68.59295148, -16.30621609 ], [ -68.59311306, -16.30592939 ], [ -68.59329974, -16.3054753 ], [ -68.59341198, -16.30509282 ], [ -68.59347459, -16.30475809 ], [ -68.59359944, -16.304268 ], [ -68.59382307, -16.30390966 ], [ -68.59419511, -16.30364727 ], [ -68.59450504, -16.30348044 ], [ -68.5947775, -16.303469 ], [ -68.59502536, -16.3033738 ], [ -68.5952114, -16.30323065 ], [ -68.59536, -16.30323093 ], [ -68.59555794, -16.30332699 ], [ -68.59558221, -16.30356622 ], [ -68.59547027, -16.30380518 ], [ -68.59544472, -16.30418783 ], [ -68.59530779, -16.30453438 ], [ -68.59530674, -16.30504862 ], [ -68.5951943, -16.30552677 ], [ -68.59498278, -16.30601669 ], [ -68.59474651, -16.3064946 ], [ -68.59451051, -16.30684097 ], [ -68.59437336, -16.30729515 ], [ -68.59437286, -16.30753433 ], [ -68.59453346, -16.30772599 ], [ -68.5947066, -16.30783395 ], [ -68.59496676, -16.30778661 ], [ -68.59523937, -16.30770342 ], [ -68.59551225, -16.30748868 ], [ -68.59568608, -16.30726179 ], [ -68.59587242, -16.30697513 ], [ -68.59602149, -16.30674819 ], [ -68.59614596, -16.30643749 ], [ -68.59633237, -16.30611495 ], [ -68.5964692, -16.30581862 ], [ -68.5965564, -16.30556765 ], [ -68.59663153, -16.30516118 ], [ -68.59678079, -16.30483857 ], [ -68.59688076, -16.30439627 ], [ -68.59691887, -16.30392994 ], [ -68.59687046, -16.30337972 ], [ -68.59689594, -16.30302817 ], [ -68.59685953, -16.30266933 ], [ -68.59684776, -16.30237033 ], [ -68.59684847, -16.30202351 ], [ -68.59688625, -16.30171265 ], [ -68.59703529, -16.30149767 ], [ -68.59728366, -16.30115133 ], [ -68.59733383, -16.30084048 ], [ -68.59749576, -16.30037439 ], [ -68.59763278, -16.29997999 ], [ -68.59788115, -16.29963365 ], [ -68.59807957, -16.29949052 ], [ -68.59834012, -16.29923987 ], [ -68.59853277, -16.29889103 ], [ -68.59891764, -16.29840144 ], [ -68.59927731, -16.29812706 ], [ -68.5995009, -16.29778067 ], [ -68.59976162, -16.2974463 ], [ -68.60022018, -16.29725582 ], [ -68.60046764, -16.29735196 ], [ -68.60081432, -16.29737654 ], [ -68.6013722, -16.29705469 ], [ -68.60186836, -16.29663706 ], [ -68.60216716, -16.29583636 ], [ -68.60254137, -16.29448568 ], [ -68.6027657, -16.29376855 ], [ -68.60287823, -16.2932306 ], [ -68.6030405, -16.29258511 ], [ -68.60319978, -16.29202755 ], [ -68.60332732, -16.29158108 ], [ -68.60351381, -16.29121069 ], [ -68.60370031, -16.29082835 ], [ -68.60389949, -16.29030252 ], [ -68.60407364, -16.28990819 ], [ -68.60408688, -16.28947769 ], [ -68.60411037, -16.28919551 ], [ -68.60413764, -16.28886786 ], [ -68.60411342, -16.28859276 ], [ -68.60392793, -16.28847282 ], [ -68.60369264, -16.28848434 ], [ -68.60345723, -16.28855565 ], [ -68.60336748, -16.28854855 ], [ -68.60314772, -16.28853115 ], [ -68.60293746, -16.28841116 ], [ -68.60275202, -16.28826731 ], [ -68.60257888, -16.28815935 ], [ -68.60246187, -16.28784819 ], [ -68.60235089, -16.28762076 ], [ -68.60223993, -16.28738136 ], [ -68.60215381, -16.28710614 ], [ -68.60219156, -16.28680724 ], [ -68.60226651, -16.28648448 ], [ -68.60235376, -16.28619762 ], [ -68.60245349, -16.28586295 ], [ -68.60252792, -16.28551418 ], [ -68.60244244, -16.28503395 ], [ -68.6022564, -16.28446409 ], [ -68.60197727, -16.28364093 ], [ -68.60189839, -16.28332848 ], [ -68.6017286, -16.28305836 ], [ -68.60163015, -16.28275919 ], [ -68.60148212, -16.28248385 ], [ -68.60132169, -16.28222045 ], [ -68.60107444, -16.28202864 ], [ -68.60086438, -16.28181298 ], [ -68.60056762, -16.28160911 ], [ -68.60012214, -16.28147672 ], [ -68.60007278, -16.28146426 ], [ -68.599788, -16.28139237 ], [ -68.59954027, -16.28143974 ], [ -68.59929224, -16.28163062 ], [ -68.59918039, -16.28183371 ], [ -68.59904366, -16.28209655 ], [ -68.59896231, -16.28226331 ], [ -68.59885715, -16.28247889 ], [ -68.59857197, -16.2826697 ], [ -68.59822511, -16.28275276 ], [ -68.59796521, -16.28269247 ], [ -68.59776739, -16.28254858 ], [ -68.59758227, -16.28224925 ], [ -68.5974467, -16.28193805 ], [ -68.59731138, -16.28150726 ], [ -68.59722539, -16.28117224 ], [ -68.59705273, -16.28083706 ], [ -68.5969418, -16.2805857 ], [ -68.59691763, -16.28029864 ], [ -68.5967943, -16.28005922 ], [ -68.59659638, -16.27996317 ], [ -68.59632413, -16.2798909 ], [ -68.59605217, -16.27967511 ], [ -68.59580491, -16.27949525 ], [ -68.5955453, -16.27929145 ], [ -68.59519896, -16.27912336 ], [ -68.59470384, -16.27905066 ], [ -68.59448305, -16.27906278 ], [ -68.5942554, -16.27921482 ], [ -68.59394608, -16.27944022 ], [ -68.59363685, -16.27962043 ], [ -68.59350102, -16.27972709 ], [ -68.5933461, -16.2801606 ], [ -68.59295996, -16.28055861 ], [ -68.59232895, -16.28098342 ], [ -68.59213311, -16.28111527 ], [ -68.5919399, -16.28138073 ], [ -68.59180185, -16.28159313 ], [ -68.59166313, -16.28212453 ], [ -68.59155243, -16.28241674 ], [ -68.59160676, -16.28276243 ], [ -68.59174416, -16.28286903 ], [ -68.59199176, -16.28292267 ], [ -68.59215701, -16.28286982 ], [ -68.59240483, -16.28281714 ], [ -68.5925975, -16.28281751 ], [ -68.59281741, -16.28295085 ], [ -68.59306468, -16.28316399 ], [ -68.59311918, -16.28342993 ], [ -68.59322823, -16.28393523 ], [ -68.59328284, -16.284148 ], [ -68.59355758, -16.28438778 ], [ -68.59380486, -16.28460092 ], [ -68.59402433, -16.28494693 ], [ -68.59407883, -16.28521287 ], [ -68.59394111, -16.28526577 ], [ -68.59374844, -16.2852654 ], [ -68.59355555, -16.28537137 ], [ -68.59347266, -16.28553071 ], [ -68.59344458, -16.28579649 ], [ -68.59327922, -16.28590251 ], [ -68.59300426, -16.28576906 ], [ -68.59289466, -16.2855296 ], [ -68.59253762, -16.28515674 ], [ -68.59201516, -16.28491648 ], [ -68.59140997, -16.28475581 ], [ -68.59124557, -16.2847555 ], [ -68.5908595, -16.28475475 ], [ -68.59061218, -16.28456819 ], [ -68.5905301, -16.28432878 ], [ -68.59047555, -16.28408942 ], [ -68.59006353, -16.28368987 ], [ -68.58956838, -16.28355599 ], [ -68.58945901, -16.28321019 ], [ -68.58943253, -16.28270506 ], [ -68.58949044, -16.28251409 ], [ -68.58970967, -16.28179112 ], [ -68.58995881, -16.28110043 ], [ -68.59001552, -16.28030304 ], [ -68.58992906, -16.27971003 ], [ -68.5898527, -16.27918621 ], [ -68.58966136, -16.27854784 ], [ -68.58941493, -16.27793594 ], [ -68.5890032, -16.27740347 ], [ -68.58823329, -16.27705639 ], [ -68.58762807, -16.27692229 ], [ -68.58693978, -16.27702728 ], [ -68.58603132, -16.27713184 ], [ -68.58521929, -16.27718342 ], [ -68.58453173, -16.27694282 ], [ -68.58367932, -16.27656898 ], [ -68.58331918, -16.27629244 ], [ -68.58301985, -16.27606259 ], [ -68.58269054, -16.27561002 ], [ -68.58241644, -16.27507781 ], [ -68.58225249, -16.27451923 ], [ -68.58225389, -16.27385465 ], [ -68.58214482, -16.27337593 ], [ -68.58178765, -16.27308281 ], [ -68.58137482, -16.27308199 ], [ -68.58107163, -16.27329406 ], [ -68.58079545, -16.27374543 ], [ -68.58062857, -16.27456919 ], [ -68.58057212, -16.27522835 ], [ -68.58040586, -16.27575969 ], [ -68.58048747, -16.27621177 ], [ -68.58070719, -16.27642487 ], [ -68.580817, -16.27655801 ], [ -68.58095388, -16.27690387 ], [ -68.58125584, -16.27727663 ], [ -68.58125511, -16.27762222 ], [ -68.58103436, -16.27788761 ], [ -68.58092348, -16.27825956 ], [ -68.58089534, -16.27855193 ], [ -68.58056456, -16.27879052 ], [ -68.5804535, -16.27924222 ], [ -68.5807831, -16.27956188 ], [ -68.58103058, -16.2796687 ], [ -68.58138821, -16.27974916 ], [ -68.58163586, -16.27977623 ], [ -68.58180071, -16.27990948 ], [ -68.58193771, -16.28020216 ], [ -68.58201977, -16.28044158 ], [ -68.5823214, -16.28097384 ], [ -68.58229286, -16.28145229 ], [ -68.58229168, -16.28201054 ], [ -68.58229078, -16.28243587 ], [ -68.58215204, -16.28296727 ], [ -68.58204082, -16.28349872 ], [ -68.58173727, -16.28387029 ], [ -68.58129634, -16.28413525 ], [ -68.58077317, -16.28424055 ], [ -68.58052545, -16.28424006 ], [ -68.58002997, -16.28426566 ], [ -68.57972699, -16.28437139 ], [ -68.57909378, -16.28444988 ], [ -68.57890168, -16.28418367 ], [ -68.57859955, -16.28389065 ], [ -68.57829764, -16.28349129 ], [ -68.57810629, -16.28287949 ], [ -68.57810736, -16.28237441 ], [ -68.57788809, -16.28194864 ], [ -68.57775121, -16.28160278 ], [ -68.57778348, -16.28138776 ], [ -68.57783498, -16.28104469 ], [ -68.57808365, -16.28059327 ], [ -68.5783875, -16.28007815 ], [ -68.57865246, -16.2796801 ], [ -68.57882929, -16.27941445 ], [ -68.57910554, -16.27893649 ], [ -68.57943711, -16.27832573 ], [ -68.57954867, -16.27763478 ], [ -68.5795502, -16.27691703 ], [ -68.57935856, -16.27643815 ], [ -68.5792222, -16.27585304 ], [ -68.57925091, -16.27529484 ], [ -68.57941716, -16.27476882 ], [ -68.57944701, -16.27367896 ], [ -68.57911844, -16.2728808 ], [ -68.57848726, -16.27202887 ], [ -68.57785499, -16.27168203 ], [ -68.57740185, -16.2712292 ], [ -68.5768521, -16.2709091 ], [ -68.57643996, -16.27058928 ], [ -68.57597312, -16.27010984 ], [ -68.57536822, -16.26984279 ], [ -68.57506651, -16.26936368 ], [ -68.57432418, -16.26901661 ], [ -68.57369153, -16.26885583 ], [ -68.5730852, -16.26925336 ], [ -68.57256276, -16.26903964 ], [ -68.57201279, -16.26882586 ], [ -68.57135291, -16.26853211 ], [ -68.57058244, -16.26847738 ], [ -68.57005918, -16.26863582 ], [ -68.56912317, -16.26876684 ], [ -68.56882084, -16.26858014 ], [ -68.56857449, -16.26796821 ], [ -68.56846545, -16.26748949 ], [ -68.56810791, -16.26738243 ], [ -68.56763947, -16.26764731 ], [ -68.56743813, -16.26794975 ], [ -68.56671754, -16.26835077 ], [ -68.56612564, -16.2688362 ], [ -68.56541687, -16.26942152 ], [ -68.56480922, -16.26960513 ], [ -68.56446356, -16.26970488 ], [ -68.56426125, -16.26961817 ], [ -68.56428352, -16.26937922 ], [ -68.56446106, -16.26923411 ], [ -68.56582344, -16.26838499 ], [ -68.56645192, -16.2680602 ], [ -68.56691261, -16.26759487 ], [ -68.56707388, -16.26738207 ], [ -68.56721482, -16.26712924 ], [ -68.56747739, -16.2668857 ], [ -68.56776813, -16.26660606 ], [ -68.56779683, -16.26631685 ], [ -68.56779745, -16.26603661 ], [ -68.56789143, -16.26585601 ], [ -68.56818224, -16.26554021 ], [ -68.5683697, -16.26540499 ], [ -68.56878178, -16.26527023 ], [ -68.56892241, -16.265153 ], [ -68.56901639, -16.26497239 ], [ -68.56907298, -16.26477363 ], [ -68.56904561, -16.26444814 ], [ -68.56888677, -16.2643303 ], [ -68.56881224, -16.26417647 ], [ -68.56902768, -16.26408652 ], [ -68.56924273, -16.26417735 ], [ -68.56936445, -16.26415048 ], [ -68.56959849, -16.26411479 ], [ -68.57004786, -16.26404339 ], [ -68.57072171, -16.26402667 ], [ -68.57112427, -16.26396421 ], [ -68.57157387, -16.26378432 ], [ -68.57207936, -16.26372207 ], [ -68.57248178, -16.26372288 ], [ -68.57314294, -16.26388706 ], [ -68.57344008, -16.26388766 ], [ -68.57377704, -16.26379266 ], [ -68.5740152, -16.26358266 ], [ -68.574313, -16.2632771 ], [ -68.57433368, -16.26287532 ], [ -68.57423512, -16.2626455 ], [ -68.57419637, -16.2622436 ], [ -68.57401842, -16.26209016 ], [ -68.57364217, -16.262032 ], [ -68.57342444, -16.26195502 ], [ -68.57330608, -16.26172517 ], [ -68.57324703, -16.26155284 ], [ -68.57312867, -16.26132298 ], [ -68.5728714, -16.26120766 ], [ -68.5725545, -16.26118788 ], [ -68.57235649, -16.26114921 ], [ -68.57207933, -16.26107212 ], [ -68.57192128, -16.26088045 ], [ -68.57174362, -16.26059307 ], [ -68.57176413, -16.26026782 ], [ -68.5718444, -16.25978962 ], [ -68.5719442, -16.25944157 ], [ -68.57214093, -16.25811697 ], [ -68.57219685, -16.25767179 ], [ -68.57206167, -16.25732155 ], [ -68.57175641, -16.25704998 ], [ -68.57172455, -16.25617955 ], [ -68.57189165, -16.25554151 ], [ -68.57186306, -16.25553152 ], [ -68.57176541, -16.2550165 ], [ -68.57156158, -16.25444298 ], [ -68.5718264, -16.2541311 ], [ -68.5721305, -16.25382379 ], [ -68.57250531, -16.25360913 ], [ -68.57278931, -16.25336972 ], [ -68.57238865, -16.25270233 ], [ -68.5720179, -16.25248576 ], [ -68.57140347, -16.25155576 ], [ -68.57125563, -16.2511561 ], [ -68.57104737, -16.25051273 ], [ -68.57075693, -16.2499103 ], [ -68.57059865, -16.24948239 ], [ -68.57086942, -16.24860049 ], [ -68.57159878, -16.24827165 ], [ -68.57187931, -16.24805721 ], [ -68.57237677, -16.24750416 ], [ -68.5723752, -16.24709366 ], [ -68.57283815, -16.24614134 ], [ -68.57350334, -16.24570979 ], [ -68.57471105, -16.24556186 ], [ -68.57487081, -16.24526789 ], [ -68.57516819, -16.24436992 ], [ -68.57591751, -16.24374159 ], [ -68.57646584, -16.24360014 ], [ -68.57690118, -16.24372201 ], [ -68.5773441, -16.24374176 ], [ -68.57749569, -16.24318048 ], [ -68.57731678, -16.24276543 ], [ -68.57721389, -16.24187809 ], [ -68.57682418, -16.24120258 ], [ -68.57649388, -16.24083336 ], [ -68.57659536, -16.23987124 ], [ -68.57689749, -16.23910767 ], [ -68.57729959, -16.23777771 ], [ -68.57782783, -16.23739019 ], [ -68.57861546, -16.23732763 ], [ -68.57889462, -16.23715775 ], [ -68.57900766, -16.23684485 ], [ -68.5790764, -16.23643731 ], [ -68.57938119, -16.23557241 ], [ -68.57986648, -16.23507151 ], [ -68.58044637, -16.23441986 ], [ -68.58062368, -16.23392417 ], [ -68.58028597, -16.2332075 ], [ -68.58012916, -16.23275891 ], [ -68.58012705, -16.23221273 ], [ -68.58052543, -16.23182517 ], [ -68.58120557, -16.23163472 ], [ -68.58214963, -16.23150222 ], [ -68.58302723, -16.23144726 ], [ -68.58388633, -16.23139968 ], [ -68.58429894, -16.23110736 ], [ -68.58483791, -16.23061892 ], [ -68.58565067, -16.22971111 ], [ -68.5863368, -16.22866102 ], [ -68.58685382, -16.22828366 ], [ -68.58733302, -16.22862023 ], [ -68.58783848, -16.22877117 ], [ -68.58803724, -16.22814149 ], [ -68.58796237, -16.22683792 ], [ -68.5883416, -16.22513718 ], [ -68.58879896, -16.22335594 ], [ -68.5895202, -16.22215792 ], [ -68.59027062, -16.22099583 ], [ -68.59132552, -16.21994748 ], [ -68.59202713, -16.21737115 ], [ -68.59283782, -16.21563939 ], [ -68.59325409, -16.21391 ], [ -68.59388468, -16.21298649 ], [ -68.59512104, -16.2130113 ], [ -68.59603784, -16.2125139 ], [ -68.59739918, -16.21043904 ], [ -68.59797884, -16.21002572 ], [ -68.59895536, -16.20930536 ], [ -68.60010569, -16.20861446 ], [ -68.60053031, -16.20778354 ], [ -68.60003456, -16.20727112 ], [ -68.59950079, -16.20648535 ], [ -68.59992038, -16.20408176 ], [ -68.60095682, -16.20260339 ], [ -68.60107821, -16.20046088 ], [ -68.60104173, -16.19926877 ], [ -68.60128741, -16.19735752 ], [ -68.60212949, -16.19663615 ], [ -68.60312386, -16.19693672 ], [ -68.60439471, -16.19761324 ], [ -68.60585169, -16.19851826 ], [ -68.60661123, -16.19846091 ], [ -68.607899, -16.19734451 ], [ -68.60975944, -16.19585112 ], [ -68.61126866, -16.19596724 ], [ -68.61154477, -16.19643694 ], [ -68.6111774, -16.19739589 ], [ -68.61036146, -16.19780604 ], [ -68.60976307, -16.19860887 ], [ -68.61078865, -16.19875019 ], [ -68.61182424, -16.19823238 ], [ -68.61275471, -16.19747754 ], [ -68.613501, -16.19788921 ], [ -68.61418385, -16.19905366 ], [ -68.61445503, -16.19984048 ], [ -68.61503213, -16.20025082 ], [ -68.61580587, -16.2001622 ], [ -68.61667535, -16.19990228 ], [ -68.61735503, -16.19983711 ], [ -68.61764529, -16.20082248 ], [ -68.61772696, -16.2011709 ], [ -68.6182334, -16.20127112 ], [ -68.61888024, -16.2006641 ], [ -68.6193365, -16.19996671 ], [ -68.62023133, -16.19937346 ], [ -68.62111935, -16.19956066 ], [ -68.62170209, -16.19910992 ], [ -68.62169996, -16.19858479 ], [ -68.62213216, -16.19819646 ], [ -68.62308318, -16.19831183 ], [ -68.62460078, -16.19812404 ], [ -68.62490191, -16.19730989 ], [ -68.62635184, -16.19718973 ], [ -68.62715112, -16.19764366 ], [ -68.62894669, -16.1991534 ], [ -68.63029222, -16.20049148 ], [ -68.63097296, -16.20256543 ], [ -68.63056527, -16.20377298 ], [ -68.63100353, -16.20539809 ], [ -68.63185053, -16.20633524 ], [ -68.63349093, -16.20709764 ], [ -68.63486028, -16.20720839 ], [ -68.63615867, -16.20777986 ], [ -68.63666284, -16.2090115 ], [ -68.63785791, -16.20981789 ], [ -68.63909355, -16.21013449 ], [ -68.63928179, -16.21079107 ], [ -68.6396861, -16.21138724 ], [ -68.6409841, -16.21162211 ], [ -68.64237475, -16.2122715 ], [ -68.64301632, -16.21349941 ], [ -68.64373934, -16.21459788 ], [ -68.6442215, -16.21635096 ], [ -68.6450982, -16.21776161 ], [ -68.64614585, -16.21833845 ], [ -68.64784468, -16.21826438 ], [ -68.64955359, -16.2177527 ], [ -68.65086185, -16.21743997 ], [ -68.65228267, -16.21743424 ], [ -68.65447098, -16.21789836 ], [ -68.65576295, -16.21844677 ], [ -68.65735796, -16.21916218 ], [ -68.65854494, -16.21956528 ], [ -68.65930682, -16.21933584 ], [ -68.66061971, -16.21877509 ], [ -68.66184861, -16.21856937 ], [ -68.66321765, -16.21851608 ], [ -68.66422009, -16.21827407 ], [ -68.665189, -16.21771796 ], [ -68.66536866, -16.21757033 ], [ -68.66547377, -16.21740828 ], [ -68.66549256, -16.21727915 ], [ -68.66551512, -16.21711415 ], [ -68.66558224, -16.21694921 ], [ -68.6656882, -16.21687369 ], [ -68.66601441, -16.21684106 ], [ -68.66636094, -16.21687031 ], [ -68.66686996, -16.21697642 ], [ -68.66718794, -16.21700081 ], [ -68.66795936, -16.21709438 ], [ -68.6681794, -16.21716084 ], [ -68.6685505, -16.21730493 ], [ -68.66904043, -16.2174492 ], [ -68.67078423, -16.21790364 ], [ -68.67204368, -16.21815803 ], [ -68.67324674, -16.21766547 ], [ -68.67438978, -16.21678601 ], [ -68.67540723, -16.21577473 ], [ -68.67783125, -16.21502041 ], [ -68.68062681, -16.21463906 ], [ -68.68237196, -16.21471343 ], [ -68.68396893, -16.2145723 ], [ -68.68539049, -16.21389463 ], [ -68.68662407, -16.21322452 ], [ -68.68893318, -16.21328378 ], [ -68.69022752, -16.21307705 ], [ -68.69218813, -16.21219707 ], [ -68.69408383, -16.21176068 ], [ -68.69707745, -16.21175531 ], [ -68.69991807, -16.21174765 ], [ -68.70201376, -16.2124922 ], [ -68.70317856, -16.21218639 ], [ -68.70401078, -16.21176873 ], [ -68.70579083, -16.2114423 ], [ -68.70701632, -16.21107397 ], [ -68.70928826, -16.20992936 ], [ -68.70995532, -16.20890477 ], [ -68.71101278, -16.20729169 ], [ -68.71224002, -16.20600175 ], [ -68.71349836, -16.2047547 ], [ -68.71527815, -16.20432202 ], [ -68.71709521, -16.20415696 ], [ -68.71848872, -16.20368813 ], [ -68.71904825, -16.20337583 ], [ -68.71940715, -16.20265229 ], [ -68.72016599, -16.20169175 ], [ -68.72044502, -16.20152152 ], [ -68.72173077, -16.20146419 ], [ -68.72263525, -16.20100498 ], [ -68.72410181, -16.20069247 ], [ -68.72660112, -16.19964933 ], [ -68.72855139, -16.19899406 ], [ -68.73065578, -16.19875755 ], [ -68.73201716, -16.19881907 ], [ -68.7327826, -16.19882792 ], [ -68.73522502, -16.19902975 ], [ -68.73686519, -16.19885239 ], [ -68.73816469, -16.1989138 ], [ -68.73937112, -16.19915447 ], [ -68.74045414, -16.19912589 ], [ -68.74170863, -16.19976677 ], [ -68.74236276, -16.20032279 ], [ -68.7436867, -16.20056536 ], [ -68.74588934, -16.20013364 ], [ -68.74834727, -16.19906166 ], [ -68.74978993, -16.19754751 ], [ -68.75041837, -16.197086 ], [ -68.75119575, -16.19592627 ], [ -68.75136685, -16.19569881 ], [ -68.75177442, -16.19525246 ], [ -68.75230129, -16.19470966 ], [ -68.75302657, -16.1940442 ], [ -68.75408552, -16.19357842 ], [ -68.75473608, -16.19318588 ], [ -68.75518822, -16.1929531 ], [ -68.7559027, -16.19270887 ], [ -68.75678953, -16.19227451 ], [ -68.7579058, -16.19170141 ], [ -68.75880392, -16.19118141 ], [ -68.75946741, -16.19073481 ], [ -68.75995065, -16.19035512 ], [ -68.760456, -16.19002605 ], [ -68.76105854, -16.18964095 ], [ -68.76152074, -16.18937632 ], [ -68.762185, -16.18905182 ], [ -68.76335988, -16.18838148 ], [ -68.76448611, -16.18760635 ], [ -68.76584871, -16.18678989 ], [ -68.76703466, -16.18609509 ], [ -68.7688668, -16.18530373 ], [ -68.77113239, -16.18451555 ], [ -68.77278323, -16.18439683 ], [ -68.77473333, -16.18439448 ], [ -68.7756059, -16.1838918 ], [ -68.77631255, -16.18326 ], [ -68.77674662, -16.18245319 ], [ -68.77791672, -16.18195255 ], [ -68.77896305, -16.18147708 ], [ -68.7797829, -16.18100294 ], [ -68.78063238, -16.18084693 ], [ -68.78188624, -16.18036969 ], [ -68.78328257, -16.18075242 ], [ -68.78449836, -16.18124256 ], [ -68.78516777, -16.18146159 ], [ -68.78612571, -16.18186515 ], [ -68.78770821, -16.18135327 ], [ -68.78832341, -16.18066418 ], [ -68.79006739, -16.17987323 ], [ -68.79153731, -16.18005328 ], [ -68.79280719, -16.18009022 ], [ -68.7947402, -16.18008113 ], [ -68.79660454, -16.18025942 ], [ -68.79850018, -16.18068988 ], [ -68.80006516, -16.18105405 ], [ -68.80086637, -16.18136235 ], [ -68.80238338, -16.18092802 ], [ -68.80315146, -16.1803804 ], [ -68.80384171, -16.18007128 ], [ -68.80458768, -16.17980312 ], [ -68.80522927, -16.17922341 ], [ -68.80573499, -16.1784202 ], [ -68.80644825, -16.17799031 ], [ -68.80714889, -16.17794154 ], [ -68.80760629, -16.17832144 ], [ -68.8078038, -16.17883827 ], [ -68.80787269, -16.17926887 ], [ -68.80777315, -16.17981413 ], [ -68.80772306, -16.18042641 ], [ -68.8077621, -16.1810005 ], [ -68.80806904, -16.18136897 ], [ -68.80849549, -16.1817331 ], [ -68.80875563, -16.18220724 ], [ -68.80911804, -16.18279904 ], [ -68.80946932, -16.18293978 ], [ -68.80987073, -16.18309856 ], [ -68.81034958, -16.18337559 ], [ -68.81050567, -16.18366007 ], [ -68.81066176, -16.18394455 ], [ -68.81101944, -16.18434441 ], [ -68.81136882, -16.18440837 ], [ -68.81184235, -16.18446946 ], [ -68.8123141, -16.18445857 ], [ -68.81278584, -16.18444767 ], [ -68.81313819, -16.18463159 ], [ -68.81366138, -16.18469153 ], [ -68.8140805, -16.18456182 ], [ -68.81427794, -16.18450925 ], [ -68.81465275, -16.18459662 ], [ -68.81507306, -16.18451489 ], [ -68.81531719, -16.1843412 ], [ -68.81548802, -16.18421722 ], [ -68.81573097, -16.18399555 ], [ -68.81602891, -16.18398866 ], [ -68.81603366, -16.18418061 ], [ -68.81589003, -16.18439999 ], [ -68.81579903, -16.18473818 ], [ -68.81580378, -16.18493013 ], [ -68.8159575, -16.18511863 ], [ -68.81611181, -16.18533113 ], [ -68.81624308, -16.18561617 ], [ -68.81612547, -16.18588296 ], [ -68.81588371, -16.18615262 ], [ -68.81584177, -16.18646568 ], [ -68.81585126, -16.18684957 ], [ -68.81573484, -16.18716434 ], [ -68.81543689, -16.18717123 ], [ -68.814987, -16.18706159 ], [ -68.81459032, -16.18709475 ], [ -68.8141712, -16.18722447 ], [ -68.81395545, -16.18754154 ], [ -68.81374207, -16.18795458 ], [ -68.81375335, -16.18841045 ], [ -68.81387106, -16.18915194 ], [ -68.81373217, -16.18956326 ], [ -68.81348506, -16.18961698 ], [ -68.81328405, -16.18952559 ], [ -68.8130872, -16.18960216 ], [ -68.81297017, -16.18989294 ], [ -68.81302695, -16.19017971 ], [ -68.81295971, -16.1906758 ], [ -68.81298907, -16.19105923 ], [ -68.81313856, -16.1914783 ], [ -68.81344458, -16.19179772 ], [ -68.81363, -16.19206231 ], [ -68.81373834, -16.19242471 ], [ -68.81386559, -16.19274827 ], [ -68.81405766, -16.19328158 ], [ -68.81416923, -16.1937745 ], [ -68.81431777, -16.19415518 ], [ -68.81446726, -16.19457425 ], [ -68.81455669, -16.19497549 ], [ -68.81450612, -16.19534157 ], [ -68.81443806, -16.19580407 ], [ -68.81456816, -16.19624278 ], [ -68.81457956, -16.19670345 ], [ -68.81458858, -16.19706814 ], [ -68.81472153, -16.19762203 ], [ -68.81490886, -16.1979634 ], [ -68.81511795, -16.19838109 ], [ -68.81538568, -16.19875901 ], [ -68.81551294, -16.19908256 ], [ -68.81556359, -16.19952311 ], [ -68.81557404, -16.19994539 ], [ -68.81550266, -16.20027353 ], [ -68.81547803, -16.20088483 ], [ -68.81566963, -16.20139895 ], [ -68.81577798, -16.20176135 ], [ -68.81560775, -16.20211098 ], [ -68.81561962, -16.20259084 ], [ -68.81582492, -16.20285497 ], [ -68.8159134, -16.20321783 ], [ -68.81582595, -16.20369998 ], [ -68.81565761, -16.20412639 ], [ -68.81546514, -16.20438051 ], [ -68.8152334, -16.20465473 ], [ -68.81496289, -16.20496827 ], [ -68.81473543, -16.20541524 ], [ -68.81473691, -16.2062022 ], [ -68.81483069, -16.20655144 ], [ -68.81483071, -16.20655149 ], [ -68.81483074, -16.20655154 ], [ -68.81483076, -16.20655159 ], [ -68.81483079, -16.20655164 ], [ -68.81505488, -16.20692229 ], [ -68.81505491, -16.20692234 ], [ -68.81505494, -16.20692238 ], [ -68.81505497, -16.20692243 ], [ -68.815055, -16.20692247 ], [ -68.81528847, -16.20724794 ], [ -68.8152885, -16.20724798 ], [ -68.81528853, -16.20724803 ], [ -68.81528857, -16.20724807 ], [ -68.8152886, -16.20724811 ], [ -68.81559698, -16.20757374 ], [ -68.81596163, -16.20782718 ], [ -68.81610189, -16.2079177 ], [ -68.81630761, -16.2080354 ], [ -68.81673792, -16.20811713 ], [ -68.81714027, -16.20807228 ], [ -68.81757078, -16.20793705 ], [ -68.81802001, -16.20778375 ], [ -68.81834767, -16.20756707 ], [ -68.81874088, -16.20728716 ], [ -68.81933304, -16.20723046 ], [ -68.81989882, -16.20700132 ], [ -68.82051723, -16.20689099 ], [ -68.82096182, -16.20678468 ], [ -68.82145489, -16.20662924 ], [ -68.82195152, -16.20661775 ], [ -68.82245588, -16.20691818 ], [ -68.82300812, -16.20714547 ], [ -68.823289, -16.20745106 ], [ -68.8237153, -16.20760924 ], [ -68.82426635, -16.20778854 ], [ -68.8246986, -16.20818665 ], [ -68.82483644, -16.20873562 ], [ -68.82487079, -16.20911893 ], [ -68.82468581, -16.20967537 ], [ -68.82445117, -16.21023295 ], [ -68.82436493, -16.2107631 ], [ -68.8243508, -16.21119555 ], [ -68.82465652, -16.21150056 ], [ -68.82497993, -16.21151708 ], [ -68.82530632, -16.21165357 ], [ -68.82568654, -16.21195685 ], [ -68.82606616, -16.21223615 ], [ -68.82636831, -16.2123972 ], [ -68.82657292, -16.21263253 ], [ -68.82702585, -16.21286211 ], [ -68.8274031, -16.21304543 ], [ -68.82763016, -16.21318421 ], [ -68.82791344, -16.21358577 ], [ -68.82809619, -16.21394164 ], [ -68.82820921, -16.21449118 ], [ -68.82828647, -16.21510156 ], [ -68.8284218, -16.21554855 ], [ -68.82874411, -16.21602122 ], [ -68.82884839, -16.21646893 ], [ -68.82886253, -16.21703876 ], [ -68.8289698, -16.21760644 ], [ -68.8289462, -16.21790707 ], [ -68.82852129, -16.21830702 ], [ -68.82800103, -16.21861916 ], [ -68.82772984, -16.21895553 ], [ -68.8274594, -16.21932189 ], [ -68.82696868, -16.21957332 ], [ -68.82679433, -16.22005749 ], [ -68.82658969, -16.22057237 ], [ -68.8262631, -16.2211801 ], [ -68.82612351, -16.22181351 ], [ -68.8260172, -16.22253617 ], [ -68.82615624, -16.22313312 ], [ -68.82635142, -16.22348871 ], [ -68.82669437, -16.22354079 ], [ -68.82725387, -16.22355784 ], [ -68.82790055, -16.22333281 ], [ -68.82844889, -16.22289999 ], [ -68.82919092, -16.22276277 ], [ -68.82987161, -16.22265698 ], [ -68.83061736, -16.22266971 ], [ -68.83136237, -16.22265245 ], [ -68.83160344, -16.22270448 ], [ -68.8317826, -16.22271473 ], [ -68.83193053, -16.22266809 ], [ -68.83219873, -16.22266187 ], [ -68.83235095, -16.22278798 ], [ -68.83232723, -16.2230334 ], [ -68.83228789, -16.22325037 ], [ -68.83220385, -16.22346838 ], [ -68.83212169, -16.22375121 ], [ -68.83189034, -16.22405181 ], [ -68.83163811, -16.22410087 ], [ -68.83144129, -16.2243291 ], [ -68.83121672, -16.22454275 ], [ -68.83116427, -16.22483205 ], [ -68.83112672, -16.225121 ], [ -68.83116188, -16.22533625 ], [ -68.83135925, -16.22558948 ], [ -68.83164763, -16.22568509 ], [ -68.83184204, -16.22570939 ], [ -68.83206305, -16.22560344 ], [ -68.83217832, -16.22544233 ], [ -68.83248765, -16.22529112 ], [ -68.83257241, -16.2251019 ], [ -68.8325823, -16.22490001 ], [ -68.83262057, -16.22463985 ], [ -68.83261557, -16.22443831 ], [ -68.83252223, -16.22428203 ], [ -68.83236965, -16.22414153 ], [ -68.83243703, -16.22373281 ], [ -68.83236704, -16.22343579 ], [ -68.83254227, -16.22328769 ], [ -68.83266004, -16.22322734 ], [ -68.83292753, -16.22319233 ], [ -68.83307617, -16.22317448 ], [ -68.83332947, -16.22316861 ], [ -68.83361008, -16.22306128 ], [ -68.83393788, -16.22305368 ], [ -68.83416317, -16.22312047 ], [ -68.83435902, -16.22320236 ], [ -68.83465845, -16.22325303 ], [ -68.83486741, -16.22326259 ], [ -68.83497851, -16.22353369 ], [ -68.83507471, -16.22380514 ], [ -68.83517019, -16.22404779 ], [ -68.83536747, -16.22418726 ], [ -68.83574632, -16.22423103 ], [ -68.83591198, -16.22390095 ], [ -68.83611307, -16.2235938 ], [ -68.83624073, -16.22333157 ], [ -68.83638437, -16.22311217 ], [ -68.83643825, -16.22288046 ], [ -68.83655101, -16.22261857 ], [ -68.83681635, -16.22249718 ], [ -68.8371122, -16.22240389 ], [ -68.83739387, -16.22233974 ], [ -68.83779296, -16.22220084 ], [ -68.83802778, -16.22205136 ], [ -68.83829097, -16.22184359 ], [ -68.83860137, -16.22173556 ], [ -68.83867265, -16.22160427 ], [ -68.83875811, -16.22144384 ], [ -68.83902202, -16.22126487 ], [ -68.83933205, -16.22114244 ], [ -68.83946078, -16.22092339 ], [ -68.83972469, -16.22074441 ], [ -68.84012448, -16.22063431 ], [ -68.84045156, -16.2205979 ], [ -68.84074992, -16.22060538 ], [ -68.84109262, -16.22059742 ], [ -68.84141863, -16.22051783 ], [ -68.84174643, -16.22051022 ], [ -68.84200152, -16.22057632 ], [ -68.84230059, -16.22061258 ], [ -68.8426117, -16.22053334 ], [ -68.84289015, -16.22033962 ], [ -68.8431221, -16.22007495 ], [ -68.84336895, -16.21980995 ], [ -68.84364846, -16.21965941 ], [ -68.84394144, -16.21945095 ], [ -68.84413013, -16.21924491 ], [ -68.84437841, -16.21903748 ], [ -68.84457103, -16.21898979 ], [ -68.84476043, -16.21881254 ], [ -68.84489089, -16.21846381 ], [ -68.84512547, -16.21830472 ], [ -68.84543855, -16.21810539 ], [ -68.84567026, -16.21783113 ], [ -68.84580502, -16.21765514 ], [ -68.84610158, -16.21759064 ], [ -68.84633615, -16.21743154 ], [ -68.84648743, -16.21712074 ], [ -68.84668084, -16.21690498 ], [ -68.84699535, -16.21676323 ], [ -68.84724979, -16.21660367 ], [ -68.84744606, -16.21650308 ], [ -68.84768111, -16.21636318 ], [ -68.8479152, -16.21618488 ], [ -68.84828692, -16.21594578 ], [ -68.84860286, -16.21586161 ], [ -68.84894107, -16.21587295 ], [ -68.84925749, -16.21580797 ], [ -68.8494315, -16.21561187 ], [ -68.84950475, -16.21536049 ], [ -68.84951888, -16.2151297 ], [ -68.84971228, -16.21491394 ], [ -68.85000405, -16.21465748 ], [ -68.85007682, -16.21438691 ], [ -68.85014815, -16.21405876 ], [ -68.85034107, -16.21382381 ], [ -68.85045404, -16.21357151 ], [ -68.85042461, -16.21318808 ], [ -68.8502779, -16.21288421 ], [ -68.85052658, -16.21249432 ], [ -68.85070059, -16.21229821 ], [ -68.85099762, -16.21225289 ], [ -68.85135138, -16.21209101 ], [ -68.85154142, -16.21174089 ], [ -68.85165248, -16.21141182 ], [ -68.85202323, -16.21113431 ], [ -68.85209265, -16.21072938 ], [ -68.85218145, -16.2103048 ], [ -68.85233367, -16.21003238 ], [ -68.85264721, -16.20985223 ], [ -68.85278101, -16.20963786 ], [ -68.85319458, -16.20940732 ], [ -68.85337197, -16.20931365 ], [ -68.85346064, -16.20928278 ], [ -68.85357966, -16.2092728 ], [ -68.85368377, -16.20926318 ], [ -68.85379569, -16.20926777 ], [ -68.85390815, -16.20929396 ], [ -68.85409593, -16.2093936 ], [ -68.85411462, -16.20942977 ], [ -68.85413331, -16.2094569 ], [ -68.85417071, -16.20949309 ], [ -68.85418941, -16.20950214 ], [ -68.85420813, -16.20950216 ], [ -68.85422684, -16.20949313 ], [ -68.85429238, -16.20943893 ], [ -68.85433921, -16.20936664 ], [ -68.85437672, -16.20924915 ], [ -68.85437676, -16.20919491 ], [ -68.85436743, -16.20916778 ], [ -68.85434873, -16.20914065 ], [ -68.85433003, -16.20912256 ], [ -68.85430196, -16.20913158 ], [ -68.85427388, -16.2091406 ], [ -68.85416156, -16.20921284 ], [ -68.85412411, -16.20923994 ], [ -68.85404203, -16.2092822 ], [ -68.85395201, -16.20925909 ], [ -68.85386198, -16.20923598 ], [ -68.85382502, -16.2091485 ], [ -68.85377284, -16.20904888 ], [ -68.85373389, -16.20888174 ], [ -68.85373102, -16.20876658 ], [ -68.8537285, -16.20866581 ], [ -68.85363853, -16.20841155 ], [ -68.85356979, -16.20827939 ], [ -68.85355954, -16.20811758 ], [ -68.85362379, -16.20795404 ], [ -68.85369634, -16.20787433 ], [ -68.85380704, -16.20782974 ], [ -68.8539665, -16.20774801 ], [ -68.85406223, -16.20760174 ], [ -68.8541036, -16.20751675 ], [ -68.85413224, -16.20742006 ], [ -68.85414787, -16.20729966 ], [ -68.85419544, -16.20721453 ], [ -68.85425468, -16.20709911 ], [ -68.85428863, -16.20696629 ], [ -68.85434832, -16.20686887 ], [ -68.85445251, -16.20681243 ], [ -68.85458212, -16.2067794 ], [ -68.85469327, -16.20675281 ], [ -68.85481006, -16.20675283 ], [ -68.85491159, -16.20678973 ], [ -68.85498704, -16.20682639 ], [ -68.85501343, -16.20688819 ], [ -68.85511844, -16.20691455 ], [ -68.85521717, -16.20688825 ], [ -68.85527581, -16.20684847 ], [ -68.85537026, -16.20679997 ], [ -68.8553983, -16.20683615 ], [ -68.85541701, -16.2068452 ], [ -68.85543573, -16.20683617 ], [ -68.85546382, -16.20680003 ], [ -68.85548257, -16.2067458 ], [ -68.85550137, -16.20663733 ], [ -68.85550142, -16.20655597 ], [ -68.8555015, -16.20645653 ], [ -68.8555015, -16.20644749 ], [ -68.85549215, -16.20643845 ], [ -68.8554828, -16.2064294 ], [ -68.85547345, -16.20642939 ], [ -68.85546409, -16.20642939 ], [ -68.85545474, -16.20642938 ], [ -68.85544537, -16.20643841 ], [ -68.85542665, -16.20645648 ], [ -68.85537982, -16.20651973 ], [ -68.85535171, -16.20658299 ], [ -68.85534229, -16.20667338 ], [ -68.8552545, -16.20679135 ], [ -68.85514028, -16.20679401 ], [ -68.85510845, -16.20671313 ], [ -68.85510569, -16.20660276 ], [ -68.85514871, -16.20653454 ], [ -68.8552317, -16.20647499 ], [ -68.85524965, -16.20639775 ], [ -68.85524265, -16.20631629 ], [ -68.85533085, -16.20626622 ], [ -68.85537848, -16.20618349 ], [ -68.85535499, -16.20598128 ], [ -68.85543062, -16.20568414 ], [ -68.85569077, -16.20550585 ], [ -68.85582432, -16.20503278 ], [ -68.8561404, -16.20475534 ], [ -68.85630688, -16.20445738 ], [ -68.85622677, -16.20398511 ], [ -68.85606822, -16.2036053 ], [ -68.85583756, -16.20332259 ], [ -68.8554615, -16.20318731 ], [ -68.8549764, -16.20316259 ], [ -68.85449579, -16.20331783 ], [ -68.85408876, -16.20343534 ], [ -68.85390522, -16.20354764 ], [ -68.85335101, -16.20374059 ], [ -68.85313022, -16.20385376 ], [ -68.85261326, -16.20404585 ], [ -68.85231618, -16.20408877 ], [ -68.85193923, -16.2039175 ], [ -68.85145412, -16.20389278 ], [ -68.8512652, -16.20378914 ], [ -68.85073388, -16.20340539 ], [ -68.85009082, -16.20302424 ], [ -68.84967035, -16.2026019 ], [ -68.84921084, -16.20210845 ], [ -68.84875312, -16.20168697 ], [ -68.84848164, -16.20126116 ], [ -68.84861897, -16.20078984 ], [ -68.84886983, -16.20038789 ], [ -68.84900734, -16.19992376 ], [ -68.8489176, -16.19931368 ], [ -68.84834188, -16.19864287 ], [ -68.84784962, -16.19833023 ], [ -68.84765622, -16.19804664 ], [ -68.8472757, -16.1977314 ], [ -68.84654832, -16.19695609 ], [ -68.84593985, -16.19646609 ], [ -68.84515411, -16.19634031 ], [ -68.84470717, -16.1963507 ], [ -68.84436928, -16.19625052 ], [ -68.84409423, -16.19568075 ], [ -68.84374917, -16.19529266 ], [ -68.84309809, -16.19458758 ], [ -68.8427876, -16.19409065 ], [ -68.84248158, -16.19377367 ], [ -68.84232186, -16.19334526 ], [ -68.84201315, -16.1929203 ], [ -68.84199973, -16.19238047 ], [ -68.84232329, -16.19190482 ], [ -68.84271686, -16.19124749 ], [ -68.84311759, -16.19087808 ], [ -68.84355288, -16.19039983 ], [ -68.84398369, -16.18974164 ], [ -68.84426821, -16.18919487 ], [ -68.84465729, -16.1883576 ], [ -68.84480031, -16.18761606 ], [ -68.84493758, -16.18689267 ], [ -68.845018, -16.18638066 ], [ -68.84528239, -16.18577434 ], [ -68.84570943, -16.18546433 ], [ -68.84632642, -16.18529994 ], [ -68.84637579, -16.18478865 ], [ -68.84648874, -16.1843359 ], [ -68.84719957, -16.18419933 ], [ -68.84775598, -16.18409637 ], [ -68.84815048, -16.18372709 ], [ -68.84838607, -16.18321147 ], [ -68.8482425, -16.18243459 ], [ -68.84857343, -16.18200677 ], [ -68.84859401, -16.18158617 ], [ -68.84886661, -16.18130976 ], [ -68.84917173, -16.1810926 ], [ -68.84928466, -16.18063984 ], [ -68.8491796, -16.18016215 ], [ -68.84917064, -16.17980226 ], [ -68.84947576, -16.1795851 ], [ -68.849653, -16.17922087 ], [ -68.84995364, -16.17882377 ], [ -68.85051002, -16.1787208 ], [ -68.85068951, -16.17844654 ], [ -68.85086578, -16.17792972 ], [ -68.85028459, -16.17664773 ], [ -68.85001356, -16.17630401 ], [ -68.84997618, -16.17624974 ], [ -68.84997615, -16.1762497 ], [ -68.84997612, -16.17624966 ], [ -68.84977998, -16.17596941 ], [ -68.84935572, -16.17555443 ], [ -68.8491257, -16.17529571 ], [ -68.84879457, -16.17496731 ], [ -68.84846584, -16.17473489 ], [ -68.84806681, -16.17467215 ], [ -68.84777067, -16.17475106 ], [ -68.84735159, -16.17488084 ], [ -68.84700102, -16.17476896 ], [ -68.84665344, -16.17477704 ], [ -68.84627923, -16.17471372 ], [ -68.84599896, -16.17443216 ], [ -68.84586228, -16.17393119 ], [ -68.84575223, -16.17350163 ], [ -68.84554584, -16.17319434 ], [ -68.84533707, -16.17279108 ], [ -68.84512711, -16.17233983 ], [ -68.84501765, -16.17193426 ], [ -68.84490879, -16.17155268 ], [ -68.84472604, -16.17119682 ], [ -68.84456514, -16.17072043 ], [ -68.84442966, -16.17026745 ], [ -68.844319, -16.16981389 ], [ -68.84433488, -16.16945342 ], [ -68.84444826, -16.16901866 ], [ -68.84458827, -16.16865531 ], [ -68.844652, -16.1682217 ], [ -68.84483986, -16.16778522 ], [ -68.84508096, -16.16749153 ], [ -68.84531788, -16.16702989 ], [ -68.84516176, -16.16674544 ], [ -68.84478578, -16.16661014 ], [ -68.84441278, -16.1665948 ], [ -68.84414268, -16.16672111 ], [ -68.84374247, -16.16661038 ], [ -68.84360998, -16.16627736 ], [ -68.84379904, -16.16588886 ], [ -68.84441731, -16.16577846 ], [ -68.8447909, -16.1658178 ], [ -68.84504257, -16.16574953 ], [ -68.84563661, -16.1656637 ], [ -68.84625727, -16.16564927 ], [ -68.84656866, -16.1651859 ], [ -68.84667905, -16.16463117 ], [ -68.84661566, -16.16408049 ], [ -68.84652924, -16.16360237 ], [ -68.84634769, -16.1632945 ], [ -68.84626545, -16.16298432 ], [ -68.84652898, -16.16259409 ], [ -68.84684694, -16.16239464 ], [ -68.84694146, -16.16220039 ], [ -68.84713469, -16.16197983 ], [ -68.84757976, -16.16189746 ], [ -68.84792493, -16.1617934 ], [ -68.84814359, -16.16159626 ], [ -68.84851537, -16.16156361 ], [ -68.84886592, -16.16167549 ], [ -68.84916742, -16.16181251 ], [ -68.84961428, -16.16180212 ], [ -68.84995945, -16.16169806 ], [ -68.85030343, -16.16154601 ], [ -68.85067402, -16.16146537 ], [ -68.8509471, -16.16145901 ], [ -68.85146366, -16.16125494 ], [ -68.85170534, -16.16098523 ], [ -68.85204931, -16.16083319 ], [ -68.85226556, -16.16054007 ], [ -68.85258232, -16.16029263 ], [ -68.85287065, -16.15990181 ], [ -68.85293436, -16.1594682 ], [ -68.85296966, -16.15889121 ], [ -68.85300854, -16.15845819 ], [ -68.85334354, -16.15794624 ], [ -68.85368631, -16.15774621 ], [ -68.85435599, -16.1577066 ], [ -68.85480404, -16.15774418 ], [ -68.855148, -16.15759213 ], [ -68.85549616, -16.15760802 ], [ -68.85587512, -16.15786327 ], [ -68.85629727, -16.15785824 ], [ -68.85660115, -16.15809122 ], [ -68.85683176, -16.15837393 ], [ -68.85711741, -16.15887142 ], [ -68.85725112, -16.15925241 ], [ -68.85723827, -16.15973285 ], [ -68.85732531, -16.16023496 ], [ -68.85733369, -16.16057086 ], [ -68.85712044, -16.16098395 ], [ -68.85698765, -16.16163523 ], [ -68.85712435, -16.16213618 ], [ -68.85747849, -16.16239201 ], [ -68.85797681, -16.16245241 ], [ -68.85833098, -16.1624976 ], [ -68.85880414, -16.16255796 ], [ -68.85922738, -16.16259611 ], [ -68.85977714, -16.16272733 ], [ -68.86030267, -16.16288313 ], [ -68.86112972, -16.16317593 ], [ -68.86161219, -16.1635968 ], [ -68.86184821, -16.16409544 ], [ -68.86211445, -16.16480943 ], [ -68.86212823, -16.16536127 ], [ -68.86209056, -16.16584228 ], [ -68.86192397, -16.16613425 ], [ -68.86151511, -16.16667194 ], [ -68.86150047, -16.16708039 ], [ -68.86175952, -16.16750648 ], [ -68.86194289, -16.16788631 ], [ -68.8619821, -16.16846156 ], [ -68.86199348, -16.16891742 ], [ -68.86200307, -16.16930131 ], [ -68.86198843, -16.16970976 ], [ -68.86202464, -16.17016505 ], [ -68.86210871, -16.1705472 ], [ -68.86236417, -16.17082932 ], [ -68.86254515, -16.17111318 ], [ -68.86279762, -16.17127534 ], [ -68.86304529, -16.17124555 ], [ -68.86323671, -16.17095301 ], [ -68.86345056, -16.17056391 ], [ -68.86361835, -16.17031992 ], [ -68.86368264, -16.16991031 ], [ -68.86392012, -16.16947264 ], [ -68.86410974, -16.16910811 ], [ -68.86427214, -16.16864819 ], [ -68.86448586, -16.1682543 ], [ -68.86479782, -16.16781489 ], [ -68.86500746, -16.16725784 ], [ -68.86532241, -16.1669384 ], [ -68.86566278, -16.16664237 ], [ -68.86589965, -16.16618071 ], [ -68.86618437, -16.16564591 ], [ -68.86647329, -16.16527907 ], [ -68.86678464, -16.16481567 ], [ -68.86704813, -16.1644254 ], [ -68.86720751, -16.16384552 ], [ -68.86739412, -16.16336102 ], [ -68.86758133, -16.16290052 ], [ -68.86764441, -16.16244292 ], [ -68.86763241, -16.16196306 ], [ -68.86777117, -16.1615517 ], [ -68.86786267, -16.16123748 ], [ -68.86775317, -16.16083192 ], [ -68.867964, -16.16032285 ], [ -68.86802948, -16.15996122 ], [ -68.86809075, -16.15943164 ], [ -68.86815203, -16.15890205 ], [ -68.86834103, -16.15851353 ], [ -68.86849741, -16.15781368 ], [ -68.86833238, -16.15717415 ], [ -68.8682441, -16.15662405 ], [ -68.86818425, -16.15621734 ], [ -68.86797666, -16.15586208 ], [ -68.86786596, -16.15540854 ], [ -68.86773463, -16.15512352 ], [ -68.86752584, -16.15472028 ], [ -68.86738972, -16.15424332 ], [ -68.86728202, -16.15390974 ], [ -68.86697213, -16.15343684 ], [ -68.86673611, -16.15293821 ], [ -68.86627307, -16.15230084 ], [ -68.86583427, -16.15163889 ], [ -68.86556888, -16.15109279 ], [ -68.86531056, -16.15056121 ], [ -68.8650297, -16.15025567 ], [ -68.86461872, -16.14971311 ], [ -68.8642538, -16.14902543 ], [ -68.86389127, -16.14843372 ], [ -68.86370612, -16.14798191 ], [ -68.86359064, -16.14733642 ], [ -68.86345213, -16.14676349 ], [ -68.8634826, -16.14599456 ], [ -68.86368983, -16.14534154 ], [ -68.86390186, -16.14488046 ], [ -68.86427001, -16.14470382 ], [ -68.86463577, -16.14443121 ], [ -68.86467583, -16.14404616 ], [ -68.86449067, -16.14359435 ], [ -68.86440853, -16.14328899 ], [ -68.86444799, -16.14287995 ], [ -68.86471085, -16.1424657 ], [ -68.86505178, -16.14219366 ], [ -68.86534187, -16.1418748 ], [ -68.86550304, -16.14136689 ], [ -68.86593666, -16.14082862 ], [ -68.86632663, -16.14053143 ], [ -68.86683352, -16.13994343 ], [ -68.86727134, -16.1395731 ], [ -68.86788291, -16.13919872 ], [ -68.8686198, -16.13886941 ], [ -68.86920894, -16.13859158 ], [ -68.86986716, -16.13809606 ], [ -68.87030676, -16.1377977 ], [ -68.87056901, -16.13735945 ], [ -68.87083065, -16.1368972 ], [ -68.87109469, -16.13653093 ], [ -68.87133752, -16.13630919 ], [ -68.87195147, -16.13603077 ], [ -68.87226396, -16.13561534 ], [ -68.87252311, -16.13449776 ], [ -68.8724357, -16.13390232 ], [ -68.8724264, -16.13369439 ], [ -68.87260429, -16.13353178 ], [ -68.87277297, -16.13300755 ], [ -68.87285573, -16.13245001 ], [ -68.87315317, -16.13232723 ], [ -68.87336124, -16.13199727 ], [ -68.87337643, -16.13146627 ], [ -68.87340644, -16.13096399 ], [ -68.8734661, -16.13053348 ], [ -68.87361481, -16.13017478 ], [ -68.87374868, -16.12977302 ], [ -68.87407551, -16.12947183 ], [ -68.87435774, -16.12927108 ], [ -68.87456576, -16.12901287 ], [ -68.87477386, -16.1286255 ], [ -68.87499672, -16.12839601 ], [ -68.87518986, -16.12818085 ], [ -68.87529394, -16.12795129 ], [ -68.87544257, -16.12769305 ], [ -68.87576926, -16.12760713 ], [ -68.87605139, -16.12754989 ], [ -68.87615544, -16.12734903 ], [ -68.87627436, -16.12711947 ], [ -68.87655652, -16.12701918 ], [ -68.876809, -16.12689016 ], [ -68.87701696, -16.12671806 ], [ -68.87710618, -16.12650284 ], [ -68.87722503, -16.12637375 ], [ -68.87746257, -16.12638823 ], [ -68.87777441, -16.1263023 ], [ -68.87795271, -16.12608139 ], [ -68.87807153, -16.1260097 ], [ -68.87838339, -16.12589507 ], [ -68.87859129, -16.12582343 ], [ -68.87869532, -16.12565127 ], [ -68.87888842, -16.12550787 ], [ -68.87912602, -16.12542189 ], [ -68.8793933, -16.12536464 ], [ -68.87955669, -16.12524992 ], [ -68.87979436, -16.12504913 ], [ -68.87989842, -16.12483392 ], [ -68.8798688, -16.12470474 ], [ -68.87991354, -16.12437468 ], [ -68.88007693, -16.12424561 ], [ -68.88027001, -16.1241309 ], [ -68.88041856, -16.12398747 ], [ -68.88052262, -16.123778 ], [ -68.8805694, -16.12344757 ], [ -68.88088787, -16.12262509 ], [ -68.88100054, -16.12188386 ], [ -68.88098716, -16.12146894 ], [ -68.88114767, -16.12128119 ], [ -68.88120724, -16.12097984 ], [ -68.88132621, -16.12063547 ], [ -68.88147486, -16.12033417 ], [ -68.88156406, -16.1201333 ], [ -68.88163846, -16.11984631 ], [ -68.88160896, -16.11953056 ], [ -68.88154975, -16.11922915 ], [ -68.88154992, -16.11894212 ], [ -68.88150553, -16.11868376 ], [ -68.88152124, -16.11828293 ], [ -68.88162045, -16.11788832 ], [ -68.88184331, -16.11760141 ], [ -68.88204144, -16.11730253 ], [ -68.88221479, -16.11705148 ], [ -68.88242519, -16.11692004 ], [ -68.8824872, -16.11666892 ], [ -68.8825863, -16.1164537 ], [ -68.88279668, -16.11635814 ], [ -68.88293291, -16.11613098 ], [ -68.88305669, -16.11602341 ], [ -68.88324228, -16.1159996 ], [ -68.88345267, -16.11588011 ], [ -68.88361362, -16.11568885 ], [ -68.88376214, -16.11558129 ], [ -68.88396009, -16.1155814 ], [ -68.88421995, -16.11549783 ], [ -68.88436853, -16.11528263 ], [ -68.88451706, -16.11517508 ], [ -68.88464079, -16.11513927 ], [ -68.88483878, -16.11506762 ], [ -68.88503686, -16.11484049 ], [ -68.88517303, -16.11470901 ], [ -68.88544525, -16.1146374 ], [ -68.88566802, -16.11450596 ], [ -68.88589075, -16.11443432 ], [ -68.88607635, -16.11439854 ], [ -68.8863609, -16.11438673 ], [ -68.8866084, -16.11427923 ], [ -68.88681881, -16.11411191 ], [ -68.88694263, -16.11393258 ], [ -68.8870665, -16.11366953 ], [ -68.88719034, -16.11345433 ], [ -68.88738843, -16.11320328 ], [ -68.88753695, -16.11308376 ], [ -68.88767308, -16.11301208 ], [ -68.88790818, -16.11294044 ], [ -68.88808142, -16.11288073 ], [ -68.88825468, -16.11278515 ], [ -68.88839078, -16.11274934 ], [ -68.88867537, -16.11268969 ], [ -68.88895994, -16.112642 ], [ -68.88913315, -16.11263013 ], [ -68.88934346, -16.1126422 ], [ -68.88956618, -16.11258252 ], [ -68.88973944, -16.11248693 ], [ -68.88990031, -16.11241526 ], [ -68.89006858, -16.11238664 ], [ -68.89034084, -16.11224326 ], [ -68.89050176, -16.11206395 ], [ -68.89057609, -16.11189656 ], [ -68.89061331, -16.11169326 ], [ -68.8907495, -16.11150198 ], [ -68.89093512, -16.11143032 ], [ -68.89112076, -16.11129886 ], [ -68.89120743, -16.11116734 ], [ -68.89124465, -16.11097601 ], [ -68.89130664, -16.11073685 ], [ -68.8912821, -16.11037087 ], [ -68.89115401, -16.11001049 ], [ -68.89136018, -16.10920602 ], [ -68.89141673, -16.10840148 ], [ -68.89140013, -16.10818816 ], [ -68.89160504, -16.10800304 ], [ -68.89171648, -16.10783566 ], [ -68.89176608, -16.10762041 ], [ -68.89184041, -16.1074291 ], [ -68.89193946, -16.10728563 ], [ -68.89202614, -16.1071302 ], [ -68.89210048, -16.10692692 ], [ -68.89215008, -16.10671168 ], [ -68.89215019, -16.10650836 ], [ -68.89203894, -16.10633848 ], [ -68.89208858, -16.10605148 ], [ -68.89224957, -16.10574061 ], [ -68.89234863, -16.10557322 ], [ -68.89244772, -16.105358 ], [ -68.8925097, -16.10511884 ], [ -68.89253459, -16.10485574 ], [ -68.89246042, -16.10474807 ], [ -68.89216187, -16.10468177 ], [ -68.8918338, -16.10467843 ], [ -68.89157396, -16.10475005 ], [ -68.8914254, -16.10495329 ], [ -68.8912397, -16.10519239 ], [ -68.89109114, -16.10538366 ], [ -68.89079419, -16.10545527 ], [ -68.89034885, -16.10541916 ], [ -68.89001482, -16.10544291 ], [ -68.88957184, -16.10517547 ], [ -68.88936749, -16.1050096 ], [ -68.8890459, -16.10490179 ], [ -68.88886036, -16.1048419 ], [ -68.88876147, -16.10471029 ], [ -68.88868742, -16.10438735 ], [ -68.88869992, -16.10416012 ], [ -68.88876185, -16.10401664 ], [ -68.88874956, -16.10387312 ], [ -68.88862594, -16.10371758 ], [ -68.888527, -16.10365773 ], [ -68.88831675, -16.10356194 ], [ -68.88815596, -16.10350206 ], [ -68.88794571, -16.10339431 ], [ -68.88790868, -16.10323882 ], [ -68.88783456, -16.10304742 ], [ -68.88790896, -16.10273651 ], [ -68.88802038, -16.10259306 ], [ -68.88813178, -16.10249744 ], [ -68.88828032, -16.10233487 ], [ -68.88840417, -16.10208378 ], [ -68.88851555, -16.10201208 ], [ -68.88867644, -16.10189257 ], [ -68.88876315, -16.1016893 ], [ -68.88881278, -16.10142621 ], [ -68.8888253, -16.10115115 ], [ -68.88882538, -16.10100763 ], [ -68.88886264, -16.1007565 ], [ -68.88886272, -16.10061299 ], [ -68.88891239, -16.10026618 ], [ -68.88886301, -16.10008676 ], [ -68.88880129, -16.09984754 ], [ -68.8888138, -16.09959639 ], [ -68.88882624, -16.09946485 ], [ -68.88885114, -16.09917783 ], [ -68.88864452, -16.09895608 ], [ -68.88863535, -16.09880841 ], [ -68.88873853, -16.09822989 ], [ -68.88842132, -16.09693698 ], [ -68.88833066, -16.09647677 ], [ -68.88841994, -16.09600592 ], [ -68.88861805, -16.09568311 ], [ -68.88866766, -16.09544394 ], [ -68.88861831, -16.09520473 ], [ -68.88875465, -16.09473837 ], [ -68.88879191, -16.09447528 ], [ -68.88890348, -16.09404479 ], [ -68.88917579, -16.0937579 ], [ -68.8894356, -16.09369824 ], [ -68.88958415, -16.09350935 ], [ -68.88976982, -16.0933181 ], [ -68.88999254, -16.09322253 ], [ -68.8901658, -16.09307911 ], [ -68.89026486, -16.09289977 ], [ -68.8903145, -16.09262472 ], [ -68.8904383, -16.09243343 ], [ -68.89057446, -16.09227802 ], [ -68.89043851, -16.09206268 ], [ -68.89053763, -16.0917757 ], [ -68.8907109, -16.09162031 ], [ -68.89093363, -16.09150083 ], [ -68.89120584, -16.09138137 ], [ -68.89139141, -16.09135755 ], [ -68.89166361, -16.09126201 ], [ -68.89193579, -16.09120235 ], [ -68.89214613, -16.09110678 ], [ -68.89234413, -16.09097532 ], [ -68.89260397, -16.09085586 ], [ -68.89283905, -16.09077226 ], [ -68.89295042, -16.09071252 ], [ -68.8930247, -16.09059296 ], [ -68.89305702, -16.09030594 ], [ -68.89312054, -16.09007097 ], [ -68.89339133, -16.08970813 ], [ -68.89352751, -16.08951684 ], [ -68.89370083, -16.08925382 ], [ -68.89386175, -16.08905058 ], [ -68.89415873, -16.08887134 ], [ -68.89433196, -16.08877574 ], [ -68.89466305, -16.08870635 ], [ -68.89488887, -16.08829763 ], [ -68.8950003, -16.08810634 ], [ -68.895087, -16.08790306 ], [ -68.89530973, -16.08777162 ], [ -68.8954706, -16.08766406 ], [ -68.89563147, -16.08754454 ], [ -68.89574285, -16.08746088 ], [ -68.89589136, -16.08731744 ], [ -68.89600276, -16.08718593 ], [ -68.89616365, -16.08703054 ], [ -68.89625032, -16.08688706 ], [ -68.89629989, -16.08670769 ], [ -68.89632475, -16.08648047 ], [ -68.89634663, -16.08627956 ], [ -68.89645067, -16.08600693 ], [ -68.89671796, -16.08583484 ], [ -68.89691102, -16.08566272 ], [ -68.89694081, -16.08546181 ], [ -68.89708939, -16.0851892 ], [ -68.89732696, -16.08506015 ], [ -68.89754962, -16.08504591 ], [ -68.89772773, -16.08508905 ], [ -68.89790581, -16.08517524 ], [ -68.89812847, -16.08517535 ], [ -68.89829175, -16.08517543 ], [ -68.89854403, -16.08531906 ], [ -68.89872204, -16.08554877 ], [ -68.89882589, -16.08566363 ], [ -68.89897428, -16.08574981 ], [ -68.89910787, -16.08576423 ], [ -68.89928329, -16.08587717 ], [ -68.89976088, -16.08600851 ], [ -68.89990927, -16.08610904 ], [ -68.90017646, -16.08612352 ], [ -68.90044369, -16.08603753 ], [ -68.90072579, -16.0859085 ], [ -68.90093365, -16.08583684 ], [ -68.90117116, -16.0858226 ], [ -68.90139383, -16.085794 ], [ -68.90163141, -16.08563624 ], [ -68.90177992, -16.08549279 ], [ -68.90191354, -16.0854498 ], [ -68.90220449, -16.08543558 ], [ -68.90247172, -16.08534959 ], [ -68.902828, -16.08529235 ], [ -68.90303582, -16.08529244 ], [ -68.90322887, -16.08513466 ], [ -68.90327351, -16.08490506 ], [ -68.90346657, -16.08471857 ], [ -68.90345124, -16.08450221 ], [ -68.90343708, -16.08430237 ], [ -68.90365982, -16.08413025 ], [ -68.90385291, -16.08388636 ], [ -68.9040312, -16.083542 ], [ -68.90425401, -16.08322637 ], [ -68.90435805, -16.08293938 ], [ -68.9043136, -16.08276714 ], [ -68.90420978, -16.08259488 ], [ -68.90432871, -16.08222179 ], [ -68.90444758, -16.08196352 ], [ -68.90431413, -16.08167643 ], [ -68.90422513, -16.08153287 ], [ -68.90403228, -16.08128881 ], [ -68.90409183, -16.08093004 ], [ -68.90424042, -16.08061438 ], [ -68.90425544, -16.08024124 ], [ -68.9042259, -16.0799255 ], [ -68.90404797, -16.07953792 ], [ -68.9038997, -16.07917907 ], [ -68.90378117, -16.07873412 ], [ -68.90373682, -16.07836096 ], [ -68.90367765, -16.07793038 ], [ -68.90366299, -16.07755724 ], [ -68.90376707, -16.07718414 ], [ -68.90384143, -16.07689714 ], [ -68.90404702, -16.0767578 ], [ -68.90435583, -16.07621552 ], [ -68.90487032, -16.07569142 ], [ -68.90502301, -16.07510603 ], [ -68.9053197, -16.07463403 ], [ -68.90552716, -16.0742062 ], [ -68.90544506, -16.07387736 ], [ -68.90531311, -16.07364991 ], [ -68.90488427, -16.07347038 ], [ -68.90397744, -16.07346998 ], [ -68.90333215, -16.073554 ], [ -68.90261713, -16.07357053 ], [ -68.90195444, -16.07358709 ], [ -68.90134395, -16.07382288 ], [ -68.90073347, -16.0740418 ], [ -68.90012307, -16.07410896 ], [ -68.89959995, -16.07399068 ], [ -68.8992164, -16.0737713 ], [ -68.89878051, -16.07360248 ], [ -68.8984201, -16.07328376 ], [ -68.8981353, -16.07351786 ], [ -68.89827908, -16.07480245 ], [ -68.89827872, -16.07551663 ], [ -68.89814772, -16.0760018 ], [ -68.89806756, -16.07653568 ], [ -68.89778545, -16.07670777 ], [ -68.89754889, -16.07656494 ], [ -68.89723626, -16.0766788 ], [ -68.89707294, -16.07676483 ], [ -68.89687987, -16.07696566 ], [ -68.89674621, -16.07710911 ], [ -68.89656803, -16.07722384 ], [ -68.89619693, -16.07726671 ], [ -68.89591491, -16.07725222 ], [ -68.89564772, -16.07726645 ], [ -68.89536565, -16.07736677 ], [ -68.89511333, -16.07732359 ], [ -68.89500949, -16.07720873 ], [ -68.89477206, -16.0770938 ], [ -68.89449005, -16.07706496 ], [ -68.89431201, -16.076907 ], [ -68.89403006, -16.07676335 ], [ -68.89385204, -16.07657669 ], [ -68.89368888, -16.07636133 ], [ -68.89340707, -16.07595935 ], [ -68.8932589, -16.07547132 ], [ -68.89300688, -16.07488278 ], [ -68.89287651, -16.07442825 ], [ -68.89258994, -16.07367226 ], [ -68.89233299, -16.0730598 ], [ -68.89201212, -16.07228884 ], [ -68.89171548, -16.07188684 ], [ -68.89167122, -16.07138451 ], [ -68.8916862, -16.0711262 ], [ -68.89149348, -16.07069555 ], [ -68.89138971, -16.07046587 ], [ -68.89116733, -16.06997781 ], [ -68.89101914, -16.06954718 ], [ -68.89087089, -16.06921702 ], [ -68.89067807, -16.06895859 ], [ -68.89051497, -16.06865713 ], [ -68.89041117, -16.06847051 ], [ -68.8902629, -16.0681834 ], [ -68.8901591, -16.06801113 ], [ -68.88998109, -16.06782446 ], [ -68.889803, -16.06778132 ], [ -68.88959523, -16.06773816 ], [ -68.88929845, -16.06759449 ], [ -68.88913523, -16.06750829 ], [ -68.88883849, -16.06730722 ], [ -68.88871981, -16.06719234 ], [ -68.8885566, -16.0670918 ], [ -68.88833406, -16.06691946 ], [ -68.88818571, -16.06679022 ], [ -68.88800768, -16.06664661 ], [ -68.88782962, -16.06654606 ], [ -68.88751796, -16.06648849 ], [ -68.88732501, -16.06648839 ], [ -68.88702811, -16.06657434 ], [ -68.88667166, -16.066976 ], [ -68.88653783, -16.06740647 ], [ -68.88621116, -16.06763592 ], [ -68.8856768, -16.06767869 ], [ -68.88532062, -16.06760675 ], [ -68.88512769, -16.06756359 ], [ -68.88467517, -16.06725048 ], [ -68.8840373, -16.06663302 ], [ -68.88335499, -16.06585766 ], [ -68.88283588, -16.06522591 ], [ -68.88227223, -16.06460848 ], [ -68.88182729, -16.06404853 ], [ -68.88147128, -16.06368954 ], [ -68.8812043, -16.06338801 ], [ -68.88084816, -16.06325865 ], [ -68.88040288, -16.06327275 ], [ -68.88000206, -16.06340169 ], [ -68.87967546, -16.06353067 ], [ -68.87933406, -16.06357354 ], [ -68.87899256, -16.06377426 ], [ -68.8786065, -16.06403237 ], [ -68.87802758, -16.06414686 ], [ -68.8775883, -16.0640605 ], [ -68.87696504, -16.06387357 ], [ -68.87656432, -16.06383028 ], [ -68.87611915, -16.06367216 ], [ -68.87568881, -16.0635284 ], [ -68.87536243, -16.06328423 ], [ -68.87497673, -16.06296827 ], [ -68.87457621, -16.06260925 ], [ -68.87407183, -16.06220711 ], [ -68.87368618, -16.06181939 ], [ -68.87325596, -16.06148905 ], [ -68.87288511, -16.06117309 ], [ -68.87223986, -16.06057568 ], [ -68.87142402, -16.05982891 ], [ -68.87097916, -16.05921153 ], [ -68.87047498, -16.058508 ], [ -68.87005988, -16.05779016 ], [ -68.86973378, -16.0571298 ], [ -68.86925943, -16.05623971 ], [ -68.86906685, -16.05567988 ], [ -68.86905232, -16.05520627 ], [ -68.86888937, -16.05473257 ], [ -68.86862258, -16.05418704 ], [ -68.86842992, -16.05375638 ], [ -68.86825203, -16.05342618 ], [ -68.86817814, -16.05295253 ], [ -68.86813398, -16.05240428 ], [ -68.8680897, -16.05203111 ], [ -68.86798613, -16.05154309 ], [ -68.86798645, -16.05105514 ], [ -68.86800163, -16.05053849 ], [ -68.86794254, -16.05012226 ], [ -68.86766093, -16.04956237 ], [ -68.86752759, -16.0492035 ], [ -68.86720153, -16.04852877 ], [ -68.86684571, -16.04796884 ], [ -68.86638589, -16.04759541 ], [ -68.86591117, -16.04729373 ], [ -68.86534732, -16.04712403 ], [ -68.86490217, -16.04700894 ], [ -68.86438267, -16.04709472 ], [ -68.86380369, -16.04736703 ], [ -68.86343243, -16.04769688 ], [ -68.86310573, -16.04798371 ], [ -68.86248646, -16.04855738 ], [ -68.86215963, -16.04903077 ], [ -68.86195744, -16.04941466 ], [ -68.86195344, -16.04972264 ], [ -68.86179384, -16.05068985 ], [ -68.86183334, -16.05125198 ], [ -68.86159965, -16.05185153 ], [ -68.86155973, -16.05234902 ], [ -68.86161867, -16.05296139 ], [ -68.86185581, -16.05343993 ], [ -68.86205343, -16.05382277 ], [ -68.86246863, -16.05435883 ], [ -68.86286421, -16.05464611 ], [ -68.86341809, -16.05495264 ], [ -68.86387295, -16.0553739 ], [ -68.8642091, -16.05575683 ], [ -68.86450579, -16.0559675 ], [ -68.86496076, -16.05623569 ], [ -68.86529704, -16.05642725 ], [ -68.86559348, -16.05702064 ], [ -68.8656129, -16.05757558 ], [ -68.86563242, -16.05797743 ], [ -68.86586955, -16.05848658 ], [ -68.8659087, -16.05911808 ], [ -68.86588818, -16.06020878 ], [ -68.86584769, -16.06156737 ], [ -68.86584721, -16.06229452 ], [ -68.86590591, -16.0632896 ], [ -68.86592522, -16.06399762 ], [ -68.866083, -16.06480141 ], [ -68.86647835, -16.06547139 ], [ -68.86685394, -16.0661031 ], [ -68.867665, -16.0666126 ], [ -68.86815952, -16.06695734 ], [ -68.86859471, -16.06724464 ], [ -68.86910922, -16.06730236 ], [ -68.86954445, -16.06753225 ], [ -68.87017767, -16.06762832 ], [ -68.87079117, -16.06762869 ], [ -68.87144424, -16.06762908 ], [ -68.87199837, -16.06762941 ], [ -68.87227531, -16.06782093 ], [ -68.87233447, -16.06814627 ], [ -68.87247915, -16.06836108 ], [ -68.87231808, -16.06902075 ], [ -68.87219916, -16.06930771 ], [ -68.87192982, -16.06950537 ], [ -68.87171983, -16.0699255 ], [ -68.87171959, -16.0703082 ], [ -68.87177863, -16.0708249 ], [ -68.87187737, -16.07115026 ], [ -68.87209238, -16.07184145 ], [ -68.87232948, -16.07245392 ], [ -68.87256666, -16.07293245 ], [ -68.87292275, -16.07316229 ], [ -68.87300172, -16.0734685 ], [ -68.8730015, -16.07381294 ], [ -68.87315962, -16.07413834 ], [ -68.87341673, -16.07440638 ], [ -68.87363428, -16.07463614 ], [ -68.87367363, -16.07499973 ], [ -68.87363038, -16.07510827 ], [ -68.87357452, -16.07524843 ], [ -68.87321831, -16.07520995 ], [ -68.87292154, -16.07505669 ], [ -68.87262485, -16.07478862 ], [ -68.87238753, -16.07452058 ], [ -68.87209079, -16.07432905 ], [ -68.87177419, -16.07425232 ], [ -68.87147734, -16.07423301 ], [ -68.87112129, -16.07394576 ], [ -68.87074542, -16.07369678 ], [ -68.87046844, -16.07356266 ], [ -68.86994037, -16.07344342 ], [ -68.86926756, -16.0733282 ], [ -68.86873323, -16.07330874 ], [ -68.86829783, -16.07330847 ], [ -68.8679416, -16.07330825 ], [ -68.8677352, -16.07335801 ], [ -68.86730422, -16.07348582 ], [ -68.86708637, -16.07371531 ], [ -68.86708618, -16.07400234 ], [ -68.86707885, -16.07438758 ], [ -68.86665435, -16.07458953 ], [ -68.8663179, -16.07458932 ], [ -68.86610038, -16.07432128 ], [ -68.86560347, -16.07411038 ], [ -68.86555487, -16.07432335 ], [ -68.86534231, -16.07445394 ], [ -68.86536776, -16.07485662 ], [ -68.86514993, -16.07504783 ], [ -68.86485308, -16.07502851 ], [ -68.86459134, -16.075055 ], [ -68.86429045, -16.07510769 ], [ -68.86431848, -16.07539174 ], [ -68.86419961, -16.07558302 ], [ -68.86402149, -16.07558291 ], [ -68.86374465, -16.0752383 ], [ -68.86338548, -16.07464742 ], [ -68.86277558, -16.07424264 ], [ -68.86228099, -16.07397442 ], [ -68.86166768, -16.073687 ], [ -68.86101476, -16.07343781 ], [ -68.86046075, -16.0732461 ], [ -68.85996605, -16.0731501 ], [ -68.85941003, -16.0734456 ], [ -68.85916992, -16.07392073 ], [ -68.85914986, -16.07430343 ], [ -68.85926826, -16.07480103 ], [ -68.85934728, -16.07499243 ], [ -68.85942074, -16.07521439 ], [ -68.85943998, -16.07520158 ], [ -68.85946567, -16.07550917 ], [ -68.85924787, -16.07564297 ], [ -68.85891682, -16.07550985 ], [ -68.85859474, -16.07568081 ], [ -68.8582187, -16.0756997 ], [ -68.85792207, -16.0753742 ], [ -68.85768485, -16.07499133 ], [ -68.8576455, -16.074666 ], [ -68.85742798, -16.0744171 ], [ -68.85715096, -16.07434037 ], [ -68.85699273, -16.07420632 ], [ -68.8569138, -16.07388097 ], [ -68.85721084, -16.07363241 ], [ -68.85727053, -16.07319233 ], [ -68.8572707, -16.07294357 ], [ -68.85690749, -16.07260914 ], [ -68.85645876, -16.07252748 ], [ -68.85615995, -16.07199391 ], [ -68.85606677, -16.07155992 ], [ -68.85573979, -16.07118905 ], [ -68.85562568, -16.07056999 ], [ -68.85600586, -16.07049339 ], [ -68.8563622, -16.07034055 ], [ -68.85679762, -16.07030257 ], [ -68.85721326, -16.07024544 ], [ -68.85756963, -16.07003519 ], [ -68.85784697, -16.06965266 ], [ -68.85798588, -16.06911697 ], [ -68.85792695, -16.06850459 ], [ -68.85759088, -16.06798771 ], [ -68.85719535, -16.06760474 ], [ -68.85646342, -16.06718327 ], [ -68.8560876, -16.06691513 ], [ -68.85536909, -16.06664158 ], [ -68.85484534, -16.06614122 ], [ -68.85450907, -16.0659305 ], [ -68.85429163, -16.06558591 ], [ -68.85373762, -16.06543245 ], [ -68.85318369, -16.06518331 ], [ -68.8529266, -16.06493438 ], [ -68.85241218, -16.06478094 ], [ -68.85195714, -16.06460841 ], [ -68.8515615, -16.06439764 ], [ -68.85126499, -16.06393819 ], [ -68.85106734, -16.06361275 ], [ -68.85067163, -16.06349766 ], [ -68.85015715, -16.06342076 ], [ -68.84966245, -16.06336301 ], [ -68.84924698, -16.06320963 ], [ -68.84853455, -16.06320913 ], [ -68.84817856, -16.06292185 ], [ -68.84794121, -16.06274946 ], [ -68.84748608, -16.06271086 ], [ -68.84705074, -16.06267228 ], [ -68.84671431, -16.06267204 ], [ -68.84623932, -16.06272911 ], [ -68.8459424, -16.06282457 ], [ -68.84546128, -16.0632265 ], [ -68.84501369, -16.06377581 ], [ -68.84397079, -16.06386244 ], [ -68.84332141, -16.06389186 ], [ -68.84301257, -16.06341325 ], [ -68.84304415, -16.0625761 ], [ -68.84279711, -16.06215733 ], [ -68.8426426, -16.06203762 ], [ -68.84242664, -16.06140958 ], [ -68.84217965, -16.06093101 ], [ -68.8417164, -16.0602131 ], [ -68.84137658, -16.05982416 ], [ -68.84091291, -16.05964442 ], [ -68.84048056, -16.05895642 ], [ -68.84032663, -16.05811913 ], [ -68.83986335, -16.057461 ], [ -68.83936879, -16.05724536 ], [ -68.83936296, -16.05680285 ], [ -68.83941289, -16.05622882 ], [ -68.83896776, -16.05608497 ], [ -68.83832454, -16.05618017 ], [ -68.83787897, -16.05656254 ], [ -68.83743368, -16.05661004 ], [ -68.83738495, -16.05570107 ], [ -68.83728659, -16.05498342 ], [ -68.83703946, -16.0546962 ], [ -68.836693, -16.05488729 ], [ -68.8361982, -16.05498259 ], [ -68.83605033, -16.05431273 ], [ -68.83580344, -16.05373848 ], [ -68.83624896, -16.05340395 ], [ -68.8363483, -16.05292564 ], [ -68.83634865, -16.0524951 ], [ -68.83595295, -16.05239912 ], [ -68.83555734, -16.05220746 ], [ -68.83526145, -16.05105911 ], [ -68.83516349, -16.04986307 ], [ -68.8353624, -16.04861942 ], [ -68.83561041, -16.04782071 ], [ -68.83580919, -16.04672057 ], [ -68.83590921, -16.04540509 ], [ -68.83590987, -16.04459183 ], [ -68.83571268, -16.04375451 ], [ -68.83581207, -16.04320444 ], [ -68.83608448, -16.04279802 ], [ -68.83606006, -16.04241529 ], [ -68.83576343, -16.04219979 ], [ -68.83541893, -16.04190221 ], [ -68.83542868, -16.04141404 ], [ -68.83555074, -16.04077228 ], [ -68.83565402, -16.04022091 ], [ -68.83549568, -16.03950661 ], [ -68.83517853, -16.03867467 ], [ -68.83488013, -16.03777041 ], [ -68.83462838, -16.03698372 ], [ -68.83437678, -16.03601622 ], [ -68.83427468, -16.03513924 ], [ -68.83447178, -16.03417209 ], [ -68.8347997, -16.03327736 ], [ -68.83495004, -16.03233729 ], [ -68.83479978, -16.0318196 ], [ -68.83424399, -16.03112016 ], [ -68.83388815, -16.03073717 ], [ -68.83347295, -16.03035414 ], [ -68.83293918, -16.0297988 ], [ -68.83240541, -16.02924345 ], [ -68.83191104, -16.02889863 ], [ -68.83129791, -16.02861112 ], [ -68.83058597, -16.02817044 ], [ -68.83019057, -16.02778742 ], [ -68.82977548, -16.02728957 ], [ -68.82916281, -16.02646626 ], [ -68.82874775, -16.02594927 ], [ -68.82825346, -16.02552789 ], [ -68.82779879, -16.02504914 ], [ -68.82728459, -16.02478083 ], [ -68.82667134, -16.02464639 ], [ -68.82631516, -16.02468437 ], [ -68.82582053, -16.02466484 ], [ -68.82528206, -16.02422056 ], [ -68.82443186, -16.02374073 ], [ -68.82360058, -16.02299875 ], [ -68.82313381, -16.02232035 ], [ -68.82286321, -16.02178675 ], [ -68.82264858, -16.02137073 ], [ -68.82222795, -16.02070946 ], [ -68.82190688, -16.02020689 ], [ -68.82170958, -16.01958482 ], [ -68.82133916, -16.01896261 ], [ -68.8208451, -16.01831638 ], [ -68.82031693, -16.01792293 ], [ -68.82027776, -16.01756282 ], [ -68.82013801, -16.01705645 ], [ -68.82007316, -16.0164055 ], [ -68.82008316, -16.01567325 ], [ -68.82013208, -16.01522258 ], [ -68.82034951, -16.01473647 ], [ -68.82063502, -16.01439633 ], [ -68.82096434, -16.01389676 ], [ -68.8213449, -16.01290035 ], [ -68.82134239, -16.01233401 ], [ -68.82106262, -16.01193705 ], [ -68.82100631, -16.01185715 ], [ -68.82022923, -16.01149096 ], [ -68.81899856, -16.01107252 ], [ -68.81899363, -16.01107085 ], [ -68.81831904, -16.01072407 ], [ -68.81727315, -16.01056459 ], [ -68.816391, -16.01064587 ], [ -68.81557521, -16.01113681 ], [ -68.8150995, -16.01170059 ], [ -68.81469731, -16.01199797 ], [ -68.81422691, -16.01254899 ], [ -68.81370953, -16.01270498 ], [ -68.81297332, -16.01304609 ], [ -68.81220257, -16.01349602 ], [ -68.81164619, -16.01358089 ], [ -68.8111589, -16.01344811 ], [ -68.81060519, -16.01364095 ], [ -68.81039436, -16.01414996 ], [ -68.80980788, -16.0145236 ], [ -68.80873232, -16.01469247 ], [ -68.80758501, -16.01497103 ], [ -68.80602837, -16.01525903 ], [ -68.80483762, -16.0152865 ], [ -68.8035689, -16.01517173 ], [ -68.80282025, -16.01500894 ], [ -68.80224967, -16.01451796 ], [ -68.80197677, -16.01402012 ], [ -68.80196169, -16.0134083 ], [ -68.80183409, -16.01276306 ], [ -68.8013787, -16.01241347 ], [ -68.80108723, -16.01267225 ], [ -68.80072931, -16.01325666 ], [ -68.80032798, -16.01359 ], [ -68.79980171, -16.01338607 ], [ -68.79920457, -16.01332781 ], [ -68.79880323, -16.01366115 ], [ -68.79805902, -16.01367829 ], [ -68.79745833, -16.01347607 ], [ -68.79689929, -16.01345294 ], [ -68.79638543, -16.01375285 ], [ -68.79586094, -16.01362089 ], [ -68.79504319, -16.01367573 ], [ -68.79475082, -16.01389852 ], [ -68.79453907, -16.01437152 ], [ -68.79451249, -16.01480425 ], [ -68.79438047, -16.01549148 ], [ -68.7940943, -16.01596619 ], [ -68.7936894, -16.01615556 ], [ -68.7929877, -16.01638777 ], [ -68.79229043, -16.01679992 ], [ -68.79170656, -16.01728148 ], [ -68.79108459, -16.01772791 ], [ -68.79061589, -16.01835085 ], [ -68.7900701, -16.01886754 ], [ -68.78962799, -16.01905776 ], [ -68.7890645, -16.01885466 ], [ -68.78835748, -16.01887091 ], [ -68.78810319, -16.01912883 ], [ -68.78800306, -16.01959926 ], [ -68.78784799, -16.02005654 ], [ -68.78751483, -16.02064036 ], [ -68.786832, -16.02113618 ], [ -68.78599206, -16.02129953 ], [ -68.78574398, -16.02130523 ], [ -68.78494423, -16.02108354 ], [ -68.78420116, -16.02114862 ], [ -68.78341438, -16.02145477 ], [ -68.78237126, -16.02143071 ], [ -68.78176409, -16.02096452 ], [ -68.78111319, -16.0207394 ], [ -68.780669, -16.02084562 ], [ -68.78074334, -16.02185219 ], [ -68.78040545, -16.02224404 ], [ -68.78017385, -16.02292154 ], [ -68.77989381, -16.02364816 ], [ -68.77935745, -16.02404458 ], [ -68.77876793, -16.02429817 ], [ -68.77868047, -16.0247803 ], [ -68.77904074, -16.02530018 ], [ -68.77905839, -16.02601997 ], [ -68.77867205, -16.02646095 ], [ -68.77793014, -16.026574 ], [ -68.77737376, -16.02615464 ], [ -68.77686699, -16.02573415 ], [ -68.7763567, -16.0251697 ], [ -68.77570227, -16.0248006 ], [ -68.77465443, -16.02458456 ], [ -68.77381094, -16.02460389 ], [ -68.77326515, -16.0246164 ], [ -68.77257286, -16.02472829 ], [ -68.77198686, -16.02512582 ], [ -68.7708031, -16.02544102 ], [ -68.77026084, -16.02559748 ], [ -68.76982133, -16.02589562 ], [ -68.76998663, -16.02656401 ], [ -68.77015076, -16.02718442 ], [ -68.77002071, -16.02795561 ], [ -68.76960234, -16.0291175 ], [ -68.76907064, -16.02970583 ], [ -68.76833223, -16.0299628 ], [ -68.76787862, -16.02968511 ], [ -68.76741444, -16.02897554 ], [ -68.76652366, -16.02909195 ], [ -68.76553365, -16.02921063 ], [ -68.76498198, -16.02898319 ], [ -68.76442444, -16.02851581 ], [ -68.76342856, -16.02839455 ], [ -68.7627146, -16.02802677 ], [ -68.76164564, -16.02694692 ], [ -68.76069352, -16.02658458 ], [ -68.75979572, -16.02641305 ], [ -68.75913897, -16.02594793 ], [ -68.75846112, -16.02461905 ], [ -68.75813295, -16.02337822 ], [ -68.75780829, -16.02228134 ], [ -68.75778016, -16.02112967 ], [ -68.75731487, -16.0203721 ], [ -68.75616199, -16.0199183 ], [ -68.75550644, -16.01950115 ], [ -68.75421291, -16.01938665 ], [ -68.75391522, -16.01939344 ], [ -68.75383472, -16.02016348 ], [ -68.75340574, -16.02089347 ], [ -68.75322249, -16.02152181 ], [ -68.7526271, -16.0215354 ], [ -68.75246771, -16.02110692 ], [ -68.7525976, -16.02070785 ], [ -68.75302834, -16.02004985 ], [ -68.75326336, -16.01900021 ], [ -68.75290738, -16.0181441 ], [ -68.75212067, -16.017946 ], [ -68.75171398, -16.0180633 ], [ -68.75120179, -16.01843508 ], [ -68.75083143, -16.01851555 ], [ -68.75071014, -16.01812221 ], [ -68.75069961, -16.01769034 ], [ -68.75057393, -16.01711705 ], [ -68.75007527, -16.01651626 ], [ -68.74947199, -16.01620593 ], [ -68.74910777, -16.01653833 ], [ -68.7490846, -16.01711501 ], [ -68.74874969, -16.01712264 ], [ -68.74834212, -16.01720396 ], [ -68.74850062, -16.01759645 ], [ -68.74859083, -16.01824256 ], [ -68.74822047, -16.01832303 ], [ -68.74766843, -16.01858768 ], [ -68.74724945, -16.01820112 ], [ -68.74742236, -16.01765704 ], [ -68.7475563, -16.01704182 ], [ -68.74761493, -16.01639231 ], [ -68.74774624, -16.01566913 ], [ -68.74757897, -16.01491674 ], [ -68.74690391, -16.01471607 ], [ -68.7464228, -16.01483506 ], [ -68.7461632, -16.01487699 ], [ -68.74557133, -16.01503452 ], [ -68.7450495, -16.01501039 ], [ -68.74452153, -16.01473435 ], [ -68.7439546, -16.01438716 ], [ -68.74375278, -16.01374359 ], [ -68.74326728, -16.01368263 ], [ -68.74316178, -16.0139371 ], [ -68.74332026, -16.01432959 ], [ -68.74370377, -16.01478898 ], [ -68.74375412, -16.01532798 ], [ -68.74312679, -16.01555832 ], [ -68.74290966, -16.01581534 ], [ -68.74245874, -16.01564556 ], [ -68.74241014, -16.01517854 ], [ -68.7422127, -16.01471491 ], [ -68.74184059, -16.01472338 ], [ -68.74166767, -16.01526746 ], [ -68.74139843, -16.0149135 ], [ -68.74168473, -16.01443885 ], [ -68.74227485, -16.01420936 ], [ -68.74218379, -16.01352725 ], [ -68.74166284, -16.01353911 ], [ -68.74137479, -16.01394178 ], [ -68.74112745, -16.01448755 ], [ -68.74094665, -16.01470772 ], [ -68.7405417, -16.01489699 ], [ -68.7405868, -16.01522005 ], [ -68.74048479, -16.01561847 ], [ -68.7404918, -16.01590639 ], [ -68.74072383, -16.01626121 ], [ -68.74054565, -16.01658935 ], [ -68.74051807, -16.01698608 ], [ -68.74086173, -16.01733835 ], [ -68.74056842, -16.01752508 ], [ -68.74004308, -16.01735699 ], [ -68.73981105, -16.01700217 ], [ -68.73976509, -16.01664312 ], [ -68.7394188, -16.01618288 ], [ -68.73944376, -16.01567818 ], [ -68.73947134, -16.01528144 ], [ -68.73990386, -16.01469545 ], [ -68.7403053, -16.01436223 ], [ -68.74059598, -16.01406753 ], [ -68.74092212, -16.01370002 ], [ -68.74124564, -16.01322453 ], [ -68.74149998, -16.01296667 ], [ -68.74123513, -16.01279265 ], [ -68.74078422, -16.01262287 ], [ -68.74100223, -16.01240185 ], [ -68.74141242, -16.01242852 ], [ -68.74175082, -16.01256485 ], [ -68.74227878, -16.01284091 ], [ -68.74271829, -16.01254283 ], [ -68.7428575, -16.01214355 ], [ -68.74322522, -16.01195513 ], [ -68.74381446, -16.01168964 ], [ -68.74429498, -16.01154666 ], [ -68.74463176, -16.01110687 ], [ -68.74515998, -16.01037465 ], [ -68.7457921, -16.0098321 ], [ -68.74662267, -16.00928504 ], [ -68.7473079, -16.00888532 ], [ -68.74823885, -16.00838397 ], [ -68.7488733, -16.00793739 ], [ -68.74966008, -16.00763137 ], [ -68.75025778, -16.00771376 ], [ -68.75074104, -16.0071746 ], [ -68.75043517, -16.00684549 ], [ -68.74969098, -16.00686246 ], [ -68.74933082, -16.00634253 ], [ -68.74976213, -16.00570853 ], [ -68.74983913, -16.00479453 ], [ -68.75052668, -16.00449077 ], [ -68.75142929, -16.00384602 ], [ -68.75184455, -16.00357247 ], [ -68.75255456, -16.00317217 ], [ -68.75307548, -16.00316028 ], [ -68.75362004, -16.00309984 ], [ -68.75393607, -16.00282855 ], [ -68.75435016, -16.00250702 ], [ -68.75479666, -16.00249683 ], [ -68.75541798, -16.00253065 ], [ -68.75605941, -16.00237196 ], [ -68.75632525, -16.00207782 ], [ -68.75653737, -16.00161685 ], [ -68.75655046, -16.00113642 ], [ -68.75636979, -16.00085247 ], [ -68.75609049, -16.00059478 ], [ -68.75581119, -16.00033709 ], [ -68.75567545, -15.99986006 ], [ -68.75574342, -15.99959444 ], [ -68.75588405, -15.99925514 ], [ -68.75562722, -15.99890091 ], [ -68.75544889, -15.99871293 ], [ -68.75551394, -15.99832734 ], [ -68.75538347, -15.99806625 ], [ -68.75476334, -15.99808041 ], [ -68.75447037, -15.99827915 ], [ -68.75425414, -15.99857216 ], [ -68.75409104, -15.999008 ], [ -68.75387892, -15.99946897 ], [ -68.75358594, -15.9996677 ], [ -68.75324276, -15.99984358 ], [ -68.7529988, -16.0000172 ], [ -68.75290719, -16.00033137 ], [ -68.75286811, -16.00076438 ], [ -68.75265774, -16.00129732 ], [ -68.75231339, -16.00142521 ], [ -68.75201572, -16.001432 ], [ -68.75154968, -16.00165869 ], [ -68.75125619, -16.001735 ], [ -68.75088621, -16.00182987 ], [ -68.75067995, -16.001921 ], [ -68.7504595, -16.00204126 ], [ -68.7502557, -16.00223315 ], [ -68.75002248, -16.00244013 ], [ -68.74959472, -16.00260832 ], [ -68.74935869, -16.00270013 ], [ -68.74892742, -16.00272437 ], [ -68.74852627, -16.00276232 ], [ -68.74815039, -16.00261533 ], [ -68.74765538, -16.00246818 ], [ -68.74735209, -16.00224463 ], [ -68.74686986, -16.00201076 ], [ -68.7465981, -16.00185851 ], [ -68.74616192, -16.0016812 ], [ -68.74561124, -16.00169375 ], [ -68.74539044, -16.00179961 ], [ -68.7452628, -16.00206178 ], [ -68.74540992, -16.00239572 ], [ -68.74569483, -16.00262929 ], [ -68.74576342, -16.0028978 ], [ -68.74555368, -16.00320266 ], [ -68.74531219, -16.00347823 ], [ -68.74479091, -16.00373017 ], [ -68.7442025, -16.00377359 ], [ -68.74333137, -16.0036734 ], [ -68.74295198, -16.00338196 ], [ -68.74248176, -16.00318261 ], [ -68.74183279, -16.00328741 ], [ -68.74121338, -16.00333152 ], [ -68.74065305, -16.00325425 ], [ -68.74015548, -16.00320556 ], [ -68.73971189, -16.00282556 ], [ -68.73954591, -16.00237922 ], [ -68.73987677, -16.00195158 ], [ -68.74030285, -16.00161179 ], [ -68.74092226, -16.00156768 ], [ -68.74126553, -16.00164989 ], [ -68.74204873, -16.00145201 ], [ -68.74286732, -16.00143337 ], [ -68.74354583, -16.00177801 ], [ -68.74429964, -16.00215695 ], [ -68.7447816, -16.00207395 ], [ -68.745292, -16.0016302 ], [ -68.74576432, -16.00115132 ], [ -68.74605234, -16.00074865 ], [ -68.74633686, -16.00020202 ], [ -68.74666384, -15.99987049 ], [ -68.7469466, -15.99925188 ], [ -68.74723111, -15.99870525 ], [ -68.74751123, -15.99797867 ], [ -68.74794019, -15.9972487 ], [ -68.74788982, -15.99670971 ], [ -68.74757726, -15.99610467 ], [ -68.74734261, -15.9956419 ], [ -68.74695826, -15.99514653 ], [ -68.74639314, -15.99487133 ], [ -68.74549491, -15.99467574 ], [ -68.74471268, -15.99465756 ], [ -68.74400574, -15.99467366 ], [ -68.74363017, -15.99453818 ], [ -68.74343362, -15.99411054 ], [ -68.74320512, -15.99389969 ], [ -68.74279584, -15.99390901 ], [ -68.74241939, -15.99373754 ], [ -68.74240888, -15.99330566 ], [ -68.74255245, -15.99308634 ], [ -68.74257827, -15.99261762 ], [ -68.74272009, -15.99232632 ], [ -68.74320115, -15.99220733 ], [ -68.74361305, -15.99230598 ], [ -68.74409323, -15.992151 ], [ -68.74449725, -15.99192574 ], [ -68.74467627, -15.99163359 ], [ -68.74511924, -15.99147946 ], [ -68.74549569, -15.99165093 ], [ -68.74608824, -15.99203353 ], [ -68.74698704, -15.9922531 ], [ -68.74769092, -15.99262116 ], [ -68.74862297, -15.99216779 ], [ -68.74895386, -15.99148807 ], [ -68.74908046, -15.99057294 ], [ -68.74941486, -15.99003718 ], [ -68.75024182, -15.98934614 ], [ -68.75098477, -15.98928118 ], [ -68.7516828, -15.98940929 ], [ -68.75257691, -15.9894369 ], [ -68.75336831, -15.98932281 ], [ -68.75349957, -15.98859962 ], [ -68.75304256, -15.98817794 ], [ -68.75244259, -15.98799958 ], [ -68.75189105, -15.9877721 ], [ -68.75158638, -15.98749098 ], [ -68.75157234, -15.98691515 ], [ -68.75136572, -15.98658377 ], [ -68.75110832, -15.98620554 ], [ -68.75114623, -15.98572455 ], [ -68.75138373, -15.98528702 ], [ -68.7518103, -15.98446107 ], [ -68.75239622, -15.9840636 ], [ -68.75268333, -15.98362493 ], [ -68.75286935, -15.98311175 ], [ -68.75285062, -15.98234398 ], [ -68.75277644, -15.9813374 ], [ -68.75280146, -15.98032857 ], [ -68.75267533, -15.97922715 ], [ -68.75221016, -15.97846957 ], [ -68.75160904, -15.97824322 ], [ -68.75121454, -15.97834825 ], [ -68.75098055, -15.97892974 ], [ -68.75063448, -15.97898565 ], [ -68.75051772, -15.97826812 ], [ -68.75039746, -15.97740664 ], [ -68.74948, -15.9764193 ], [ -68.74877501, -15.97600326 ], [ -68.74806885, -15.97553924 ], [ -68.74702949, -15.97565896 ], [ -68.74644241, -15.97600843 ], [ -68.74574911, -15.97607225 ], [ -68.7453937, -15.97574426 ], [ -68.74493324, -15.9751786 ], [ -68.74418332, -15.97495562 ], [ -68.74344042, -15.97502056 ], [ -68.74305293, -15.97541349 ], [ -68.74240223, -15.97518825 ], [ -68.74151168, -15.97530455 ], [ -68.74086332, -15.97517528 ], [ -68.73987123, -15.97519786 ], [ -68.73918143, -15.97540561 ], [ -68.73806241, -15.9755151 ], [ -68.737539, -15.97567705 ], [ -68.73683249, -15.97596319 ], [ -68.73631127, -15.97621511 ], [ -68.7355672, -15.97623204 ], [ -68.73519006, -15.97603056 ], [ -68.73490083, -15.97561702 ], [ -68.73489209, -15.97525713 ], [ -68.73488115, -15.97480726 ], [ -68.73452919, -15.97436514 ], [ -68.73427097, -15.97395091 ], [ -68.73410503, -15.97350456 ], [ -68.73369398, -15.97318382 ], [ -68.73298165, -15.97323002 ], [ -68.73255271, -15.97344982 ], [ -68.73230469, -15.97345546 ], [ -68.73208257, -15.97325045 ], [ -68.73195361, -15.97304933 ], [ -68.73139046, -15.97285207 ], [ -68.73104871, -15.97282983 ], [ -68.73067813, -15.97289826 ], [ -68.72990307, -15.97291587 ], [ -68.72955986, -15.97283364 ], [ -68.72939756, -15.97253725 ], [ -68.72923309, -15.97215089 ], [ -68.72894679, -15.97185731 ], [ -68.72872977, -15.97186224 ], [ -68.72838583, -15.97175002 ], [ -68.72825236, -15.97136295 ], [ -68.72787233, -15.97104149 ], [ -68.72749521, -15.97084 ], [ -68.7269379, -15.97088266 ], [ -68.72659469, -15.97080042 ], [ -68.7264014, -15.97050473 ], [ -68.72629894, -15.97011696 ], [ -68.72582809, -15.96988758 ], [ -68.72545243, -15.96974607 ], [ -68.7251085, -15.96963384 ], [ -68.72482729, -15.9695502 ], [ -68.72470983, -15.96982294 ], [ -68.72450009, -15.97012777 ], [ -68.72409342, -15.96998696 ], [ -68.72374949, -15.96987473 ], [ -68.72334792, -15.96994386 ], [ -68.7228887, -15.97019434 ], [ -68.72230402, -15.97038764 ], [ -68.72214392, -15.97018122 ], [ -68.72182663, -15.96988834 ], [ -68.72139333, -15.96992817 ], [ -68.72089948, -15.97002939 ], [ -68.72031625, -15.97028268 ], [ -68.72013823, -15.9706168 ], [ -68.72011521, -15.9709474 ], [ -68.72012611, -15.97139727 ], [ -68.71979308, -15.97173491 ], [ -68.71905919, -15.97217165 ], [ -68.71856315, -15.97218289 ], [ -68.71806347, -15.97204418 ], [ -68.71769144, -15.97205261 ], [ -68.71716586, -15.97212453 ], [ -68.71671025, -15.97252495 ], [ -68.71640386, -15.97268193 ], [ -68.71619047, -15.9728368 ], [ -68.71591725, -15.97308305 ], [ -68.71555175, -15.9733614 ], [ -68.71523665, -15.97315848 ], [ -68.71516811, -15.97288996 ], [ -68.7153786, -15.97261513 ], [ -68.71565181, -15.97236888 ], [ -68.71592575, -15.97215262 ], [ -68.71626243, -15.97196495 ], [ -68.71669211, -15.97177517 ], [ -68.71708933, -15.97152611 ], [ -68.71733735, -15.97152049 ], [ -68.71771156, -15.97160203 ], [ -68.71799276, -15.97168569 ], [ -68.71845925, -15.97173513 ], [ -68.71876636, -15.97160814 ], [ -68.71910739, -15.97160041 ], [ -68.71950824, -15.9715013 ], [ -68.71965817, -15.97128785 ], [ -68.71971364, -15.97101652 ], [ -68.7197691, -15.9707452 ], [ -68.71969766, -15.97035671 ], [ -68.71965939, -15.9700575 ], [ -68.71974441, -15.96972549 ], [ -68.72011353, -15.96959709 ], [ -68.72042282, -15.96956007 ], [ -68.72098086, -15.96954742 ], [ -68.72141271, -15.96944761 ], [ -68.72174646, -15.96913996 ], [ -68.72193538, -15.96925571 ], [ -68.72222021, -15.96948931 ], [ -68.72253023, -15.96948228 ], [ -68.72271915, -15.96959803 ], [ -68.72333774, -15.96952398 ], [ -68.72351867, -15.96930982 ], [ -68.72370032, -15.96912565 ], [ -68.72407888, -15.96938714 ], [ -68.72441918, -15.96934941 ], [ -68.72444436, -15.96910877 ], [ -68.72496703, -15.96891687 ], [ -68.72518841, -15.96909189 ], [ -68.72541343, -15.96941687 ], [ -68.72581791, -15.9694677 ], [ -68.72587264, -15.96916638 ], [ -68.72614584, -15.96892012 ], [ -68.72630594, -15.96912654 ], [ -68.72644013, -15.96954361 ], [ -68.7265685, -15.96972074 ], [ -68.72692044, -15.97016287 ], [ -68.72739347, -15.97048221 ], [ -68.72779141, -15.97026312 ], [ -68.72822253, -15.9701333 ], [ -68.72871449, -15.96995409 ], [ -68.72908433, -15.96985567 ], [ -68.72966827, -15.96963235 ], [ -68.73003156, -15.969264 ], [ -68.730048, -15.96866347 ], [ -68.7299419, -15.96812574 ], [ -68.72983797, -15.96767798 ], [ -68.72957831, -15.96720376 ], [ -68.7295703, -15.96687385 ], [ -68.72980885, -15.96647833 ], [ -68.72985994, -15.96602706 ], [ -68.72975747, -15.96563928 ], [ -68.72959446, -15.9653129 ], [ -68.72924034, -15.9647808 ], [ -68.72892305, -15.96448793 ], [ -68.72854667, -15.96431643 ], [ -68.72822792, -15.96396358 ], [ -68.72825165, -15.96366296 ], [ -68.72856489, -15.96327775 ], [ -68.72875223, -15.96281737 ], [ -68.72884096, -15.96238325 ], [ -68.72877971, -15.96190451 ], [ -68.72874036, -15.96130525 ], [ -68.72852798, -15.96073392 ], [ -68.7281668, -15.96016598 ], [ -68.72758622, -15.95990081 ], [ -68.72555295, -15.96040619 ], [ -68.72458144, -15.96064766 ], [ -68.72441931, -15.96014301 ], [ -68.72455939, -15.95977974 ], [ -68.72480758, -15.95926998 ], [ -68.72517697, -15.95915357 ], [ -68.72577218, -15.95914006 ], [ -68.7262116, -15.95884201 ], [ -68.7265368, -15.95843853 ], [ -68.72711978, -15.95792116 ], [ -68.72756269, -15.95776707 ], [ -68.72807826, -15.95753931 ], [ -68.72791898, -15.95711081 ], [ -68.72757981, -15.95693846 ], [ -68.72749406, -15.95647229 ], [ -68.7272197, -15.95590237 ], [ -68.72655621, -15.9561695 ], [ -68.72589359, -15.95647261 ], [ -68.72513999, -15.95609361 ], [ -68.72480345, -15.95602923 ], [ -68.72429399, -15.95650892 ], [ -68.72385719, -15.95691493 ], [ -68.72375606, -15.95734933 ], [ -68.72324136, -15.95761308 ], [ -68.72310215, -15.95801234 ], [ -68.72322422, -15.95844168 ], [ -68.72293011, -15.95859239 ], [ -68.7223288, -15.95835396 ], [ -68.7221428, -15.95835818 ], [ -68.72192657, -15.95865116 ], [ -68.72193791, -15.95911902 ], [ -68.72231863, -15.95947048 ], [ -68.72206172, -15.95962035 ], [ -68.72180131, -15.95962625 ], [ -68.72128312, -15.95974603 ], [ -68.72125464, -15.96010677 ], [ -68.72126249, -15.96043068 ], [ -68.72178766, -15.96059881 ], [ -68.72164757, -15.96096208 ], [ -68.72104974, -15.96086761 ], [ -68.72074516, -15.96058644 ], [ -68.72040687, -15.96045007 ], [ -68.71980991, -15.96039159 ], [ -68.71939635, -15.96022092 ], [ -68.71890489, -15.95990797 ], [ -68.71826638, -15.95967038 ], [ -68.71746289, -15.95950213 ], [ -68.71705117, -15.95915137 ], [ -68.71658544, -15.95913191 ], [ -68.71618461, -15.95923101 ], [ -68.71587678, -15.95932801 ], [ -68.71532458, -15.95958058 ], [ -68.71513132, -15.95928488 ], [ -68.71531297, -15.95910072 ], [ -68.71565107, -15.95897303 ], [ -68.7160209, -15.95887463 ], [ -68.71641374, -15.95844562 ], [ -68.71669419, -15.95849928 ], [ -68.71703897, -15.95864751 ], [ -68.7175667, -15.95866557 ], [ -68.7177498, -15.95854139 ], [ -68.71811963, -15.95844298 ], [ -68.71877645, -15.95866816 ], [ -68.71914918, -15.95868972 ], [ -68.71945192, -15.95838278 ], [ -68.71966165, -15.95807795 ], [ -68.72000048, -15.95798025 ], [ -68.72049212, -15.95778905 ], [ -68.72073431, -15.9575435 ], [ -68.72107168, -15.95738581 ], [ -68.72115451, -15.95696383 ], [ -68.72127052, -15.95663111 ], [ -68.72154371, -15.95638485 ], [ -68.72172171, -15.95605073 ], [ -68.72186799, -15.95568732 ], [ -68.72195082, -15.95526533 ], [ -68.72224991, -15.95480843 ], [ -68.72256209, -15.95489138 ], [ -68.72295855, -15.95461231 ], [ -68.72329082, -15.95424468 ], [ -68.72340246, -15.95373202 ], [ -68.72305347, -15.95340985 ], [ -68.72268075, -15.9533883 ], [ -68.72227485, -15.95327747 ], [ -68.72218258, -15.95330957 ], [ -68.72200385, -15.9536137 ], [ -68.72194839, -15.95388503 ], [ -68.72166649, -15.95377139 ], [ -68.72164572, -15.95342618 ], [ -68.72189739, -15.95306038 ], [ -68.72210751, -15.95251547 ], [ -68.72232024, -15.95207853 ], [ -68.72256319, -15.95135284 ], [ -68.72281748, -15.951095 ], [ -68.7229869, -15.95040698 ], [ -68.72304909, -15.94990144 ], [ -68.72322461, -15.94946535 ], [ -68.72317433, -15.94892635 ], [ -68.72320281, -15.94856561 ], [ -68.72345535, -15.9482358 ], [ -68.72385581, -15.94786662 ], [ -68.72384534, -15.94743475 ], [ -68.72383487, -15.94700287 ], [ -68.72397145, -15.94649564 ], [ -68.72419709, -15.94608002 ], [ -68.72415775, -15.94548075 ], [ -68.72404984, -15.94512311 ], [ -68.72382083, -15.94488824 ], [ -68.72359009, -15.9445814 ], [ -68.72345912, -15.9442963 ], [ -68.72315572, -15.94406312 ], [ -68.72283102, -15.94397446 ], [ -68.72276011, -15.94412011 ], [ -68.72223644, -15.94401195 ], [ -68.72198845, -15.94401758 ], [ -68.72156397, -15.94390717 ], [ -68.72160776, -15.94366612 ], [ -68.72190359, -15.94358739 ], [ -68.72229979, -15.9435544 ], [ -68.72244276, -15.94331109 ], [ -68.72258864, -15.94318775 ], [ -68.72288797, -15.94325298 ], [ -68.72320628, -15.94307772 ], [ -68.72322468, -15.94281323 ], [ -68.72344147, -15.94254425 ], [ -68.72371192, -15.94244208 ], [ -68.72415945, -15.94247994 ], [ -68.72446168, -15.94266513 ], [ -68.72463992, -15.94285314 ], [ -68.72501888, -15.94313261 ], [ -68.72541798, -15.94321958 ], [ -68.7257917, -15.94328311 ], [ -68.72626927, -15.94353634 ], [ -68.72650118, -15.94389117 ], [ -68.72673658, -15.94438996 ], [ -68.72696617, -15.94464881 ], [ -68.72724303, -15.94481057 ], [ -68.72756715, -15.94487523 ], [ -68.72772118, -15.94508779 ], [ -68.72780431, -15.94544599 ], [ -68.72805928, -15.94572828 ], [ -68.7284365, -15.94593577 ], [ -68.72854151, -15.94617344 ], [ -68.7285624, -15.94655707 ], [ -68.72894603, -15.94702848 ], [ -68.72946645, -15.94674659 ], [ -68.73002442, -15.94673391 ], [ -68.73035812, -15.94642625 ], [ -68.73056128, -15.94585149 ], [ -68.73132532, -15.94538401 ], [ -68.73182638, -15.94558268 ], [ -68.73202111, -15.94593835 ], [ -68.73249701, -15.94637765 ], [ -68.73312645, -15.94675344 ], [ -68.73350498, -15.9470149 ], [ -68.73385835, -15.947517 ], [ -68.73441851, -15.94759429 ], [ -68.73443858, -15.94714371 ], [ -68.73414939, -15.94673018 ], [ -68.73382921, -15.94631735 ], [ -68.73356957, -15.94584313 ], [ -68.73328986, -15.94581948 ], [ -68.73285807, -15.94591932 ], [ -68.73257326, -15.94568573 ], [ -68.73315202, -15.94525247 ], [ -68.73390035, -15.9454155 ], [ -68.73418953, -15.94582903 ], [ -68.7344809, -15.94633254 ], [ -68.73492144, -15.94659259 ], [ -68.73548597, -15.94684982 ], [ -68.7361672, -15.94680432 ], [ -68.73644619, -15.94679797 ], [ -68.73683969, -15.94639892 ], [ -68.73742939, -15.94641551 ], [ -68.73811135, -15.94639999 ], [ -68.73869595, -15.94620664 ], [ -68.7395019, -15.94618829 ], [ -68.74012114, -15.94614419 ], [ -68.74094934, -15.94576524 ], [ -68.74131402, -15.94545686 ], [ -68.74199379, -15.94535135 ], [ -68.74257692, -15.94509801 ], [ -68.74331722, -15.9449311 ], [ -68.74376978, -15.94441066 ], [ -68.74423037, -15.94422012 ], [ -68.74469607, -15.94423951 ], [ -68.7450334, -15.94408178 ], [ -68.7451169, -15.94368978 ], [ -68.74526167, -15.94326637 ], [ -68.74563218, -15.94319791 ], [ -68.74610445, -15.94348722 ], [ -68.74662922, -15.94338524 ], [ -68.74671272, -15.94299323 ], [ -68.74667076, -15.94254407 ], [ -68.74656681, -15.94209632 ], [ -68.74664666, -15.94155436 ], [ -68.74672797, -15.94107238 ], [ -68.74696207, -15.9404969 ], [ -68.74729646, -15.9402192 ], [ -68.74750029, -15.93967441 ], [ -68.74770412, -15.93912962 ], [ -68.74794626, -15.93888404 ], [ -68.74840499, -15.93826142 ], [ -68.74859284, -15.93782502 ], [ -68.7488586, -15.93753088 ], [ -68.74917161, -15.93713964 ], [ -68.7492597, -15.93668152 ], [ -68.7496719, -15.93628801 ], [ -68.7499642, -15.93606529 ], [ -68.75030435, -15.93576945 ], [ -68.75034517, -15.93540843 ], [ -68.75014036, -15.93514903 ], [ -68.75013159, -15.93478914 ], [ -68.75017241, -15.93442811 ], [ -68.75033722, -15.93406426 ], [ -68.75040167, -15.93365468 ], [ -68.75064262, -15.93336111 ], [ -68.75085995, -15.93311609 ], [ -68.75084942, -15.93268421 ], [ -68.75114815, -15.93272541 ], [ -68.75139144, -15.93252781 ], [ -68.75173684, -15.93244791 ], [ -68.7521826, -15.93241372 ], [ -68.7524749, -15.93219099 ], [ -68.75259479, -15.93202021 ], [ -68.75302277, -15.93227451 ], [ -68.75344665, -15.93236086 ], [ -68.75374188, -15.93225809 ], [ -68.75398458, -15.9320365 ], [ -68.75435828, -15.93209998 ], [ -68.75463807, -15.93238167 ], [ -68.75476791, -15.93261876 ], [ -68.75499811, -15.93290158 ], [ -68.75530152, -15.93313471 ], [ -68.75565161, -15.93324675 ], [ -68.75573654, -15.93367692 ], [ -68.75584392, -15.93401055 ], [ -68.7557252, -15.93422932 ], [ -68.75558579, -15.93461661 ], [ -68.75583903, -15.93482688 ], [ -68.756087, -15.93482121 ], [ -68.75640995, -15.93483784 ], [ -68.7565888, -15.93504981 ], [ -68.75704217, -15.93532753 ], [ -68.75732021, -15.93553723 ], [ -68.75760235, -15.93591488 ], [ -68.75786146, -15.93636508 ], [ -68.7584152, -15.93668851 ], [ -68.75886799, -15.93694223 ], [ -68.7592175, -15.93703027 ], [ -68.75969686, -15.9373554 ], [ -68.76007702, -15.93768279 ], [ -68.7603621, -15.93818041 ], [ -68.76044646, -15.93858659 ], [ -68.76075692, -15.93910763 ], [ -68.76116658, -15.93962639 ], [ -68.7617174, -15.93982985 ], [ -68.76221805, -15.94001045 ], [ -68.76257753, -15.94050636 ], [ -68.7629536, -15.9406658 ], [ -68.76327246, -15.94051447 ], [ -68.76356299, -15.94021975 ], [ -68.7639043, -15.93997187 ], [ -68.76426981, -15.93969944 ], [ -68.76488858, -15.93963727 ], [ -68.7655257, -15.9393106 ], [ -68.76596443, -15.93898848 ], [ -68.76626376, -15.93905364 ], [ -68.76656661, -15.93926277 ], [ -68.76696572, -15.93934965 ], [ -68.76724378, -15.93955934 ], [ -68.76750056, -15.93991356 ], [ -68.7676605, -15.94036602 ], [ -68.76769351, -15.94070135 ], [ -68.76755764, -15.9412326 ], [ -68.76758772, -15.94144797 ], [ -68.76776952, -15.94177989 ], [ -68.76792418, -15.94201641 ], [ -68.76817979, -15.94232264 ], [ -68.76844055, -15.94289492 ], [ -68.76818309, -15.94327887 ], [ -68.76827779, -15.9440565 ], [ -68.76833813, -15.94490014 ], [ -68.7683872, -15.94528312 ], [ -68.76875087, -15.94554366 ], [ -68.76891757, -15.94586633 ], [ -68.76920705, -15.94633982 ], [ -68.76964492, -15.94638741 ], [ -68.76998077, -15.9463221 ], [ -68.77030148, -15.94644919 ], [ -68.77078278, -15.94664941 ], [ -68.77126408, -15.94684964 ], [ -68.77160566, -15.9471803 ], [ -68.7717497, -15.94738826 ], [ -68.77191593, -15.94769173 ], [ -68.77209063, -15.9483407 ], [ -68.77227858, -15.94872049 ], [ -68.77257757, -15.94877125 ], [ -68.77277267, -15.94863234 ], [ -68.77280671, -15.9484011 ], [ -68.77280013, -15.94813238 ], [ -68.77279167, -15.94778688 ], [ -68.77286303, -15.94745876 ], [ -68.77303547, -15.94720514 ], [ -68.77324759, -15.94695061 ], [ -68.77338035, -15.9466979 ], [ -68.77349468, -15.94650323 ], [ -68.77360854, -15.94628937 ], [ -68.77370257, -15.94607595 ], [ -68.77369646, -15.94582643 ], [ -68.77383016, -15.94561211 ], [ -68.77402478, -15.945454 ], [ -68.77426097, -15.94537177 ], [ -68.77451511, -15.9452123 ], [ -68.7746096, -15.94501808 ], [ -68.7748628, -15.94482022 ], [ -68.7751632, -15.94492856 ], [ -68.77546946, -15.94497195 ], [ -68.77581264, -15.94505411 ], [ -68.77618682, -15.94513555 ], [ -68.77640822, -15.94531051 ], [ -68.77663549, -15.94572541 ], [ -68.7767993, -15.94608175 ], [ -68.77709005, -15.9465552 ], [ -68.77731659, -15.94694011 ], [ -68.77754167, -15.94726503 ], [ -68.77758296, -15.94768419 ], [ -68.77757034, -15.94843468 ], [ -68.77761237, -15.94888384 ], [ -68.77778721, -15.94969004 ], [ -68.77804476, -15.95007423 ], [ -68.77845584, -15.95039489 ], [ -68.77896285, -15.95083337 ], [ -68.77928313, -15.95124613 ], [ -68.77953848, -15.95154034 ], [ -68.77982556, -15.95186384 ], [ -68.78026617, -15.9521238 ], [ -68.78046099, -15.95247942 ], [ -68.78075323, -15.95301285 ], [ -68.78097905, -15.95336776 ], [ -68.78135914, -15.95368912 ], [ -68.78162185, -15.95428325 ], [ -68.78194509, -15.95481597 ], [ -68.78247503, -15.95492383 ], [ -68.78279827, -15.95545655 ], [ -68.78326842, -15.9556558 ], [ -68.78379909, -15.95579365 ], [ -68.7842914, -15.9556323 ], [ -68.78463019, -15.95553449 ], [ -68.78515718, -15.95552238 ], [ -68.78568344, -15.95548028 ], [ -68.78623554, -15.95522752 ], [ -68.78632044, -15.95489548 ], [ -68.78649539, -15.95444134 ], [ -68.78670207, -15.95401648 ], [ -68.78682017, -15.9537737 ], [ -68.78718627, -15.95352522 ], [ -68.7874269, -15.9532196 ], [ -68.78741732, -15.95282972 ], [ -68.78756053, -15.9523463 ], [ -68.78783952, -15.95233988 ], [ -68.78812588, -15.95263338 ], [ -68.78840561, -15.95265695 ], [ -68.7887776, -15.9526484 ], [ -68.7890197, -15.95240277 ], [ -68.78917027, -15.95221925 ], [ -68.78960426, -15.95220927 ], [ -68.79003603, -15.95210931 ], [ -68.79024565, -15.95180441 ], [ -68.79051137, -15.95125815 ], [ -68.79081768, -15.95110107 ], [ -68.79100662, -15.95121675 ], [ -68.79135203, -15.95138885 ], [ -68.79172476, -15.95141028 ], [ -68.79199637, -15.95110395 ], [ -68.79214915, -15.95101041 ], [ -68.79252778, -15.95127176 ], [ -68.79296176, -15.95126177 ], [ -68.79336254, -15.95116252 ], [ -68.7937301, -15.95097401 ], [ -68.7940113, -15.95105756 ], [ -68.79411315, -15.95141531 ], [ -68.79437295, -15.95188946 ], [ -68.79466227, -15.95230291 ], [ -68.79510658, -15.95271279 ], [ -68.79541215, -15.9525257 ], [ -68.79537451, -15.9522565 ], [ -68.79536639, -15.9519266 ], [ -68.79532358, -15.95144745 ], [ -68.79509626, -15.95103258 ], [ -68.79490584, -15.95085692 ], [ -68.79490186, -15.9504429 ], [ -68.79514616, -15.95028723 ], [ -68.79538381, -15.94986164 ], [ -68.79546427, -15.94934966 ], [ -68.79588496, -15.94879982 ], [ -68.79612852, -15.94861416 ], [ -68.79665107, -15.94842208 ], [ -68.79717435, -15.94825998 ], [ -68.79760906, -15.94827997 ], [ -68.79798695, -15.94851133 ], [ -68.7983545, -15.94832281 ], [ -68.79880988, -15.94792221 ], [ -68.79961953, -15.94805359 ], [ -68.80031183, -15.94845774 ], [ -68.80100341, -15.9488319 ], [ -68.80147947, -15.94927104 ], [ -68.80214226, -15.94973588 ], [ -68.8029534, -15.94992723 ], [ -68.80385014, -15.94981651 ], [ -68.80452324, -15.94944089 ], [ -68.8050369, -15.94888889 ], [ -68.80548487, -15.94818836 ], [ -68.80609227, -15.94766421 ], [ -68.80679265, -15.9471379 ], [ -68.80743696, -15.94685295 ], [ -68.80813955, -15.94641661 ], [ -68.80889528, -15.94587102 ], [ -68.80942664, -15.94528259 ], [ -68.81005007, -15.94440396 ], [ -68.81042967, -15.943699 ], [ -68.81082696, -15.94270556 ], [ -68.81124608, -15.94159157 ], [ -68.81171952, -15.94066839 ], [ -68.81229453, -15.93983888 ], [ -68.81282585, -15.93925044 ], [ -68.81314455, -15.93909423 ], [ -68.81361629, -15.93910733 ], [ -68.81406087, -15.93902504 ], [ -68.81443106, -15.93894446 ], [ -68.81480302, -15.93893585 ], [ -68.81527239, -15.93885298 ], [ -68.81564435, -15.93884438 ], [ -68.81603874, -15.93873923 ], [ -68.81620284, -15.93835133 ], [ -68.81607174, -15.93806628 ], [ -68.81583907, -15.93768756 ], [ -68.8156566, -15.93733169 ], [ -68.81569671, -15.93694666 ], [ -68.81593816, -15.936677 ], [ -68.81618495, -15.93662328 ], [ -68.81655453, -15.9365187 ], [ -68.81672218, -15.93627476 ], [ -68.81699021, -15.93607651 ], [ -68.81735979, -15.93597193 ], [ -68.81784862, -15.93567254 ], [ -68.81799503, -15.93557312 ], [ -68.81844256, -15.93561078 ], [ -68.81886411, -15.93560102 ], [ -68.81943444, -15.93558782 ], [ -68.81993157, -15.93562433 ], [ -68.82055565, -15.93577792 ], [ -68.82097661, -15.93574417 ], [ -68.82131902, -15.93554419 ], [ -68.82130952, -15.9351603 ], [ -68.82170153, -15.93495917 ], [ -68.82207289, -15.93492656 ], [ -68.82231492, -15.93468089 ], [ -68.82260358, -15.93431411 ], [ -68.82297316, -15.93420952 ], [ -68.82344311, -15.93415062 ], [ -68.82413089, -15.93387061 ], [ -68.82447923, -15.93391056 ], [ -68.82475734, -15.93412017 ], [ -68.82508564, -15.93435262 ], [ -68.82551075, -15.93448681 ], [ -68.82598189, -15.93447589 ], [ -68.82628637, -15.93454757 ], [ -68.82641745, -15.93463096 ], [ -68.82653036, -15.93478198 ], [ -68.82659415, -15.93495335 ], [ -68.82666952, -15.93519166 ], [ -68.82686368, -15.93541763 ], [ -68.82703587, -15.93555767 ], [ -68.82722718, -15.93566847 ], [ -68.82746689, -15.93573013 ], [ -68.82765131, -15.93556261 ], [ -68.82775709, -15.93542572 ], [ -68.82793325, -15.93532561 ], [ -68.82810139, -15.9353025 ], [ -68.8282516, -15.93535663 ], [ -68.82840228, -15.93542996 ], [ -68.82852583, -15.93560954 ], [ -68.82873015, -15.93584487 ], [ -68.82888178, -15.93595658 ], [ -68.82905801, -15.93625978 ], [ -68.82926162, -15.93646631 ], [ -68.82948507, -15.93667239 ], [ -68.82969058, -15.9369557 ], [ -68.82991094, -15.93703701 ], [ -68.83021088, -15.93712607 ], [ -68.83047305, -15.93729284 ], [ -68.83078316, -15.93739127 ], [ -68.83105192, -15.93742344 ], [ -68.8313183, -15.93735965 ], [ -68.8316853, -15.93735113 ], [ -68.83197223, -15.93731566 ], [ -68.832138, -15.93719658 ], [ -68.83215356, -15.93702338 ], [ -68.83213062, -15.93689908 ], [ -68.8320652, -15.93657419 ], [ -68.83193027, -15.9364236 ], [ -68.83183743, -15.93628171 ], [ -68.8317949, -15.93616747 ], [ -68.83174102, -15.93599587 ], [ -68.83163803, -15.93584462 ], [ -68.83144729, -15.93575686 ], [ -68.83128787, -15.93573175 ], [ -68.83105784, -15.93566027 ], [ -68.83092485, -15.93550011 ], [ -68.83084145, -15.9353388 ], [ -68.83083789, -15.93519485 ], [ -68.83076441, -15.93503331 ], [ -68.83067324, -15.9349586 ], [ -68.83046375, -15.93491545 ], [ -68.83030363, -15.93486155 ], [ -68.83011327, -15.93478915 ], [ -68.82996187, -15.93468703 ], [ -68.82988911, -15.93455428 ], [ -68.82985507, -15.93438223 ], [ -68.82982416, -15.93410196 ], [ -68.82970589, -15.93403231 ], [ -68.82952798, -15.93401977 ], [ -68.82917299, -15.93409077 ], [ -68.82902528, -15.93413741 ], [ -68.828834, -15.93422826 ], [ -68.82864237, -15.93430473 ], [ -68.82844697, -15.93442929 ], [ -68.82837674, -15.93459897 ], [ -68.82805913, -15.93479839 ], [ -68.82771435, -15.93490241 ], [ -68.82741738, -15.9349333 ], [ -68.82706844, -15.93486937 ], [ -68.82679211, -15.93473174 ], [ -68.82658482, -15.93437645 ], [ -68.82657116, -15.93382462 ], [ -68.82661267, -15.93349717 ], [ -68.82674778, -15.93294189 ], [ -68.82698684, -15.93257625 ], [ -68.82730504, -15.93240082 ], [ -68.82777617, -15.9323899 ], [ -68.82815347, -15.93259721 ], [ -68.82850835, -15.93290106 ], [ -68.82901142, -15.93317747 ], [ -68.82938277, -15.93314485 ], [ -68.82957104, -15.93273237 ], [ -68.82972916, -15.93210453 ], [ -68.830189, -15.93163774 ], [ -68.83058277, -15.93150857 ], [ -68.83077222, -15.93114408 ], [ -68.83121261, -15.9308938 ], [ -68.83147526, -15.93047959 ], [ -68.83191326, -15.93013333 ], [ -68.83228402, -15.93007672 ], [ -68.83260518, -15.93002125 ], [ -68.83285255, -15.9299915 ], [ -68.83312888, -15.93012912 ], [ -68.83343298, -15.93038613 ], [ -68.83396501, -15.9308299 ], [ -68.83439805, -15.93108392 ], [ -68.83541649, -15.93113229 ], [ -68.83595368, -15.93078372 ], [ -68.83626651, -15.93039235 ], [ -68.8365835, -15.93016892 ], [ -68.83707943, -15.9301574 ], [ -68.83749918, -15.93007563 ], [ -68.83781379, -15.92975623 ], [ -68.83795185, -15.92932091 ], [ -68.8380899, -15.92888558 ], [ -68.83845827, -15.92873298 ], [ -68.83910297, -15.928718 ], [ -68.83952034, -15.92854025 ], [ -68.83988215, -15.92812373 ], [ -68.8398502, -15.92783639 ], [ -68.83984246, -15.92752449 ], [ -68.83993509, -15.92725826 ], [ -68.84012511, -15.92691776 ], [ -68.84001878, -15.92663215 ], [ -68.83973888, -15.92635058 ], [ -68.84000567, -15.92610431 ], [ -68.84015743, -15.92622082 ], [ -68.84048812, -15.92654922 ], [ -68.84120719, -15.9265325 ], [ -68.8417527, -15.92651981 ], [ -68.84217781, -15.92665396 ], [ -68.84255094, -15.9266933 ], [ -68.84297187, -15.9266595 ], [ -68.84308989, -15.92641669 ], [ -68.84348483, -15.92633548 ], [ -68.84377683, -15.92630468 ], [ -68.84397042, -15.92610812 ], [ -68.84408367, -15.92567337 ], [ -68.84432209, -15.92528372 ], [ -68.84464503, -15.92530021 ], [ -68.84502173, -15.92548349 ], [ -68.84544266, -15.92544969 ], [ -68.84570706, -15.92510745 ], [ -68.84589469, -15.92467096 ], [ -68.84601151, -15.92438016 ], [ -68.84625171, -15.92406249 ], [ -68.84651909, -15.9238402 ], [ -68.84688208, -15.92347166 ], [ -68.84719726, -15.92317624 ], [ -68.84781177, -15.92294587 ], [ -68.84813232, -15.92286639 ], [ -68.84855384, -15.92285657 ], [ -68.84911816, -15.92260336 ], [ -68.84941511, -15.92257244 ], [ -68.85001557, -15.92277451 ], [ -68.85016912, -15.92296298 ], [ -68.85047502, -15.92329194 ], [ -68.85048458, -15.92367583 ], [ -68.85029397, -15.92399235 ], [ -68.84995579, -15.92436033 ], [ -68.84961343, -15.92456036 ], [ -68.84932484, -15.92492718 ], [ -68.84898606, -15.92527116 ], [ -68.84882502, -15.92577905 ], [ -68.84883696, -15.9262589 ], [ -68.84934601, -15.92677518 ], [ -68.84964953, -15.92700818 ], [ -68.85009645, -15.92702177 ], [ -68.85049318, -15.92701253 ], [ -68.85111009, -15.92687812 ], [ -68.85145843, -15.92691802 ], [ -68.85168577, -15.92708077 ], [ -68.85199049, -15.92736174 ], [ -68.8523684, -15.927593 ], [ -68.85281772, -15.92770256 ], [ -68.85323805, -15.92764475 ], [ -68.85333126, -15.92740251 ], [ -68.85344628, -15.92703973 ], [ -68.85371665, -15.9269374 ], [ -68.85396819, -15.92707557 ], [ -68.85436851, -15.92721028 ], [ -68.85466486, -15.92715536 ], [ -68.85482827, -15.92674343 ], [ -68.85507623, -15.92673765 ], [ -68.85550254, -15.92691976 ], [ -68.85578426, -15.92727329 ], [ -68.85626495, -15.92764618 ], [ -68.85662166, -15.92802196 ], [ -68.85690219, -15.9283275 ], [ -68.85705874, -15.92863593 ], [ -68.85739005, -15.9289883 ], [ -68.85767298, -15.92938981 ], [ -68.85792991, -15.92974391 ], [ -68.85836329, -15.93020913 ], [ -68.85864202, -15.93044269 ], [ -68.85892077, -15.93067625 ], [ -68.85926851, -15.93069214 ], [ -68.85963567, -15.93049152 ], [ -68.85990664, -15.93041317 ], [ -68.86030397, -15.9304279 ], [ -68.86040735, -15.93059354 ], [ -68.86075988, -15.93080136 ], [ -68.86093944, -15.93103724 ], [ -68.86137474, -15.93157922 ], [ -68.8615295, -15.93181567 ], [ -68.86175866, -15.93205039 ], [ -68.86220799, -15.93215993 ], [ -68.86253393, -15.93229635 ], [ -68.86283688, -15.93250534 ], [ -68.86315744, -15.93242583 ], [ -68.8634284, -15.93234748 ], [ -68.86380035, -15.93233879 ], [ -68.8641269, -15.93249921 ], [ -68.86455759, -15.93265719 ], [ -68.86493792, -15.93298439 ], [ -68.86531945, -15.93335958 ], [ -68.86579478, -15.93351652 ], [ -68.86619632, -15.93369919 ], [ -68.86644848, -15.93386134 ], [ -68.86673203, -15.93428683 ], [ -68.86711297, -15.93463802 ], [ -68.86746791, -15.93494181 ], [ -68.86767527, -15.93529706 ], [ -68.86800902, -15.93574538 ], [ -68.86816559, -15.9360538 ], [ -68.86827676, -15.93653134 ], [ -68.86860272, -15.93666775 ], [ -68.86907207, -15.93658476 ], [ -68.86931404, -15.93633903 ], [ -68.86942904, -15.93597624 ], [ -68.86954463, -15.93563745 ], [ -68.8697866, -15.93539172 ], [ -68.86995119, -15.93502777 ], [ -68.87002138, -15.93485808 ], [ -68.87026336, -15.93461236 ], [ -68.87048173, -15.9344152 ], [ -68.87079989, -15.93423971 ], [ -68.87119604, -15.93420643 ], [ -68.87166418, -15.93407544 ], [ -68.87191274, -15.93409363 ], [ -68.8722369, -15.93415807 ], [ -68.87251086, -15.93419967 ], [ -68.872959, -15.9342612 ], [ -68.87340955, -15.9344187 ], [ -68.87376486, -15.93473687 ], [ -68.87409382, -15.93499324 ], [ -68.87441978, -15.93512965 ], [ -68.87476933, -15.93521749 ], [ -68.8750687, -15.9352825 ], [ -68.87527247, -15.93549379 ], [ -68.87567462, -15.93570043 ], [ -68.87597879, -15.93595738 ], [ -68.87601019, -15.93622072 ], [ -68.87594, -15.93639041 ], [ -68.87574823, -15.93665897 ], [ -68.87570583, -15.93694804 ], [ -68.87543787, -15.93714637 ], [ -68.87496552, -15.93710942 ], [ -68.87459057, -15.93699817 ], [ -68.8742888, -15.93683719 ], [ -68.87376146, -15.93658546 ], [ -68.87334051, -15.93661932 ], [ -68.87304835, -15.93684222 ], [ -68.87285537, -15.93706279 ], [ -68.87255481, -15.9369498 ], [ -68.87244902, -15.9366882 ], [ -68.87216846, -15.93638268 ], [ -68.87169791, -15.9364177 ], [ -68.87130416, -15.93654694 ], [ -68.87106518, -15.93691264 ], [ -68.87071862, -15.93694475 ], [ -68.87042526, -15.93711966 ], [ -68.87033626, -15.93752985 ], [ -68.87059263, -15.93785995 ], [ -68.87124875, -15.93830072 ], [ -68.87207305, -15.9385215 ], [ -68.87319553, -15.9387593 ], [ -68.87443299, -15.9386343 ], [ -68.87544848, -15.93856251 ], [ -68.87624019, -15.93847195 ], [ -68.8770815, -15.93838022 ], [ -68.87756888, -15.93822477 ], [ -68.87798683, -15.93807093 ], [ -68.8782632, -15.9382085 ], [ -68.87817362, -15.9385947 ], [ -68.87818503, -15.93905056 ], [ -68.8785382, -15.93928235 ], [ -68.87898876, -15.93943984 ], [ -68.87921914, -15.93972252 ], [ -68.8796691, -15.93985601 ], [ -68.88022125, -15.94010714 ], [ -68.88072621, -15.94045541 ], [ -68.88113108, -15.94077 ], [ -68.88170255, -15.94129675 ], [ -68.88223592, -15.94178839 ], [ -68.88279748, -15.94191926 ], [ -68.88354231, -15.9419378 ], [ -68.88425536, -15.94217314 ], [ -68.8849276, -15.9422654 ], [ -68.88560255, -15.94246562 ], [ -68.88649617, -15.94248066 ], [ -68.88717112, -15.94268087 ], [ -68.88769458, -15.94277662 ], [ -68.88847391, -15.9426863 ], [ -68.88928411, -15.94234318 ], [ -68.88998452, -15.94207466 ], [ -68.8905598, -15.94126893 ], [ -68.89117859, -15.94071424 ], [ -68.89183728, -15.94026665 ], [ -68.89257488, -15.93999725 ], [ -68.89357194, -15.93968573 ], [ -68.89449733, -15.93948393 ], [ -68.89553068, -15.93913554 ], [ -68.8959707, -15.93887312 ], [ -68.89633271, -15.9384685 ], [ -68.89677273, -15.93820608 ], [ -68.89728533, -15.93786993 ], [ -68.89787898, -15.93750067 ], [ -68.89870881, -15.936953 ], [ -68.89939107, -15.93645681 ], [ -68.90016768, -15.93576634 ], [ -68.90074832, -15.93517652 ], [ -68.90127454, -15.93439591 ], [ -68.90175117, -15.93361648 ], [ -68.90211895, -15.9324555 ], [ -68.90230283, -15.93187501 ], [ -68.90262705, -15.93095512 ], [ -68.90310728, -15.93031964 ], [ -68.90357061, -15.92901236 ], [ -68.90410163, -15.92842369 ], [ -68.90457823, -15.92764425 ], [ -68.90505724, -15.92696078 ], [ -68.90553866, -15.92637328 ], [ -68.90602612, -15.92602569 ], [ -68.90645553, -15.92534339 ], [ -68.90673012, -15.92442466 ], [ -68.90725387, -15.92354808 ], [ -68.90748008, -15.9226785 ], [ -68.90794819, -15.92156316 ], [ -68.90887227, -15.92082117 ], [ -68.90935971, -15.92047358 ], [ -68.91019911, -15.92030975 ], [ -68.91129492, -15.92047595 ], [ -68.91198917, -15.92045957 ], [ -68.91238604, -15.92021014 ], [ -68.91277021, -15.919949 ], [ -68.91311371, -15.91979685 ], [ -68.91370455, -15.91961486 ], [ -68.91414844, -15.91950836 ], [ -68.91463405, -15.91908878 ], [ -68.91490316, -15.91893839 ], [ -68.9152007, -15.91893136 ], [ -68.91556717, -15.91870665 ], [ -68.9159542, -15.9183134 ], [ -68.91633942, -15.91784817 ], [ -68.9169248, -15.91745024 ], [ -68.91744004, -15.91722201 ], [ -68.91797946, -15.9169692 ], [ -68.9183937, -15.91667133 ], [ -68.91863559, -15.91642555 ], [ -68.91895186, -15.91617801 ], [ -68.91919254, -15.91588424 ], [ -68.91933585, -15.9156648 ], [ -68.91975069, -15.91539092 ], [ -68.92013347, -15.91482972 ], [ -68.92039954, -15.91455936 ], [ -68.92074, -15.91428724 ], [ -68.92115544, -15.91403735 ], [ -68.92152553, -15.91395658 ], [ -68.9219434, -15.91380266 ], [ -68.92235351, -15.91353849 ], [ -68.92277016, -15.91333658 ], [ -68.92308642, -15.91308903 ], [ -68.9233537, -15.91286665 ], [ -68.92377277, -15.91276071 ], [ -68.92416766, -15.91267935 ], [ -68.92453714, -15.91257459 ], [ -68.92477841, -15.9123048 ], [ -68.92499307, -15.91196363 ], [ -68.92515935, -15.91167162 ], [ -68.92532502, -15.91135561 ], [ -68.92565819, -15.91079557 ], [ -68.92602464, -15.91057084 ], [ -68.92644431, -15.91048889 ], [ -68.92676117, -15.91026533 ], [ -68.926974, -15.90985218 ], [ -68.92718622, -15.90941503 ], [ -68.92737729, -15.90912243 ], [ -68.92771894, -15.90889828 ], [ -68.92813012, -15.90848043 ], [ -68.92842096, -15.90820948 ], [ -68.9288128, -15.90800814 ], [ -68.92905406, -15.90773836 ], [ -68.92919493, -15.90742293 ], [ -68.92953597, -15.90717479 ], [ -68.92982742, -15.90692782 ], [ -68.9300711, -15.906754 ], [ -68.93046597, -15.90667263 ], [ -68.93072513, -15.90648308 ], [ -68.93100449, -15.90634683 ], [ -68.93135933, -15.906252 ], [ -68.93164197, -15.9062453 ], [ -68.93201386, -15.90623649 ], [ -68.93238357, -15.9061413 ], [ -68.93266184, -15.90596186 ], [ -68.93291036, -15.90578312 ], [ -68.93315414, -15.90541725 ], [ -68.93337436, -15.90529679 ], [ -68.93369579, -15.90505871 ], [ -68.93386811, -15.90480976 ], [ -68.93404983, -15.90434452 ], [ -68.93434224, -15.90413594 ], [ -68.93448553, -15.90391648 ], [ -68.93465566, -15.90358115 ], [ -68.93502572, -15.90350036 ], [ -68.93529254, -15.90345658 ], [ -68.93558531, -15.90326239 ], [ -68.93581967, -15.90311279 ], [ -68.93594809, -15.90289368 ], [ -68.93614942, -15.90261523 ], [ -68.93628979, -15.90228061 ], [ -68.93654479, -15.90177042 ], [ -68.93679257, -15.90156289 ], [ -68.9369928, -15.90124125 ], [ -68.9371016, -15.90083536 ], [ -68.93737694, -15.90054075 ], [ -68.93765446, -15.90033251 ], [ -68.93779629, -15.90005547 ], [ -68.93798288, -15.89978313 ], [ -68.93815847, -15.89966373 ], [ -68.93839283, -15.89951413 ], [ -68.93850782, -15.89935296 ], [ -68.93874254, -15.89921775 ], [ -68.93893446, -15.89915558 ], [ -68.9391982, -15.89899088 ], [ -68.93952473, -15.89895432 ], [ -68.93977797, -15.89896272 ], [ -68.9400606, -15.89895601 ], [ -68.94029641, -15.89886399 ], [ -68.94045895, -15.89881692 ], [ -68.94081449, -15.89875086 ], [ -68.94093349, -15.89874804 ], [ -68.94121576, -15.89872693 ], [ -68.94145048, -15.89859172 ], [ -68.94185138, -15.8985534 ], [ -68.94204439, -15.89853441 ], [ -68.94237201, -15.89854104 ], [ -68.94253856, -15.89865231 ], [ -68.94283752, -15.89870283 ], [ -68.94307698, -15.89875476 ], [ -68.94343143, -15.89864552 ], [ -68.94363968, -15.89864057 ], [ -68.94376051, -15.89870972 ], [ -68.9440204, -15.89882358 ], [ -68.94445771, -15.8988516 ], [ -68.94475083, -15.89867179 ], [ -68.94512962, -15.89873961 ], [ -68.9455123, -15.89896099 ], [ -68.94569811, -15.89924465 ], [ -68.94599853, -15.89935275 ], [ -68.94625588, -15.89932743 ], [ -68.94637197, -15.89920944 ], [ -68.94654706, -15.89907084 ], [ -68.94686147, -15.89894813 ], [ -68.94727554, -15.89884226 ], [ -68.94763011, -15.89873781 ], [ -68.94784244, -15.8985023 ], [ -68.94795413, -15.89821156 ], [ -68.94817035, -15.8981296 ], [ -68.94854719, -15.89812064 ], [ -68.94890468, -15.89813135 ], [ -68.94920322, -15.89800902 ], [ -68.94959502, -15.89780764 ], [ -68.94991041, -15.89772332 ], [ -68.95024758, -15.8977153 ], [ -68.95062392, -15.89768715 ], [ -68.95091801, -15.89754572 ], [ -68.95127209, -15.89742206 ], [ -68.95158991, -15.89743371 ], [ -68.95200105, -15.89721267 ], [ -68.95233481, -15.89707029 ], [ -68.95274887, -15.89696441 ], [ -68.95304344, -15.89684217 ], [ -68.95351554, -15.89667729 ], [ -68.95410859, -15.89658635 ], [ -68.95448494, -15.89655819 ], [ -68.95495996, -15.89650847 ], [ -68.95545677, -15.89653505 ], [ -68.95577606, -15.89660427 ], [ -68.95609583, -15.89669269 ], [ -68.95647267, -15.89668371 ], [ -68.95688917, -15.89667379 ], [ -68.95722829, -15.89674254 ], [ -68.95747019, -15.89689042 ], [ -68.95796603, -15.89687861 ], [ -68.95824525, -15.89669911 ], [ -68.95859712, -15.89648907 ], [ -68.9588956, -15.89652037 ], [ -68.95924366, -15.89655049 ], [ -68.95946158, -15.8965357 ], [ -68.95973031, -15.8965677 ], [ -68.95990182, -15.89667885 ], [ -68.96011471, -15.89685623 ], [ -68.96039238, -15.89684961 ], [ -68.96070971, -15.89684205 ], [ -68.96097795, -15.89685486 ], [ -68.96128464, -15.89681874 ], [ -68.96148028, -15.89670845 ], [ -68.96169576, -15.89659768 ], [ -68.96199535, -15.89639759 ], [ -68.96224938, -15.89615072 ], [ -68.96234691, -15.89588913 ], [ -68.96242516, -15.89545514 ], [ -68.96262755, -15.89521985 ], [ -68.96299466, -15.89502384 ], [ -68.96339188, -15.89484152 ], [ -68.96372484, -15.89447348 ], [ -68.96390905, -15.89410899 ], [ -68.96432151, -15.8939407 ], [ -68.9645417, -15.89382022 ], [ -68.96474408, -15.89358493 ], [ -68.9651651, -15.89340203 ], [ -68.96556195, -15.89320531 ], [ -68.96588736, -15.89312553 ], [ -68.96616704, -15.89300363 ], [ -68.96644893, -15.89296809 ], [ -68.96681786, -15.89284406 ], [ -68.96706377, -15.89256451 ], [ -68.96725273, -15.89238715 ], [ -68.96759045, -15.89220624 ], [ -68.96793147, -15.89215489 ], [ -68.96828846, -15.89214637 ], [ -68.96857254, -15.89219721 ], [ -68.96888454, -15.89217535 ], [ -68.96918057, -15.89211067 ], [ -68.96944244, -15.89187395 ], [ -68.96971882, -15.89162248 ], [ -68.96990669, -15.89140194 ], [ -68.97021355, -15.89117855 ], [ -68.97055126, -15.89099763 ], [ -68.97103918, -15.89087075 ], [ -68.97148505, -15.8908457 ], [ -68.97197738, -15.89089155 ], [ -68.9722961, -15.89078311 ], [ -68.97269441, -15.89064396 ], [ -68.97296215, -15.89063756 ], [ -68.97348423, -15.8906827 ], [ -68.97388767, -15.89074508 ], [ -68.97426174, -15.89082257 ], [ -68.97450378, -15.89097523 ], [ -68.97468778, -15.89118689 ], [ -68.97470853, -15.89141686 ], [ -68.97482074, -15.89173107 ], [ -68.97504496, -15.89176892 ], [ -68.97517185, -15.89149221 ], [ -68.97520508, -15.89104489 ], [ -68.97533124, -15.89073939 ], [ -68.97568382, -15.89055811 ], [ -68.97587278, -15.89038074 ], [ -68.97610746, -15.8902455 ], [ -68.97645967, -15.89004982 ], [ -68.97684494, -15.88998299 ], [ -68.97709487, -15.88986179 ], [ -68.97734773, -15.88985574 ], [ -68.97770251, -15.88976083 ], [ -68.97792453, -15.88971231 ], [ -68.97823689, -15.88970484 ], [ -68.97848865, -15.8896556 ], [ -68.97883902, -15.88938795 ], [ -68.97911906, -15.88928042 ], [ -68.97924815, -15.88909008 ], [ -68.97949587, -15.8888825 ], [ -68.97977256, -15.88876064 ], [ -68.97996262, -15.88862646 ], [ -68.98021218, -15.88849085 ], [ -68.98045989, -15.88828327 ], [ -68.98079612, -15.88804476 ], [ -68.98110553, -15.88792212 ], [ -68.98131561, -15.88798911 ], [ -68.98151229, -15.88811404 ], [ -68.98176773, -15.88820876 ], [ -68.98206485, -15.88818724 ], [ -68.98222699, -15.88812574 ], [ -68.98233973, -15.88787817 ], [ -68.98232096, -15.88772594 ], [ -68.98240064, -15.88734953 ], [ -68.98251191, -15.88704438 ], [ -68.98278789, -15.8867785 ], [ -68.98300365, -15.88648525 ], [ -68.98320453, -15.88619236 ], [ -68.98343663, -15.88595634 ], [ -68.98377284, -15.88571782 ], [ -68.98411127, -15.88556567 ], [ -68.98431619, -15.88543113 ], [ -68.9845639, -15.88522354 ], [ -68.98482795, -15.88507318 ], [ -68.98515261, -15.88496457 ], [ -68.98538728, -15.88482931 ], [ -68.98550296, -15.88469691 ], [ -68.98551047, -15.88440864 ], [ -68.98535547, -15.88416749 ], [ -68.98517256, -15.88399902 ], [ -68.98512242, -15.88378416 ], [ -68.98510166, -15.88355419 ], [ -68.98519731, -15.88322061 ], [ -68.98533758, -15.88288595 ], [ -68.98535813, -15.88252536 ], [ -68.98545201, -15.88231665 ], [ -68.98562559, -15.88212044 ], [ -68.98581129, -15.88201036 ], [ -68.98599797, -15.88193867 ], [ -68.98622751, -15.88199079 ], [ -68.98628161, -15.88203405 ], [ -68.98637001, -15.88209219 ], [ -68.98643667, -15.88217702 ], [ -68.98647891, -15.88227683 ], [ -68.9865602, -15.88235171 ], [ -68.98656364, -15.88248606 ], [ -68.9866076, -15.88265306 ], [ -68.98671417, -15.88274653 ], [ -68.98684295, -15.88273864 ], [ -68.98691138, -15.88269859 ], [ -68.98700423, -15.88264355 ], [ -68.98706635, -15.88255084 ], [ -68.98709328, -15.88243976 ], [ -68.98716036, -15.88234693 ], [ -68.9872925, -15.88227654 ], [ -68.98740506, -15.88221623 ], [ -68.98750312, -15.88217067 ], [ -68.98753971, -15.88204976 ], [ -68.98752599, -15.88190124 ], [ -68.9874742, -15.88181606 ], [ -68.98738894, -15.88177969 ], [ -68.98731879, -15.88175256 ], [ -68.98725733, -15.88167722 ], [ -68.98717653, -15.88162154 ], [ -68.98709487, -15.88153227 ], [ -68.98696572, -15.88152576 ], [ -68.98678772, -15.88154923 ], [ -68.98669438, -15.88158508 ], [ -68.98662755, -15.88168751 ], [ -68.98655998, -15.88176114 ], [ -68.98644904, -15.88181822 ], [ -68.98632201, -15.88180607 ], [ -68.98613537, -15.88168571 ], [ -68.98595099, -15.88145966 ], [ -68.985796, -15.8812185 ], [ -68.98567792, -15.88091764 ], [ -68.9856974, -15.88046705 ], [ -68.98580701, -15.87985465 ], [ -68.98578952, -15.87917088 ], [ -68.98576743, -15.87830716 ], [ -68.98574442, -15.87740746 ], [ -68.98590917, -15.87657528 ], [ -68.98607208, -15.87567112 ], [ -68.98627493, -15.87487403 ], [ -68.98655675, -15.87425511 ], [ -68.98691569, -15.87374237 ], [ -68.9869363, -15.87309369 ], [ -68.98734659, -15.87167946 ], [ -68.98790745, -15.87033364 ], [ -68.98843388, -15.86909668 ], [ -68.98911639, -15.86814405 ], [ -68.98987695, -15.86733359 ], [ -68.99053977, -15.86706563 ], [ -68.99142384, -15.86672034 ], [ -68.99219821, -15.86644969 ], [ -68.99349127, -15.86609458 ], [ -68.9944162, -15.86589233 ], [ -68.99515153, -15.86555059 ], [ -68.99600301, -15.86538611 ], [ -68.99697342, -15.86550685 ], [ -68.99764453, -15.86556276 ], [ -68.99853688, -15.86554133 ], [ -68.99961607, -15.86555141 ], [ -69.00066176, -15.86570634 ], [ -69.00141093, -15.8659044 ], [ -69.00216656, -15.86635437 ], [ -69.00276147, -15.86634007 ], [ -69.00312589, -15.86604323 ], [ -69.00349217, -15.86581836 ], [ -69.00401106, -15.86564504 ], [ -69.0041628, -15.86537251 ], [ -69.00461397, -15.86516961 ], [ -69.00498778, -15.86504539 ], [ -69.00526047, -15.86484678 ], [ -69.00536258, -15.86495955 ], [ -69.00541062, -15.86528489 ], [ -69.00563269, -15.86543319 ], [ -69.00592866, -15.86536846 ], [ -69.00625775, -15.86514448 ], [ -69.00699491, -15.86487467 ], [ -69.00773299, -15.86464085 ], [ -69.00861147, -15.86407956 ], [ -69.00953452, -15.86380527 ], [ -69.00981995, -15.86333026 ], [ -69.01031644, -15.86238205 ], [ -69.01103878, -15.86153642 ], [ -69.01162072, -15.86101826 ], [ -69.01170728, -15.8600439 ], [ -69.01183676, -15.85929177 ], [ -69.01217155, -15.85784329 ], [ -69.01243106, -15.85636063 ], [ -69.01261806, -15.85495172 ], [ -69.01296024, -15.85379115 ], [ -69.01336475, -15.85216095 ], [ -69.01391519, -15.8504192 ], [ -69.01426291, -15.84947455 ], [ -69.01459489, -15.84791811 ], [ -69.01491163, -15.84634764 ], [ -69.01546389, -15.84467786 ], [ -69.01621129, -15.84336347 ], [ -69.01680996, -15.84205268 ], [ -69.01753405, -15.841279 ], [ -69.01832879, -15.84035958 ], [ -69.01890416, -15.83958949 ], [ -69.01922948, -15.83922154 ], [ -69.01951578, -15.83878251 ], [ -69.01927326, -15.83803215 ], [ -69.01925196, -15.83720443 ], [ -69.01941375, -15.83626426 ], [ -69.01946216, -15.83525481 ], [ -69.01997255, -15.83340598 ], [ -69.02042599, -15.83223551 ], [ -69.02069467, -15.83111271 ], [ -69.02111574, -15.83013028 ], [ -69.02150335, -15.82929269 ], [ -69.02192164, -15.82820229 ], [ -69.02222376, -15.82693464 ], [ -69.02265224, -15.82624011 ], [ -69.02306773, -15.82504174 ], [ -69.02359289, -15.82376871 ], [ -69.02400652, -15.82249836 ], [ -69.02439224, -15.8215888 ], [ -69.02493314, -15.82092755 ], [ -69.02555729, -15.82060999 ], [ -69.02614463, -15.82030772 ], [ -69.02699218, -15.81999916 ], [ -69.02779792, -15.81951156 ], [ -69.02796615, -15.81882331 ], [ -69.02787511, -15.81817732 ], [ -69.0278203, -15.81749446 ], [ -69.02790306, -15.81637614 ], [ -69.02821255, -15.81539639 ], [ -69.0286317, -15.81434196 ], [ -69.02894026, -15.81332622 ], [ -69.02929805, -15.81277742 ], [ -69.0297906, -15.81168521 ], [ -69.03044111, -15.81094928 ], [ -69.03090391, -15.81014587 ], [ -69.03109412, -15.80934905 ], [ -69.03157054, -15.80859332 ], [ -69.03204819, -15.80788557 ], [ -69.03243477, -15.80749211 ], [ -69.03267762, -15.80729418 ], [ -69.03322092, -15.80720902 ], [ -69.03368741, -15.80702968 ], [ -69.03413097, -15.80692293 ], [ -69.03469596, -15.8067172 ], [ -69.03501067, -15.8064215 ], [ -69.03517174, -15.80593747 ], [ -69.03536254, -15.80564477 ], [ -69.03589841, -15.8052717 ], [ -69.03608549, -15.80483505 ], [ -69.03634568, -15.80434862 ], [ -69.03658542, -15.80403072 ], [ -69.03699986, -15.80375662 ], [ -69.03719934, -15.8037998 ], [ -69.03740811, -15.80420286 ], [ -69.03775936, -15.8043624 ], [ -69.03807902, -15.80425863 ], [ -69.03812176, -15.80399353 ], [ -69.03806353, -15.80365884 ], [ -69.03810255, -15.80324978 ], [ -69.03840486, -15.80295438 ], [ -69.03910332, -15.80239731 ], [ -69.04029659, -15.80179824 ], [ -69.04137216, -15.80144209 ], [ -69.04247948, -15.80111517 ], [ -69.0434025, -15.80085273 ], [ -69.0444432, -15.80034736 ], [ -69.0456349, -15.79968829 ], [ -69.04667947, -15.79933286 ], [ -69.04738877, -15.79919561 ], [ -69.04812515, -15.79890767 ], [ -69.04941984, -15.79863618 ], [ -69.05052324, -15.79815927 ], [ -69.0513502, -15.79777909 ], [ -69.05186666, -15.79737644 ], [ -69.05232504, -15.79712524 ], [ -69.05265177, -15.79657716 ], [ -69.05292198, -15.7962405 ], [ -69.05344542, -15.79610775 ], [ -69.05395797, -15.79555515 ], [ -69.05448363, -15.79431203 ], [ -69.05520332, -15.79314222 ], [ -69.05566779, -15.79193059 ], [ -69.05644509, -15.7908314 ], [ -69.05753288, -15.78975466 ], [ -69.05850066, -15.78883087 ], [ -69.05930423, -15.78755098 ], [ -69.0603632, -15.78536461 ], [ -69.06142525, -15.7832982 ], [ -69.06190717, -15.78242703 ], [ -69.06215944, -15.78183033 ], [ -69.06239536, -15.7811764 ], [ -69.06258629, -15.78050917 ], [ -69.06284379, -15.78011399 ], [ -69.06309867, -15.77961805 ], [ -69.06327624, -15.77900876 ], [ -69.06377187, -15.77804603 ], [ -69.06444216, -15.776935 ], [ -69.06478484, -15.77638363 ], [ -69.06495384, -15.77573133 ], [ -69.06519811, -15.77511321 ], [ -69.06518315, -15.77453741 ], [ -69.06498051, -15.77389416 ], [ -69.06499992, -15.7732095 ], [ -69.06513082, -15.77252212 ], [ -69.0652995, -15.77176228 ], [ -69.06540098, -15.77108762 ], [ -69.06556341, -15.77046909 ], [ -69.06568521, -15.76981315 ], [ -69.06588628, -15.76915527 ], [ -69.06616763, -15.76853384 ], [ -69.06635038, -15.76793402 ], [ -69.06670801, -15.76719551 ], [ -69.06720538, -15.766492 ], [ -69.06741143, -15.76602605 ], [ -69.06775373, -15.76546076 ], [ -69.06804384, -15.76517713 ], [ -69.06829003, -15.76472941 ], [ -69.06839997, -15.76438103 ], [ -69.06851041, -15.76405185 ], [ -69.06871845, -15.76366267 ], [ -69.06896962, -15.76340688 ], [ -69.06914151, -15.76315302 ], [ -69.069413, -15.76291594 ], [ -69.06962254, -15.76258434 ], [ -69.06993416, -15.76236549 ], [ -69.07020614, -15.7621476 ], [ -69.07052076, -15.7620439 ], [ -69.07069614, -15.7619244 ], [ -69.07079075, -15.76174924 ], [ -69.07078376, -15.76148054 ], [ -69.0706985, -15.76125215 ], [ -69.07043835, -15.76116247 ], [ -69.07023667, -15.76103294 ], [ -69.07007262, -15.76082568 ], [ -69.07000269, -15.76042408 ], [ -69.0699714, -15.75998312 ], [ -69.06996142, -15.75959925 ], [ -69.06989149, -15.75919764 ], [ -69.06962735, -15.75895441 ], [ -69.06936771, -15.75888392 ], [ -69.06915369, -15.75904278 ], [ -69.06893319, -15.75895212 ], [ -69.06890738, -15.75872229 ], [ -69.06890389, -15.75858794 ], [ -69.06885827, -15.75835858 ], [ -69.0690683, -15.75804618 ], [ -69.0691664, -15.75800538 ], [ -69.06940472, -15.75801878 ], [ -69.06980859, -15.75829701 ], [ -69.06997163, -15.75846589 ], [ -69.07029023, -15.75851574 ], [ -69.07060534, -15.75843123 ], [ -69.07073808, -15.75819753 ], [ -69.07070928, -15.75785254 ], [ -69.0707979, -15.75744707 ], [ -69.07098561, -15.75703918 ], [ -69.07122879, -15.75647629 ], [ -69.07161718, -15.75615954 ], [ -69.07186584, -15.75580778 ], [ -69.07231416, -15.75535512 ], [ -69.07310826, -15.75462516 ], [ -69.07417681, -15.75377326 ], [ -69.07503685, -15.75329135 ], [ -69.07576114, -15.75292798 ], [ -69.07624861, -15.7526088 ], [ -69.07687081, -15.75213268 ], [ -69.07766888, -15.75155624 ], [ -69.0784288, -15.75103835 ], [ -69.07920604, -15.750424 ], [ -69.08000759, -15.74998191 ], [ -69.08051526, -15.74967759 ], [ -69.08080554, -15.74940162 ], [ -69.08123653, -15.74919904 ], [ -69.0817423, -15.74882178 ], [ -69.08213366, -15.74862017 ], [ -69.08270289, -15.748395 ], [ -69.08307293, -15.74813628 ], [ -69.08341815, -15.74768612 ], [ -69.0838045, -15.74729257 ], [ -69.08417354, -15.74699547 ], [ -69.08430436, -15.74668883 ], [ -69.08454998, -15.7462219 ], [ -69.08507305, -15.74574818 ], [ -69.08540495, -15.74554801 ], [ -69.08585575, -15.74534493 ], [ -69.08604392, -15.74495623 ], [ -69.08607405, -15.74459059 ], [ -69.08616513, -15.74428107 ], [ -69.08617594, -15.74393511 ], [ -69.08622789, -15.74364576 ], [ -69.08637142, -15.74306609 ], [ -69.08651544, -15.74250561 ], [ -69.08644198, -15.74196966 ], [ -69.08630756, -15.74137758 ], [ -69.08611169, -15.74071018 ], [ -69.08608037, -15.74026923 ], [ -69.08627984, -15.73955375 ], [ -69.08632828, -15.73913005 ], [ -69.08645399, -15.73862764 ], [ -69.08665947, -15.73814248 ], [ -69.08680509, -15.73764342 ], [ -69.08695112, -15.73715971 ], [ -69.08713877, -15.73675181 ], [ -69.08738888, -15.73645761 ], [ -69.08741801, -15.73605359 ], [ -69.08748776, -15.73568698 ], [ -69.08765711, -15.73533714 ], [ -69.08796016, -15.73479198 ], [ -69.0886257, -15.73370019 ], [ -69.08925211, -15.73262857 ], [ -69.08959428, -15.73206324 ], [ -69.09038321, -15.73114129 ], [ -69.09084103, -15.73075269 ], [ -69.09120038, -15.73027577 ], [ -69.09154859, -15.72984713 ], [ -69.09183299, -15.72934803 ], [ -69.09228797, -15.72873672 ], [ -69.09269222, -15.72822388 ], [ -69.09317447, -15.72770793 ], [ -69.09361093, -15.72733714 ], [ -69.09414584, -15.72693993 ], [ -69.09455628, -15.72652176 ], [ -69.09499398, -15.72619895 ], [ -69.09532948, -15.72575862 ], [ -69.09579133, -15.72541121 ], [ -69.09605377, -15.72502067 ], [ -69.0964413, -15.72467508 ], [ -69.09680595, -15.72440207 ], [ -69.0970201, -15.72406073 ], [ -69.09733709, -15.7238609 ], [ -69.09748291, -15.72356061 ], [ -69.09757396, -15.72325109 ], [ -69.09782454, -15.72297607 ], [ -69.09811575, -15.72273847 ], [ -69.09846541, -15.72246102 ], [ -69.0988562, -15.72224018 ], [ -69.09908746, -15.72198484 ], [ -69.09935685, -15.72167095 ], [ -69.09956829, -15.7214161 ], [ -69.09988182, -15.72127397 ], [ -69.1002558, -15.72116877 ], [ -69.1005445, -15.7208352 ], [ -69.10081238, -15.72046373 ], [ -69.10106395, -15.7202271 ], [ -69.10149738, -15.72012044 ], [ -69.10171133, -15.71996155 ], [ -69.10196993, -15.71999361 ], [ -69.10211516, -15.72023972 ], [ -69.10234015, -15.72050307 ], [ -69.10254382, -15.72070933 ], [ -69.10280794, -15.72095252 ], [ -69.10310868, -15.72107958 ], [ -69.10347138, -15.72130114 ], [ -69.10395297, -15.72151979 ], [ -69.10428494, -15.7217037 ], [ -69.1044589, -15.72191068 ], [ -69.10469355, -15.7221642 ], [ -69.10492544, -15.72231215 ], [ -69.10512686, -15.72243204 ], [ -69.10530846, -15.72255241 ], [ -69.10542448, -15.72281844 ], [ -69.10560834, -15.72302519 ], [ -69.10580825, -15.7230875 ], [ -69.106074, -15.72301375 ], [ -69.10618988, -15.72289567 ], [ -69.10622499, -15.72272196 ], [ -69.10615901, -15.72247392 ], [ -69.1060346, -15.72226571 ], [ -69.10591269, -15.72215347 ], [ -69.10575141, -15.7220518 ], [ -69.10559062, -15.72196933 ], [ -69.10547787, -15.72182805 ], [ -69.1054731, -15.72164572 ], [ -69.10556001, -15.72155716 ], [ -69.10574825, -15.72155254 ], [ -69.10586463, -15.72145366 ], [ -69.10608059, -15.72137153 ], [ -69.10623911, -15.72136764 ], [ -69.10636892, -15.72140287 ], [ -69.10647966, -15.72146736 ], [ -69.10659981, -15.72151243 ], [ -69.10675043, -15.72158555 ], [ -69.10690181, -15.72168746 ], [ -69.10706259, -15.72176994 ], [ -69.10728181, -15.72181257 ], [ -69.10750028, -15.72182641 ], [ -69.10767962, -15.72186041 ], [ -69.10778247, -15.72200193 ], [ -69.10791353, -15.72208513 ], [ -69.10810253, -15.7221093 ], [ -69.10824913, -15.72202887 ], [ -69.10833473, -15.72189041 ], [ -69.1083805, -15.72174525 ], [ -69.10839479, -15.72153364 ], [ -69.10845811, -15.72130162 ], [ -69.10841169, -15.72100446 ], [ -69.10826595, -15.72077819 ], [ -69.10820349, -15.7206645 ], [ -69.10811996, -15.7205033 ], [ -69.10796859, -15.72040139 ], [ -69.10781696, -15.72028988 ], [ -69.1076257, -15.72017935 ], [ -69.1075127, -15.72002848 ], [ -69.10733009, -15.71986972 ], [ -69.1070824, -15.71983974 ], [ -69.10692388, -15.7198797 ], [ -69.106806, -15.719921 ], [ -69.10660785, -15.71992587 ], [ -69.10653211, -15.72006217 ], [ -69.10636231, -15.72039283 ], [ -69.10620881, -15.72058865 ], [ -69.10617923, -15.72097348 ], [ -69.1059866, -15.72118947 ], [ -69.10569339, -15.72135031 ], [ -69.10539667, -15.7213768 ], [ -69.10515587, -15.72126748 ], [ -69.10504876, -15.72096282 ], [ -69.10484107, -15.72060302 ], [ -69.10457945, -15.7204558 ], [ -69.10433866, -15.72034648 ], [ -69.10421123, -15.72002312 ], [ -69.10392479, -15.71968445 ], [ -69.10369678, -15.71930594 ], [ -69.10349, -15.71898068 ], [ -69.1035389, -15.71857617 ], [ -69.10363144, -15.71832423 ], [ -69.10372299, -15.7180339 ], [ -69.10371345, -15.71766924 ], [ -69.10370542, -15.71736215 ], [ -69.10389704, -15.71710778 ], [ -69.10416992, -15.71692823 ], [ -69.10460032, -15.71670641 ], [ -69.10489704, -15.71667992 ], [ -69.10527352, -15.71667068 ], [ -69.10582231, -15.71642674 ], [ -69.10619929, -15.71643669 ], [ -69.10662142, -15.71665679 ], [ -69.10703954, -15.71672334 ], [ -69.10729563, -15.71665943 ], [ -69.1074293, -15.7164641 ], [ -69.10780377, -15.71637808 ], [ -69.10799489, -15.71610451 ], [ -69.10840798, -15.71597913 ], [ -69.10868538, -15.71597232 ], [ -69.10904255, -15.71598275 ], [ -69.1094659, -15.71549221 ], [ -69.10982981, -15.71500314 ], [ -69.11036129, -15.71485564 ], [ -69.1108125, -15.7146717 ], [ -69.11114281, -15.71441392 ], [ -69.11143801, -15.71432984 ], [ -69.11193136, -15.71424089 ], [ -69.11238558, -15.71417211 ], [ -69.11285811, -15.71404526 ], [ -69.11317263, -15.7139415 ], [ -69.11360603, -15.71383481 ], [ -69.11408107, -15.71380393 ], [ -69.11432287, -15.71395162 ], [ -69.11458549, -15.71413722 ], [ -69.1147267, -15.71422977 ], [ -69.11479118, -15.71442024 ], [ -69.11468034, -15.71473025 ], [ -69.11466808, -15.71501863 ], [ -69.11477369, -15.7152657 ], [ -69.1149144, -15.71533906 ], [ -69.11507996, -15.71560387 ], [ -69.11503058, -15.71598919 ], [ -69.11486382, -15.71643501 ], [ -69.11466297, -15.71709294 ], [ -69.11426397, -15.71775573 ], [ -69.11376991, -15.7185745 ], [ -69.11334404, -15.71896908 ], [ -69.11303555, -15.71930316 ], [ -69.11278349, -15.71952062 ], [ -69.11247098, -15.71970115 ], [ -69.11220564, -15.7201686 ], [ -69.11193426, -15.72040573 ], [ -69.1115628, -15.72060692 ], [ -69.11121317, -15.72088439 ], [ -69.11086756, -15.7213154 ], [ -69.11052245, -15.7217656 ], [ -69.11024956, -15.72194516 ], [ -69.10989641, -15.72208827 ], [ -69.10978053, -15.72220635 ], [ -69.10960974, -15.72249863 ], [ -69.10935767, -15.72271608 ], [ -69.10928343, -15.72290996 ], [ -69.10931531, -15.72337011 ], [ -69.1093578, -15.72385688 ], [ -69.10931655, -15.72417478 ], [ -69.10919041, -15.72465801 ], [ -69.10910063, -15.72501552 ], [ -69.10909011, -15.72537107 ], [ -69.10913578, -15.72560042 ], [ -69.10936994, -15.72583473 ], [ -69.10951644, -15.72612881 ], [ -69.10936495, -15.72640141 ], [ -69.10907048, -15.72651428 ], [ -69.10869423, -15.72653312 ], [ -69.10848315, -15.72642307 ], [ -69.1081819, -15.72627683 ], [ -69.10798888, -15.72609912 ], [ -69.10781491, -15.72589214 ], [ -69.10746513, -15.72578549 ], [ -69.10702868, -15.72577701 ], [ -69.1066207, -15.72571981 ], [ -69.106448, -15.7255608 ], [ -69.10621535, -15.72538406 ], [ -69.10589403, -15.72522871 ], [ -69.10558664, -15.72522665 ], [ -69.10522432, -15.72539879 ], [ -69.10508912, -15.72553655 ], [ -69.10488282, -15.72560883 ], [ -69.1045383, -15.72570371 ], [ -69.10435282, -15.72581389 ], [ -69.10396749, -15.72605382 ], [ -69.10385619, -15.72653668 ], [ -69.10391514, -15.72689533 ], [ -69.10429924, -15.72736604 ], [ -69.10467769, -15.72762083 ], [ -69.10502824, -15.72775626 ], [ -69.10557694, -15.72788683 ], [ -69.1061015, -15.728042 ], [ -69.10647681, -15.72817683 ], [ -69.10677531, -15.72821751 ], [ -69.10722054, -15.72818257 ], [ -69.10757108, -15.728318 ], [ -69.10796803, -15.72833226 ], [ -69.10856313, -15.72834165 ], [ -69.10906104, -15.72842544 ], [ -69.10945736, -15.72841571 ], [ -69.10977937, -15.72840779 ], [ -69.11012615, -15.72839927 ], [ -69.11072125, -15.72840866 ], [ -69.11124142, -15.72839587 ], [ -69.11178384, -15.72828651 ], [ -69.11229583, -15.72796184 ], [ -69.11295676, -15.72764551 ], [ -69.11408978, -15.72713752 ], [ -69.11510052, -15.72669254 ], [ -69.11657097, -15.7260562 ], [ -69.11774185, -15.72572586 ], [ -69.11866361, -15.72533827 ], [ -69.119469, -15.72504957 ], [ -69.12086532, -15.72461188 ], [ -69.12165391, -15.72443882 ], [ -69.12279715, -15.7241802 ], [ -69.12356391, -15.72393084 ], [ -69.12433268, -15.72375826 ], [ -69.12478288, -15.7235359 ], [ -69.12557146, -15.72336283 ], [ -69.12612024, -15.72311884 ], [ -69.12686724, -15.7230236 ], [ -69.12759385, -15.72275601 ], [ -69.12855723, -15.72244418 ], [ -69.12942304, -15.72219236 ], [ -69.13044788, -15.72195582 ], [ -69.13165156, -15.72173407 ], [ -69.13261745, -15.72151818 ], [ -69.133091, -15.72142966 ], [ -69.13380232, -15.72133528 ], [ -69.13449332, -15.7212222 ], [ -69.13516451, -15.7211096 ], [ -69.13589615, -15.72103391 ], [ -69.13645097, -15.72102021 ], [ -69.13708708, -15.72108132 ], [ -69.13758296, -15.72108828 ], [ -69.13809714, -15.72103716 ], [ -69.13864994, -15.72094668 ], [ -69.14017808, -15.72057993 ], [ -69.14106682, -15.72015836 ], [ -69.14156046, -15.71977532 ], [ -69.14200543, -15.71963847 ], [ -69.14236051, -15.71967433 ], [ -69.14307191, -15.71991785 ], [ -69.14403529, -15.72030472 ], [ -69.14603367, -15.72049895 ], [ -69.14641454, -15.72046108 ], [ -69.14732704, -15.7204769 ], [ -69.14845244, -15.7202954 ], [ -69.14944066, -15.72017491 ], [ -69.15070527, -15.72000915 ], [ -69.15180983, -15.71978973 ], [ -69.15287528, -15.71959049 ], [ -69.15386146, -15.7193932 ], [ -69.1550468, -15.71922938 ], [ -69.15603196, -15.7189937 ], [ -69.1570161, -15.71871962 ], [ -69.1581229, -15.71843482 ], [ -69.1587336, -15.71828523 ], [ -69.15940324, -15.71811498 ], [ -69.15995348, -15.71792847 ], [ -69.16040719, -15.71784039 ], [ -69.16090104, -15.71777052 ], [ -69.16139285, -15.71762388 ], [ -69.16166822, -15.71754022 ], [ -69.16216105, -15.71743196 ], [ -69.1624918, -15.71719328 ], [ -69.16290537, -15.71708699 ], [ -69.16345662, -15.71693886 ], [ -69.16411051, -15.71692263 ], [ -69.16479843, -15.71669428 ], [ -69.16546348, -15.71635127 ], [ -69.16595732, -15.71628139 ], [ -69.16649231, -15.7162681 ], [ -69.16702476, -15.71615884 ], [ -69.16733671, -15.71595903 ], [ -69.16779244, -15.71594771 ], [ -69.16896018, -15.71586875 ], [ -69.17055752, -15.71554096 ], [ -69.17155991, -15.71520874 ], [ -69.17295605, -15.7147707 ], [ -69.17425107, -15.71425835 ], [ -69.17519554, -15.71398517 ], [ -69.17654133, -15.71314505 ], [ -69.17876754, -15.71186046 ], [ -69.18019052, -15.71094157 ], [ -69.18153424, -15.71002464 ], [ -69.18268031, -15.70913183 ], [ -69.18362773, -15.70822476 ], [ -69.18472549, -15.70700665 ], [ -69.18539652, -15.70614488 ], [ -69.18589177, -15.70538352 ], [ -69.18607307, -15.70474521 ], [ -69.18634026, -15.70435444 ], [ -69.18684715, -15.70328549 ], [ -69.18749775, -15.701656 ], [ -69.18850037, -15.69984488 ], [ -69.18897365, -15.69900339 ], [ -69.18916054, -15.69857621 ], [ -69.18936062, -15.69789902 ], [ -69.18958714, -15.69747085 ], [ -69.18975116, -15.696929 ], [ -69.18974197, -15.69658353 ], [ -69.18946, -15.69641772 ], [ -69.18910593, -15.69652258 ], [ -69.18883315, -15.69670224 ], [ -69.18850093, -15.69688338 ], [ -69.18820783, -15.69704434 ], [ -69.18779942, -15.69734261 ], [ -69.18729705, -15.69783528 ], [ -69.18686882, -15.69813404 ], [ -69.18632019, -15.69837819 ], [ -69.18578525, -15.69839153 ], [ -69.18518679, -15.69825282 ], [ -69.18456954, -15.69815298 ], [ -69.18373231, -15.69798179 ], [ -69.18305154, -15.69772989 ], [ -69.1824099, -15.6974578 ], [ -69.18175099, -15.69728217 ], [ -69.18113566, -15.69710544 ], [ -69.18043458, -15.69683483 ], [ -69.17982951, -15.69644659 ], [ -69.17932757, -15.69620942 ], [ -69.17904103, -15.69587086 ], [ -69.17879564, -15.69558889 ], [ -69.1785477, -15.69521096 ], [ -69.17821848, -15.69475823 ], [ -69.17789283, -15.69443984 ], [ -69.17745289, -15.69429716 ], [ -69.17715468, -15.69426617 ], [ -69.17681991, -15.69435133 ], [ -69.17644551, -15.69443747 ], [ -69.17611278, -15.6945994 ], [ -69.17571704, -15.69462845 ], [ -69.17533806, -15.69454186 ], [ -69.17498093, -15.69453154 ], [ -69.1746426, -15.69448235 ], [ -69.17426413, -15.69441494 ], [ -69.17398625, -15.69440265 ], [ -69.17373225, -15.69454341 ], [ -69.17340104, -15.69476291 ], [ -69.17303071, -15.69500259 ], [ -69.17250697, -15.69543814 ], [ -69.17174904, -15.69601395 ], [ -69.17085293, -15.6966124 ], [ -69.17015138, -15.69707157 ], [ -69.16975512, -15.69708142 ], [ -69.16931772, -15.69703468 ], [ -69.16884324, -15.69708488 ], [ -69.16829255, -15.69725222 ], [ -69.16763925, -15.69728766 ], [ -69.1667868, -15.69728964 ], [ -69.16615026, -15.69720943 ], [ -69.16572759, -15.69697026 ], [ -69.16536283, -15.69667203 ], [ -69.16513524, -15.69631278 ], [ -69.16486701, -15.69591613 ], [ -69.16473848, -15.69555442 ], [ -69.16449413, -15.69531082 ], [ -69.16417561, -15.69526111 ], [ -69.1638962, -15.69519123 ], [ -69.16347354, -15.69495206 ], [ -69.16317077, -15.69474832 ], [ -69.16275014, -15.69458591 ], [ -69.16235389, -15.69459575 ], [ -69.16213951, -15.69473551 ], [ -69.16168688, -15.69486198 ], [ -69.1612383, -15.69514199 ], [ -69.16100947, -15.69548497 ], [ -69.1606061, -15.69597511 ], [ -69.16031855, -15.69634715 ], [ -69.15985574, -15.69683877 ], [ -69.15933044, -15.69721671 ], [ -69.15870963, -15.69773145 ], [ -69.15808121, -15.6979583 ], [ -69.15736998, -15.69805277 ], [ -69.15669787, -15.69812705 ], [ -69.15625743, -15.69796512 ], [ -69.1558932, -15.69768608 ], [ -69.15557467, -15.69763636 ], [ -69.15537807, -15.69769885 ], [ -69.15514285, -15.69780071 ], [ -69.15494371, -15.69776723 ], [ -69.1545246, -15.69766239 ], [ -69.15400897, -15.69765597 ], [ -69.15351264, -15.69762986 ], [ -69.15309302, -15.69750582 ], [ -69.15284919, -15.6972814 ], [ -69.15256168, -15.69690441 ], [ -69.15248906, -15.69640687 ], [ -69.15268212, -15.69621004 ], [ -69.15289854, -15.69614706 ], [ -69.15319572, -15.69613969 ], [ -69.15343347, -15.6961338 ], [ -69.15366818, -15.69601275 ], [ -69.15392574, -15.69600637 ], [ -69.15426104, -15.69594044 ], [ -69.15457803, -15.69593258 ], [ -69.15487573, -15.69594441 ], [ -69.15525419, -15.69601184 ], [ -69.1555717, -15.69602318 ], [ -69.15588971, -15.6960537 ], [ -69.15613, -15.69614377 ], [ -69.15635301, -15.6963303 ], [ -69.15665324, -15.69643808 ], [ -69.15686661, -15.69625994 ], [ -69.15685951, -15.69599124 ], [ -69.15679196, -15.69568563 ], [ -69.15670054, -15.69522697 ], [ -69.15669293, -15.69493908 ], [ -69.15684331, -15.69462806 ], [ -69.15685095, -15.69416694 ], [ -69.15676156, -15.69378505 ], [ -69.15661729, -15.69357737 ], [ -69.15641968, -15.69360148 ], [ -69.15622409, -15.69370235 ], [ -69.15612909, -15.69385835 ], [ -69.15589489, -15.6939986 ], [ -69.15575062, -15.69379092 ], [ -69.15576638, -15.69363688 ], [ -69.15566123, -15.69340903 ], [ -69.15538386, -15.6934159 ], [ -69.15522841, -15.69353499 ], [ -69.15515524, -15.69376727 ], [ -69.15504093, -15.69394295 ], [ -69.1548235, -15.69396755 ], [ -69.15460101, -15.69380021 ], [ -69.15445674, -15.69359253 ], [ -69.15425609, -15.69350148 ], [ -69.15384054, -15.69353098 ], [ -69.15319141, -15.69361005 ], [ -69.15298806, -15.69376897 ], [ -69.15261848, -15.69385015 ], [ -69.15232776, -15.69410222 ], [ -69.15201876, -15.69422511 ], [ -69.15160422, -15.694293 ], [ -69.151179, -15.69451959 ], [ -69.15082846, -15.69475874 ], [ -69.15042992, -15.69486944 ], [ -69.15013159, -15.69483362 ], [ -69.14981727, -15.69475498 ], [ -69.14944351, -15.69467781 ], [ -69.149157, -15.69452646 ], [ -69.14885792, -15.69446185 ], [ -69.14880574, -15.69417506 ], [ -69.14896578, -15.69404146 ], [ -69.14925688, -15.69380379 ], [ -69.14940054, -15.69361298 ], [ -69.14949771, -15.6933513 ], [ -69.14947678, -15.69312136 ], [ -69.14940974, -15.69283494 ], [ -69.14937433, -15.69261975 ], [ -69.14926613, -15.69246399 ], [ -69.14899563, -15.69235545 ], [ -69.14872323, -15.69217495 ], [ -69.14845653, -15.69221036 ], [ -69.14831059, -15.6923148 ], [ -69.14816352, -15.69237606 ], [ -69.14797301, -15.6924816 ], [ -69.14784156, -15.69257128 ], [ -69.14758971, -15.69260632 ], [ -69.14748608, -15.69262329 ], [ -69.14721824, -15.69261552 ], [ -69.14706737, -15.69253283 ], [ -69.14691574, -15.69242135 ], [ -69.14673401, -15.69229621 ], [ -69.14655191, -15.69215668 ], [ -69.14641362, -15.69198726 ], [ -69.14633477, -15.69181636 ], [ -69.14636031, -15.69165728 ], [ -69.14653862, -15.69165287 ], [ -69.14663157, -15.69179461 ], [ -69.1467249, -15.69195074 ], [ -69.14686205, -15.69207698 ], [ -69.14705674, -15.69212978 ], [ -69.1472753, -15.69214838 ], [ -69.14733094, -15.69200296 ], [ -69.14736868, -15.69174275 ], [ -69.14737785, -15.69152647 ], [ -69.1475535, -15.69142129 ], [ -69.14772725, -15.69124414 ], [ -69.14771927, -15.69094185 ], [ -69.14762609, -15.69079148 ], [ -69.14745695, -15.6905796 ], [ -69.14726302, -15.6905556 ], [ -69.14700928, -15.69051867 ], [ -69.14691633, -15.69037693 ], [ -69.14701769, -15.69027359 ], [ -69.14726649, -15.69012339 ], [ -69.14726231, -15.68996505 ], [ -69.14717012, -15.6898521 ], [ -69.1469884, -15.68972696 ], [ -69.14680668, -15.68960183 ], [ -69.14668515, -15.689504 ], [ -69.14653086, -15.68929176 ], [ -69.14636628, -15.68925263 ], [ -69.14619752, -15.68905515 ], [ -69.14606075, -15.6889433 ], [ -69.14607219, -15.68881338 ], [ -69.14620592, -15.68881007 ], [ -69.14641546, -15.6888625 ], [ -69.14658119, -15.68894482 ], [ -69.14671833, -15.68907106 ], [ -69.14698921, -15.689194 ], [ -69.14710391, -15.68903271 ], [ -69.14713341, -15.68887354 ], [ -69.1469653, -15.6885128 ], [ -69.14684288, -15.68838139 ], [ -69.14662141, -15.68825243 ], [ -69.14643855, -15.68808411 ], [ -69.14633342, -15.68785625 ], [ -69.14638627, -15.68760527 ], [ -69.14655901, -15.68738974 ], [ -69.1467927, -15.68723031 ], [ -69.14706803, -15.68714667 ], [ -69.14736268, -15.68704335 ], [ -69.14763244, -15.68674859 ], [ -69.14766447, -15.68645972 ], [ -69.1475375, -15.68615558 ], [ -69.14727793, -15.68608518 ], [ -69.14739022, -15.68583274 ], [ -69.14776157, -15.68563149 ], [ -69.14807501, -15.68548929 ], [ -69.14831427, -15.68554098 ], [ -69.14850118, -15.68586285 ], [ -69.14900355, -15.68611928 ], [ -69.1493556, -15.68593771 ], [ -69.14961011, -15.68581618 ], [ -69.15000989, -15.68594071 ], [ -69.15037764, -15.68635412 ], [ -69.15086477, -15.68678378 ], [ -69.15117359, -15.68721785 ], [ -69.15151546, -15.68740143 ], [ -69.15187358, -15.68745018 ], [ -69.1522759, -15.68767067 ], [ -69.15264979, -15.68756538 ], [ -69.15300031, -15.68732623 ], [ -69.15345142, -15.6871422 ], [ -69.15402443, -15.68707038 ], [ -69.15438358, -15.6871575 ], [ -69.15487937, -15.68716442 ], [ -69.15527712, -15.68721217 ], [ -69.15571247, -15.68718217 ], [ -69.15620421, -15.68703554 ], [ -69.15667563, -15.68687021 ], [ -69.15700178, -15.68645881 ], [ -69.15707291, -15.68614976 ], [ -69.15714201, -15.68576393 ], [ -69.15719282, -15.68543618 ], [ -69.15738231, -15.68510499 ], [ -69.1572722, -15.68468905 ], [ -69.15722141, -15.68426779 ], [ -69.15683942, -15.684066 ], [ -69.15645844, -15.6839026 ], [ -69.15615671, -15.68373724 ], [ -69.15595099, -15.68345426 ], [ -69.15567008, -15.68332679 ], [ -69.15542677, -15.68312156 ], [ -69.1550768, -15.6826309 ], [ -69.15481469, -15.68246455 ], [ -69.15444643, -15.68203196 ], [ -69.15413811, -15.68161709 ], [ -69.15395272, -15.68135281 ], [ -69.15380796, -15.68112593 ], [ -69.15393903, -15.6808346 ], [ -69.15393143, -15.68054671 ], [ -69.15402491, -15.68033313 ], [ -69.15443587, -15.68013089 ], [ -69.15480467, -15.67983367 ], [ -69.15503885, -15.67969342 ], [ -69.15543253, -15.67958764 ], [ -69.15576475, -15.67940655 ], [ -69.15597709, -15.67919003 ], [ -69.15642969, -15.67906357 ], [ -69.15673703, -15.67869105 ], [ -69.15692702, -15.67837905 ], [ -69.15713632, -15.67804737 ], [ -69.15718713, -15.67771962 ], [ -69.15743503, -15.67734857 ], [ -69.1577261, -15.67711088 ], [ -69.15801413, -15.67675804 ], [ -69.15806645, -15.67648787 ], [ -69.15829809, -15.67625165 ], [ -69.15863335, -15.67618572 ], [ -69.15894473, -15.67596674 ], [ -69.15937752, -15.67584076 ], [ -69.15973005, -15.67567837 ], [ -69.16004346, -15.67553616 ], [ -69.16019535, -15.67528272 ], [ -69.16020907, -15.67505191 ], [ -69.16034419, -15.67491412 ], [ -69.16062103, -15.67479442 ], [ -69.1607296, -15.6746837 ], [ -69.16094803, -15.67451023 ], [ -69.1612528, -15.67432261 ], [ -69.16148139, -15.67406487 ], [ -69.16164648, -15.67374868 ], [ -69.16187792, -15.67359889 ], [ -69.16204523, -15.67336668 ], [ -69.16229794, -15.67308433 ], [ -69.16254049, -15.67288625 ], [ -69.1628078, -15.67268756 ], [ -69.16291352, -15.67246887 ], [ -69.16309511, -15.67230832 ], [ -69.16332718, -15.67218252 ], [ -69.16355036, -15.67218899 ], [ -69.1638364, -15.67222989 ], [ -69.16410942, -15.67224712 ], [ -69.16436784, -15.67218068 ], [ -69.16448817, -15.67204566 ], [ -69.16463695, -15.6718936 ], [ -69.16484492, -15.6716815 ], [ -69.16502553, -15.67144422 ], [ -69.16520854, -15.6712974 ], [ -69.16540864, -15.67129243 ], [ -69.16565048, -15.67135109 ], [ -69.16583964, -15.67143692 ], [ -69.16600691, -15.67170437 ], [ -69.16609311, -15.67193502 ], [ -69.16628672, -15.67218888 ], [ -69.16654601, -15.6724023 ], [ -69.16674851, -15.6724878 ], [ -69.16700438, -15.67257197 ], [ -69.16720859, -15.6727221 ], [ -69.16737484, -15.67295077 ], [ -69.16765123, -15.67330603 ], [ -69.16785784, -15.67354663 ], [ -69.16816947, -15.67371995 ], [ -69.16838463, -15.67377926 ], [ -69.1685584, -15.67378788 ], [ -69.16868052, -15.67386244 ], [ -69.16896375, -15.6739718 ], [ -69.16921722, -15.6739655 ], [ -69.16943273, -15.67403774 ], [ -69.16966226, -15.6741355 ], [ -69.16979703, -15.67418388 ], [ -69.17006487, -15.67421602 ], [ -69.1703611, -15.67431212 ], [ -69.1706156, -15.67434459 ], [ -69.17080545, -15.67445627 ], [ -69.17101856, -15.67443803 ], [ -69.17118959, -15.67434325 ], [ -69.17126484, -15.67416031 ], [ -69.17139551, -15.67405359 ], [ -69.17156688, -15.67397173 ], [ -69.17175098, -15.67396715 ], [ -69.17195178, -15.67398802 ], [ -69.17212486, -15.67397078 ], [ -69.17230957, -15.67388859 ], [ -69.17243818, -15.67370432 ], [ -69.17259724, -15.67366157 ], [ -69.17274604, -15.67373546 ], [ -69.17295949, -15.67373015 ], [ -69.17319894, -15.67369833 ], [ -69.17335354, -15.67348755 ], [ -69.17352491, -15.67340569 ], [ -69.17371374, -15.67347859 ], [ -69.17388888, -15.67353889 ], [ -69.17418169, -15.67350574 ], [ -69.17431201, -15.6733861 ], [ -69.17436194, -15.67325552 ], [ -69.17458633, -15.6731594 ], [ -69.17474436, -15.67307787 ], [ -69.17483021, -15.6727912 ], [ -69.17481036, -15.67254596 ], [ -69.17478982, -15.67227488 ], [ -69.17471455, -15.67195342 ], [ -69.17460152, -15.67171826 ], [ -69.1745697, -15.67152505 ], [ -69.17448451, -15.67133317 ], [ -69.17447903, -15.67112637 ], [ -69.17437811, -15.67084435 ], [ -69.17428813, -15.67047153 ], [ -69.17418549, -15.67012488 ], [ -69.17399187, -15.66987104 ], [ -69.17381468, -15.66973318 ], [ -69.17388924, -15.66952439 ], [ -69.17406164, -15.6694813 ], [ -69.17423677, -15.66954161 ], [ -69.17438626, -15.66964136 ], [ -69.17453437, -15.6696894 ], [ -69.17472045, -15.6696589 ], [ -69.17494724, -15.66965326 ], [ -69.17513469, -15.66967446 ], [ -69.17534984, -15.66973377 ], [ -69.17563342, -15.66985604 ], [ -69.17587731, -15.66999224 ], [ -69.17604186, -15.67015628 ], [ -69.17635005, -15.67020034 ], [ -69.17660146, -15.67011648 ], [ -69.17674752, -15.67008697 ], [ -69.17693291, -15.67003062 ], [ -69.17717304, -15.67002464 ], [ -69.17734544, -15.66998155 ], [ -69.17740836, -15.66983772 ], [ -69.17731018, -15.6696591 ], [ -69.1772657, -15.66949207 ], [ -69.17716478, -15.66921005 ], [ -69.17706557, -15.66899266 ], [ -69.17696601, -15.66876234 ], [ -69.17669921, -15.66876898 ], [ -69.17645909, -15.66877496 ], [ -69.17619091, -15.6687299 ], [ -69.17607939, -15.66855161 ], [ -69.17585089, -15.66849264 ], [ -69.17559777, -15.66851187 ], [ -69.17533097, -15.66851851 ], [ -69.17518217, -15.66844462 ], [ -69.17513872, -15.66831636 ], [ -69.17501489, -15.66817718 ], [ -69.17486575, -15.66809036 ], [ -69.17480861, -15.66794952 ], [ -69.17488523, -15.66781828 ], [ -69.17501623, -15.66772448 ], [ -69.17518828, -15.66766847 ], [ -69.17533297, -15.66758727 ], [ -69.17538084, -15.66737914 ], [ -69.1753244, -15.66726415 ], [ -69.1752683, -15.66716208 ], [ -69.17507605, -15.66695993 ], [ -69.17497479, -15.66666498 ], [ -69.1750466, -15.6663528 ], [ -69.17514784, -15.66614335 ], [ -69.1753322, -15.66604822 ], [ -69.17554187, -15.66590074 ], [ -69.17572349, -15.66570222 ], [ -69.17582404, -15.66546692 ], [ -69.1759393, -15.66528298 ], [ -69.17601351, -15.66506127 ], [ -69.17615751, -15.66495422 ], [ -69.17634153, -15.66484617 ], [ -69.17654163, -15.66484119 ], [ -69.17684845, -15.66483355 ], [ -69.17709779, -15.66467214 ], [ -69.17722571, -15.66446202 ], [ -69.1772599, -15.6642413 ], [ -69.17723936, -15.66397021 ], [ -69.17732794, -15.66378694 ], [ -69.17738907, -15.66347502 ], [ -69.17748996, -15.66325264 ], [ -69.17774205, -15.66319463 ], [ -69.17790281, -15.66321649 ], [ -69.17811762, -15.66326288 ], [ -69.17829447, -15.66338781 ], [ -69.17844498, -15.66352632 ], [ -69.17868887, -15.66366251 ], [ -69.17899535, -15.66364195 ], [ -69.17916636, -15.66354715 ], [ -69.17931242, -15.66351765 ], [ -69.17951011, -15.66342219 ], [ -69.17961203, -15.66323858 ], [ -69.17971497, -15.66309375 ], [ -69.17991233, -15.66298537 ], [ -69.18013808, -15.66294095 ], [ -69.18028173, -15.66282097 ], [ -69.1803703, -15.66263769 ], [ -69.18044554, -15.66245475 ], [ -69.18049203, -15.66219493 ], [ -69.18054025, -15.66199973 ], [ -69.18065379, -15.66175117 ], [ -69.18079503, -15.66154071 ], [ -69.180938, -15.66139489 ], [ -69.18113535, -15.6612865 ], [ -69.18130774, -15.6612434 ], [ -69.18147669, -15.66107106 ], [ -69.18152593, -15.66091463 ], [ -69.18158954, -15.66079665 ], [ -69.18166615, -15.66066541 ], [ -69.18177046, -15.66057227 ], [ -69.18186212, -15.66050532 ], [ -69.18202083, -15.66044963 ], [ -69.18220655, -15.66040621 ], [ -69.18236526, -15.66035052 ], [ -69.18252568, -15.66035945 ], [ -69.18275245, -15.6603538 ], [ -69.18296554, -15.66033555 ], [ -69.18315127, -15.66029212 ], [ -69.18341857, -15.66016677 ], [ -69.18382829, -15.66005639 ], [ -69.18420843, -15.65999867 ], [ -69.18432576, -15.65993952 ], [ -69.18443541, -15.65983103 ], [ -69.18447964, -15.6595918 ], [ -69.18456833, -15.65938601 ], [ -69.18471627, -15.65918017 ], [ -69.18516445, -15.65893887 ], [ -69.185329, -15.65879072 ], [ -69.18542218, -15.65856754 ], [ -69.18545619, -15.65835543 ], [ -69.18555166, -15.65821861 ], [ -69.18563621, -15.65804365 ], [ -69.18572913, -15.65781087 ], [ -69.18590409, -15.65768167 ], [ -69.18611842, -15.65754189 ], [ -69.18629261, -15.6573839 ], [ -69.18650591, -15.65720573 ], [ -69.18670119, -15.65709523 ], [ -69.18686829, -15.65704305 ], [ -69.18715373, -15.65696871 ], [ -69.18731955, -15.65686854 ], [ -69.18736473, -15.65670417 ], [ -69.18749829, -15.65650878 ], [ -69.18770245, -15.65635965 ], [ -69.18785862, -15.65626933 ], [ -69.18801786, -15.65629416 ], [ -69.18817862, -15.65637657 ], [ -69.18823324, -15.65656727 ], [ -69.18822323, -15.65685333 ], [ -69.18840946, -15.6570396 ], [ -69.18855016, -15.65711291 ], [ -69.18867412, -15.65730187 ], [ -69.1886833, -15.65764733 ], [ -69.18873159, -15.65797262 ], [ -69.1887565, -15.65816405 ], [ -69.18902269, -15.6584839 ], [ -69.18932492, -15.65866841 ], [ -69.18946291, -15.65891943 ], [ -69.18952519, -15.65939801 ], [ -69.18970873, -15.65977754 ], [ -69.18988843, -15.66001312 ], [ -69.18994753, -15.66037174 ], [ -69.19017994, -15.66072604 ], [ -69.19048282, -15.66093454 ], [ -69.19071524, -15.66128884 ], [ -69.1909483, -15.66166713 ], [ -69.19118008, -15.66199743 ], [ -69.1912125, -15.6622847 ], [ -69.19104173, -15.662385 ], [ -69.19087095, -15.66248529 ], [ -69.19077701, -15.66267969 ], [ -69.1908615, -15.66306168 ], [ -69.19109329, -15.66339199 ], [ -69.19132508, -15.6637223 ], [ -69.19160256, -15.66390742 ], [ -69.19192637, -15.66397135 ], [ -69.19227558, -15.66405866 ], [ -69.19257629, -15.66418559 ], [ -69.19275665, -15.66444516 ], [ -69.19303349, -15.66460629 ], [ -69.19323924, -15.66488923 ], [ -69.19334595, -15.66517465 ], [ -69.1934279, -15.66546068 ], [ -69.19368573, -15.66583835 ], [ -69.19376959, -15.66619635 ], [ -69.19377853, -15.66653222 ], [ -69.19379002, -15.66696406 ], [ -69.19401607, -15.66707844 ], [ -69.19432087, -15.66735891 ], [ -69.19457296, -15.66752066 ], [ -69.19496596, -15.66739081 ], [ -69.19528148, -15.66714285 ], [ -69.19560082, -15.66703885 ], [ -69.1959951, -15.66695697 ], [ -69.19629096, -15.66690156 ], [ -69.19658299, -15.66670221 ], [ -69.19695442, -15.66669293 ], [ -69.19732776, -15.66675561 ], [ -69.19775318, -15.66691303 ], [ -69.1981056, -15.66712027 ], [ -69.1985069, -15.6673023 ], [ -69.19894061, -15.66730585 ], [ -69.19950543, -15.66757981 ], [ -69.20011217, -15.66803277 ], [ -69.20072468, -15.66870164 ], [ -69.20148385, -15.66929482 ], [ -69.20250494, -15.66995346 ], [ -69.20326315, -15.67051065 ], [ -69.20353371, -15.67089999 ], [ -69.20362047, -15.67136595 ], [ -69.20388527, -15.67153937 ], [ -69.20444339, -15.67156141 ], [ -69.20497107, -15.67183629 ], [ -69.20550356, -15.67229109 ], [ -69.20631046, -15.67327917 ], [ -69.20704596, -15.67437707 ], [ -69.2079214, -15.67514736 ], [ -69.20830725, -15.67567785 ], [ -69.20898545, -15.67602096 ], [ -69.20969984, -15.67632716 ], [ -69.21023427, -15.67685392 ], [ -69.21128585, -15.67725969 ], [ -69.21206781, -15.6773121 ], [ -69.21273737, -15.67733133 ], [ -69.21347738, -15.67720474 ], [ -69.21407361, -15.67726181 ], [ -69.21477936, -15.67724411 ], [ -69.21560135, -15.67740354 ], [ -69.2163533, -15.67740869 ], [ -69.21716604, -15.6774075 ], [ -69.21787716, -15.67731283 ], [ -69.21827029, -15.67718773 ], [ -69.21890115, -15.67705666 ], [ -69.21933389, -15.67693057 ], [ -69.2199591, -15.67658838 ], [ -69.22030131, -15.67604203 ], [ -69.220759, -15.67610736 ], [ -69.22096583, -15.67642866 ], [ -69.22123209, -15.67674847 ], [ -69.22157452, -15.67695113 ], [ -69.22189149, -15.67694317 ], [ -69.22223883, -15.67658875 ], [ -69.22234434, -15.67608675 ], [ -69.22241176, -15.67564333 ], [ -69.22266108, -15.67532978 ], [ -69.22295309, -15.67513039 ], [ -69.22328473, -15.67493001 ], [ -69.22361842, -15.67480639 ], [ -69.22384998, -15.67457011 ], [ -69.22401594, -15.674105 ], [ -69.22413592, -15.67377358 ], [ -69.22418032, -15.6732107 ], [ -69.22433489, -15.67287552 ], [ -69.22457744, -15.67249492 ], [ -69.22483563, -15.67214273 ], [ -69.22503901, -15.67196477 ], [ -69.22535893, -15.67169746 ], [ -69.22559087, -15.67147556 ], [ -69.22583766, -15.6712533 ], [ -69.22617514, -15.67108637 ], [ -69.226502, -15.67107816 ], [ -69.22682925, -15.67108433 ], [ -69.22706928, -15.67116472 ], [ -69.22730931, -15.67124511 ], [ -69.22760684, -15.67125204 ], [ -69.22780153, -15.67130476 ], [ -69.22799506, -15.67131429 ], [ -69.22820383, -15.67133785 ], [ -69.22838559, -15.67146292 ], [ -69.22855685, -15.67175101 ], [ -69.22878293, -15.67186536 ], [ -69.22906705, -15.67183421 ], [ -69.22935021, -15.67176707 ], [ -69.22961874, -15.67161628 ], [ -69.22981587, -15.67157531 ], [ -69.22992859, -15.67162049 ], [ -69.22995624, -15.67172782 ], [ -69.23007282, -15.67191694 ], [ -69.23023731, -15.67204484 ], [ -69.2303891, -15.67216106 ], [ -69.23056597, -15.67228865 ], [ -69.23079173, -15.672391 ], [ -69.23094319, -15.67249522 ], [ -69.23111846, -15.67256283 ], [ -69.23129405, -15.67264244 ], [ -69.23143346, -15.67275896 ], [ -69.23145162, -15.67297457 ], [ -69.23140564, -15.67310776 ], [ -69.23133585, -15.67327757 ], [ -69.23126542, -15.67342338 ], [ -69.23133087, -15.67355377 ], [ -69.23150806, -15.67369335 ], [ -69.23168513, -15.67382814 ], [ -69.23182132, -15.67382471 ], [ -69.23200737, -15.67383203 ], [ -69.23213343, -15.67391288 ], [ -69.23207635, -15.67409437 ], [ -69.23194433, -15.67425374 ], [ -69.23187423, -15.67441155 ], [ -69.23191684, -15.67461453 ], [ -69.23199466, -15.67474461 ], [ -69.23219469, -15.6748116 ], [ -69.23238234, -15.6748789 ], [ -69.2326192, -15.67493295 ], [ -69.23283225, -15.67502362 ], [ -69.232798, -15.67513251 ], [ -69.23264911, -15.67512426 ], [ -69.23253639, -15.67507908 ], [ -69.23228747, -15.67503733 ], [ -69.23210368, -15.67511398 ], [ -69.231999, -15.67536868 ], [ -69.23200351, -15.67553662 ], [ -69.23207024, -15.67571499 ], [ -69.23219695, -15.67581983 ], [ -69.23242142, -15.6758742 ], [ -69.23264622, -15.67594056 ], [ -69.23271327, -15.67613093 ], [ -69.23268288, -15.67638377 ], [ -69.23267629, -15.6766 ], [ -69.23275604, -15.67680205 ], [ -69.23289771, -15.67700254 ], [ -69.23309903, -15.67711751 ], [ -69.23345139, -15.67722819 ], [ -69.2337928, -15.67739245 ], [ -69.23409768, -15.67767286 ], [ -69.23445632, -15.67774065 ], [ -69.23485768, -15.6779226 ], [ -69.2354592, -15.67817633 ], [ -69.2358621, -15.67841586 ], [ -69.23652564, -15.67876405 ], [ -69.23702914, -15.67905866 ], [ -69.23729389, -15.67932087 ], [ -69.23759774, -15.67956289 ], [ -69.23783599, -15.67957609 ], [ -69.23815141, -15.67951053 ], [ -69.23840225, -15.67925453 ], [ -69.23879382, -15.67907182 ], [ -69.23912957, -15.67902495 ], [ -69.23931044, -15.67911642 ], [ -69.23955023, -15.6791872 ], [ -69.23986772, -15.6791984 ], [ -69.2400684, -15.67928937 ], [ -69.24040466, -15.67926169 ], [ -69.24076228, -15.67929109 ], [ -69.24110267, -15.67941695 ], [ -69.24122566, -15.67956749 ], [ -69.24154933, -15.679809 ], [ -69.24183235, -15.68001313 ], [ -69.24221288, -15.68015718 ], [ -69.24279254, -15.68033462 ], [ -69.2431481, -15.68028724 ], [ -69.24338222, -15.6801469 ], [ -69.24365493, -15.67996717 ], [ -69.24386975, -15.67984652 ], [ -69.24422428, -15.67976075 ], [ -69.24457829, -15.6796558 ], [ -69.24477175, -15.67947807 ], [ -69.24502465, -15.67929884 ], [ -69.24526134, -15.67925445 ], [ -69.24545687, -15.67915349 ], [ -69.24565342, -15.67909092 ], [ -69.2457728, -15.67910711 ], [ -69.24601105, -15.67912031 ], [ -69.24628839, -15.67911331 ], [ -69.24648026, -15.67906045 ], [ -69.24692406, -15.67897723 ], [ -69.24724082, -15.67877718 ], [ -69.24763058, -15.67852728 ], [ -69.2479721, -15.6783266 ], [ -69.24834354, -15.67831722 ], [ -69.24849277, -15.67833746 ], [ -69.24889027, -15.67837544 ], [ -69.24913596, -15.67829722 ], [ -69.24942796, -15.67809779 ], [ -69.24967559, -15.67809154 ], [ -69.25000202, -15.67825135 ], [ -69.25032846, -15.67841115 ], [ -69.2507742, -15.67839989 ], [ -69.2511437, -15.67831854 ], [ -69.25163251, -15.67806613 ], [ -69.25204831, -15.67786357 ], [ -69.25250977, -15.67751581 ], [ -69.25304874, -15.67728613 ], [ -69.25351472, -15.67710631 ], [ -69.25400481, -15.67690187 ], [ -69.25434761, -15.67674916 ], [ -69.25466759, -15.67666906 ], [ -69.25475889, -15.67637867 ], [ -69.25509975, -15.67615399 ], [ -69.2554165, -15.67595392 ], [ -69.25568501, -15.6758031 ], [ -69.25602911, -15.67569837 ], [ -69.25642208, -15.6755684 ], [ -69.25678512, -15.67524713 ], [ -69.25699893, -15.67490563 ], [ -69.2572134, -15.67458811 ], [ -69.2574285, -15.67429459 ], [ -69.25764232, -15.67395309 ], [ -69.25770562, -15.67354337 ], [ -69.25769334, -15.67308754 ], [ -69.25750836, -15.6726601 ], [ -69.25752085, -15.67220365 ], [ -69.25763367, -15.67179268 ], [ -69.2577986, -15.67147642 ], [ -69.25813752, -15.67117976 ], [ -69.25835262, -15.67088624 ], [ -69.25864007, -15.67051886 ], [ -69.2589568, -15.6703188 ], [ -69.25945333, -15.67035425 ], [ -69.25984047, -15.67000836 ], [ -69.26008874, -15.67002608 ], [ -69.26038912, -15.67013852 ], [ -69.26066667, -15.67032355 ], [ -69.26101593, -15.67041074 ], [ -69.2613613, -15.67035399 ], [ -69.26155358, -15.67013306 ], [ -69.26169115, -15.66972146 ], [ -69.26193075, -15.66941771 ], [ -69.26214326, -15.66902822 ], [ -69.2622326, -15.66866585 ], [ -69.26217661, -15.6684272 ], [ -69.26199422, -15.66809572 ], [ -69.26185877, -15.66766702 ], [ -69.26179695, -15.66721245 ], [ -69.26178272, -15.66668466 ], [ -69.26186819, -15.66617835 ], [ -69.26193083, -15.66574464 ], [ -69.26214204, -15.66530717 ], [ -69.26223267, -15.66499279 ], [ -69.26244517, -15.6646033 ], [ -69.2623756, -15.66386084 ], [ -69.26212281, -15.66367519 ], [ -69.26186873, -15.66344155 ], [ -69.26210923, -15.66317138 ], [ -69.26197313, -15.6627187 ], [ -69.26198754, -15.66233422 ], [ -69.26204501, -15.66170859 ], [ -69.26206136, -15.66139608 ], [ -69.26210312, -15.66110694 ], [ -69.2621944, -15.66081655 ], [ -69.2624612, -15.66060334 ], [ -69.26285285, -15.66042537 ], [ -69.26331877, -15.66024553 ], [ -69.26348498, -15.65997724 ], [ -69.26347463, -15.6595934 ], [ -69.26329677, -15.65942985 ], [ -69.26323949, -15.65914322 ], [ -69.26354649, -15.65858329 ], [ -69.26345604, -15.6579854 ], [ -69.2634418, -15.65745761 ], [ -69.26330377, -15.65693295 ], [ -69.26324584, -15.65662233 ], [ -69.26323807, -15.65633445 ], [ -69.26322449, -15.65583064 ], [ -69.2631939, -15.65561535 ], [ -69.26301541, -15.65542782 ], [ -69.26305781, -15.65516267 ], [ -69.26317449, -15.65489564 ], [ -69.26339216, -15.65469807 ], [ -69.26373074, -15.65457427 ], [ -69.26403961, -15.65445121 ], [ -69.26434266, -15.65411224 ], [ -69.2643947, -15.65383725 ], [ -69.26431382, -15.65359443 ], [ -69.2641305, -15.65341181 ], [ -69.26387368, -15.65325987 ], [ -69.26367667, -15.65312082 ], [ -69.26347773, -15.65290979 ], [ -69.26320721, -15.65280141 ], [ -69.26283465, -15.65276763 ], [ -69.26255006, -15.65268841 ], [ -69.26243947, -15.65244634 ], [ -69.26224053, -15.65223531 ], [ -69.26197002, -15.65212693 ], [ -69.26175699, -15.65194506 ], [ -69.26164718, -15.65173178 ], [ -69.26162301, -15.65138669 ], [ -69.26156874, -15.65102796 ], [ -69.26129591, -15.65083321 ], [ -69.26098083, -15.65072595 ], [ -69.26070955, -15.65058878 ], [ -69.26036476, -15.65048227 ], [ -69.25997254, -15.65027037 ], [ -69.25967155, -15.65013394 ], [ -69.25940027, -15.64999677 ], [ -69.25921541, -15.64975657 ], [ -69.25911696, -15.64941337 ], [ -69.25896065, -15.64912924 ], [ -69.25880356, -15.64881632 ], [ -69.25875989, -15.64829888 ], [ -69.2587498, -15.64792462 ], [ -69.25873933, -15.64753598 ], [ -69.25852244, -15.64721017 ], [ -69.2582832, -15.64715861 ], [ -69.25811979, -15.64716274 ], [ -69.25791685, -15.64735513 ], [ -69.25781752, -15.64753049 ], [ -69.25750866, -15.64765353 ], [ -69.25729913, -15.64760121 ], [ -69.25716039, -15.64741747 ], [ -69.2570635, -15.64713184 ], [ -69.25687748, -15.64684846 ], [ -69.25685255, -15.64647458 ], [ -69.2569819, -15.64630999 ], [ -69.25717114, -15.64616116 ], [ -69.25745223, -15.64611084 ], [ -69.25771769, -15.6460321 ], [ -69.25804296, -15.64596626 ], [ -69.25829007, -15.64575835 ], [ -69.25829717, -15.64547009 ], [ -69.25838436, -15.64539586 ], [ -69.25852426, -15.64562279 ], [ -69.25862038, -15.64587963 ], [ -69.25881893, -15.64607627 ], [ -69.25913089, -15.64606838 ], [ -69.25914031, -15.64586648 ], [ -69.25908916, -15.6456229 ], [ -69.25899343, -15.64538046 ], [ -69.25889848, -15.6451668 ], [ -69.25874295, -15.64491146 ], [ -69.25857139, -15.64461331 ], [ -69.2585046, -15.64434132 ], [ -69.25842273, -15.64406107 ], [ -69.25829923, -15.64389135 ], [ -69.2581437, -15.64363601 ], [ -69.25807497, -15.64329205 ], [ -69.25806567, -15.64294658 ], [ -69.25813335, -15.6427 ], [ -69.25830618, -15.64249397 ], [ -69.25843445, -15.64228907 ], [ -69.25848611, -15.64199968 ], [ -69.25844748, -15.64166936 ], [ -69.25839632, -15.64142579 ], [ -69.2584675, -15.64130876 ], [ -69.25864203, -15.64116606 ], [ -69.25876836, -15.64088919 ], [ -69.2590546, -15.64047863 ], [ -69.2594155, -15.64008059 ], [ -69.25986669, -15.63972348 ], [ -69.26034798, -15.63938 ], [ -69.26088869, -15.63903502 ], [ -69.26142706, -15.63860368 ], [ -69.26198339, -15.63828711 ], [ -69.26238962, -15.63791672 ], [ -69.26255934, -15.63759554 ], [ -69.26272906, -15.63727435 ], [ -69.26282567, -15.63699823 ], [ -69.26294179, -15.63689446 ], [ -69.26307354, -15.6368191 ], [ -69.26328151, -15.63681384 ], [ -69.26338859, -15.63692636 ], [ -69.26340811, -15.63709871 ], [ -69.26351714, -15.63728321 ], [ -69.26375365, -15.637234 ], [ -69.26390658, -15.6371173 ], [ -69.26445093, -15.63709151 ], [ -69.26499754, -15.63714969 ], [ -69.26537149, -15.63723624 ], [ -69.26563404, -15.63732562 ], [ -69.26596172, -15.63753338 ], [ -69.26632685, -15.6377522 ], [ -69.26645453, -15.637893 ], [ -69.26650825, -15.63804769 ], [ -69.26652807, -15.63832326 ], [ -69.2665339, -15.63853917 ], [ -69.26655275, -15.63877877 ], [ -69.26657063, -15.63898237 ], [ -69.26658916, -15.63920997 ], [ -69.26663212, -15.63942494 ], [ -69.26666141, -15.63959225 ], [ -69.26659232, -15.63978605 ], [ -69.26650923, -15.63992019 ], [ -69.26634927, -15.63996026 ], [ -69.26612871, -15.64004987 ], [ -69.26594432, -15.64010255 ], [ -69.26581041, -15.64018997 ], [ -69.26566672, -15.64037366 ], [ -69.26564585, -15.64051823 ], [ -69.26571195, -15.6406726 ], [ -69.26586276, -15.64075281 ], [ -69.26602369, -15.64074873 ], [ -69.26614651, -15.64070961 ], [ -69.26627912, -15.64057421 ], [ -69.266386, -15.64040345 ], [ -69.26644337, -15.64023395 ], [ -69.26661376, -15.6401216 ], [ -69.26676016, -15.6401299 ], [ -69.26699991, -15.64020065 ], [ -69.26729959, -15.64028908 ], [ -69.26764149, -15.64047247 ], [ -69.26790519, -15.64069626 ], [ -69.26810999, -15.64094074 ], [ -69.26843518, -15.64123978 ], [ -69.26867131, -15.64117618 ], [ -69.26862237, -15.64083172 ], [ -69.2684775, -15.64060493 ], [ -69.26835245, -15.64037763 ], [ -69.26824616, -15.64011145 ], [ -69.26835671, -15.63980136 ], [ -69.2685329, -15.63972007 ], [ -69.26879038, -15.63971355 ], [ -69.26900152, -15.63945852 ], [ -69.26919326, -15.63921936 ], [ -69.26944712, -15.63907848 ], [ -69.26957903, -15.63882547 ], [ -69.26973178, -15.63861033 ], [ -69.27004764, -15.63856391 ], [ -69.2703437, -15.638518 ], [ -69.27047665, -15.63830337 ], [ -69.2704501, -15.63805437 ], [ -69.27050175, -15.63776498 ], [ -69.27063314, -15.63749277 ], [ -69.2706264, -15.63724327 ], [ -69.27044296, -15.63705586 ], [ -69.27008541, -15.63702652 ], [ -69.26976851, -15.63703455 ], [ -69.26935466, -15.63712187 ], [ -69.26895957, -15.63717029 ], [ -69.26860461, -15.63723691 ], [ -69.26821056, -15.63732371 ], [ -69.26781858, -15.63748729 ], [ -69.2674433, -15.63753521 ], [ -69.26700445, -15.6374311 ], [ -69.2666214, -15.63719113 ], [ -69.26631447, -15.63683401 ], [ -69.26594967, -15.63653596 ], [ -69.26567821, -15.63602429 ], [ -69.26550527, -15.63549092 ], [ -69.26549698, -15.63518384 ], [ -69.26562755, -15.63488093 ], [ -69.26571881, -15.63459053 ], [ -69.26585124, -15.63435671 ], [ -69.2659425, -15.63406632 ], [ -69.26603273, -15.63373754 ], [ -69.2663825, -15.63347901 ], [ -69.26677292, -15.63325786 ], [ -69.26714975, -15.63326751 ], [ -69.2673702, -15.63335796 ], [ -69.26763182, -15.63350497 ], [ -69.26794664, -15.63342017 ], [ -69.26816503, -15.63343384 ], [ -69.26848451, -15.63352177 ], [ -69.2688827, -15.6335885 ], [ -69.26928193, -15.63369361 ], [ -69.26973487, -15.6335861 ], [ -69.2699882, -15.63342604 ], [ -69.27014095, -15.6332109 ], [ -69.27009201, -15.63286645 ], [ -69.27006391, -15.63255987 ], [ -69.26998843, -15.63196641 ], [ -69.26989596, -15.63166147 ], [ -69.26959694, -15.63159703 ], [ -69.2692204, -15.63141452 ], [ -69.26904062, -15.63117901 ], [ -69.26890648, -15.6307983 ], [ -69.26894628, -15.63043719 ], [ -69.26908705, -15.63014554 ], [ -69.26925257, -15.62985326 ], [ -69.26953865, -15.6294379 ], [ -69.26990222, -15.6291406 ], [ -69.27031661, -15.62889002 ], [ -69.27070689, -15.62866406 ], [ -69.27100073, -15.62853658 ], [ -69.27127435, -15.62857765 ], [ -69.27142937, -15.62881379 ], [ -69.27170493, -15.62892684 ], [ -69.27199812, -15.62877536 ], [ -69.27227045, -15.62876845 ], [ -69.27259228, -15.62876029 ], [ -69.27276234, -15.62863594 ], [ -69.27292786, -15.62834366 ], [ -69.27316895, -15.62809748 ], [ -69.27341392, -15.62799523 ], [ -69.273683, -15.62786837 ], [ -69.27387328, -15.62757546 ], [ -69.27408895, -15.62730592 ], [ -69.2744323, -15.62717717 ], [ -69.27474895, -15.62697708 ], [ -69.27536592, -15.6268894 ], [ -69.27573467, -15.62678402 ], [ -69.27605845, -15.62684782 ], [ -69.27633207, -15.62688889 ], [ -69.27665779, -15.62702466 ], [ -69.27693465, -15.62718568 ], [ -69.27708903, -15.62739782 ], [ -69.27743757, -15.62746099 ], [ -69.27773854, -15.62759739 ], [ -69.27801734, -15.62783038 ], [ -69.27822383, -15.62813722 ], [ -69.27820881, -15.62849771 ], [ -69.27821983, -15.62890555 ], [ -69.27803958, -15.62938546 ], [ -69.27797114, -15.62960326 ], [ -69.27788903, -15.62986462 ], [ -69.27780652, -15.63011158 ], [ -69.27785847, -15.63038394 ], [ -69.27792529, -15.63065592 ], [ -69.27807889, -15.63083928 ], [ -69.27832084, -15.63099158 ], [ -69.27854793, -15.63114426 ], [ -69.27890871, -15.63129354 ], [ -69.27912368, -15.63154735 ], [ -69.27938087, -15.63171367 ], [ -69.2797436, -15.63193492 ], [ -69.2799875, -15.63215919 ], [ -69.28030372, -15.63230961 ], [ -69.28064654, -15.63234411 ], [ -69.2809448, -15.63237975 ], [ -69.28124422, -15.63245856 ], [ -69.2815882, -15.63253625 ], [ -69.28182977, -15.63267415 ], [ -69.2821288, -15.63273857 ], [ -69.28240792, -15.63261625 ], [ -69.28255295, -15.63248292 ], [ -69.28284575, -15.63231704 ], [ -69.28284147, -15.6321587 ], [ -69.28283562, -15.63194279 ], [ -69.28298105, -15.63182386 ], [ -69.28311474, -15.63182046 ], [ -69.28316125, -15.6318913 ], [ -69.28322573, -15.63207691 ], [ -69.28324526, -15.63224927 ], [ -69.2833246, -15.6324345 ], [ -69.28354975, -15.63251521 ], [ -69.28380071, -15.63245121 ], [ -69.28391518, -15.63228697 ], [ -69.28401371, -15.63208281 ], [ -69.28427874, -15.63198965 ], [ -69.2844531, -15.63184118 ], [ -69.2843722, -15.63159836 ], [ -69.28421937, -15.6314438 ], [ -69.28405091, -15.63126083 ], [ -69.28401731, -15.63111764 ], [ -69.28409204, -15.63082155 ], [ -69.28440459, -15.63064447 ], [ -69.28464567, -15.63039827 ], [ -69.28493691, -15.6301748 ], [ -69.28515322, -15.62992923 ], [ -69.28549267, -15.62965653 ], [ -69.28573114, -15.62931437 ], [ -69.28602043, -15.62901893 ], [ -69.28640939, -15.62874496 ], [ -69.28670569, -15.62870861 ], [ -69.28702297, -15.6285325 ], [ -69.28731745, -15.62842898 ], [ -69.28753766, -15.62832735 ], [ -69.28788361, -15.62829454 ], [ -69.2882302, -15.62828573 ], [ -69.28852663, -15.62825418 ], [ -69.28889603, -15.62817276 ], [ -69.28931364, -15.6280421 ], [ -69.28942962, -15.62775106 ], [ -69.28969414, -15.62745625 ], [ -69.28998536, -15.62723278 ], [ -69.29037496, -15.62698279 ], [ -69.29063818, -15.62664 ], [ -69.29065709, -15.62642345 ], [ -69.29059977, -15.62613683 ], [ -69.29059132, -15.62582495 ], [ -69.29071055, -15.62565387 ], [ -69.29090535, -15.62552888 ], [ -69.29097116, -15.62521511 ], [ -69.29103893, -15.62497332 ], [ -69.29117706, -15.62458569 ], [ -69.29146919, -15.6243958 ], [ -69.29170959, -15.62412561 ], [ -69.29182882, -15.62395453 ], [ -69.29202232, -15.62378155 ], [ -69.29226402, -15.62355934 ], [ -69.2925813, -15.62338321 ], [ -69.29272333, -15.62313952 ], [ -69.29276438, -15.62282639 ], [ -69.29293052, -15.62255808 ], [ -69.29312336, -15.62236112 ], [ -69.29316702, -15.62214394 ], [ -69.29321263, -15.62199874 ], [ -69.29328234, -15.62182892 ], [ -69.29352469, -15.62163069 ], [ -69.29364196, -15.62138764 ], [ -69.29368302, -15.6210745 ], [ -69.29382583, -15.6208596 ], [ -69.2939431, -15.62061655 ], [ -69.29408643, -15.62042084 ], [ -69.29419914, -15.62000985 ], [ -69.29416463, -15.61965063 ], [ -69.29403565, -15.61946186 ], [ -69.29398028, -15.61924721 ], [ -69.29405064, -15.61910138 ], [ -69.29419462, -15.61892966 ], [ -69.2943399, -15.61880593 ], [ -69.2946044, -15.61851111 ], [ -69.2946474, -15.61826994 ], [ -69.29484089, -15.61809697 ], [ -69.29508519, -15.61797071 ], [ -69.29535489, -15.61786781 ], [ -69.29552102, -15.6175995 ], [ -69.29568324, -15.61718725 ], [ -69.29595164, -15.61703637 ], [ -69.29621874, -15.61683751 ], [ -69.29638487, -15.6165692 ], [ -69.2965738, -15.61622829 ], [ -69.29654123, -15.61594104 ], [ -69.29648261, -15.61560644 ], [ -69.29650345, -15.61546187 ], [ -69.29671974, -15.61521629 ], [ -69.29691257, -15.61501932 ], [ -69.29700638, -15.61482487 ], [ -69.29716925, -15.61443661 ], [ -69.29728847, -15.61426553 ], [ -69.29760377, -15.61401742 ], [ -69.29779334, -15.6137005 ], [ -69.29793275, -15.61336085 ], [ -69.29797054, -15.61292776 ], [ -69.2980624, -15.61266135 ], [ -69.29817576, -15.61227435 ], [ -69.29816469, -15.61186652 ], [ -69.29800444, -15.61143848 ], [ -69.29787416, -15.61120173 ], [ -69.29779208, -15.61091574 ], [ -69.29788589, -15.61072129 ], [ -69.29805591, -15.61059693 ], [ -69.29824679, -15.61032799 ], [ -69.29849303, -15.61027369 ], [ -69.29883828, -15.61021688 ], [ -69.29915683, -15.61008872 ], [ -69.29927344, -15.60982167 ], [ -69.29924087, -15.60953442 ], [ -69.29913534, -15.60929705 ], [ -69.29910408, -15.60905777 ], [ -69.2989979, -15.60879641 ], [ -69.29876925, -15.60858617 ], [ -69.29861551, -15.60839804 ], [ -69.29863245, -15.60810953 ], [ -69.2987204, -15.60769917 ], [ -69.29888521, -15.60738288 ], [ -69.29904872, -15.60701861 ], [ -69.29945651, -15.60652807 ], [ -69.29962327, -15.60628375 ], [ -69.30011053, -15.60598325 ], [ -69.30045318, -15.60583047 ], [ -69.30101991, -15.60571998 ], [ -69.30131956, -15.60580837 ], [ -69.30157231, -15.60599398 ], [ -69.30189866, -15.6061537 ], [ -69.30221981, -15.6061215 ], [ -69.30276244, -15.60603564 ], [ -69.30311094, -15.60609876 ], [ -69.30333959, -15.60630899 ], [ -69.30349724, -15.60664106 ], [ -69.30382425, -15.60682477 ], [ -69.3041441, -15.60674459 ], [ -69.30438056, -15.60633044 ], [ -69.30462353, -15.60615619 ], [ -69.3046385, -15.60579571 ], [ -69.30480396, -15.6055034 ], [ -69.30502152, -15.60530579 ], [ -69.30503911, -15.60504127 ], [ -69.30498438, -15.60485061 ], [ -69.3048782, -15.60458925 ], [ -69.30472316, -15.60435314 ], [ -69.30459222, -15.6040924 ], [ -69.30450949, -15.60378243 ], [ -69.30447561, -15.6034472 ], [ -69.30446648, -15.60311133 ], [ -69.3044085, -15.60280072 ], [ -69.30437332, -15.60241751 ], [ -69.30429254, -15.60217951 ], [ -69.30421176, -15.6019415 ], [ -69.30395966, -15.60177989 ], [ -69.30375773, -15.601641 ], [ -69.30348544, -15.60164795 ], [ -69.30326397, -15.60170161 ], [ -69.30302165, -15.60189985 ], [ -69.30280213, -15.60202548 ], [ -69.30243344, -15.60213092 ], [ -69.30206149, -15.6021164 ], [ -69.30164003, -15.60210315 ], [ -69.30134104, -15.60203875 ], [ -69.3010883, -15.60185315 ], [ -69.30093391, -15.60164102 ], [ -69.30073263, -15.60152612 ], [ -69.30038153, -15.60136703 ], [ -69.30010273, -15.60113407 ], [ -69.29991904, -15.60075465 ], [ -69.29961445, -15.60048393 ], [ -69.29903992, -15.60030653 ], [ -69.29864387, -15.60031663 ], [ -69.29817291, -15.60030463 ], [ -69.29755344, -15.60029641 ], [ -69.29695936, -15.60031155 ], [ -69.29624413, -15.60042581 ], [ -69.29547939, -15.60054132 ], [ -69.29494068, -15.60077111 ], [ -69.29450293, -15.60107034 ], [ -69.29411664, -15.60144029 ], [ -69.29375445, -15.60178561 ], [ -69.29352383, -15.60241566 ], [ -69.29315774, -15.60261703 ], [ -69.2929115, -15.60267132 ], [ -69.29273628, -15.60260376 ], [ -69.2925122, -15.60256145 ], [ -69.29226727, -15.60266372 ], [ -69.29209855, -15.60283606 ], [ -69.29198193, -15.6031031 ], [ -69.29189072, -15.60339351 ], [ -69.29174936, -15.60366118 ], [ -69.29157933, -15.60378555 ], [ -69.29140541, -15.60376597 ], [ -69.29127579, -15.60355321 ], [ -69.29126669, -15.60321734 ], [ -69.29132859, -15.60275964 ], [ -69.29121787, -15.60233034 ], [ -69.29091433, -15.602098 ], [ -69.29071566, -15.60207905 ], [ -69.29054564, -15.60220341 ], [ -69.2902512, -15.60230693 ], [ -69.28995286, -15.60226651 ], [ -69.28967602, -15.60210551 ], [ -69.28949885, -15.60196598 ], [ -69.28917186, -15.60178225 ], [ -69.28894518, -15.60164397 ], [ -69.28879211, -15.60147982 ], [ -69.28866054, -15.60119509 ], [ -69.28857719, -15.60086112 ], [ -69.28864365, -15.60057134 ], [ -69.28865605, -15.6001149 ], [ -69.28862285, -15.59980366 ], [ -69.28854014, -15.59949367 ], [ -69.28848414, -15.59925503 ], [ -69.28847569, -15.59894316 ], [ -69.28841968, -15.59870452 ], [ -69.28836173, -15.5983939 ], [ -69.28837608, -15.59800943 ], [ -69.28834028, -15.59760223 ], [ -69.28835399, -15.59719376 ], [ -69.28829019, -15.59666724 ], [ -69.28805442, -15.5961931 ], [ -69.28789082, -15.59564031 ], [ -69.28770001, -15.59499698 ], [ -69.28763297, -15.59435051 ], [ -69.28761997, -15.5938707 ], [ -69.28758027, -15.59331956 ], [ -69.28752037, -15.59293697 ], [ -69.28738167, -15.59238835 ], [ -69.28744553, -15.59200262 ], [ -69.28746183, -15.59169012 ], [ -69.28755369, -15.5914237 ], [ -69.28769636, -15.59120402 ], [ -69.28794063, -15.59107777 ], [ -69.28806114, -15.59095467 ], [ -69.2882292, -15.59075834 ], [ -69.28834451, -15.59044331 ], [ -69.28843507, -15.59012892 ], [ -69.28855298, -15.58990986 ], [ -69.28876795, -15.58961631 ], [ -69.28888326, -15.58930129 ], [ -69.28889891, -15.5889648 ], [ -69.28908782, -15.5886239 ], [ -69.28910023, -15.58816745 ], [ -69.28924159, -15.58789978 ], [ -69.2895119, -15.58782088 ], [ -69.28970601, -15.5876719 ], [ -69.28989363, -15.58728302 ], [ -69.29003368, -15.58696736 ], [ -69.29027613, -15.58677394 ], [ -69.29041748, -15.58650627 ], [ -69.29050999, -15.58626385 ], [ -69.29062724, -15.5860208 ], [ -69.2907217, -15.58585034 ], [ -69.29086305, -15.58558267 ], [ -69.29108126, -15.58540907 ], [ -69.29124542, -15.5850688 ], [ -69.29133467, -15.58470642 ], [ -69.29140437, -15.5845366 ], [ -69.29164278, -15.58419444 ], [ -69.29178608, -15.58399873 ], [ -69.29195478, -15.58382639 ], [ -69.29220034, -15.58374812 ], [ -69.29249735, -15.58374055 ], [ -69.29276701, -15.58363766 ], [ -69.29298392, -15.58341608 ], [ -69.29300021, -15.58310357 ], [ -69.29301846, -15.58286304 ], [ -69.29323601, -15.58266545 ], [ -69.29340862, -15.58263704 ], [ -69.29362812, -15.58251142 ], [ -69.29377142, -15.58231572 ], [ -69.29381442, -15.58207455 ], [ -69.29375711, -15.58178793 ], [ -69.29379881, -15.58149879 ], [ -69.29384311, -15.58130561 ], [ -69.29396361, -15.58118251 ], [ -69.29413556, -15.58113011 ], [ -69.29428146, -15.58103037 ], [ -69.29440196, -15.58090726 ], [ -69.29447036, -15.58068946 ], [ -69.29446385, -15.58044956 ], [ -69.29453355, -15.58027974 ], [ -69.2946508, -15.58003668 ], [ -69.29462084, -15.57984539 ], [ -69.29446843, -15.57970524 ], [ -69.29438963, -15.5795392 ], [ -69.29453228, -15.5793195 ], [ -69.29467622, -15.57914779 ], [ -69.29481653, -15.57884173 ], [ -69.29498327, -15.57859742 ], [ -69.29497742, -15.5783815 ], [ -69.29494486, -15.57809425 ], [ -69.2949123, -15.577807 ], [ -69.2949071, -15.57761508 ], [ -69.29479964, -15.57730573 ], [ -69.29474298, -15.5770431 ], [ -69.29451568, -15.57688085 ], [ -69.29423822, -15.57669587 ], [ -69.29403242, -15.57641303 ], [ -69.29380251, -15.57615481 ], [ -69.29354916, -15.57594521 ], [ -69.29319681, -15.57573812 ], [ -69.29279821, -15.57565225 ], [ -69.29242696, -15.5756617 ], [ -69.29205766, -15.57574313 ], [ -69.29191371, -15.57591484 ], [ -69.29179647, -15.57615789 ], [ -69.29180362, -15.57642178 ], [ -69.29171307, -15.57673618 ], [ -69.29164467, -15.57695398 ], [ -69.29135157, -15.57710548 ], [ -69.29110602, -15.57718375 ], [ -69.29083052, -15.57707073 ], [ -69.29053157, -15.57700633 ], [ -69.29020787, -15.57694255 ], [ -69.29005547, -15.57680239 ], [ -69.28989722, -15.57644631 ], [ -69.28974378, -15.57626777 ], [ -69.28951713, -15.5761295 ], [ -69.28911788, -15.57601963 ], [ -69.28886843, -15.57595396 ], [ -69.28842293, -15.5759653 ], [ -69.28817348, -15.57589962 ], [ -69.28774949, -15.57579038 ], [ -69.28745249, -15.57579794 ], [ -69.28695554, -15.57573856 ], [ -69.28661359, -15.57591531 ], [ -69.28624299, -15.57594874 ], [ -69.28586979, -15.57588621 ], [ -69.28544644, -15.57580096 ], [ -69.28506979, -15.57543929 ], [ -69.28470986, -15.5751235 ], [ -69.28443567, -15.57505845 ], [ -69.28408852, -15.57504327 ], [ -69.28374202, -15.57505208 ], [ -69.28339877, -15.57518084 ], [ -69.28307962, -15.57528498 ], [ -69.28258592, -15.57534555 ], [ -69.28239052, -15.57544654 ], [ -69.28214497, -15.5755248 ], [ -69.28175286, -15.57567881 ], [ -69.28130801, -15.57571412 ], [ -69.28071142, -15.57563326 ], [ -69.28038123, -15.57532956 ], [ -69.2801481, -15.57495138 ], [ -69.27999117, -15.57464328 ], [ -69.27990849, -15.5743333 ], [ -69.27975156, -15.5740252 ], [ -69.27967017, -15.57376319 ], [ -69.27961418, -15.57352455 ], [ -69.27958295, -15.57328528 ], [ -69.27960056, -15.57302076 ], [ -69.27952112, -15.57283072 ], [ -69.27939154, -15.57261795 ], [ -69.27923655, -15.57238183 ], [ -69.27908092, -15.57212171 ], [ -69.27899954, -15.5718597 ], [ -69.27889276, -15.57157434 ], [ -69.27878597, -15.57128897 ], [ -69.27867725, -15.57093163 ], [ -69.27859068, -15.57047771 ], [ -69.2784839, -15.57019234 ], [ -69.27852367, -15.56983123 ], [ -69.27858806, -15.5694647 ], [ -69.27852883, -15.5691061 ], [ -69.27852364, -15.56891418 ], [ -69.27868845, -15.56859791 ], [ -69.2788819, -15.56842495 ], [ -69.27907082, -15.56808406 ], [ -69.27938088, -15.56764406 ], [ -69.27964338, -15.56727729 ], [ -69.27996278, -15.56718275 ], [ -69.28039853, -15.56681158 ], [ -69.28072555, -15.56608308 ], [ -69.28078293, -15.56545745 ], [ -69.28098101, -15.56454016 ], [ -69.28118363, -15.56379081 ], [ -69.28145984, -15.56301558 ], [ -69.2818611, -15.56228518 ], [ -69.28228774, -15.56157815 ], [ -69.28274757, -15.56118236 ], [ -69.28313251, -15.56076446 ], [ -69.28361708, -15.56036803 ], [ -69.28430418, -15.5601345 ], [ -69.2847718, -15.56002658 ], [ -69.28511697, -15.55996979 ], [ -69.28552599, -15.55952727 ], [ -69.28596561, -15.55930002 ], [ -69.28647297, -15.55883099 ], [ -69.28692434, -15.55812332 ], [ -69.28738299, -15.55768433 ], [ -69.28806942, -15.5574268 ], [ -69.28858782, -15.55736559 ], [ -69.28900593, -15.55725892 ], [ -69.28949439, -15.55700642 ], [ -69.28985845, -15.55673308 ], [ -69.29009813, -15.5564389 ], [ -69.2903124, -15.55612136 ], [ -69.29069796, -15.55572744 ], [ -69.29105617, -15.55523819 ], [ -69.29160846, -15.55459995 ], [ -69.29216464, -15.55410566 ], [ -69.29267327, -15.55368459 ], [ -69.29306468, -15.55350658 ], [ -69.29348538, -15.55349586 ], [ -69.29395557, -15.55348388 ], [ -69.29430203, -15.55347505 ], [ -69.29472273, -15.55346433 ], [ -69.29509198, -15.5533829 ], [ -69.29543454, -15.55323013 ], [ -69.29577384, -15.55295741 ], [ -69.29601676, -15.55278318 ], [ -69.29633847, -15.55277498 ], [ -69.29680866, -15.55276299 ], [ -69.2972502, -15.55260769 ], [ -69.29766374, -15.55233308 ], [ -69.29790535, -15.55211086 ], [ -69.29817106, -15.55186402 ], [ -69.29836447, -15.55169104 ], [ -69.29865297, -15.5513716 ], [ -69.29896947, -15.55117147 ], [ -69.29930877, -15.55089875 ], [ -69.29977244, -15.55064686 ], [ -69.30004336, -15.55059193 ], [ -69.30046405, -15.5505812 ], [ -69.30061383, -15.55062539 ], [ -69.30108597, -15.55068537 ], [ -69.30135884, -15.55070241 ], [ -69.30187787, -15.55066516 ], [ -69.30234805, -15.55065317 ], [ -69.3027707, -15.5507144 ], [ -69.30312172, -15.55087349 ], [ -69.30339784, -15.55101048 ], [ -69.30372411, -15.5511702 ], [ -69.30404842, -15.55125795 ], [ -69.30444294, -15.55119506 ], [ -69.30503165, -15.55098798 ], [ -69.30540415, -15.55102648 ], [ -69.30565683, -15.55121208 ], [ -69.30583853, -15.55151952 ], [ -69.30611662, -15.55172848 ], [ -69.30645916, -15.55157569 ], [ -69.30680366, -15.55149488 ], [ -69.30710323, -15.55158325 ], [ -69.30757472, -15.55161922 ], [ -69.30799542, -15.55160848 ], [ -69.30839202, -15.55162235 ], [ -69.30881271, -15.5516116 ], [ -69.30923015, -15.5514809 ], [ -69.30957008, -15.55123215 ], [ -69.30973809, -15.5510358 ], [ -69.31005523, -15.55085965 ], [ -69.31042251, -15.55070623 ], [ -69.31096172, -15.55050039 ], [ -69.31152828, -15.55038988 ], [ -69.31224593, -15.55037154 ], [ -69.31271351, -15.55026356 ], [ -69.31285807, -15.55011582 ], [ -69.3128535, -15.54994789 ], [ -69.31274277, -15.5495186 ], [ -69.31268544, -15.54923199 ], [ -69.31270236, -15.54894348 ], [ -69.31286971, -15.54872314 ], [ -69.31331319, -15.54863978 ], [ -69.31383025, -15.54853053 ], [ -69.31419361, -15.54823316 ], [ -69.31421117, -15.54796864 ], [ -69.3141278, -15.54763468 ], [ -69.31379761, -15.54733104 ], [ -69.31351626, -15.54700214 ], [ -69.31358136, -15.54666438 ], [ -69.31379493, -15.54632283 ], [ -69.31423775, -15.54621548 ], [ -69.31448783, -15.54630511 ], [ -69.31471707, -15.54653931 ], [ -69.31504008, -15.54657906 ], [ -69.31533572, -15.54652348 ], [ -69.31548355, -15.54649569 ], [ -69.315703, -15.54637005 ], [ -69.31612433, -15.54638327 ], [ -69.31617774, -15.54652595 ], [ -69.31598565, -15.54674692 ], [ -69.31576816, -15.54694454 ], [ -69.31566986, -15.54733596 ], [ -69.31584999, -15.54740337 ], [ -69.31599651, -15.5473276 ], [ -69.31624539, -15.5471916 ], [ -69.31652801, -15.54702112 ], [ -69.31700664, -15.54686484 ], [ -69.31767087, -15.5467038 ], [ -69.318045, -15.54680225 ], [ -69.31899612, -15.54695603 ], [ -69.31972321, -15.54704737 ], [ -69.32027901, -15.54699713 ], [ -69.32064628, -15.54684368 ], [ -69.32089729, -15.54651317 ], [ -69.32114634, -15.54611068 ], [ -69.32154681, -15.54581235 ], [ -69.32179781, -15.54548183 ], [ -69.32172718, -15.54466254 ], [ -69.32139132, -15.54419588 ], [ -69.32123794, -15.54401976 ], [ -69.32100641, -15.5437016 ], [ -69.3209966, -15.54334175 ], [ -69.32113527, -15.5429781 ], [ -69.32139019, -15.54279153 ], [ -69.32161389, -15.54282181 ], [ -69.32179948, -15.54281705 ], [ -69.32198507, -15.5428123 ], [ -69.32243147, -15.54283687 ], [ -69.32280658, -15.5429713 ], [ -69.32309188, -15.54351646 ], [ -69.32367796, -15.54359716 ], [ -69.3243099, -15.54361457 ], [ -69.32463944, -15.54389421 ], [ -69.32501128, -15.54390868 ], [ -69.3253792, -15.54377922 ], [ -69.32556866, -15.54346228 ], [ -69.32560768, -15.54307717 ], [ -69.32552428, -15.54274322 ], [ -69.32558871, -15.54238147 ], [ -69.32582504, -15.5419673 ], [ -69.32603663, -15.54155376 ], [ -69.32604997, -15.54103216 ], [ -69.3260606, -15.54061689 ], [ -69.32605144, -15.54028104 ], [ -69.32601557, -15.53987384 ], [ -69.32609819, -15.53927156 ], [ -69.32619063, -15.53902912 ], [ -69.32645236, -15.53863831 ], [ -69.3267421, -15.53836681 ], [ -69.32708199, -15.53811803 ], [ -69.32754232, -15.53774613 ], [ -69.32803199, -15.53754152 ], [ -69.32842398, -15.53738742 ], [ -69.32876779, -15.53728258 ], [ -69.32913896, -15.53727306 ], [ -69.32951014, -15.53726354 ], [ -69.32970679, -15.53721048 ], [ -69.33002651, -15.53713026 ], [ -69.33006938, -15.53713984 ], [ -69.32984444, -15.53690556 ], [ -69.32977741, -15.53675142 ], [ -69.32974886, -15.53665624 ], [ -69.3297203, -15.53652299 ], [ -69.3297203, -15.53640878 ], [ -69.3297203, -15.53636119 ], [ -69.32972982, -15.53624698 ], [ -69.32973934, -15.53613276 ], [ -69.32973934, -15.53599951 ], [ -69.32974886, -15.53593289 ], [ -69.32976789, -15.5357806 ], [ -69.32979645, -15.53572349 ], [ -69.32987259, -15.53562831 ], [ -69.32997729, -15.53556169 ], [ -69.33000584, -15.53544748 ], [ -69.33004391, -15.53533326 ], [ -69.33002487, -15.53527616 ], [ -69.32988362, -15.53516614 ], [ -69.32692742, -15.53345831 ], [ -69.32104444, -15.52611111 ], [ -69.31621667, -15.52048611 ], [ -69.31432222, -15.51827778 ], [ -69.31425555, -15.51308333 ], [ -69.31185833, -15.50871667 ], [ -69.312084796263491, -15.506674197596512 ], [ -69.310380522999935, -15.505341321999936 ], [ -69.310217692999913, -15.49935245599994 ], [ -69.304738283999939, -15.490157183999941 ], [ -69.304953827999952, -15.484965424999928 ], [ -69.306654424294948, -15.483144019070474 ], [ -69.30489167, -15.48022222 ], [ -69.308316529464534, -15.476551535268932 ], [ -69.305978674999949, -15.474566756999934 ], [ -69.302137727999934, -15.468787110999926 ], [ -69.301337682999929, -15.465580546999945 ], [ -69.304878016522593, -15.461263643504886 ], [ -69.30253611, -15.45987222 ], [ -69.29834444, -15.45336667 ], [ -69.29543652, -15.44663288 ], [ -69.29045053, -15.43703635 ], [ -69.25336944, -15.46955555 ], [ -69.24335836, -15.46255902 ], [ -69.24058333, -15.46061944 ], [ -69.23327778, -15.441375 ], [ -69.233603089256704, -15.441098457810741 ], [ -69.228817989999925, -15.428926126999954 ], [ -69.24623810199995, -15.413965578999921 ], [ -69.252987804086288, -15.372343107251998 ], [ -69.247475, -15.37099167 ], [ -69.24054502, -15.35283228 ], [ -69.23073948, -15.3358942 ], [ -69.21540628, -15.31767975 ], [ -69.20651944, -15.32414585 ], [ -69.1959496, -15.31411169 ], [ -69.193390022086106, -15.301365528157914 ], [ -69.191515103999905, -15.299404766999942 ], [ -69.188444296999933, -15.291068840999912 ], [ -69.188314379032988, -15.2889772997226 ], [ -69.18678973, -15.28637635 ], [ -69.16159868, -15.31266706 ], [ -69.1614758, -15.31279528 ], [ -69.15266137, -15.3184745 ], [ -69.14772346, -15.32165576 ], [ -69.1473635, -15.32179206 ], [ -69.14305392, -15.3234239 ], [ -69.1412009, -15.32412552 ], [ -69.14052432, -15.32438169 ], [ -69.13251861, -15.33360822 ], [ -69.13447673, -15.33631929 ], [ -69.13187754, -15.35123819 ], [ -69.12145028, -15.36453408 ], [ -69.12388143, -15.37908843 ], [ -69.11325957, -15.38063101 ], [ -69.10795726, -15.39826317 ], [ -69.11057293, -15.4102861 ], [ -69.09379277, -15.41997648 ], [ -69.08327472, -15.43054931 ], [ -69.07936265, -15.43353313 ], [ -69.07936126, -15.43353419 ], [ -69.07787486, -15.4466438 ], [ -69.0795616, -15.46987783 ], [ -69.07956153, -15.46987788 ], [ -69.07658058, -15.4757554 ], [ -69.07117534, -15.48100082 ], [ -69.07358279, -15.48722908 ], [ -69.08799587, -15.50862315 ], [ -69.09757823, -15.52282203 ], [ -69.10344772, -15.53148032 ], [ -69.10316355, -15.53186383 ], [ -69.10276068, -15.53215552 ], [ -69.10214984, -15.53256038 ], [ -69.10185384, -15.53271122 ], [ -69.10152085, -15.53289795 ], [ -69.10112119, -15.5329986 ], [ -69.10066232, -15.53308493 ], [ -69.10032916, -15.53293438 ], [ -69.09946308, -15.5328056 ], [ -69.09875256, -15.53291356 ], [ -69.09841964, -15.53325816 ], [ -69.09827918, -15.53364574 ], [ -69.09816834, -15.5340333 ], [ -69.09792421, -15.53432045 ], [ -69.09789492, -15.5348137 ], [ -69.09788752, -15.5350022 ], [ -69.09782111, -15.53543998 ], [ -69.09773981, -15.53569118 ], [ -69.09741066, -15.5359379 ], [ -69.09718616, -15.53597149 ], [ -69.09686655, -15.53606472 ], [ -69.09644473, -15.53625149 ], [ -69.09589708, -15.53647418 ], [ -69.09520876, -15.53660365 ], [ -69.09453527, -15.53681205 ], [ -69.0941653, -15.53709208 ], [ -69.09398779, -15.53740073 ], [ -69.09398657, -15.53770028 ], [ -69.09405487, -15.53817336 ], [ -69.09436585, -15.53863486 ], [ -69.09436604, -15.53903673 ], [ -69.0942033, -15.53926643 ], [ -69.09377408, -15.53948907 ], [ -69.09310057, -15.53966876 ], [ -69.09230115, -15.53970498 ], [ -69.09177566, -15.53982719 ], [ -69.09141299, -15.53990628 ], [ -69.09093936, -15.54015764 ], [ -69.09092468, -15.54042317 ], [ -69.09101371, -15.54089675 ], [ -69.09157655, -15.54151367 ], [ -69.09175434, -15.54182934 ], [ -69.09174708, -15.54215227 ], [ -69.09156952, -15.54237481 ], [ -69.09112077, -15.54256818 ], [ -69.09068874, -15.54256175 ], [ -69.08978567, -15.54254777 ], [ -69.08898625, -15.54259115 ], [ -69.08839421, -15.54292149 ], [ -69.08823158, -15.54342388 ], [ -69.08832098, -15.54478731 ], [ -69.08827693, -15.54563411 ], [ -69.08803064, -15.54663012 ], [ -69.09329987, -15.5471704 ], [ -69.10477632, -15.55873727 ], [ -69.10170089, -15.56325903 ], [ -69.10778052, -15.57497494 ], [ -69.10799493, -15.57538809 ], [ -69.11150379, -15.5821492 ], [ -69.09499916, -15.59219203 ], [ -69.09201543, -15.59472467 ], [ -69.09219499, -15.59543686 ], [ -69.09575343, -15.60954968 ], [ -69.10713433, -15.60981564 ], [ -69.1069385, -15.60996038 ], [ -69.10632399, -15.61222084 ], [ -69.09314892, -15.62609509 ], [ -69.0936114, -15.63383385 ], [ -69.09361896, -15.6339602 ], [ -69.06796936, -15.65458216 ], [ -69.04697865, -15.66769648 ], [ -69.02290422, -15.66679627 ], [ -69.02057139, -15.66634447 ], [ -69.00539897, -15.66248505 ], [ -68.99093613, -15.66115596 ], [ -68.99071696, -15.66078294 ], [ -68.99051947, -15.66042891 ], [ -68.99058861, -15.66013231 ], [ -68.99070712, -15.65992181 ], [ -68.9907565, -15.65981657 ], [ -68.99083552, -15.6593286 ], [ -68.99097381, -15.65851532 ], [ -68.99117135, -15.6576829 ], [ -68.99130964, -15.65685048 ], [ -68.99150717, -15.65615202 ], [ -68.99175408, -15.65537701 ], [ -68.99192197, -15.65480293 ], [ -68.99191212, -15.65417144 ], [ -68.99193191, -15.65331988 ], [ -68.99192205, -15.65282234 ], [ -68.99171469, -15.65246831 ], [ -68.99144923, -15.65168786 ], [ -68.99129397, -15.65152488 ], [ -68.99064731, -15.65128118 ], [ -68.99025215, -15.65075901 ], [ -68.98982106, -15.65037608 ], [ -68.98931813, -15.64971466 ], [ -68.98912254, -15.64935929 ], [ -68.98864381, -15.64878446 ], [ -68.98843647, -15.64820079 ], [ -68.98809089, -15.64770323 ], [ -68.98789341, -15.64742575 ], [ -68.98741944, -15.64720822 ], [ -68.98734236, -15.64720822 ], [ -68.98701905, -15.64692972 ], [ -68.9869896, -15.64682983 ], [ -68.98662953, -15.64633491 ], [ -68.98657029, -15.64613398 ], [ -68.98637281, -15.64597131 ], [ -68.98627408, -15.64583735 ], [ -68.98642221, -15.64561729 ], [ -68.98638273, -15.64533024 ], [ -68.98608652, -15.64502405 ], [ -68.98607666, -15.64474657 ], [ -68.98638279, -15.64445955 ], [ -68.98649142, -15.64422035 ], [ -68.98629398, -15.64360798 ], [ -68.98603728, -15.64302431 ], [ -68.98578058, -15.64252675 ], [ -68.98569174, -15.64213445 ], [ -68.98563252, -15.64171345 ], [ -68.98544493, -15.64143597 ], [ -68.98525733, -15.64123502 ], [ -68.98479326, -15.6408714 ], [ -68.98431932, -15.64049822 ], [ -68.98417124, -15.64011548 ], [ -68.98380592, -15.63972316 ], [ -68.98360846, -15.63942654 ], [ -68.98349, -15.63905337 ], [ -68.98329253, -15.63883329 ], [ -68.98314444, -15.63856537 ], [ -68.98322345, -15.63830704 ], [ -68.98352957, -15.63803915 ], [ -68.98356912, -15.63747464 ], [ -68.98337168, -15.63686226 ], [ -68.98332234, -15.6364604 ], [ -68.98302614, -15.63620204 ], [ -68.98292743, -15.63589585 ], [ -68.98299657, -15.63558011 ], [ -68.98310522, -15.63513042 ], [ -68.98290777, -15.63482422 ], [ -68.98256221, -15.63448931 ], [ -68.9823154, -15.63392477 ], [ -68.98197972, -15.63358986 ], [ -68.98169342, -15.63308273 ], [ -68.98167369, -15.63278611 ], [ -68.98177245, -15.63265217 ], [ -68.98194785, -15.63241926 ], [ -68.98173301, -15.63203981 ], [ -68.98171329, -15.63164751 ], [ -68.98180218, -15.63136048 ], [ -68.98197996, -15.63083425 ], [ -68.98198986, -15.6305185 ], [ -68.98191912, -15.63019956 ], [ -68.98183193, -15.62998267 ], [ -68.98169371, -15.62981043 ], [ -68.98124977, -15.629725 ], [ -68.98072855, -15.62973859 ], [ -68.98003741, -15.62949932 ], [ -68.97930922, -15.62951122 ], [ -68.97884022, -15.62940353 ], [ -68.97866747, -15.62904471 ], [ -68.97863049, -15.62859022 ], [ -68.978359, -15.62823139 ], [ -68.97803816, -15.62770511 ], [ -68.97793946, -15.6273463 ], [ -68.97781606, -15.62716688 ], [ -68.97764329, -15.62701138 ], [ -68.97748287, -15.62673629 ], [ -68.9773965, -15.62649707 ], [ -68.97739652, -15.62637747 ], [ -68.97784084, -15.62626988 ], [ -68.97824811, -15.62647324 ], [ -68.97874178, -15.62654505 ], [ -68.97949464, -15.62656904 ], [ -68.97979085, -15.62661691 ], [ -68.98023517, -15.62652127 ], [ -68.98066715, -15.62642562 ], [ -68.98102507, -15.62643762 ], [ -68.9814817, -15.62673666 ], [ -68.98172851, -15.62701176 ], [ -68.98202469, -15.62737059 ], [ -68.98246899, -15.62753807 ], [ -68.98281458, -15.62746634 ], [ -68.98299974, -15.62707166 ], [ -68.98323427, -15.62668896 ], [ -68.98350583, -15.62629429 ], [ -68.98409829, -15.62567241 ], [ -68.98480184, -15.62494289 ], [ -68.98528321, -15.6245004 ], [ -68.98559179, -15.62406985 ], [ -68.98576462, -15.62341206 ], [ -68.98587108, -15.62297672 ], [ -68.98597888, -15.62241976 ], [ -68.98597892, -15.62189761 ], [ -68.98601488, -15.62127102 ], [ -68.98600984, -15.62115367 ], [ -68.98583888, -15.62042202 ], [ -68.98578955, -15.61984793 ], [ -68.98578958, -15.61944129 ], [ -68.98623391, -15.61893899 ], [ -68.98651778, -15.6186998 ], [ -68.98659186, -15.61818552 ], [ -68.98669761, -15.6176508 ], [ -68.98667585, -15.61725742 ], [ -68.98662583, -15.61681534 ], [ -68.9863945, -15.61662591 ], [ -68.98646856, -15.61655415 ], [ -68.98686843, -15.61631019 ], [ -68.98695734, -15.61549212 ], [ -68.98703142, -15.61503285 ], [ -68.98707692, -15.6145041 ], [ -68.9869377, -15.61387989 ], [ -68.9867773, -15.61334167 ], [ -68.98676499, -15.61287522 ], [ -68.98695012, -15.61255231 ], [ -68.98720437, -15.61226289 ], [ -68.98745121, -15.61208111 ], [ -68.98771386, -15.61201631 ], [ -68.98800378, -15.61166502 ], [ -68.98805534, -15.61140693 ], [ -68.98812544, -15.61105603 ], [ -68.98807822, -15.61070333 ], [ -68.98805848, -15.61051675 ], [ -68.98807331, -15.61022014 ], [ -68.98807517, -15.60998486 ], [ -68.98791936, -15.6097907 ], [ -68.98773766, -15.60975607 ], [ -68.98755995, -15.60977041 ], [ -68.98742173, -15.60972256 ], [ -68.98738718, -15.60959817 ], [ -68.98741188, -15.60943073 ], [ -68.98746619, -15.60924416 ], [ -68.98752544, -15.60904801 ], [ -68.98755507, -15.60882795 ], [ -68.9877476, -15.60866052 ], [ -68.98799442, -15.60863661 ], [ -68.98836378, -15.60854864 ], [ -68.98754078, -15.60700392 ], [ -68.98702702, -15.60651721 ], [ -68.98666176, -15.60611533 ], [ -68.98643471, -15.60575173 ], [ -68.98606944, -15.60543596 ], [ -68.98592137, -15.60512977 ], [ -68.98585229, -15.60471833 ], [ -68.98565486, -15.60447912 ], [ -68.98534884, -15.60406767 ], [ -68.98496384, -15.60363707 ], [ -68.9847072, -15.60306297 ], [ -68.984648, -15.60259413 ], [ -68.98462828, -15.60217313 ], [ -68.98479618, -15.60132157 ], [ -68.985122, -15.60080492 ], [ -68.98531948, -15.60046048 ], [ -68.98553668, -15.60026913 ], [ -68.98568479, -15.59992468 ], [ -68.98572431, -15.5995611 ], [ -68.98562336, -15.59909415 ], [ -68.98543807, -15.59867124 ], [ -68.98537887, -15.59816413 ], [ -68.9853789, -15.59779097 ], [ -68.98556158, -15.5971834 ], [ -68.98600457, -15.59558425 ], [ -68.98594527, -15.59434832 ], [ -68.98511532, -15.59280114 ], [ -68.98351924, -15.59057316 ], [ -68.98051111, -15.58864968 ], [ -68.98061685, -15.58832074 ], [ -68.98025008, -15.58682667 ], [ -68.98029098, -15.584864 ], [ -68.98025159, -15.58394546 ], [ -68.98094262, -15.58375416 ], [ -68.98163371, -15.58275913 ], [ -68.98173253, -15.5816875 ], [ -68.98187081, -15.58076897 ], [ -68.98220649, -15.5801375 ], [ -68.98270016, -15.57891281 ], [ -68.98337154, -15.5774011 ], [ -68.98396389, -15.57644432 ], [ -68.98491161, -15.57525794 ], [ -68.98595802, -15.5743586 ], [ -68.98700443, -15.57330617 ], [ -68.98811005, -15.57219632 ], [ -68.98842598, -15.57129693 ], [ -68.98844579, -15.56995739 ], [ -68.98882094, -15.56903887 ], [ -68.98974881, -15.56886668 ], [ -68.99060443, -15.56857108 ], [ -68.99021663, -15.56644917 ], [ -68.98935483, -15.56501029 ], [ -68.98810997, -15.56408195 ], [ -68.98643418, -15.56319999 ], [ -68.98523718, -15.5628286 ], [ -68.98330522, -15.56134184 ], [ -68.98171643, -15.55980146 ], [ -68.97978711, -15.55903116 ], [ -68.97729042, -15.55749066 ], [ -68.97572747, -15.55631095 ], [ -68.9748023, -15.55493542 ], [ -68.97443232, -15.55367955 ], [ -68.97387727, -15.55254327 ], [ -68.97292124, -15.55149663 ], [ -68.97161683, -15.54989874 ], [ -68.96866637, -15.54824806 ], [ -68.96644475, -15.54701065 ], [ -68.96518033, -15.54605364 ], [ -68.96360761, -15.54447987 ], [ -68.96289219, -15.54376213 ], [ -68.96243464, -15.54289135 ], [ -68.9623644, -15.54244642 ], [ -68.96233859, -15.5418795 ], [ -68.96238674, -15.54167499 ], [ -68.9623276, -15.54126235 ], [ -68.96230582, -15.5408387 ], [ -68.95979422, -15.54292832 ], [ -68.94879684, -15.53925118 ], [ -68.9430736, -15.5354225 ], [ -68.93754646, -15.53656919 ], [ -68.93221752, -15.53503671 ], [ -68.9290589, -15.53637526 ], [ -68.92786987, -15.54992342 ], [ -68.93260322, -15.56293764 ], [ -68.93605544, -15.57098549 ], [ -68.93323985, -15.57830429 ], [ -68.93842105, -15.58246795 ], [ -68.94271222, -15.59308975 ], [ -68.94048928, -15.59911709 ], [ -68.93169462, -15.60514811 ], [ -68.92375052, -15.61314837 ], [ -68.92108375, -15.61592218 ], [ -68.91229619, -15.61708616 ], [ -68.91140505, -15.62301803 ], [ -68.91126763402697, -15.623272903415257 ], [ -68.911301229999935, -15.623810438999953 ], [ -68.914038311832456, -15.65118125802562 ], [ -68.92158507, -15.66062873 ], [ -68.92667945, -15.66532483 ], [ -68.92891104, -15.67323268 ], [ -68.93231724, -15.67617594 ], [ -68.93616668, -15.68328139 ], [ -68.93952453, -15.68366507 ], [ -68.94549014, -15.68878953 ], [ -68.95079767, -15.69357482 ], [ -68.9527269, -15.69960957 ], [ -68.95215797, -15.73803165 ], [ -68.94537212, -15.74249489 ], [ -68.93964479, -15.75556711 ], [ -68.93344569, -15.7573282 ], [ -68.92804324, -15.76057504 ], [ -68.91788711, -15.77255609 ], [ -68.90948351, -15.77544571 ], [ -68.90750409, -15.77584266 ], [ -68.890333425141378, -15.762919222884433 ], [ -68.883947398999908, -15.784025733999954 ], [ -68.840962807999915, -15.82310263599993 ], [ -68.790162835999922, -15.889533367999945 ], [ -68.75499362499994, -15.928610268999932 ], [ -68.704193652999948, -15.948148719999949 ], [ -68.667385442999944, -15.935232626999948 ], [ -68.651736699999901, -15.982178854999916 ], [ -68.67683982199992, -15.998948690999953 ], [ -68.669024441999909, -16.04584097299994 ], [ -68.6528481819999, -16.078121927999916 ], [ -68.614711581999927, -16.101427627999954 ], [ -68.572337581999932, -16.133208127999922 ], [ -68.532082281999919, -16.150157727999954 ], [ -68.500301781999951, -16.173463427999934 ], [ -68.472758681999949, -16.205243927999959 ], [ -68.436740781999902, -16.23914312799991 ], [ -68.398604181999929, -16.275161027999957 ], [ -68.373179781999909, -16.304822827999942 ], [ -68.326568381999948, -16.351434226999913 ], [ -68.309618781999916, -16.381096026999955 ], [ -68.275719581999908, -16.406520426999919 ], [ -68.260888681999916, -16.451013126999953 ], [ -68.265126081999938, -16.503980626999919 ], [ -68.273600881999926, -16.567541626999912 ], [ -68.260518132999948, -16.631601677999925 ], [ -68.276166874999944, -16.670723534999922 ], [ -68.303552174999936, -16.737230690999922 ], [ -68.327025288999948, -16.772440361999941 ], [ -68.345636681999906, -16.79636122699992 ], [ -68.332924481999953, -16.83449782699995 ], [ -68.314197078999939, -16.874898887999905 ], [ -68.29572780399991, -16.897630303999904 ], [ -68.270440047999898, -16.917255871999942 ], [ -68.258769981999933, -16.951026326999909 ], [ -68.235270836999916, -16.983686604999946 ], [ -68.235270836999916, -17.046209646999955 ], [ -68.207917005999946, -17.104824998999959 ], [ -68.180378081999947, -17.135353226999939 ], [ -68.145393963999936, -17.151717279999957 ], [ -68.123173181999903, -17.173489826999912 ], [ -68.093511381999917, -17.186202026999922 ], [ -68.065968281999915, -17.222219926999912 ], [ -68.036306481999929, -17.251881726999954 ], [ -68.002407281999922, -17.285780926999905 ], [ -67.989086358999941, -17.315840265999952 ], [ -67.942194076999954, -17.339286406999918 ], [ -67.912333606999937, -17.374916956999925 ], [ -67.877123935999919, -17.414038812999934 ], [ -67.869299564999949, -17.468809412999917 ], [ -67.884114388999933, -17.497467769999957 ], [ -67.902828381999939, -17.533668826999929 ], [ -67.934608881999907, -17.527312726999924 ], [ -67.962151981999909, -17.512481826999931 ], [ -67.990577320999932, -17.480545969999923 ], [ -68.017238181999915, -17.470107826999936 ], [ -68.044781281999917, -17.480701326999906 ], [ -68.091392681999935, -17.491294826999933 ], [ -68.098485891999928, -17.473726677999935 ], [ -68.127410581999925, -17.459514326999908 ], [ -68.150716281999905, -17.465870426999913 ], [ -68.186186604999932, -17.480545969999923 ], [ -68.210039881999933, -17.497650926999938 ], [ -68.237045018999936, -17.496194712999909 ], [ -68.276166874999944, -17.480545969999923 ], [ -68.324449681999909, -17.484938726999928 ], [ -68.35441058899994, -17.480545969999923 ], [ -68.393532445999938, -17.496194712999909 ], [ -68.421909881999909, -17.499769626999921 ], [ -68.449452981999912, -17.491294826999933 ], [ -68.48351271599995, -17.480545969999923 ], [ -68.538438381999924, -17.461633026999948 ], [ -68.549031881999952, -17.40442812699996 ], [ -68.578693681999937, -17.372647626999935 ], [ -68.58081238199992, -17.345104526999933 ], [ -68.606236781999939, -17.321798826999952 ], [ -68.620439214999919, -17.284936685999924 ], [ -68.663473256999907, -17.316234170999905 ], [ -68.693103481999913, -17.362054126999908 ], [ -68.729980413999954, -17.42577536999994 ], [ -68.839521612999931, -17.457072855999911 ], [ -68.894379981999919, -17.470107826999936 ], [ -68.934635281999931, -17.465870426999913 ], [ -68.996077581999941, -17.474345226999958 ], [ -69.015569968999898, -17.449248483999952 ], [ -69.040570281999919, -17.398072026999955 ], [ -69.053282481999929, -17.35357932699992 ], [ -69.053282481999929, -17.30696792699996 ], [ -69.080825581999932, -17.23281342699994 ], [ -69.114724781999939, -17.190439426999944 ], [ -69.154980081999952, -17.158658926999919 ], [ -69.203710181999952, -17.152302826999914 ], [ -69.239728081999942, -17.143828026999927 ], [ -69.286339481999903, -17.133234526999956 ], [ -69.347781781999913, -17.156540226999937 ], [ -69.384131735999915, -17.139994209999941 ], [ -69.406788535999908, -17.116712701999916 ], [ -69.413406322650332, -17.102531731176899 ], [ -69.40714722, -17.09998056 ] ] ] ] } },
{ "type": "Feature", "properties": { "OBJECTID": 4.0, "NOM_SRM": "LOS LÍPEZ", "COD_SRM": "SR-1", "SHAPE_LENG": 5.2836994760999998, "SHAPE_AREA": 1.2442576136000001, "dep": "POTOSI", "prov": "SUR LIPEZ", "mun": "SAN PABLO DE LIPEZ" }, "geometry": { "type": "MultiPolygon", "coordinates": [ [ [ [ -66.73928889, -22.23845833 ], [ -66.740810380256306, -22.244906582861724 ], [ -66.755923240999948, -22.304900465999935 ], [ -66.758006426999941, -22.313141225999914 ], [ -66.759689556999945, -22.320049164999944 ], [ -66.76085162399994, -22.32487772099995 ], [ -66.761493419999908, -22.330498157999955 ], [ -66.760989590999941, -22.336865718999945 ], [ -66.761815775999935, -22.345793336999918 ], [ -66.784376438999914, -22.401610164999909 ], [ -66.784830981999903, -22.40873132999991 ], [ -66.785364835999928, -22.41709056499991 ], [ -66.78524129099992, -22.424190250999914 ], [ -66.783241571999952, -22.432388302999925 ], [ -66.78257818599991, -22.43795915599992 ], [ -66.801782893999928, -22.447151646999941 ], [ -66.868830129999935, -22.470186647999924 ], [ -66.92614248364238, -22.491369204142334 ], [ -66.92856667, -22.49222778 ], [ -66.928618509308535, -22.49228433935054 ], [ -66.928708248999953, -22.492317506999939 ], [ -66.943086151999921, -22.499257212999908 ], [ -66.975785037999913, -22.539214301999948 ], [ -67.031493859999898, -22.533953574999941 ], [ -67.02022706799994, -22.652447016999929 ], [ -67.135127937999926, -22.71487151599996 ], [ -67.187151410999945, -22.81239852199991 ], [ -67.434214540999903, -22.861681703999921 ], [ -67.580537132631619, -22.89714423005821 ], [ -67.666395737697343, -22.890792812527618 ], [ -67.748802087999934, -22.879323740999951 ], [ -67.80285947099992, -22.873818305999919 ], [ -67.824417866403664, -22.849701130610629 ], [ -67.82439138, -22.84961246 ], [ -67.82423434, -22.84884151 ], [ -67.82416295, -22.84799918 ], [ -67.82423434, -22.84768509 ], [ -67.82430572, -22.84737101 ], [ -67.82455556, -22.84690701 ], [ -67.82480541, -22.84644302 ], [ -67.82544786, -22.84561496 ], [ -67.82678988, -22.84465842 ], [ -67.82796057, -22.84431578 ], [ -67.82941724, -22.84413113 ], [ -67.83137272, -22.84395886 ], [ -67.831489865999714, -22.843971191385162 ], [ -67.831682137999906, -22.843832984999949 ], [ -67.849256625999942, -22.842642370999954 ], [ -67.856661335183148, -22.84102501803088 ], [ -67.85679964, -22.84060382 ], [ -67.85695884, -22.84030532 ], [ -67.85744003, -22.83946172 ], [ -67.85819876, -22.83830526 ], [ -67.85902681, -22.8372345 ], [ -67.85976921, -22.83669199 ], [ -67.86129682, -22.83580683 ], [ -67.86360966, -22.83492167 ], [ -67.86678704, -22.83397117 ], [ -67.86886351, -22.83352254 ], [ -67.86947348, -22.8334391 ], [ -67.8706261, -22.83337296 ], [ -67.87128072, -22.83336257 ], [ -67.87295062, -22.83343133 ], [ -67.87481405, -22.83357054 ], [ -67.8757579, -22.83365208 ], [ -67.87731601, -22.83378668 ], [ -67.8788858, -22.83392229 ], [ -67.88060468, -22.83397959 ], [ -67.88188392, -22.83402223 ], [ -67.88224084, -22.83387946 ], [ -67.88292156, -22.83265249 ], [ -67.88339725, -22.83179505 ], [ -67.88346864, -22.83148097 ], [ -67.88354002, -22.83116688 ], [ -67.88357571, -22.83068147 ], [ -67.88361141, -22.83019606 ], [ -67.88365399, -22.83002854 ], [ -67.88382556, -22.82935373 ], [ -67.88382556, -22.82872555 ], [ -67.88331159, -22.82829725 ], [ -67.88259062, -22.82790464 ], [ -67.88235505, -22.82775473 ], [ -67.8822816, -22.82762532 ], [ -67.88220514, -22.82749061 ], [ -67.88205524, -22.82722649 ], [ -67.8819553, -22.82688385 ], [ -67.88185536, -22.8265412 ], [ -67.88166875, -22.82515178 ], [ -67.88143706, -22.82363034 ], [ -67.88105956, -22.82043052 ], [ -67.88094608, -22.81953725 ], [ -67.88081003, -22.81859401 ], [ -67.88067753, -22.81798942 ], [ -67.88047766, -22.81712568 ], [ -67.88038486, -22.81669024 ], [ -67.87967009, -22.81529343 ], [ -67.87925699, -22.814563 ], [ -67.87937834, -22.81360645 ], [ -67.87947114, -22.81306394 ], [ -67.88001878, -22.81131914 ], [ -67.88015285, -22.81090044 ], [ -67.88069895, -22.80919493 ], [ -67.88094879, -22.80866669 ], [ -67.88119863, -22.80813845 ], [ -67.88188959, -22.80746978 ], [ -67.88219087, -22.80711053 ], [ -67.88229794, -22.8069392 ], [ -67.88228367, -22.8065109 ], [ -67.88195165, -22.80609709 ], [ -67.88119863, -22.80536876 ], [ -67.88054935, -22.80461475 ], [ -67.87961391, -22.80346995 ], [ -67.87911528, -22.80274729 ], [ -67.87877388, -22.80225252 ], [ -67.87833, -22.80140949 ], [ -67.87811312, -22.80085359 ], [ -67.87795781, -22.80002925 ], [ -67.87785716, -22.79909828 ], [ -67.87785989, -22.79829391 ], [ -67.87788221, -22.79736372 ], [ -67.87787215, -22.79672418 ], [ -67.87780076, -22.79573194 ], [ -67.87771723, -22.79481265 ], [ -67.87764708, -22.79392465 ], [ -67.87758661, -22.79339055 ], [ -67.87727252, -22.79246256 ], [ -67.87697754, -22.79179318 ], [ -67.87669431, -22.79124904 ], [ -67.8764873, -22.79087784 ], [ -67.87596856, -22.79045133 ], [ -67.87570337, -22.79015065 ], [ -67.87543396, -22.78977179 ], [ -67.87534351, -22.78955802 ], [ -67.87510494, -22.788616 ], [ -67.87496632, -22.787663 ], [ -67.87492531, -22.7870144 ], [ -67.87494541, -22.78628072 ], [ -67.87504535, -22.78576676 ], [ -67.87535944, -22.78499581 ], [ -67.87564497, -22.78422487 ], [ -67.87593051, -22.78305418 ], [ -67.87590195, -22.78226895 ], [ -67.87580202, -22.78189776 ], [ -67.87561642, -22.78159081 ], [ -67.87543082, -22.78128386 ], [ -67.87528805, -22.78069851 ], [ -67.87508104, -22.78027734 ], [ -67.87487403, -22.77985618 ], [ -67.87457421, -22.77949212 ], [ -67.8739032, -22.77865693 ], [ -67.87376044, -22.77802875 ], [ -67.87377471, -22.77650114 ], [ -67.87374616, -22.77550177 ], [ -67.87337496, -22.77463088 ], [ -67.87338924, -22.77401698 ], [ -67.87340352, -22.77340308 ], [ -67.87404597, -22.77126157 ], [ -67.87393176, -22.77071905 ], [ -67.87346063, -22.7697054 ], [ -67.87313226, -22.76874886 ], [ -67.87297522, -22.76729263 ], [ -67.87306088, -22.76627898 ], [ -67.87310371, -22.76458004 ], [ -67.8734749, -22.76290966 ], [ -67.87370333, -22.76201022 ], [ -67.87380327, -22.76123928 ], [ -67.87393176, -22.76056827 ], [ -67.87432437, -22.75964742 ], [ -67.87528805, -22.75772719 ], [ -67.87595192, -22.75672068 ], [ -67.87661579, -22.75571417 ], [ -67.87705837, -22.75505744 ], [ -67.87705837, -22.75442926 ], [ -67.87580202, -22.75417228 ], [ -67.87514528, -22.75392957 ], [ -67.87420392, -22.75342216 ], [ -67.87301895, -22.7522943 ], [ -67.87161983, -22.75035266 ], [ -67.87092026, -22.74936756 ], [ -67.8702207, -22.74838246 ], [ -67.8693641, -22.74678347 ], [ -67.86892152, -22.74648365 ], [ -67.8687502, -22.74595541 ], [ -67.86849321, -22.74517019 ], [ -67.86808542, -22.74451529 ], [ -67.86773654, -22.74401377 ], [ -67.86723801, -22.74283584 ], [ -67.86706867, -22.74230183 ], [ -67.86697988, -22.74162955 ], [ -67.86699415, -22.74125836 ], [ -67.86746529, -22.7412298 ], [ -67.86792214, -22.74128691 ], [ -67.86847894, -22.74167239 ], [ -67.86873592, -22.7417866 ], [ -67.86914994, -22.74161528 ], [ -67.86933554, -22.74137257 ], [ -67.869978, -22.74054452 ], [ -67.87051156, -22.74009584 ], [ -67.87156845, -22.7394876 ], [ -67.872248, -22.73913112 ], [ -67.87274769, -22.73905974 ], [ -67.87417537, -22.7385315 ], [ -67.8750748, -22.73836017 ], [ -67.87538175, -22.73808178 ], [ -67.8756887, -22.73780338 ], [ -67.87604711, -22.73718144 ], [ -67.87633116, -22.73649706 ], [ -67.8764882, -22.73603306 ], [ -67.87665952, -22.73523356 ], [ -67.8768594, -22.73423419 ], [ -67.87710662, -22.73329238 ], [ -67.87741791, -22.7325146 ], [ -67.87795871, -22.73130745 ], [ -67.87840862, -22.73069394 ], [ -67.87915057, -22.72968218 ], [ -67.87937211, -22.72938009 ], [ -67.87981469, -22.72876619 ], [ -67.88025727, -22.72815229 ], [ -67.88058563, -22.72789531 ], [ -67.88131375, -22.72806663 ], [ -67.88228457, -22.72788103 ], [ -67.88281281, -22.72763832 ], [ -67.8835552, -22.72736707 ], [ -67.88415483, -22.72733851 ], [ -67.88502571, -22.7278382 ], [ -67.88526841, -22.72779537 ], [ -67.88549684, -22.72718147 ], [ -67.88555395, -22.72656757 ], [ -67.88561106, -22.72595367 ], [ -67.88558964, -22.72551109 ], [ -67.88556823, -22.7250685 ], [ -67.88539691, -22.72462593 ], [ -67.88509709, -22.72406913 ], [ -67.88502571, -22.72365511 ], [ -67.88521131, -22.72345523 ], [ -67.88592514, -22.72344095 ], [ -67.88682458, -22.72269856 ], [ -67.88727418, -22.72135122 ], [ -67.88735282, -22.72109956 ], [ -67.8877954, -22.72060702 ], [ -67.88823798, -22.72011447 ], [ -67.89023673, -22.71905799 ], [ -67.89035094, -22.71858685 ], [ -67.890251, -22.71840126 ], [ -67.88961569, -22.71825135 ], [ -67.88938012, -22.71821566 ], [ -67.88839503, -22.71755893 ], [ -67.88758125, -22.71691647 ], [ -67.88721005, -22.71658811 ], [ -67.88678175, -22.71598848 ], [ -67.88655206, -22.7153541 ], [ -67.88648194, -22.71516043 ], [ -67.88639628, -22.71354716 ], [ -67.88640625, -22.71198088 ], [ -67.88641055, -22.7113057 ], [ -67.88643903, -22.71101379 ], [ -67.8865194, -22.71019009 ], [ -67.88658188, -22.70911422 ], [ -67.88658188, -22.70867878 ], [ -67.88628206, -22.70800777 ], [ -67.8861393, -22.70753664 ], [ -67.88615357, -22.70715116 ], [ -67.88665326, -22.70643733 ], [ -67.88723861, -22.70586626 ], [ -67.88735282, -22.70538085 ], [ -67.88733855, -22.70480977 ], [ -67.88722433, -22.70448855 ], [ -67.88711012, -22.70416732 ], [ -67.88676034, -22.70389606 ], [ -67.88641056, -22.7036248 ], [ -67.88593054, -22.70301744 ], [ -67.88571099, -22.70273964 ], [ -67.88553253, -22.7023042 ], [ -67.88543035, -22.70205486 ], [ -67.885247, -22.70154753 ], [ -67.88507568, -22.70090508 ], [ -67.88501143, -22.70058385 ], [ -67.88494005, -22.70024121 ], [ -67.88452602, -22.6999985 ], [ -67.88364326, -22.69986119 ], [ -67.88324111, -22.69979863 ], [ -67.88240592, -22.69959875 ], [ -67.88157073, -22.69939888 ], [ -67.88020016, -22.69875643 ], [ -67.87970048, -22.69814253 ], [ -67.87838079, -22.69765751 ], [ -67.87642512, -22.69679194 ], [ -67.87543172, -22.69635793 ], [ -67.87442141, -22.69575999 ], [ -67.87344523, -22.69518656 ], [ -67.87262671, -22.69470812 ], [ -67.87142296, -22.69404108 ], [ -67.87066832, -22.69364735 ], [ -67.87036347, -22.6934883 ], [ -67.87004938, -22.69314566 ], [ -67.87013504, -22.69263169 ], [ -67.87096309, -22.69208918 ], [ -67.8713914, -22.69175367 ], [ -67.8718197, -22.69141817 ], [ -67.8720479, -22.69107587 ], [ -67.8721909, -22.69086137 ], [ -67.87216234, -22.69051873 ], [ -67.87169835, -22.69026889 ], [ -67.87123435, -22.69001904 ], [ -67.87073828, -22.68925109 ], [ -67.8703967, -22.68850645 ], [ -67.87002083, -22.68770621 ], [ -67.86981624, -22.68697993 ], [ -67.86973529, -22.68669256 ], [ -67.86930223, -22.68586451 ], [ -67.86906428, -22.68523633 ], [ -67.86899766, -22.68443683 ], [ -67.86893103, -22.68363733 ], [ -67.86862341, -22.68283576 ], [ -67.86857893, -22.68273704 ], [ -67.86808395, -22.68163858 ], [ -67.86784728, -22.6804192 ], [ -67.86777938, -22.67946851 ], [ -67.86796651, -22.67853284 ], [ -67.86803636, -22.67818361 ], [ -67.86841707, -22.67738411 ], [ -67.86881682, -22.67670358 ], [ -67.86938776, -22.67578448 ], [ -67.87011125, -22.67477622 ], [ -67.87064425, -22.67402431 ], [ -67.87117725, -22.6732724 ], [ -67.87170349, -22.67171121 ], [ -67.87205532, -22.67159357 ], [ -67.884378458766406, -22.667472590541784 ], [ -67.883855372249968, -22.665086378893687 ], [ -67.87749758, -22.66406904 ], [ -67.87619505, -22.66386057 ], [ -67.87623305, -22.66369991 ], [ -67.87620449, -22.66320022 ], [ -67.87610455, -22.66287185 ], [ -67.87562628, -22.66242928 ], [ -67.87543355, -22.66225795 ], [ -67.87510518, -22.66188676 ], [ -67.87501952, -22.66138707 ], [ -67.87504807, -22.66097304 ], [ -67.87507663, -22.66055902 ], [ -67.87526936, -22.66030204 ], [ -67.8754621, -22.66004505 ], [ -67.87559225, -22.65995828 ], [ -67.8758904, -22.65975952 ], [ -67.87631871, -22.65947398 ], [ -67.87643111, -22.65935374 ], [ -67.87693261, -22.65881725 ], [ -67.8769683, -22.6584532 ], [ -67.87700399, -22.65808914 ], [ -67.87692871, -22.6574116 ], [ -67.87683981, -22.65668288 ], [ -67.87677556, -22.65617605 ], [ -67.87657569, -22.65539083 ], [ -67.87647978, -22.65494615 ], [ -67.87641864, -22.65466271 ], [ -67.87619022, -22.65377755 ], [ -67.87609028, -22.65280673 ], [ -67.87603317, -22.65127912 ], [ -67.87603317, -22.65076516 ], [ -67.87629885, -22.64979987 ], [ -67.87678904, -22.64784263 ], [ -67.8767827, -22.64742439 ], [ -67.87677556, -22.64695326 ], [ -67.87653735, -22.64601997 ], [ -67.87624732, -22.64543992 ], [ -67.87591182, -22.64497593 ], [ -67.87557631, -22.64451193 ], [ -67.87516229, -22.64405508 ], [ -67.8750909, -22.64339834 ], [ -67.87525509, -22.64304856 ], [ -67.87541927, -22.64269878 ], [ -67.8754621, -22.64218482 ], [ -67.87520512, -22.6418279 ], [ -67.87490531, -22.64154237 ], [ -67.87460549, -22.64125683 ], [ -67.87456266, -22.64095702 ], [ -67.87451983, -22.64065721 ], [ -67.87456804, -22.64015588 ], [ -67.8746626, -22.63917242 ], [ -67.8750909, -22.63870129 ], [ -67.87559406, -22.63837783 ], [ -67.87641864, -22.63810167 ], [ -67.87699685, -22.63808739 ], [ -67.87757506, -22.63807311 ], [ -67.877950474296441, -22.638149465333921 ], [ -67.875014433850069, -22.624755860849262 ], [ -67.87477682, -22.62475289 ], [ -67.87379172, -22.62479572 ], [ -67.87305629, -22.6249255 ], [ -67.87243547, -22.62505745 ], [ -67.87167876, -22.62530968 ], [ -67.87110943, -22.62607653 ], [ -67.87053662, -22.62669453 ], [ -67.86898947, -22.62644328 ], [ -67.86886623, -22.62642327 ], [ -67.86773837, -22.62642327 ], [ -67.86643205, -22.62670881 ], [ -67.86600052, -22.62677988 ], [ -67.86469742, -22.62670881 ], [ -67.86388364, -22.6256666 ], [ -67.86214188, -22.62398194 ], [ -67.86148515, -22.62362502 ], [ -67.86009372, -22.62259521 ], [ -67.85934789, -22.6220436 ], [ -67.85901527, -22.6217976 ], [ -67.85852986, -22.62162628 ], [ -67.85780844, -22.62156262 ], [ -67.85755904, -22.62154062 ], [ -67.85713073, -22.62132647 ], [ -67.85693086, -22.62106948 ], [ -67.85697503, -22.62053938 ], [ -67.85698796, -22.6203842 ], [ -67.85707363, -22.62009866 ], [ -67.85715929, -22.61981313 ], [ -67.85743768, -22.61960611 ], [ -67.85771608, -22.6193991 ], [ -67.85805872, -22.61925633 ], [ -67.85840136, -22.61911357 ], [ -67.85874401, -22.61872809 ], [ -67.85877399, -22.61816839 ], [ -67.85878684, -22.6179286 ], [ -67.85870832, -22.61759309 ], [ -67.85862979, -22.61725759 ], [ -67.8585013, -22.61707913 ], [ -67.85837281, -22.61690067 ], [ -67.85807955, -22.61664865 ], [ -67.85776733, -22.61638033 ], [ -67.8574591, -22.61611545 ], [ -67.85645972, -22.61555865 ], [ -67.85569203, -22.6153445 ], [ -67.85507488, -22.6153445 ], [ -67.85466085, -22.61533022 ], [ -67.85456092, -22.61501613 ], [ -67.85470368, -22.61485909 ], [ -67.85513912, -22.61436654 ], [ -67.8554318, -22.61403104 ], [ -67.85581206, -22.61335118 ], [ -67.85620274, -22.61276041 ], [ -67.85664532, -22.61243918 ], [ -67.8570879, -22.61211795 ], [ -67.85777319, -22.61181814 ], [ -67.85791595, -22.61081877 ], [ -67.85803017, -22.61031908 ], [ -67.85894388, -22.60980512 ], [ -67.85991262, -22.60941076 ], [ -67.86071939, -22.60906943 ], [ -67.86162791, -22.60862728 ], [ -67.86257081, -22.60816841 ], [ -67.86309842, -22.60792058 ], [ -67.86324119, -22.60756366 ], [ -67.86307505, -22.60611186 ], [ -67.86305559, -22.60590756 ], [ -67.86314125, -22.60522941 ], [ -67.86320285, -22.60474178 ], [ -67.86322691, -22.60455127 ], [ -67.86322172, -22.60417712 ], [ -67.86318157, -22.60316087 ], [ -67.8631698, -22.60302365 ], [ -67.86288815, -22.60223736 ], [ -67.86272723, -22.60169591 ], [ -67.8625916, -22.60085358 ], [ -67.86255046, -22.60005048 ], [ -67.86254163, -22.59951157 ], [ -67.86172785, -22.59888339 ], [ -67.86142804, -22.59849792 ], [ -67.86112109, -22.59801251 ], [ -67.86076057, -22.59740807 ], [ -67.86039297, -22.59674901 ], [ -67.86022879, -22.596542 ], [ -67.85955778, -22.59624219 ], [ -67.85783354, -22.59619936 ], [ -67.85683092, -22.59619936 ], [ -67.85527475, -22.59581388 ], [ -67.85417544, -22.59542841 ], [ -67.85291909, -22.59505722 ], [ -67.8520482, -22.5947931 ], [ -67.85117732, -22.59452898 ], [ -67.85009229, -22.59441476 ], [ -67.84872172, -22.59434338 ], [ -67.84752247, -22.59418633 ], [ -67.84706561, -22.59392935 ], [ -67.84646599, -22.59338684 ], [ -67.8463375, -22.59300136 ], [ -67.84599485, -22.59301564 ], [ -67.84577357, -22.59315841 ], [ -67.84564136, -22.5932437 ], [ -67.84540088, -22.5933777 ], [ -67.84497646, -22.59359224 ], [ -67.84425309, -22.59395791 ], [ -67.84353925, -22.59394363 ], [ -67.84302529, -22.59368665 ], [ -67.84261126, -22.59331545 ], [ -67.84233981, -22.59289199 ], [ -67.84225434, -22.59275866 ], [ -67.84199658, -22.59197249 ], [ -67.84194303, -22.59172374 ], [ -67.84191665, -22.59155585 ], [ -67.84189028, -22.59138809 ], [ -67.8418796, -22.59132009 ], [ -67.8418785, -22.59131312 ], [ -67.84187741, -22.59130616 ], [ -67.84187632, -22.59129919 ], [ -67.84187522, -22.59129223 ], [ -67.84187505, -22.59129113 ], [ -67.84187395, -22.59128416 ], [ -67.84187286, -22.5912772 ], [ -67.84187269, -22.5912761 ], [ -67.84187159, -22.59126914 ], [ -67.84187033, -22.59126108 ], [ -67.84186923, -22.59125411 ], [ -67.84186814, -22.59124714 ], [ -67.84186704, -22.59124018 ], [ -67.84186595, -22.59123321 ], [ -67.84186577, -22.59123211 ], [ -67.84186468, -22.59122515 ], [ -67.84186359, -22.59121818 ], [ -67.84186249, -22.59121122 ], [ -67.8418614, -22.59120425 ], [ -67.84185903, -22.59118922 ], [ -67.84185794, -22.59118226 ], [ -67.84185667, -22.59117419 ], [ -67.84185558, -22.59116723 ], [ -67.84185448, -22.59116026 ], [ -67.84185339, -22.59115329 ], [ -67.84185229, -22.59114633 ], [ -67.84185212, -22.59114523 ], [ -67.84185103, -22.59113827 ], [ -67.84184993, -22.5911313 ], [ -67.84184884, -22.59112433 ], [ -67.84184774, -22.59111737 ], [ -67.84184648, -22.59110931 ], [ -67.84184538, -22.59110234 ], [ -67.84184429, -22.59109538 ], [ -67.84184319, -22.59108841 ], [ -67.84184193, -22.59108035 ], [ -67.84184083, -22.59107338 ], [ -67.84183864, -22.59105945 ], [ -67.84183645, -22.59104552 ], [ -67.84183536, -22.59103855 ], [ -67.84183409, -22.59103049 ], [ -67.841833, -22.59102352 ], [ -67.8418319, -22.59101656 ], [ -67.84182971, -22.59100262 ], [ -67.84182862, -22.59099566 ], [ -67.84182626, -22.59098063 ], [ -67.84182516, -22.59097366 ], [ -67.84182407, -22.5909667 ], [ -67.8418228, -22.59095864 ], [ -67.84181176, -22.5908884 ], [ -67.84177225, -22.59082419 ], [ -67.84176391, -22.59081065 ], [ -67.84175877, -22.59080228 ], [ -67.84175558, -22.59079711 ], [ -67.84175239, -22.59079193 ], [ -67.84174725, -22.59078356 ], [ -67.84174406, -22.59077839 ], [ -67.84174088, -22.59077321 ], [ -67.84173573, -22.59076484 ], [ -67.84169755, -22.5907028 ], [ -67.84166073, -22.59064297 ], [ -67.84165558, -22.59063461 ], [ -67.84164847, -22.59062306 ], [ -67.84164529, -22.59061788 ], [ -67.84164014, -22.59060952 ], [ -67.84163696, -22.59060434 ], [ -67.84162985, -22.59059279 ], [ -67.84162274, -22.59058124 ], [ -67.84158333, -22.59051721 ], [ -67.84150748, -22.5904765 ], [ -67.84150194, -22.59047353 ], [ -67.84149639, -22.59047055 ], [ -67.84148234, -22.59046301 ], [ -67.84147679, -22.59046004 ], [ -67.84146273, -22.59045249 ], [ -67.84145422, -22.59044792 ], [ -67.8414457, -22.59044335 ], [ -67.84144016, -22.59044038 ], [ -67.8414261, -22.59043283 ], [ -67.84142312, -22.59043124 ], [ -67.84141758, -22.59042826 ], [ -67.84141461, -22.59042667 ], [ -67.84140907, -22.59042369 ], [ -67.84139501, -22.59041615 ], [ -67.84138946, -22.59041318 ], [ -67.84138095, -22.59040861 ], [ -67.8413754, -22.59040563 ], [ -67.84136689, -22.59040106 ], [ -67.84136135, -22.59039809 ], [ -67.8413558, -22.59039512 ], [ -67.84135026, -22.59039214 ], [ -67.84129066, -22.59036016 ], [ -67.84122373, -22.59032424 ], [ -67.84121819, -22.59032127 ], [ -67.84121264, -22.5903183 ], [ -67.84120413, -22.59031373 ], [ -67.84119561, -22.59030916 ], [ -67.84119007, -22.59030618 ], [ -67.84117898, -22.59030024 ], [ -67.84117047, -22.59029566 ], [ -67.84116195, -22.5902911 ], [ -67.84115641, -22.59028812 ], [ -67.84115086, -22.59028515 ], [ -67.84114789, -22.59028355 ], [ -67.84114235, -22.59028058 ], [ -67.84113126, -22.59027463 ], [ -67.84112829, -22.59027303 ], [ -67.84112275, -22.59027006 ], [ -67.84111977, -22.59026846 ], [ -67.84110869, -22.59026252 ], [ -67.84110017, -22.59025795 ], [ -67.84109463, -22.59025497 ], [ -67.84108611, -22.5902504 ], [ -67.84108057, -22.59024743 ], [ -67.84105799, -22.59023531 ], [ -67.84104948, -22.59023074 ], [ -67.84099799, -22.59020312 ], [ -67.84092631, -22.59019269 ], [ -67.84091831, -22.59019153 ], [ -67.84090433, -22.59018949 ], [ -67.84089632, -22.59018833 ], [ -67.84088933, -22.59018731 ], [ -67.84088234, -22.5901863 ], [ -67.84087433, -22.59018513 ], [ -67.84085933, -22.59018295 ], [ -67.84085234, -22.59018193 ], [ -67.84084535, -22.59018091 ], [ -67.84083836, -22.5901799 ], [ -67.84082336, -22.59017772 ], [ -67.84080938, -22.59017568 ], [ -67.84080239, -22.59017467 ], [ -67.8407874, -22.59017248 ], [ -67.84077341, -22.59017045 ], [ -67.84075943, -22.59016842 ], [ -67.84075244, -22.5901674 ], [ -67.84075143, -22.59016725 ], [ -67.84074443, -22.59016624 ], [ -67.84073745, -22.59016522 ], [ -67.84073045, -22.5901642 ], [ -67.84072245, -22.59016304 ], [ -67.84071546, -22.59016202 ], [ -67.84070046, -22.59015984 ], [ -67.84069347, -22.59015882 ], [ -67.84067949, -22.59015679 ], [ -67.84060538, -22.59014601 ], [ -67.84056579, -22.59013895 ], [ -67.84052964, -22.59013499 ], [ -67.84052163, -22.59013383 ], [ -67.84050765, -22.59013179 ], [ -67.84048668, -22.59012874 ], [ -67.84047867, -22.59012758 ], [ -67.84047168, -22.59012656 ], [ -67.8404577, -22.59012453 ], [ -67.8404427, -22.59012235 ], [ -67.84043571, -22.59012133 ], [ -67.84042872, -22.59012031 ], [ -67.84042173, -22.5901193 ], [ -67.84041474, -22.59011828 ], [ -67.84039974, -22.5901161 ], [ -67.84038576, -22.59011406 ], [ -67.84037178, -22.59011203 ], [ -67.84035678, -22.59010985 ], [ -67.84035576, -22.5901097 ], [ -67.84034178, -22.59010767 ], [ -67.84033479, -22.59010665 ], [ -67.84031382, -22.5901036 ], [ -67.84030683, -22.59010258 ], [ -67.84029882, -22.59010142 ], [ -67.84028484, -22.59009939 ], [ -67.84021277, -22.5900889 ], [ -67.83890581, -22.5892301 ], [ -67.83836105, -22.58886562 ], [ -67.83740024, -22.58817581 ], [ -67.83721464, -22.58783317 ], [ -67.83724678, -22.58707006 ], [ -67.83727175, -22.58647688 ], [ -67.83723847, -22.58633958 ], [ -67.83715754, -22.58600575 ], [ -67.83652002, -22.58475306 ], [ -67.83612961, -22.58403555 ], [ -67.83579666, -22.5834721 ], [ -67.83575841, -22.58340738 ], [ -67.83525873, -22.5830219 ], [ -67.83460228, -22.58288644 ], [ -67.83435929, -22.5828363 ], [ -67.83358835, -22.58256505 ], [ -67.8325478, -22.5821191 ], [ -67.83228916, -22.58200825 ], [ -67.83170381, -22.58162278 ], [ -67.83173237, -22.58123731 ], [ -67.83207501, -22.58039498 ], [ -67.83254614, -22.57940988 ], [ -67.83330281, -22.57859611 ], [ -67.83413086, -22.57832485 ], [ -67.83507313, -22.57849617 ], [ -67.8359374, -22.57892254 ], [ -67.83715754, -22.57940988 ], [ -67.83799987, -22.57918145 ], [ -67.83909918, -22.57855327 ], [ -67.8396988, -22.57801076 ], [ -67.83984157, -22.57706849 ], [ -67.8398844, -22.57606912 ], [ -67.83967025, -22.57541239 ], [ -67.8396988, -22.57485559 ], [ -67.83991295, -22.57434163 ], [ -67.84058396, -22.57398471 ], [ -67.84149767, -22.57375628 ], [ -67.84225434, -22.57367062 ], [ -67.84283969, -22.57352785 ], [ -67.84333938, -22.57324232 ], [ -67.8436963, -22.57287112 ], [ -67.84405322, -22.57249993 ], [ -67.84456004, -22.57170043 ], [ -67.84483081, -22.57127329 ], [ -67.84536668, -22.57018709 ], [ -67.84543806, -22.56947325 ], [ -67.8451668, -22.5690735 ], [ -67.84476705, -22.56880224 ], [ -67.84427354, -22.5686409 ], [ -67.84402466, -22.56855954 ], [ -67.84376054, -22.56839536 ], [ -67.84349642, -22.56823117 ], [ -67.84310354, -22.56788451 ], [ -67.84301101, -22.56780287 ], [ -67.84291107, -22.56746023 ], [ -67.84298246, -22.56714614 ], [ -67.84314468, -22.56675072 ], [ -67.84321089, -22.56658934 ], [ -67.84385334, -22.56623243 ], [ -67.84433161, -22.56625384 ], [ -67.84480988, -22.56627526 ], [ -67.84518108, -22.56614677 ], [ -67.84530957, -22.56577557 ], [ -67.84522391, -22.5653901 ], [ -67.84502403, -22.56496179 ], [ -67.84472289, -22.56467715 ], [ -67.84398183, -22.5639767 ], [ -67.84358922, -22.56353412 ], [ -67.84319661, -22.56309154 ], [ -67.84303957, -22.56275603 ], [ -67.84288252, -22.56242053 ], [ -67.84281114, -22.56169242 ], [ -67.84288252, -22.56127839 ], [ -67.84349642, -22.56075015 ], [ -67.84379623, -22.56072159 ], [ -67.84418171, -22.56046461 ], [ -67.84448152, -22.56020049 ], [ -67.84488355, -22.55987265 ], [ -67.84588064, -22.55925109 ], [ -67.84709417, -22.55863719 ], [ -67.84863606, -22.55816605 ], [ -67.84973955, -22.55793237 ], [ -67.84991002, -22.5579028 ], [ -67.85074373, -22.55781628 ], [ -67.85136292, -22.55775203 ], [ -67.85206248, -22.55758071 ], [ -67.8524194, -22.55719523 ], [ -67.8524194, -22.55676693 ], [ -67.85037782, -22.55472535 ], [ -67.85014226, -22.55455403 ], [ -67.84990669, -22.55438271 ], [ -67.849694, -22.55432316 ], [ -67.84911785, -22.55416183 ], [ -67.84883593, -22.5540829 ], [ -67.84835052, -22.55372598 ], [ -67.84779373, -22.55315491 ], [ -67.84745109, -22.55252673 ], [ -67.84715127, -22.55208415 ], [ -67.84659759, -22.55175734 ], [ -67.84610907, -22.55151308 ], [ -67.84584524, -22.55129491 ], [ -67.84536668, -22.55089918 ], [ -67.84491095, -22.55002468 ], [ -67.84453149, -22.5493216 ], [ -67.84422454, -22.54875766 ], [ -67.84373455, -22.54806722 ], [ -67.84342504, -22.54758697 ], [ -67.84325372, -22.54730143 ], [ -67.84316806, -22.54668753 ], [ -67.84335365, -22.54594514 ], [ -67.84372485, -22.54540262 ], [ -67.84392467, -22.54520597 ], [ -67.84462429, -22.54451747 ], [ -67.8447971, -22.54442745 ], [ -67.84530957, -22.54416055 ], [ -67.84598016, -22.54396399 ], [ -67.84613762, -22.54391784 ], [ -67.84650882, -22.54363231 ], [ -67.8465231, -22.5430184 ], [ -67.84638033, -22.54253299 ], [ -67.84591595, -22.54224722 ], [ -67.84513111, -22.54174777 ], [ -67.84462429, -22.54141941 ], [ -67.84426023, -22.5410839 ], [ -67.84389617, -22.5407484 ], [ -67.84332479, -22.54018722 ], [ -67.84309667, -22.53996318 ], [ -67.84283729, -22.5395597 ], [ -67.8427112, -22.53936355 ], [ -67.84261475, -22.53894562 ], [ -67.84258271, -22.53880676 ], [ -67.84238283, -22.53856405 ], [ -67.84158322, -22.53852686 ], [ -67.84076242, -22.53845698 ], [ -67.84036981, -22.53840701 ], [ -67.83987012, -22.5381072 ], [ -67.83922767, -22.53767889 ], [ -67.83905635, -22.53743619 ], [ -67.83888503, -22.53719348 ], [ -67.83885647, -22.53666524 ], [ -67.83891101, -22.53639708 ], [ -67.83898805, -22.53601832 ], [ -67.83922767, -22.53519474 ], [ -67.84036981, -22.53418109 ], [ -67.84038409, -22.53345297 ], [ -67.84045547, -22.53295328 ], [ -67.84078384, -22.53265347 ], [ -67.84118359, -22.53266061 ], [ -67.84184032, -22.5326392 ], [ -67.8420973, -22.53261064 ], [ -67.84402466, -22.53119724 ], [ -67.84496199, -22.53059839 ], [ -67.84605196, -22.53029781 ], [ -67.84676518, -22.53031695 ], [ -67.84792153, -22.530348 ], [ -67.84835555, -22.53032846 ], [ -67.84937412, -22.53017568 ], [ -67.85099172, -22.52989806 ], [ -67.85258808, -22.52998857 ], [ -67.85376142, -22.5300551 ], [ -67.85452522, -22.53018359 ], [ -67.85545334, -22.53036543 ], [ -67.856029, -22.53055233 ], [ -67.85638834, -22.530669 ], [ -67.85707363, -22.53116869 ], [ -67.85767604, -22.53203755 ], [ -67.85817113, -22.53293192 ], [ -67.85838709, -22.53335303 ], [ -67.85903178, -22.53379414 ], [ -67.86074275, -22.53445234 ], [ -67.86202766, -22.53455228 ], [ -67.86342679, -22.53402404 ], [ -67.86393922, -22.53371248 ], [ -67.86478603, -22.53319762 ], [ -67.86521138, -22.53293901 ], [ -67.86614713, -22.5326408 ], [ -67.86651057, -22.53252498 ], [ -67.86752422, -22.53248215 ], [ -67.86771574, -22.53242439 ], [ -67.86851884, -22.53218219 ], [ -67.86932309, -22.53193963 ], [ -67.87025402, -22.53132687 ], [ -67.87051622, -22.53111363 ], [ -67.87090781, -22.5306119 ], [ -67.87096492, -22.52976956 ], [ -67.87156454, -22.52862742 ], [ -67.87166448, -22.52709981 ], [ -67.87222127, -22.52644308 ], [ -67.87228552, -22.52560075 ], [ -67.87229266, -22.52528666 ], [ -67.87249253, -22.52487263 ], [ -67.87280662, -22.52447289 ], [ -67.87308211, -22.52422244 ], [ -67.87375506, -22.52361067 ], [ -67.87493968, -22.52265291 ], [ -67.87555899, -22.52213491 ], [ -67.87601889, -22.52172461 ], [ -67.87647372, -22.52131883 ], [ -67.87674701, -22.52107501 ], [ -67.8768755, -22.52060388 ], [ -67.87694688, -22.52023269 ], [ -67.87692547, -22.51984007 ], [ -67.87690405, -22.51944746 ], [ -67.87683981, -22.51901916 ], [ -67.87672784, -22.51842042 ], [ -67.8764279, -22.51732489 ], [ -67.87637581, -22.51713463 ], [ -67.87624732, -22.51517871 ], [ -67.87641864, -22.51462192 ], [ -67.87726753, -22.5140178 ], [ -67.87847153, -22.51323994 ], [ -67.88009547, -22.51219078 ], [ -67.884383124079676, -22.509420692673444 ], [ -67.89228769567336, -22.495447630589585 ], [ -67.89207805, -22.44715233 ], [ -67.89160216, -22.44658126 ], [ -67.8908217, -22.44618151 ], [ -67.89000316, -22.44621958 ], [ -67.88913704, -22.44645753 ], [ -67.88827092, -22.44669547 ], [ -67.88724299, -22.44671451 ], [ -67.88610085, -22.44629572 ], [ -67.88566303, -22.44604826 ], [ -67.88478738, -22.44517262 ], [ -67.88434005, -22.44455396 ], [ -67.88389271, -22.4439353 ], [ -67.88349296, -22.44292641 ], [ -67.88353103, -22.44189848 ], [ -67.88387367, -22.44096573 ], [ -67.88457799, -22.43970938 ], [ -67.88541556, -22.43841495 ], [ -67.88653867, -22.43755834 ], [ -67.88785213, -22.43675884 ], [ -67.88884199, -22.43643524 ], [ -67.8903815, -22.43620716 ], [ -67.89089784, -22.43613067 ], [ -67.89266816, -22.43618777 ], [ -67.89405776, -22.43670174 ], [ -67.89512376, -22.43569285 ], [ -67.89689408, -22.43451263 ], [ -67.8973319, -22.43394156 ], [ -67.89738901, -22.43074357 ], [ -67.89704637, -22.43011539 ], [ -67.89701781, -22.429906 ], [ -67.89698926, -22.42969661 ], [ -67.89702733, -22.42923023 ], [ -67.8970654, -22.42876386 ], [ -67.89767454, -22.42817375 ], [ -67.89815996, -22.42801195 ], [ -67.89823439, -22.42798413 ], [ -67.89883237, -22.42776071 ], [ -67.89952101, -22.42743136 ], [ -67.90003497, -22.42680318 ], [ -67.89995883, -22.42568008 ], [ -67.89969233, -22.42518515 ], [ -67.89904511, -22.42467118 ], [ -67.89858838, -22.42440183 ], [ -67.89854561, -22.42437661 ], [ -67.89830272, -22.42423336 ], [ -67.89778052, -22.42383603 ], [ -67.89742708, -22.42356711 ], [ -67.89721769, -22.42331013 ], [ -67.8970083, -22.42305315 ], [ -67.89693215, -22.42253919 ], [ -67.89742708, -22.42196812 ], [ -67.89776972, -22.42145415 ], [ -67.89775909, -22.42117241 ], [ -67.89775069, -22.42094971 ], [ -67.89773165, -22.42044526 ], [ -67.89794105, -22.42006455 ], [ -67.89821706, -22.41986467 ], [ -67.89849308, -22.4196648 ], [ -67.89902146, -22.41962415 ], [ -67.89923547, -22.41960769 ], [ -67.89984461, -22.4199313 ], [ -67.9002634, -22.41989323 ], [ -67.90147255, -22.42025597 ], [ -67.90197661, -22.42040719 ], [ -67.90249057, -22.42031201 ], [ -67.902719, -22.42004551 ], [ -67.90302357, -22.41990274 ], [ -67.90332814, -22.41975997 ], [ -67.9037856, -22.41965991 ], [ -67.90393729, -22.41962673 ], [ -67.90429896, -22.41936023 ], [ -67.90437511, -22.41867494 ], [ -67.90437511, -22.41758086 ], [ -67.90435365, -22.41709648 ], [ -67.90430111, -22.41663413 ], [ -67.90429326, -22.41659696 ], [ -67.90423584, -22.41632493 ], [ -67.90414668, -22.41607657 ], [ -67.90367079, -22.41484877 ], [ -67.90360045, -22.412264 ], [ -67.90359464, -22.41205052 ], [ -67.90349947, -22.41144138 ], [ -67.90295695, -22.41137476 ], [ -67.9015959, -22.41119392 ], [ -67.90098676, -22.41079417 ], [ -67.90045376, -22.4102802 ], [ -67.90016822, -22.40978527 ], [ -67.90007304, -22.40944263 ], [ -67.89952101, -22.40875735 ], [ -67.89950197, -22.40807206 ], [ -67.89951474, -22.40744648 ], [ -67.89952101, -22.40713931 ], [ -67.90001594, -22.40651114 ], [ -67.90045102, -22.40630719 ], [ -67.90079592, -22.40611956 ], [ -67.90128077, -22.40584028 ], [ -67.90182433, -22.40561646 ], [ -67.9021289, -22.40570212 ], [ -67.90243347, -22.40578778 ], [ -67.90295117, -22.4059172 ], [ -67.90311875, -22.4059591 ], [ -67.90330106, -22.40592031 ], [ -67.90338672, -22.40579182 ], [ -67.90340576, -22.40555387 ], [ -67.90336769, -22.40537779 ], [ -67.90315829, -22.40526834 ], [ -67.90277611, -22.40523575 ], [ -67.90256672, -22.40502635 ], [ -67.90255329, -22.40354674 ], [ -67.90256052, -22.4030128 ], [ -67.90250961, -22.40226618 ], [ -67.90287129, -22.40167607 ], [ -67.90350145, -22.40125028 ], [ -67.90454643, -22.40061007 ], [ -67.90522415, -22.40053556 ], [ -67.90567501, -22.40046194 ], [ -67.90605025, -22.40040068 ], [ -67.90713528, -22.39994382 ], [ -67.90801092, -22.39929661 ], [ -67.90892464, -22.3983829 ], [ -67.90926728, -22.39769761 ], [ -67.90966703, -22.39750726 ], [ -67.91040942, -22.39786893 ], [ -67.91076519, -22.39811483 ], [ -67.91170385, -22.39876361 ], [ -67.91194179, -22.39880168 ], [ -67.91217974, -22.39883975 ], [ -67.91275081, -22.39853518 ], [ -67.91332188, -22.39823061 ], [ -67.91385532, -22.39800918 ], [ -67.91471447, -22.39765256 ], [ -67.91533966, -22.39739304 ], [ -67.91592977, -22.39707895 ], [ -67.91651988, -22.39676486 ], [ -67.91731783, -22.39637798 ], [ -67.917635581784907, -22.396223914747569 ], [ -67.932565492884095, -22.370174010693784 ], [ -67.93241468, -22.36940106 ], [ -67.93230998, -22.36841121 ], [ -67.9322658, -22.36672661 ], [ -67.93229094, -22.36583187 ], [ -67.9323195, -22.36516562 ], [ -67.93247178, -22.36457552 ], [ -67.93318765, -22.36381346 ], [ -67.933652, -22.36331916 ], [ -67.93466089, -22.36238641 ], [ -67.93537473, -22.36196763 ], [ -67.93642593, -22.36137354 ], [ -67.93741291, -22.3608607 ], [ -67.93750072, -22.36081507 ], [ -67.938095665613147, -22.360524893024184 ], [ -67.939281367999911, -22.358456063999938 ], [ -67.939643080429391, -22.357742451914383 ], [ -67.93951951, -22.35762615 ], [ -67.93908923, -22.35721099 ], [ -67.93881067, -22.35694221 ], [ -67.93852513, -22.35665667 ], [ -67.93812538, -22.35566682 ], [ -67.93771874, -22.35516202 ], [ -67.93690475, -22.35424329 ], [ -67.93612663, -22.3533635 ], [ -67.93580303, -22.35264014 ], [ -67.93516905, -22.35166464 ], [ -67.93429921, -22.35026068 ], [ -67.93355682, -22.34889011 ], [ -67.93308093, -22.3477099 ], [ -67.932053, -22.34567308 ], [ -67.93160566, -22.34528285 ], [ -67.93115832, -22.34489262 ], [ -67.93087169, -22.34412324 ], [ -67.93078334, -22.34373996 ], [ -67.93076809, -22.34353156 ], [ -67.93073954, -22.34314133 ], [ -67.93087279, -22.34265592 ], [ -67.93100604, -22.34217051 ], [ -67.93163421, -22.34148523 ], [ -67.93266214, -22.34095223 ], [ -67.93349971, -22.34036212 ], [ -67.93420186, -22.33954046 ], [ -67.93436544, -22.33934903 ], [ -67.93466089, -22.33914384 ], [ -67.93492739, -22.33897252 ], [ -67.93553653, -22.33883927 ], [ -67.93592676, -22.33866795 ], [ -67.93651734, -22.33836425 ], [ -67.93725774, -22.33787506 ], [ -67.93846134, -22.33730105 ], [ -67.9390962, -22.33701184 ], [ -67.93985763, -22.33686907 ], [ -67.94061906, -22.3367263 ], [ -67.94139952, -22.33651691 ], [ -67.94160891, -22.33596488 ], [ -67.94158036, -22.33561272 ], [ -67.94155181, -22.33526056 ], [ -67.94152325, -22.33483225 ], [ -67.9414947, -22.33440395 ], [ -67.94151374, -22.33392806 ], [ -67.94157084, -22.33344265 ], [ -67.94162795, -22.33295724 ], [ -67.94157084, -22.33251942 ], [ -67.94151374, -22.3320816 ], [ -67.94135193, -22.33169137 ], [ -67.94119013, -22.33130113 ], [ -67.94071424, -22.33067296 ], [ -67.94035256, -22.33033031 ], [ -67.94015505, -22.3301432 ], [ -67.93999088, -22.32998767 ], [ -67.93987667, -22.32972117 ], [ -67.94009558, -22.32946419 ], [ -67.94031449, -22.32920721 ], [ -67.94073327, -22.32906444 ], [ -67.94115206, -22.32892167 ], [ -67.9417612, -22.32878842 ], [ -67.94237034, -22.32865517 ], [ -67.94271298, -22.32840771 ], [ -67.94278913, -22.32795085 ], [ -67.9425607, -22.32770339 ], [ -67.94233303, -22.32762143 ], [ -67.94160891, -22.32736075 ], [ -67.94094266, -22.326961 ], [ -67.94074279, -22.32665643 ], [ -67.94054291, -22.32635186 ], [ -67.94046677, -22.32601873 ], [ -67.94039063, -22.32568561 ], [ -67.94046677, -22.32511454 ], [ -67.94056195, -22.32442925 ], [ -67.94050484, -22.32404854 ], [ -67.94023834, -22.32373445 ], [ -67.93997184, -22.32342036 ], [ -67.9393627, -22.32321097 ], [ -67.93901054, -22.32295398 ], [ -67.93865838, -22.322697 ], [ -67.93845851, -22.3224305 ], [ -67.93825863, -22.322164 ], [ -67.93820153, -22.32186895 ], [ -67.93814442, -22.3215739 ], [ -67.93841337, -22.32097937 ], [ -67.9385061, -22.3207744 ], [ -67.93876317, -22.32039776 ], [ -67.93916216, -22.31981318 ], [ -67.93942814, -22.31938833 ], [ -67.9396145, -22.31905196 ], [ -67.93987971, -22.3185733 ], [ -67.94010509, -22.31816651 ], [ -67.94009018, -22.31748033 ], [ -67.94008606, -22.31729087 ], [ -67.93974342, -22.31658655 ], [ -67.93964824, -22.31612969 ], [ -67.93955306, -22.31567283 ], [ -67.93948643, -22.31510176 ], [ -67.93941981, -22.31453069 ], [ -67.93940077, -22.31375023 ], [ -67.93927704, -22.31326482 ], [ -67.9392248, -22.31305989 ], [ -67.93915331, -22.31277941 ], [ -67.93922945, -22.31237966 ], [ -67.93957209, -22.31205605 ], [ -67.93991474, -22.31173245 ], [ -67.94004799, -22.31131366 ], [ -67.93995281, -22.31110427 ], [ -67.93941981, -22.31104716 ], [ -67.93911524, -22.31114234 ], [ -67.93881067, -22.31123752 ], [ -67.93873499, -22.31122049 ], [ -67.93804924, -22.3110662 ], [ -67.93754479, -22.31078066 ], [ -67.93665012, -22.31019056 ], [ -67.93625989, -22.30988598 ], [ -67.93594988, -22.30944312 ], [ -67.9356793, -22.30890565 ], [ -67.93546114, -22.30836067 ], [ -67.93528906, -22.30773495 ], [ -67.93495594, -22.3072781 ], [ -67.93462282, -22.30682124 ], [ -67.93428969, -22.30655474 ], [ -67.93395657, -22.30628824 ], [ -67.93303989, -22.30576796 ], [ -67.93254793, -22.30548874 ], [ -67.93222432, -22.30516513 ], [ -67.93213866, -22.30474635 ], [ -67.932053, -22.30432756 ], [ -67.932053, -22.30385167 ], [ -67.932053, -22.30337578 ], [ -67.93242322, -22.3028513 ], [ -67.93294375, -22.30209872 ], [ -67.93309996, -22.30187196 ], [ -67.93361392, -22.30012068 ], [ -67.93380428, -22.2994925 ], [ -67.93398942, -22.2985205 ], [ -67.93403271, -22.29829325 ], [ -67.93442294, -22.29777929 ], [ -67.93481317, -22.29726532 ], [ -67.9354202, -22.2966583 ], [ -67.93607905, -22.29593283 ], [ -67.93646928, -22.29547597 ], [ -67.93687344, -22.29520218 ], [ -67.93739747, -22.2948472 ], [ -67.93764949, -22.29467647 ], [ -67.93822056, -22.29397215 ], [ -67.93827945, -22.29386987 ], [ -67.93858224, -22.29334397 ], [ -67.93839188, -22.29305844 ], [ -67.93812538, -22.29301085 ], [ -67.93785888, -22.29296326 ], [ -67.93764949, -22.29271579 ], [ -67.93715885, -22.29226997 ], [ -67.93696316, -22.29209215 ], [ -67.93349435, -22.28934404 ], [ -67.93306189, -22.28900383 ], [ -67.9326431, -22.28850891 ], [ -67.9326431, -22.28774748 ], [ -67.93281443, -22.28721448 ], [ -67.93309042, -22.28649945 ], [ -67.93310254, -22.28647836 ], [ -67.93342357, -22.28592005 ], [ -67.93364248, -22.28567259 ], [ -67.93386139, -22.28542513 ], [ -67.93392801, -22.28496827 ], [ -67.93398489, -22.28457826 ], [ -67.93388042, -22.28420684 ], [ -67.93376621, -22.28390227 ], [ -67.93300478, -22.28302663 ], [ -67.93230046, -22.28201774 ], [ -67.932282344709336, -22.281697660897517 ], [ -67.931979665999904, -22.28126792899991 ], [ -67.931371101041904, -22.273062631300242 ], [ -67.93106314, -22.27358493 ], [ -67.93087279, -22.27385143 ], [ -67.93033979, -22.27407986 ], [ -67.93012088, -22.27404178 ], [ -67.92990197, -22.27400371 ], [ -67.92914054, -22.27360396 ], [ -67.92776153, -22.27290976 ], [ -67.92697047, -22.27257604 ], [ -67.92597952, -22.27254555 ], [ -67.92545713, -22.27261411 ], [ -67.925267, -22.27269145 ], [ -67.92489558, -22.27284254 ], [ -67.92461004, -22.27299482 ], [ -67.92430547, -22.27343264 ], [ -67.92441969, -22.27385143 ], [ -67.92468619, -22.27417503 ], [ -67.92459101, -22.27465093 ], [ -67.92384862, -22.27497453 ], [ -67.92321092, -22.27508875 ], [ -67.92196408, -22.27524103 ], [ -67.92135494, -22.27527911 ], [ -67.92076483, -22.27516489 ], [ -67.92045075, -22.27484128 ], [ -67.91987031, -22.27432397 ], [ -67.91927949, -22.27389428 ], [ -67.91865187, -22.27350879 ], [ -67.91821405, -22.27326132 ], [ -67.91773816, -22.27323277 ], [ -67.91726227, -22.27320421 ], [ -67.91646277, -22.27324229 ], [ -67.91604399, -22.27314711 ], [ -67.915787, -22.27278543 ], [ -67.91553002, -22.27242375 ], [ -67.91547291, -22.27189075 ], [ -67.91556809, -22.27150052 ], [ -67.91566327, -22.27111029 ], [ -67.91594881, -22.27038693 ], [ -67.91600591, -22.26993008 ], [ -67.91616772, -22.26968261 ], [ -67.91632952, -22.26943515 ], [ -67.91643422, -22.26907347 ], [ -67.91653891, -22.26871179 ], [ -67.91680541, -22.26836915 ], [ -67.91707191, -22.26802651 ], [ -67.91743359, -22.26788374 ], [ -67.91779527, -22.26774097 ], [ -67.91846152, -22.26779808 ], [ -67.91912777, -22.26802651 ], [ -67.91963221, -22.2680741 ], [ -67.92048882, -22.26809313 ], [ -67.92084098, -22.26806458 ], [ -67.92167855, -22.26762676 ], [ -67.9221983, -22.26713758 ], [ -67.9226684, -22.26662738 ], [ -67.92301105, -22.26623715 ], [ -67.92318237, -22.26581837 ], [ -67.92322044, -22.2650379 ], [ -67.92337747, -22.26409574 ], [ -67.92349646, -22.26342939 ], [ -67.92358212, -22.26296301 ], [ -67.92387304, -22.26248507 ], [ -67.92438162, -22.26164955 ], [ -67.92461004, -22.26102137 ], [ -67.9244768, -22.25913684 ], [ -67.9240009, -22.2582612 ], [ -67.92306918, -22.25659872 ], [ -67.92303008, -22.25652895 ], [ -67.92292236, -22.25552352 ], [ -67.92291587, -22.25546295 ], [ -67.9231443, -22.25475863 ], [ -67.9233061, -22.25429226 ], [ -67.92331166, -22.2534447 ], [ -67.9231213, -22.25272135 ], [ -67.92319745, -22.25226449 ], [ -67.9235972, -22.25193137 ], [ -67.92399695, -22.25159824 ], [ -67.92426345, -22.25108428 ], [ -67.92443477, -22.25030382 ], [ -67.9243967, -22.24946625 ], [ -67.92435399, -22.24832746 ], [ -67.92433959, -22.24739136 ], [ -67.92409213, -22.24657282 ], [ -67.92367334, -22.24592561 ], [ -67.92325455, -22.24527839 ], [ -67.92298805, -22.24470732 ], [ -67.92277866, -22.24392686 ], [ -67.92243602, -22.2431464 ], [ -67.92218423, -22.24265823 ], [ -67.92196965, -22.2422422 ], [ -67.92178881, -22.24192811 ], [ -67.92123677, -22.24124283 ], [ -67.92117967, -22.24084308 ], [ -67.92142713, -22.24036719 ], [ -67.92209338, -22.23996744 ], [ -67.92255023, -22.23949155 ], [ -67.92310227, -22.23928215 ], [ -67.92319419, -22.23924113 ], [ -67.92425393, -22.23876819 ], [ -67.92536752, -22.23804483 ], [ -67.92574823, -22.23764508 ], [ -67.92630026, -22.23627451 ], [ -67.92670001, -22.23501816 ], [ -67.92721398, -22.23281002 ], [ -67.92732819, -22.23233413 ], [ -67.92769939, -22.23187727 ], [ -67.92873683, -22.23046863 ], [ -67.92902237, -22.22947877 ], [ -67.92911755, -22.2288506 ], [ -67.92921273, -22.22822242 ], [ -67.92900333, -22.22755617 ], [ -67.92873683, -22.22685185 ], [ -67.92881298, -22.22610946 ], [ -67.9295744, -22.22572874 ], [ -67.9301074, -22.22515767 ], [ -67.93035487, -22.22471985 ], [ -67.93060233, -22.22428203 ], [ -67.93105919, -22.22359675 ], [ -67.93178254, -22.22304471 ], [ -67.93279143, -22.22274014 ], [ -67.93296276, -22.2223975 ], [ -67.93281047, -22.221598 ], [ -67.93256301, -22.22085561 ], [ -67.93258316, -22.21984083 ], [ -67.93252676, -22.21838379 ], [ -67.93255349, -22.2169057 ], [ -67.93262011, -22.21645836 ], [ -67.93364804, -22.21562079 ], [ -67.93505668, -22.21464997 ], [ -67.93547547, -22.21404083 ], [ -67.93547547, -22.21337458 ], [ -67.93505668, -22.21249894 ], [ -67.93452368, -22.21181365 ], [ -67.93400972, -22.21107126 ], [ -67.93370515, -22.21019562 ], [ -67.93318693, -22.20899203 ], [ -67.93311504, -22.20882505 ], [ -67.93282951, -22.20798748 ], [ -67.93269625, -22.20705473 ], [ -67.93291517, -22.20654077 ], [ -67.93313408, -22.20602681 ], [ -67.93376225, -22.20534152 ], [ -67.93397165, -22.2049037 ], [ -67.9338384, -22.20438974 ], [ -67.93290565, -22.20400902 ], [ -67.93233458, -22.20360927 ], [ -67.93206808, -22.20317145 ], [ -67.93206808, -22.20246713 ], [ -67.93244879, -22.20183896 ], [ -67.93296276, -22.20151535 ], [ -67.93347672, -22.20119174 ], [ -67.93415249, -22.20120126 ], [ -67.93482825, -22.20121078 ], [ -67.9360275, -22.20130595 ], [ -67.93617979, -22.20105849 ], [ -67.93591329, -22.20044935 ], [ -67.9354945, -22.19995442 ], [ -67.93541836, -22.19955467 ], [ -67.93590377, -22.19931673 ], [ -67.93638918, -22.19907878 ], [ -67.93703639, -22.19843157 ], [ -67.93734096, -22.19797471 ], [ -67.93774071, -22.1976511 ], [ -67.93797305, -22.19757962 ], [ -67.93848311, -22.19742267 ], [ -67.9392255, -22.19719425 ], [ -67.94006307, -22.19687064 ], [ -67.94044378, -22.19641378 ], [ -67.94050089, -22.19508129 ], [ -67.94071028, -22.19431986 ], [ -67.94120521, -22.19323482 ], [ -67.94120521, -22.1919975 ], [ -67.94122424, -22.19068404 ], [ -67.94116797, -22.19053055 ], [ -67.94101485, -22.19011297 ], [ -67.94065317, -22.18977033 ], [ -67.93960621, -22.18935154 ], [ -67.9392826, -22.18889469 ], [ -67.93930164, -22.18841879 ], [ -67.93964428, -22.18798097 ], [ -67.94011066, -22.18755267 ], [ -67.94107196, -22.18668655 ], [ -67.94134721, -22.18644306 ], [ -67.94156689, -22.18624873 ], [ -67.94220458, -22.18589657 ], [ -67.94284228, -22.18554441 ], [ -67.94355162, -22.18527065 ], [ -67.94355243, -22.18527033 ], [ -67.94402249, -22.18508755 ], [ -67.9448776, -22.18456345 ], [ -67.9458404, -22.18385023 ], [ -67.94603932, -22.18367939 ], [ -67.94872571, -22.18137215 ], [ -67.94910502, -22.18101391 ], [ -67.94928742, -22.18065953 ], [ -67.94977127, -22.17971948 ], [ -67.95030427, -22.17878674 ], [ -67.95030427, -22.17773977 ], [ -67.94980934, -22.17694027 ], [ -67.94963802, -22.17655956 ], [ -67.94994259, -22.17621692 ], [ -67.95037089, -22.17625499 ], [ -67.9507992, -22.17629306 ], [ -67.95221735, -22.17680703 ], [ -67.95277891, -22.17699738 ], [ -67.95435887, -22.17713063 ], [ -67.95510126, -22.17713063 ], [ -67.95526782, -22.177022 ], [ -67.95553908, -22.1768451 ], [ -67.95534336, -22.17624944 ], [ -67.95510126, -22.1755126 ], [ -67.95500608, -22.17433239 ], [ -67.95506319, -22.17376131 ], [ -67.9551203, -22.17319024 ], [ -67.95532017, -22.17263821 ], [ -67.95565374, -22.17176345 ], [ -67.95582161, -22.17135825 ], [ -67.95607208, -22.17075368 ], [ -67.95647183, -22.16949732 ], [ -67.95673833, -22.16860264 ], [ -67.95690965, -22.16808868 ], [ -67.95708097, -22.16757472 ], [ -67.95733795, -22.16697509 ], [ -67.95759494, -22.16637547 ], [ -67.95769011, -22.16555693 ], [ -67.9575759, -22.16496683 ], [ -67.95769012, -22.16409119 ], [ -67.95772819, -22.16270158 ], [ -67.95759494, -22.1618069 ], [ -67.95729037, -22.16131198 ], [ -67.95696676, -22.16072187 ], [ -67.95689429, -22.16038668 ], [ -67.95681447, -22.16001755 ], [ -67.95683351, -22.15933226 ], [ -67.95687158, -22.15799976 ], [ -67.95689062, -22.15735255 ], [ -67.95710001, -22.156791 ], [ -67.9572976, -22.1562611 ], [ -67.9573094, -22.15622945 ], [ -67.95742361, -22.15550609 ], [ -67.95739312, -22.15528393 ], [ -67.95735699, -22.15502068 ], [ -67.95729037, -22.15453527 ], [ -67.95725229, -22.15371673 ], [ -67.95729037, -22.15259363 ], [ -67.95734747, -22.15160377 ], [ -67.95723326, -22.15126113 ], [ -67.95656701, -22.1510327 ], [ -67.95607208, -22.15102319 ], [ -67.95557715, -22.15101367 ], [ -67.95504415, -22.15091849 ], [ -67.95449212, -22.15061392 ], [ -67.95422562, -22.15019513 ], [ -67.95398767, -22.14967165 ], [ -67.95374973, -22.14914817 ], [ -67.95338805, -22.14869131 ], [ -67.95258338, -22.14847889 ], [ -67.95207459, -22.1484153 ], [ -67.95123702, -22.1483106 ], [ -67.94984924, -22.14817913 ], [ -67.94942863, -22.14813928 ], [ -67.94910502, -22.14783471 ], [ -67.94885755, -22.14705424 ], [ -67.94886707, -22.14673064 ], [ -67.94891466, -22.14573126 ], [ -67.9489569, -22.14475966 ], [ -67.94897177, -22.14370396 ], [ -67.94885756, -22.14333277 ], [ -67.94843185, -22.14185579 ], [ -67.94815324, -22.14101993 ], [ -67.94778935, -22.14004646 ], [ -67.94742988, -22.13915443 ], [ -67.94732518, -22.13863095 ], [ -67.94722049, -22.13810747 ], [ -67.94648761, -22.13678449 ], [ -67.94589583, -22.13591124 ], [ -67.94519802, -22.1350298 ], [ -67.94460515, -22.13441275 ], [ -67.94375599, -22.13361505 ], [ -67.94336576, -22.13292976 ], [ -67.94270903, -22.13187328 ], [ -67.94244253, -22.13150209 ], [ -67.94166751, -22.13082943 ], [ -67.94143364, -22.13062645 ], [ -67.94127183, -22.13016007 ], [ -67.94111003, -22.1296937 ], [ -67.94112907, -22.12904648 ], [ -67.94135749, -22.1286277 ], [ -67.94158592, -22.12820891 ], [ -67.94187146, -22.12730472 ], [ -67.94220275, -22.12603449 ], [ -67.94232831, -22.12502995 ], [ -67.94227121, -22.12449695 ], [ -67.94207133, -22.12338337 ], [ -67.94171917, -22.12230785 ], [ -67.94127183, -22.12117523 ], [ -67.94103389, -22.12053753 ], [ -67.9408816, -22.11989032 ], [ -67.94111003, -22.119186 ], [ -67.94118617, -22.11863396 ], [ -67.94115386, -22.1183662 ], [ -67.94105292, -22.11752989 ], [ -67.94093871, -22.11627354 ], [ -67.94078642, -22.11520754 ], [ -67.94048185, -22.11425575 ], [ -67.94033908, -22.11349433 ], [ -67.94019632, -22.1127329 ], [ -67.94013921, -22.11191436 ], [ -67.94017728, -22.11069608 ], [ -67.940025, -22.11012501 ], [ -67.93970139, -22.10913515 ], [ -67.93946344, -22.10865926 ], [ -67.93932629, -22.10838495 ], [ -67.9392255, -22.10818337 ], [ -67.93933971, -22.10749808 ], [ -67.94000596, -22.10664148 ], [ -67.94059607, -22.10598475 ], [ -67.94118617, -22.10532802 ], [ -67.94213555, -22.10377095 ], [ -67.9428518, -22.102387 ], [ -67.94314685, -22.10190159 ], [ -67.94353708, -22.10159702 ], [ -67.94392731, -22.10129245 ], [ -67.94425092, -22.10093077 ], [ -67.94457453, -22.10056909 ], [ -67.94478392, -22.09915094 ], [ -67.94482199, -22.09874167 ], [ -67.94562149, -22.09773278 ], [ -67.94636388, -22.09729496 ], [ -67.94710627, -22.09685713 ], [ -67.94740775, -22.09654508 ], [ -67.94782838, -22.09610969 ], [ -67.94788508, -22.096051 ], [ -67.94819131, -22.09573403 ], [ -67.94825172, -22.0955226 ], [ -67.94845781, -22.09480128 ], [ -67.94850539, -22.09424925 ], [ -67.94855298, -22.09369721 ], [ -67.94849588, -22.09266928 ], [ -67.94827697, -22.0921458 ], [ -67.94805806, -22.09162232 ], [ -67.94787972, -22.09081981 ], [ -67.94782963, -22.09059439 ], [ -67.9478677, -22.08996622 ], [ -67.94790577, -22.08933804 ], [ -67.94825109, -22.08833348 ], [ -67.94832456, -22.08811975 ], [ -67.94876238, -22.0876629 ], [ -67.94944766, -22.08768193 ], [ -67.95013295, -22.08770097 ], [ -67.95119895, -22.08751061 ], [ -67.95186519, -22.08724411 ], [ -67.95253144, -22.08697761 ], [ -67.95324528, -22.08657786 ], [ -67.95377139, -22.08628324 ], [ -67.95395912, -22.08617811 ], [ -67.95545479, -22.08560976 ], [ -67.95572865, -22.08550746 ], [ -67.95734747, -22.08490272 ], [ -67.95814055, -22.08420726 ], [ -67.95919403, -22.08330322 ], [ -67.96021811, -22.08260663 ], [ -67.96105943, -22.08235194 ], [ -67.9618639, -22.08208866 ], [ -67.96210639, -22.0820093 ], [ -67.96277264, -22.08143823 ], [ -67.9637625, -22.0792872 ], [ -67.96427646, -22.07806891 ], [ -67.96430527, -22.07762232 ], [ -67.96431453, -22.0774788 ], [ -67.96416225, -22.07694581 ], [ -67.96400996, -22.07641281 ], [ -67.96399093, -22.0759274 ], [ -67.96397189, -22.07544199 ], [ -67.96393382, -22.07508031 ], [ -67.96389575, -22.07471863 ], [ -67.964029, -22.07429984 ], [ -67.96444778, -22.07424274 ], [ -67.96511403, -22.07418563 ], [ -67.96538053, -22.07397624 ], [ -67.96554928, -22.07384365 ], [ -67.96564703, -22.07376685 ], [ -67.96579932, -22.07343372 ], [ -67.9659516, -22.0731006 ], [ -67.96597064, -22.07263422 ], [ -67.96597392, -22.07255374 ], [ -67.96598967, -22.07216785 ], [ -67.96634573, -22.07142433 ], [ -67.96663689, -22.07081631 ], [ -67.96664641, -22.07028331 ], [ -67.96665592, -22.06975032 ], [ -67.96650898, -22.06910377 ], [ -67.9664275, -22.06858914 ], [ -67.96638942, -22.06826553 ], [ -67.96652267, -22.06782771 ], [ -67.96665592, -22.06738989 ], [ -67.96692242, -22.06705677 ], [ -67.96718892, -22.06672364 ], [ -67.96741735, -22.06615257 ], [ -67.96700574, -22.06523931 ], [ -67.96674206, -22.06459817 ], [ -67.96646053, -22.0636768 ], [ -67.96623714, -22.06278325 ], [ -67.96610389, -22.06164111 ], [ -67.96611995, -22.06053291 ], [ -67.96618003, -22.05978513 ], [ -67.96623714, -22.05924262 ], [ -67.96639894, -22.05895708 ], [ -67.96656075, -22.05867155 ], [ -67.96663689, -22.05819565 ], [ -67.96633232, -22.05764362 ], [ -67.96557336, -22.05662861 ], [ -67.96533014, -22.05634558 ], [ -67.96521873, -22.05621594 ], [ -67.96469525, -22.0556068 ], [ -67.96451441, -22.05526416 ], [ -67.96433357, -22.05492151 ], [ -67.96432405, -22.05458839 ], [ -67.96431453, -22.05425527 ], [ -67.96477139, -22.05364612 ], [ -67.96538319, -22.0535905 ], [ -67.96560896, -22.05356998 ], [ -67.96630159, -22.05370851 ], [ -67.96665592, -22.05377937 ], [ -67.96723816, -22.05398783 ], [ -67.96799286, -22.05425803 ], [ -67.96839062, -22.05435129 ], [ -67.96929473, -22.05444449 ], [ -67.97004428, -22.05452177 ], [ -67.970195171174069, -22.054511573215045 ], [ -67.970149631999902, -22.053242476999912 ], [ -67.982532552999942, -22.039040456999942 ], [ -68.004020331999925, -22.037389263999955 ], [ -68.011581954634465, -22.032383141671627 ], [ -68.01195729, -22.03191397 ], [ -68.01231421, -22.03122392 ], [ -68.01288528, -22.03067665 ], [ -68.01345635, -22.03012937 ], [ -68.01378948, -22.02972486 ], [ -68.01378948, -22.02896343 ], [ -68.01364671, -22.02732161 ], [ -68.01358105, -22.0265665 ], [ -68.01350394, -22.02567978 ], [ -68.01417019, -22.0242759 ], [ -68.0145164, -22.02389875 ], [ -68.031848034505984, -22.011240347006126 ], [ -68.04906898899992, -21.996595553999953 ], [ -68.071373445750552, -21.98060882034547 ], [ -68.07013897, -21.96194597 ], [ -68.06290222, -21.85245376 ], [ -68.06126233, -21.79399337 ], [ -68.06139082, -21.79365073 ], [ -68.06151931, -21.79330809 ], [ -68.06176201, -21.79289406 ], [ -68.06177629, -21.79250859 ], [ -68.06163352, -21.79213739 ], [ -68.06126947, -21.79170195 ], [ -68.06090541, -21.79126651 ], [ -68.06079119, -21.79085249 ], [ -68.06074836, -21.79009582 ], [ -68.06063415, -21.78921066 ], [ -68.06034861, -21.78831122 ], [ -68.06024154, -21.78790433 ], [ -68.06013446, -21.78749745 ], [ -68.06013446, -21.78694065 ], [ -68.05977754, -21.78644096 ], [ -68.05967761, -21.78606977 ], [ -68.05970616, -21.78544159 ], [ -68.06002025, -21.78478486 ], [ -68.06030483, -21.78410774 ], [ -68.06043427, -21.78379976 ], [ -68.06064843, -21.78284322 ], [ -68.06072827, -21.78205615 ], [ -68.06074836, -21.78185812 ], [ -68.0604398, -21.78124099 ], [ -68.06020185, -21.7807651 ], [ -68.05987034, -21.78010208 ], [ -68.05981086, -21.77976003 ], [ -68.05975137, -21.77941799 ], [ -68.05992983, -21.77870415 ], [ -68.06031649, -21.77824313 ], [ -68.06070315, -21.77778211 ], [ -68.06091136, -21.77694929 ], [ -68.06095811, -21.77578042 ], [ -68.06096162, -21.77494566 ], [ -68.06095018, -21.7743049 ], [ -68.0609411, -21.77379651 ], [ -68.06088562, -21.77341921 ], [ -68.06079238, -21.77278524 ], [ -68.06052469, -21.77210114 ], [ -68.06048008, -21.77134269 ], [ -68.06044843, -21.7708047 ], [ -68.06043547, -21.77058424 ], [ -68.06056931, -21.7700786 ], [ -68.06070315, -21.76957297 ], [ -68.06098571, -21.76927553 ], [ -68.06117016, -21.76908138 ], [ -68.06126828, -21.7689781 ], [ -68.06152429, -21.76885483 ], [ -68.06187449, -21.76868622 ], [ -68.06207134, -21.76859144 ], [ -68.06239441, -21.76848722 ], [ -68.06280633, -21.76835435 ], [ -68.06299338, -21.76829401 ], [ -68.06335525, -21.76796926 ], [ -68.06377649, -21.76759122 ], [ -68.06415337, -21.76725299 ], [ -68.06465189, -21.76670463 ], [ -68.06524137, -21.7660562 ], [ -68.06579446, -21.76543705 ], [ -68.06618106, -21.76498481 ], [ -68.06669257, -21.76438643 ], [ -68.06721693, -21.76377303 ], [ -68.06761519, -21.76355047 ], [ -68.06798823, -21.76334201 ], [ -68.0682282, -21.76320791 ], [ -68.06875498, -21.76300616 ], [ -68.0693221, -21.76278897 ], [ -68.06962613, -21.76267253 ], [ -68.06996818, -21.76264279 ], [ -68.07031023, -21.76261304 ], [ -68.07203534, -21.76201818 ], [ -68.07215431, -21.76160177 ], [ -68.07212244, -21.75962447 ], [ -68.07217633, -21.75866785 ], [ -68.0722138, -21.75800284 ], [ -68.07209482, -21.75746746 ], [ -68.07176765, -21.75669413 ], [ -68.07164867, -21.75609927 ], [ -68.0715297, -21.7555044 ], [ -68.07157432, -21.75479056 ], [ -68.07161893, -21.75407673 ], [ -68.07183805, -21.75357399 ], [ -68.07199513, -21.75344558 ], [ -68.07244485, -21.75333136 ], [ -68.07289457, -21.75321715 ], [ -68.07369407, -21.75291734 ], [ -68.07448694, -21.75246427 ], [ -68.07530734, -21.75194652 ], [ -68.07573502, -21.75166803 ], [ -68.07638368, -21.75135176 ], [ -68.07682399, -21.75116609 ], [ -68.07710622, -21.75104708 ], [ -68.07799451, -21.7511541 ], [ -68.07870626, -21.75123554 ], [ -68.07946892, -21.75131951 ], [ -68.08007449, -21.75135725 ], [ -68.08067541, -21.75134689 ], [ -68.08150346, -21.75133261 ], [ -68.08229582, -21.75086148 ], [ -68.08308818, -21.75039035 ], [ -68.08368781, -21.74989066 ], [ -68.08434763, -21.74931597 ], [ -68.08500127, -21.74862003 ], [ -68.08542957, -21.74812034 ], [ -68.08602062, -21.74738412 ], [ -68.08715706, -21.745936 ], [ -68.08792805, -21.74431066 ], [ -68.08851213, -21.74316981 ], [ -68.08897239, -21.74233895 ], [ -68.08931285, -21.74172435 ], [ -68.08971974, -21.74108904 ], [ -68.09012663, -21.74045372 ], [ -68.09036922, -21.74022845 ], [ -68.09092613, -21.73971133 ], [ -68.09144723, -21.73934727 ], [ -68.09196833, -21.73898321 ], [ -68.09236808, -21.73871909 ], [ -68.09239648976137, -21.738700319302882 ], [ -68.092819674835084, -21.73696602391345 ], [ -68.09281066, -21.73694163 ], [ -68.09278211, -21.73667038 ], [ -68.09275355, -21.73639912 ], [ -68.09292487, -21.73602078 ], [ -68.0930962, -21.73564245 ], [ -68.093170679493738, -21.735527538014523 ], [ -68.097505487999911, -21.717762642999958 ], [ -68.117929644016627, -21.678854924097745 ], [ -68.11794015, -21.6786377 ], [ -68.11809838, -21.67800477 ], [ -68.131089110536237, -21.664241520124119 ], [ -68.134058215999914, -21.661021096999946 ], [ -68.133695987999943, -21.658259320999946 ], [ -68.129537198999913, -21.655080194999925 ], [ -68.126793281999937, -21.652572410999937 ], [ -68.123462986999925, -21.649668510999959 ], [ -68.117696899999942, -21.644511202999922 ], [ -68.115271933999907, -21.643147728999907 ], [ -68.111323317999904, -21.64000541899992 ], [ -68.109234336999918, -21.63813775299991 ], [ -68.106519019999951, -21.637373358999923 ], [ -68.103794021999931, -21.635637715999906 ], [ -68.101739981999913, -21.633223592999911 ], [ -68.099269737999919, -21.631426017999956 ], [ -68.097141820999923, -21.633148995999932 ], [ -68.096187508999947, -21.634729270999912 ], [ -68.095252143999915, -21.638500374999921 ], [ -68.094624272999908, -21.640019176999942 ], [ -68.093209753999929, -21.642170577999934 ], [ -68.092713219999951, -21.643541027999959 ], [ -68.092313529999899, -21.644875867999929 ], [ -68.091751754999905, -21.646245956999906 ], [ -68.089394846999937, -21.648030809999909 ], [ -68.085738495999919, -21.649379368999917 ], [ -68.083779545999903, -21.650100324999926 ], [ -68.081879261999916, -21.651855963999935 ], [ -68.079182718999903, -21.653449073999923 ], [ -68.076141222999922, -21.652673338999932 ], [ -68.073304424999947, -21.651058536999926 ], [ -68.072208768999928, -21.649557311999956 ], [ -68.071418509999944, -21.64639103199994 ], [ -68.069274080999946, -21.643537871999911 ], [ -68.068956679999928, -21.640292923999937 ], [ -68.068079883999928, -21.638490262999937 ], [ -68.068530616999908, -21.63647822899992 ], [ -68.069151685999941, -21.634458112999937 ], [ -68.068097107999904, -21.632415057999935 ], [ -68.066903869999919, -21.630434455999932 ], [ -68.064914831999943, -21.627505327999927 ], [ -68.064342931999931, -21.625541752999936 ], [ -68.063765911999951, -21.624187935999942 ], [ -68.060822337999923, -21.623037581999938 ], [ -68.059291817999906, -21.622816633999946 ], [ -68.057838734999905, -21.621082932999911 ], [ -68.055468172999952, -21.618372867999938 ], [ -68.053135460999954, -21.613386442999911 ], [ -68.052114425999946, -21.610422025999924 ], [ -68.051423902999943, -21.60640703699994 ], [ -68.051211072999934, -21.604508703999954 ], [ -68.0513392229999, -21.60216965199993 ], [ -68.051801671999954, -21.600320335999925 ], [ -68.05276581399994, -21.597543379999934 ], [ -68.053024706999906, -21.595796788999905 ], [ -68.053449570999931, -21.592849629999932 ], [ -68.053709383999944, -21.590958499999942 ], [ -68.053506253999899, -21.587565105999943 ], [ -68.053091814999902, -21.585475911999936 ], [ -68.050325430999919, -21.584872952999945 ], [ -68.046975957999905, -21.58398656199995 ], [ -68.043628801999944, -21.582661973999905 ], [ -68.041252718999942, -21.58092283499991 ], [ -68.039120646999947, -21.57981292799991 ], [ -68.036674735999952, -21.578515985999957 ], [ -68.03507990199995, -21.577874380999958 ], [ -68.032766180999943, -21.576953055999923 ], [ -68.032070490999899, -21.576632827999958 ], [ -68.029101557999923, -21.576028347999909 ], [ -68.027234437999937, -21.575764505999928 ], [ -68.02480847299995, -21.574761111999919 ], [ -68.023192475999906, -21.573238468999932 ], [ -68.020492357999899, -21.570015587999933 ], [ -68.019793705999916, -21.568349244999922 ], [ -68.019104002999939, -21.56535496999993 ], [ -68.018176365999921, -21.562472214999957 ], [ -68.018311050999898, -21.560038375999909 ], [ -68.018685898999934, -21.557163287999913 ], [ -68.019529588999944, -21.554842023999925 ], [ -68.017746632999945, -21.549560249999956 ], [ -68.01670588099995, -21.547449216999951 ], [ -68.014499103999924, -21.545168682999929 ], [ -68.012261289999913, -21.542133605999936 ], [ -68.011533609999901, -21.540864549999924 ], [ -68.010541671999931, -21.53878538999993 ], [ -68.009943742999951, -21.536541435999936 ], [ -68.01037127099994, -21.535166302999926 ], [ -68.011075577999918, -21.532930070999953 ], [ -68.01079711999995, -21.530651875999922 ], [ -68.009522302999926, -21.528652337999915 ], [ -68.009204156999942, -21.526803015999917 ], [ -68.008150455999953, -21.523083820999943 ], [ -68.007868957999904, -21.521261814999946 ], [ -68.006602550999901, -21.519817891999935 ], [ -68.005039947999933, -21.518543838999904 ], [ -68.003482070999951, -21.516669044999958 ], [ -68.001587719999918, -21.513708157999929 ], [ -68.001171383999917, -21.511058732999913 ], [ -68.001158742999905, -21.508669188999932 ], [ -68.001083330999904, -21.505841123999915 ], [ -68.001179314999945, -21.502652725999951 ], [ -68.001895806999926, -21.500570172999915 ], [ -68.002580913999907, -21.497335603999943 ], [ -68.002874584999915, -21.494523287999925 ], [ -68.002361970999914, -21.49086600399994 ], [ -68.002164517999915, -21.488059788999919 ], [ -68.001791320999928, -21.484574978999945 ], [ -68.001585808999948, -21.48127184699996 ], [ -68.00079605499991, -21.477396084999953 ], [ -67.96234605099994, -21.477178071999958 ], [ -67.960213466999903, -21.471469578999915 ], [ -67.952828438999916, -21.471016688999953 ], [ -67.950206369999933, -21.473034258999917 ], [ -67.928048410999907, -21.472080066999922 ], [ -67.882172279999907, -21.503916441999934 ], [ -67.862180695999939, -21.503374639999947 ], [ -67.862999423999952, -21.509888885999942 ], [ -67.824309484999901, -21.510027718999936 ], [ -67.810363371999927, -21.514403579999907 ], [ -67.795580594999933, -21.514704361999918 ], [ -67.787830404999909, -21.50569902399991 ], [ -67.787854003999939, -21.502851706999934 ], [ -67.784407210999916, -21.499165600999959 ], [ -67.760519316999932, -21.496956136999927 ], [ -67.734452196999939, -21.495540344999938 ], [ -67.725307436999913, -21.497504699999922 ], [ -67.703996444999916, -21.498967809999954 ], [ -67.689084272999935, -21.513902017999953 ], [ -67.647794907999923, -21.513165899999933 ], [ -67.642590335999898, -21.511903361999941 ], [ -67.584763987999906, -21.512054938999938 ], [ -67.583372732999919, -21.515606611999942 ], [ -67.583048676999908, -21.517667874999916 ], [ -67.582890447999944, -21.518493039999953 ], [ -67.581798106999941, -21.521198140999957 ], [ -67.580337321999934, -21.524125919999904 ], [ -67.579848297999945, -21.525585082999953 ], [ -67.577549288999933, -21.530438724999954 ], [ -67.573248961999923, -21.534579693999945 ], [ -67.571009925999931, -21.537274892999903 ], [ -67.568897418999939, -21.540165348999949 ], [ -67.567372890999934, -21.541854945999944 ], [ -67.563541750999946, -21.546758413999953 ], [ -67.561570807999942, -21.549889348999955 ], [ -67.559573887999932, -21.55350328399993 ], [ -67.557860335999919, -21.556279593999932 ], [ -67.555443225999909, -21.560499543999924 ], [ -67.553817862999949, -21.563068813999905 ], [ -67.54975997899993, -21.568940955999949 ], [ -67.5469697609999, -21.571188373999917 ], [ -67.546238048999953, -21.57193622199992 ], [ -67.541706606999924, -21.576702012999931 ], [ -67.534189066999943, -21.583193743999914 ], [ -67.528734355999916, -21.58738195199993 ], [ -67.5248067899999, -21.589754395999933 ], [ -67.517849984999941, -21.593265002999942 ], [ -67.514365728999906, -21.595641129999933 ], [ -67.510943638999947, -21.598302259999912 ], [ -67.506417030999899, -21.601874724999959 ], [ -67.503119179999942, -21.605047131999925 ], [ -67.498922022999921, -21.609006217999934 ], [ -67.496663972999954, -21.610548454999957 ], [ -67.493533189999937, -21.613288598999929 ], [ -67.491263280999931, -21.615729382999916 ], [ -67.49020345699995, -21.616921087999913 ], [ -67.488425897999946, -21.618508208999913 ], [ -67.484515589999944, -21.62244239599994 ], [ -67.482739676999927, -21.627561159999914 ], [ -67.481455485999902, -21.632932780999909 ], [ -67.481671134999942, -21.638354224999944 ], [ -67.482829133999928, -21.640099032999956 ], [ -67.486198806999937, -21.641222693999907 ], [ -67.48691227799992, -21.643275045999928 ], [ -67.488881407999941, -21.646463362999953 ], [ -67.486480986999936, -21.648040256999934 ], [ -67.485971457999938, -21.650113077999947 ], [ -67.48562972499991, -21.652191942999934 ], [ -67.482413512999926, -21.65346325999991 ], [ -67.479390589999923, -21.656050498999946 ], [ -67.478688551999937, -21.658270561999927 ], [ -67.479551358999913, -21.660590764999938 ], [ -67.478315334999934, -21.663338845999931 ], [ -67.475183819999927, -21.669334728999956 ], [ -67.472160663999944, -21.674134742999911 ], [ -67.471094190999906, -21.676414629999954 ], [ -67.467284596999946, -21.68433248599996 ], [ -67.46607716099993, -21.686732964999919 ], [ -67.465027733999932, -21.689437478999935 ], [ -67.464467329999934, -21.691591022999944 ], [ -67.463586040999928, -21.69364223599996 ], [ -67.462314010999933, -21.697049184999912 ], [ -67.461380000999952, -21.698996019999925 ], [ -67.459505231999913, -21.706922536999912 ], [ -67.458434903999944, -21.71110809399994 ], [ -67.454174518999935, -21.715991009999925 ], [ -67.449090549999937, -21.720577058999936 ], [ -67.444224622999911, -21.724857884999949 ], [ -67.444316880999907, -21.726615523999953 ], [ -67.442988156999945, -21.728761744999929 ], [ -67.441578676999939, -21.731277513999942 ], [ -67.440051552999932, -21.733268290999945 ], [ -67.43759857799995, -21.733597421999946 ], [ -67.432798022999918, -21.732946900999934 ], [ -67.430203615999915, -21.731332659999907 ], [ -67.427726247999942, -21.730017554999904 ], [ -67.424639596999953, -21.728177269999946 ], [ -67.422265035999942, -21.726863065999908 ], [ -67.420210038999926, -21.725113816999908 ], [ -67.417903415999945, -21.721573772999932 ], [ -67.415047387999948, -21.716632975999914 ], [ -67.41417137399992, -21.712722698999926 ], [ -67.413813017999928, -21.708103831999949 ], [ -67.413936747999912, -21.703372156999933 ], [ -67.413072297999918, -21.700012946999948 ], [ -67.411451324999916, -21.697341965999954 ], [ -67.409863952999899, -21.696017085999927 ], [ -67.407815609999943, -21.693549713999914 ], [ -67.405874297999901, -21.689760136999951 ], [ -67.40159290999992, -21.684629312999959 ], [ -67.397686783999916, -21.681091674999948 ], [ -67.395405595999932, -21.679945126999939 ], [ -67.392654809999954, -21.679593343999954 ], [ -67.390192261999914, -21.680861063999942 ], [ -67.387838244999898, -21.683064621999904 ], [ -67.386161597999944, -21.684583778999922 ], [ -67.385401066999918, -21.685298945999932 ], [ -67.383303663999925, -21.68836297799993 ], [ -67.382534720999899, -21.690261251999914 ], [ -67.381650561999948, -21.693711914999938 ], [ -67.380137205999915, -21.697571898999911 ], [ -67.378451502999951, -21.700901802999908 ], [ -67.377976709999928, -21.703760320999947 ], [ -67.376767928999925, -21.705812313999957 ], [ -67.375749800999927, -21.70755907399996 ], [ -67.374594735999949, -21.711115406999909 ], [ -67.373723023999901, -21.714448708999953 ], [ -67.373028593999948, -21.71791470799991 ], [ -67.37282941199993, -21.722839721999947 ], [ -67.372127362999947, -21.728532026999915 ], [ -67.372083980999946, -21.732492137999941 ], [ -67.372126243999901, -21.734050575999959 ], [ -67.372084128999916, -21.736073330999943 ], [ -67.371626381999931, -21.738787463999927 ], [ -67.371091226999908, -21.740326670999934 ], [ -67.369689443999903, -21.74343342599991 ], [ -67.368557095999904, -21.746271860999911 ], [ -67.367329778999931, -21.750184153999953 ], [ -67.366469522999921, -21.753905869999926 ], [ -67.365438712999946, -21.755927881999924 ], [ -67.365156430999946, -21.756896028999904 ], [ -67.365269700999932, -21.759060303999945 ], [ -67.365445937999937, -21.760200071999918 ], [ -67.363448154999901, -21.76265055999994 ], [ -67.360684058999936, -21.764406997999913 ], [ -67.359341774999905, -21.768137425999953 ], [ -67.357895292999899, -21.770927481999934 ], [ -67.357031690999918, -21.773050437999927 ], [ -67.35482920499993, -21.77519168099991 ], [ -67.3517920889999, -21.776163972999939 ], [ -67.350605962999907, -21.776883727999916 ], [ -67.349098451999907, -21.777907347999928 ], [ -67.347273307999899, -21.779749679999952 ], [ -67.344600390999915, -21.783520835999923 ], [ -67.3426796359999, -21.786676286999921 ], [ -67.341075089999947, -21.788922666999952 ], [ -67.339787571999921, -21.790350316999934 ], [ -67.336780853999926, -21.793314133999957 ], [ -67.335417029999917, -21.794799681999905 ], [ -67.334129127999915, -21.796407912999939 ], [ -67.331733804999942, -21.796401805999949 ], [ -67.330478128999914, -21.796736845999931 ], [ -67.328855153999939, -21.798513248999939 ], [ -67.327803882999945, -21.79941030699996 ], [ -67.326370711999914, -21.800452511999936 ], [ -67.324418983999919, -21.801850714999944 ], [ -67.324797426999908, -21.803665425999952 ], [ -67.3250665999999, -21.806924112999923 ], [ -67.32475463399993, -21.809111154999925 ], [ -67.323106780999922, -21.812381992999917 ], [ -67.320674624999924, -21.815459681999926 ], [ -67.319449427999928, -21.816585215999908 ], [ -67.318078389999926, -21.817515069999956 ], [ -67.316829150999922, -21.82027959699991 ], [ -67.314844704999928, -21.823149502999911 ], [ -67.31385526999992, -21.82467930699994 ], [ -67.310421740999914, -21.828460088999918 ], [ -67.307634619999931, -21.830982981999909 ], [ -67.305027965999898, -21.832599991999928 ], [ -67.303409296999916, -21.833743924999908 ], [ -67.299475099999938, -21.835902630999954 ], [ -67.293955827999923, -21.838085491999948 ], [ -67.289750904999948, -21.839347017999955 ], [ -67.285153270999899, -21.840730792999921 ], [ -67.282987933999948, -21.841254677999927 ], [ -67.279521282999951, -21.841792057999953 ], [ -67.275900965999938, -21.842436136999936 ], [ -67.272863636999944, -21.842463061999922 ], [ -67.2684114139999, -21.842095756999925 ], [ -67.265695286999915, -21.841710471999932 ], [ -67.263525109999932, -21.841728278999938 ], [ -67.260304687999906, -21.842498146999958 ], [ -67.256833112999914, -21.841639622999935 ], [ -67.254194197999936, -21.841173682999909 ], [ -67.250747926999907, -21.840676561999942 ], [ -67.248223694999922, -21.840279479999936 ], [ -67.244170560999919, -21.84046668499991 ], [ -67.241225152999903, -21.841239102999907 ], [ -67.237097186999904, -21.842152363999958 ], [ -67.235887970999954, -21.843137407999905 ], [ -67.234433783999918, -21.843686310999942 ], [ -67.231193098999938, -21.843976715999929 ], [ -67.22786401299993, -21.84579692899996 ], [ -67.223572503999947, -21.848234385999945 ], [ -67.21946683099992, -21.849960250999914 ], [ -67.214525199999912, -21.850927353999907 ], [ -67.208256621999908, -21.850172967999924 ], [ -67.20412095599994, -21.848669414999904 ], [ -67.202305299999921, -21.845330621999949 ], [ -67.200148872999932, -21.845794789999957 ], [ -67.198089488999926, -21.846860570999922 ], [ -67.196077210999931, -21.848843514999942 ], [ -67.193523617999915, -21.850594718999957 ], [ -67.191745534999939, -21.852408574999913 ], [ -67.188910088999933, -21.853294122999955 ], [ -67.185559042999898, -21.853541757999949 ], [ -67.182167614999912, -21.855116470999917 ], [ -67.179467678999913, -21.856179452999925 ], [ -67.175602630999947, -21.854949115999943 ], [ -67.173028793999947, -21.854699345999904 ], [ -67.168277600999943, -21.853124865999916 ], [ -67.164530670999909, -21.847632878999946 ], [ -67.160312750999935, -21.839895837999904 ], [ -67.155053732999932, -21.83229156799996 ], [ -67.148737927999946, -21.825593761999926 ], [ -67.136979747999931, -21.825461413999903 ], [ -67.125688928999921, -21.822893477999912 ], [ -67.119953349999946, -21.82852168799991 ], [ -67.117717350999953, -21.832969617999936 ], [ -67.110669144999918, -21.838989141999946 ], [ -67.105400026999916, -21.842182071999957 ], [ -67.100625332999925, -21.840907125999934 ], [ -67.091049232999922, -21.840389875999904 ], [ -67.083231579999904, -21.838672515999917 ], [ -67.078881890999924, -21.838215233999904 ], [ -67.062926944999901, -21.826235296999926 ], [ -67.0576518929999, -21.829833261999909 ], [ -67.053661034999948, -21.835072853999918 ], [ -67.050926778999951, -21.843987153999933 ], [ -67.042976663999923, -21.852026208999916 ], [ -67.041190133999919, -21.855258273999937 ], [ -67.034567825999943, -21.861685983999905 ], [ -67.033188699999926, -21.866956093999931 ], [ -67.0300112299999, -21.876271262999921 ], [ -67.025118734999921, -21.883532486999911 ], [ -67.016779861999908, -21.887905454999952 ], [ -67.0127632519999, -21.894770133999941 ], [ -67.007931389999953, -21.897558287999914 ], [ -67.003082348999953, -21.901566034999917 ], [ -66.99602613299993, -21.90757999899995 ], [ -66.990242235999915, -21.916049066999904 ], [ -66.979228665999926, -21.924453675999928 ], [ -66.968753486999901, -21.925544509999952 ], [ -66.956238803999952, -21.916849897999953 ], [ -66.951475012999936, -21.914757409999936 ], [ -66.945026905999953, -21.908577344999912 ], [ -66.922047658999929, -21.900562544999957 ], [ -66.911085125999932, -21.905303345999926 ], [ -66.902163324999947, -21.919421960999955 ], [ -66.890661149999914, -21.931067071999905 ], [ -66.877982483999915, -21.933750246999921 ], [ -66.899238677999904, -21.940529460999926 ], [ -66.901644448999946, -21.954792300999941 ], [ -66.892438348999917, -21.95833406099996 ], [ -66.894401703999904, -21.972997901999918 ], [ -66.926179286999911, -21.976249022999923 ], [ -66.93178694799991, -21.98038615899992 ], [ -66.935639505999916, -21.985314315999915 ], [ -66.935457082999903, -21.997917726999958 ], [ -66.932322830999908, -22.003571115999932 ], [ -66.942881762999946, -22.027288858999952 ], [ -66.944031360999929, -22.038282453999955 ], [ -66.942092939999952, -22.051677041999938 ], [ -66.933670693999943, -22.060923454999909 ], [ -66.865007410999908, -22.07264689099992 ], [ -66.858735579999916, -22.083543548999955 ], [ -66.801172659999907, -22.110021850999942 ], [ -66.783703167999931, -22.111005469999952 ], [ -66.771647608999899, -22.100676398999951 ], [ -66.766625035999937, -22.114838738999936 ], [ -66.74611412999991, -22.114963442999908 ], [ -66.767292606999945, -22.127859000999933 ], [ -66.767164584999932, -22.163637764999919 ], [ -66.760014428999909, -22.174111096999923 ], [ -66.753370763999953, -22.180118500999924 ], [ -66.743247674999907, -22.185264223999923 ], [ -66.738407365999933, -22.187636607999934 ], [ -66.749112129999901, -22.200795856999946 ], [ -66.761866210999926, -22.22252117499994 ], [ -66.739213704528566, -22.238417335142646 ], [ -66.73928889, -22.23845833 ] ] ] ] } }
]
}
